official_position,gene_name,H1_measured,K562_measured,RPE1_measured,HepG2_measured,Jurkat_measured
0,TSPAN6,True,False,True,True,False
1,TNMD,True,False,False,False,False
2,DPM1,True,True,True,True,True
3,SCYL3,True,True,False,False,True
4,C1orf112,True,True,False,False,True
5,FGR,True,False,False,False,False
6,CFH,True,False,True,False,False
7,FUCA2,True,True,True,True,False
8,GCLC,True,True,True,True,True
9,NFYA,True,False,False,True,True
10,STPG1,True,False,True,True,False
11,NIPAL3,True,True,True,True,True
12,LAS1L,True,True,True,True,True
13,ENPP4,True,False,False,False,True
14,SEMA3F,True,False,False,True,False
15,CFTR,True,False,False,False,False
16,ANKIB1,True,True,True,True,True
17,CYP51A1,True,True,True,True,False
18,KRIT1,True,True,True,True,True
19,RAD52,True,False,False,False,False
20,BAD,True,True,True,True,True
21,LAP3,True,True,True,True,True
22,CD99,True,True,True,True,True
23,HS3ST1,True,False,False,False,False
24,AOC1,True,False,False,False,False
25,WNT16,True,False,False,False,False
26,HECW1,True,False,False,False,False
27,MAD1L1,True,True,True,True,True
28,LASP1,True,True,True,True,True
29,SNX11,True,False,True,True,True
30,TMEM176A,True,False,False,False,False
31,M6PR,True,True,True,True,True
32,KLHL13,True,False,False,False,False
33,CYP26B1,True,False,False,False,False
34,ICA1,True,True,False,False,True
35,DBNDD1,True,False,True,True,False
36,ALS2,True,True,True,True,True
37,CASP10,True,True,False,True,True
38,CFLAR,True,True,True,True,True
39,TFPI,True,True,True,True,False
40,NDUFAF7,True,True,True,True,True
41,RBM5,True,True,True,True,True
42,MTMR7,True,False,False,False,False
43,SLC7A2,True,False,False,True,False
44,ARF5,True,True,True,True,True
45,SARM1,True,False,False,False,False
46,POLDIP2,True,True,True,True,True
47,PLXND1,True,False,False,True,False
48,CD38,True,False,False,False,True
49,FKBP4,True,True,True,True,True
50,KDM1A,True,True,True,True,True
51,RBM6,True,True,True,True,True
52,CAMKK1,True,False,False,False,False
53,RECQL,True,True,True,True,True
54,VPS50,True,True,True,True,True
55,HSPB6,True,False,False,False,False
56,ARHGAP33,True,False,False,False,True
57,NDUFAB1,True,True,True,True,True
58,PDK4,True,False,False,False,False
59,SLC22A16,True,False,False,False,False
60,ZMYND10,True,False,False,False,False
61,ABCB5,True,False,False,False,False
62,ARX,True,False,False,False,False
63,SLC25A13,True,True,True,True,False
64,ST7,True,True,True,True,False
65,CDC27,True,True,True,True,True
66,SLC4A1,True,False,False,False,False
67,CALCR,True,False,False,False,False
68,HCCS,True,True,True,True,True
69,DVL2,True,True,True,True,True
70,PRSS22,True,False,False,False,False
71,UPF1,True,True,True,True,True
72,SKAP2,True,True,False,True,False
73,SLC25A5,True,True,True,True,True
74,MCUB,True,True,True,True,True
75,HOXA11,True,False,False,False,False
76,DHX33,True,True,True,True,True
77,MEOX1,True,False,False,False,False
78,THSD7A,True,False,False,False,False
79,LIG3,True,True,True,True,True
80,RPAP3,True,True,True,True,True
81,ACSM3,True,True,False,False,False
82,REXO5,True,True,False,False,False
83,CIAPIN1,True,True,True,True,True
84,SPPL2B,True,True,True,True,True
85,FAM214B,True,False,True,False,False
86,COPZ2,True,False,True,False,False
87,PRKAR2B,True,True,True,False,True
88,MSL3,True,True,True,True,True
89,CREBBP,True,True,True,True,True
90,TSPOAP1,True,False,False,False,False
91,MPO,True,False,False,False,False
92,PON1,True,False,False,True,False
93,GCFC2,True,True,True,True,True
94,WDR54,True,True,True,False,True
95,CROT,True,False,True,True,True
96,ABCB4,True,False,False,False,False
97,KMT2E,True,True,True,True,True
98,RHBDD2,True,True,True,True,True
99,SOX8,True,False,False,False,False
100,IBTK,True,True,True,True,True
101,ZNF195,True,True,True,True,True
102,MYCBP2,True,True,True,True,True
103,FBXL3,True,True,True,True,True
104,ITGAL,True,False,False,False,True
105,PDK2,True,False,True,True,True
106,ITGA3,True,False,True,False,False
107,ZFX,True,True,True,True,True
108,LAMP2,True,True,True,True,True
109,ITGA2B,True,False,False,False,False
110,ASB4,True,False,False,True,False
111,GDE1,True,True,True,True,True
112,REX1BD,False,True,True,True,True
113,CRLF1,True,False,False,True,False
114,OSBPL7,True,False,False,False,False
115,TMEM98,True,True,True,True,True
116,YBX2,True,False,False,False,False
117,KRT33A,True,False,False,False,False
118,MAP3K14,True,False,False,False,False
119,ABCC8,True,False,False,False,False
120,CACNG3,True,False,False,False,False
121,TMEM132A,True,False,True,True,False
122,AP2B1,True,True,True,True,True
123,TAC1,True,False,False,False,False
124,ZNF263,True,True,True,True,True
125,CX3CL1,True,False,False,True,False
126,SPATA20,True,False,True,True,False
127,CACNA1G,True,False,False,False,False
128,TNFRSF12A,True,True,True,True,False
129,DLX6,True,False,False,False,False
130,MAP3K9,True,False,False,True,False
131,RALA,True,True,True,True,True
132,BAIAP2L1,True,True,True,True,False
133,KDM7A,True,False,False,True,False
134,ETV1,True,False,True,False,False
135,AGK,True,True,True,True,True
136,ALDH3B1,True,False,True,True,False
137,TTC22,True,False,False,False,False
138,PHTF2,True,True,True,True,True
139,CCL26,True,False,False,False,False
140,FARP2,True,False,True,True,True
141,USH1C,True,False,False,False,False
142,GGCT,True,True,True,True,True
143,DBF4,True,True,True,True,True
144,TBXA2R,True,True,False,False,False
145,IFRD1,True,True,True,True,True
146,LGALS14,True,False,False,False,False
147,COX10,True,True,True,True,True
148,GTF2IRD1,True,False,True,True,False
149,PAF1,True,True,True,True,True
150,VPS41,True,True,True,True,True
151,ARHGAP44,True,False,False,False,False
152,ELAC2,True,True,True,True,True
153,SCIN,True,False,False,False,False
154,ARSD,True,False,False,True,False
155,PNPLA4,True,True,False,True,False
156,MYH13,True,False,False,False,False
157,ADIPOR2,True,True,True,True,True
158,CDKL3,True,False,False,False,False
159,UPP2,True,False,False,False,False
160,PRSS21,True,True,False,False,False
161,MARK4,True,True,True,True,True
162,PROM1,True,False,False,True,False
163,CCDC124,True,True,True,True,True
164,CEACAM21,True,False,False,False,False
165,PAFAH1B1,True,True,True,True,True
166,NOS2,True,False,False,False,False
167,DNAH9,True,False,False,False,False
168,KIAA0100,True,True,True,True,True
169,SLC13A2,True,False,False,False,False
170,GAS7,True,False,False,False,True
171,TRAPPC6A,True,True,False,True,True
172,MATK,True,True,False,False,False
173,CEACAM7,True,False,False,False,False
174,CD79B,True,False,False,False,False
175,SCN4A,True,False,False,False,False
176,ST7L,True,True,True,True,True
177,TKTL1,True,False,False,False,False
178,PAX6,True,True,True,True,False
179,RPUSD1,True,True,True,True,True
180,RHBDF1,True,False,True,False,False
181,LUC7L,True,True,True,True,True
182,CACNA2D2,True,False,False,False,False
183,BAIAP3,True,False,False,False,False
184,TSR3,True,True,True,True,True
185,PIGQ,True,True,True,True,True
186,CRAMP1,True,True,False,False,True
187,TEAD3,True,False,True,True,False
188,SELE,True,False,False,False,False
189,DNAJC11,True,True,True,True,True
190,FMO3,True,False,False,False,False
191,MYLIP,True,True,False,False,False
192,NOX1,True,False,False,False,False
193,E2F2,True,True,False,True,True
194,PSMB1,True,True,True,True,True
195,SYN1,True,False,False,False,False
196,JARID2,True,True,True,True,True
197,CDKL5,True,False,False,False,False
198,CAMK1G,True,False,False,False,False
199,CDK11A,True,True,True,True,True
200,NADK,True,True,True,True,True
201,TFAP2B,True,True,False,False,False
202,TFAP2D,True,False,False,False,False
203,DLEC1,True,False,False,False,False
204,CYTH3,True,False,False,False,False
205,ADAM22,True,False,False,False,True
206,SYPL1,True,True,True,True,True
207,CYB561,True,True,True,False,False
208,SPAG9,True,True,True,True,True
209,CELSR3,True,False,False,False,False
210,AASS,True,False,True,True,True
211,PLEKHG6,True,False,False,False,False
212,SS18L2,True,True,True,True,True
213,MPND,True,False,False,True,True
214,MGST1,True,True,True,True,False
215,CRY1,True,True,True,True,True
216,PGLYRP1,True,False,False,False,False
217,NFIX,True,False,True,True,True
218,ST3GAL1,True,False,True,True,True
219,MMP25,True,False,False,False,False
220,IL32,True,False,False,True,True
221,PKD1,True,True,True,True,True
222,MAPK8IP2,True,False,False,False,False
223,MED24,True,True,True,True,True
224,RHOBTB2,True,False,False,True,False
225,HEATR5B,True,True,False,True,False
226,SEC62,True,True,True,True,True
227,CSDE1,True,True,True,True,True
228,UBE3C,True,True,True,True,True
229,REV3L,True,True,True,True,True
230,TENM1,True,False,False,False,False
231,PAX7,True,False,False,False,False
232,MASP2,True,False,False,True,False
233,IYD,True,False,False,False,False
234,FAM76A,True,True,True,True,True
235,TRAF3IP3,True,False,False,False,True
236,POMT2,True,False,True,False,False
237,VTA1,True,True,True,True,True
238,MLXIPL,True,False,False,True,False
239,BAZ1B,True,True,True,True,True
240,RANBP9,True,True,True,True,True
241,ETV7,True,False,False,False,False
242,SPRTN,True,True,True,True,True
243,EEF1AKNMT,True,True,True,True,True
244,DYRK4,True,True,True,True,True
245,ZNF207,True,True,True,True,True
246,UQCRC1,True,True,True,True,True
247,STARD3NL,True,True,True,True,True
248,CD9,True,True,True,True,False
249,HHATL,True,False,False,False,False
250,NCAPD2,True,True,True,True,True
251,IFFO1,True,False,True,False,False
252,GIPR,True,False,False,False,False
253,SEMA3G,True,False,False,False,False
254,NISCH,True,True,True,True,True
255,STAB1,True,False,False,False,False
256,FUZ,True,False,False,False,True
257,SLC6A13,True,False,False,False,False
258,IDS,True,False,True,True,True
259,PRSS3,True,False,False,False,False
260,ZNF200,True,True,False,False,True
261,CD4,True,False,False,False,False
262,LRRC23,True,False,True,True,True
263,BTK,True,True,False,False,False
264,HFE,True,False,False,False,False
265,SCMH1,True,True,True,False,True
266,FYN,True,True,True,False,True
267,HIVEP2,True,False,True,False,True
268,FMO1,True,False,False,False,False
269,ELOA,True,True,True,True,True
270,LYPLA2,False,True,True,True,True
271,CLCN6,True,True,False,True,True
272,MRC2,True,False,True,False,False
273,SLC6A7,True,False,False,False,False
274,TSPAN9,True,False,True,True,False
275,BTBD7,True,True,True,True,True
276,MKS1,True,True,False,True,True
277,ABHD5,True,True,True,True,True
278,ANOS1,True,False,True,False,False
279,AKAP8L,True,True,True,True,True
280,MBTD1,True,True,False,True,True
281,UTP18,True,True,True,True,True
282,RNF216,True,True,True,True,True
283,TTC19,True,True,True,True,True
284,PTBP1,True,True,True,True,True
285,DPF1,True,False,False,False,True
286,SYT7,True,False,False,False,False
287,LARS2,True,True,True,True,True
288,PIK3C2A,True,True,True,True,True
289,PLAUR,True,True,True,False,False
290,ANLN,True,True,True,True,True
291,WIZ,True,True,True,True,True
292,RABGAP1,True,True,True,True,True
293,DCN,True,False,False,False,False
294,QPCTL,True,False,False,False,False
295,PPP5C,True,True,True,True,True
296,CEP68,True,True,False,True,True
297,MAP4K3,True,True,True,True,False
298,ZBTB32,True,False,False,False,False
299,TYROBP,True,True,False,False,False
300,TMEM159,True,True,False,False,True
301,GABRA3,True,False,False,False,False
302,BRCA1,True,True,True,True,True
303,ERCC1,True,True,True,True,True
304,CD22,True,False,False,False,False
305,SEMA3B,True,False,False,True,False
306,MBTPS2,True,True,True,True,False
307,PRICKLE3,True,False,False,False,False
308,LTF,True,False,False,False,False
309,EXTL3,True,True,True,False,True
310,NR1H4,True,False,False,True,False
311,ELOVL5,True,True,True,True,True
312,ALOX5,True,False,False,False,False
313,KDM5D,True,False,False,True,True
314,CALCOCO1,True,False,True,True,True
315,UBR7,True,True,True,True,True
316,MAP4K5,True,True,True,True,True
317,EHD3,True,False,True,False,False
318,PSMC4,True,True,True,True,True
319,MAN2B2,True,False,True,True,True
320,SLC7A14,True,False,False,False,False
321,CLDN11,True,False,False,True,False
322,SLC25A39,True,True,True,True,True
323,MVP,True,False,True,True,False
324,NUB1,True,True,True,True,True
325,PGM3,True,True,True,True,True
326,RWDD2A,True,False,True,True,False
327,CLK1,True,True,True,True,True
328,POLR3B,True,True,True,True,True
329,ANGEL1,True,False,False,False,False
330,RNF14,True,True,True,True,True
331,DNASE1L1,True,False,True,False,False
332,DDX11,True,True,True,True,True
333,HEBP1,True,False,True,True,False
334,GPRC5A,True,False,True,False,False
335,MAMLD1,True,False,False,False,False
336,CD6,True,False,False,False,True
337,TACC3,True,True,True,True,True
338,UFL1,True,True,True,True,True
339,POLA2,True,True,True,True,True
340,ZC3H3,True,False,False,True,True
341,CAPN1,True,True,True,True,True
342,ACPP,True,False,False,False,False
343,MDH1,True,True,True,True,True
344,SLC30A9,True,True,True,True,True
345,MTMR11,True,False,False,False,False
346,COX15,True,True,True,True,True
347,CCDC88C,True,True,False,True,True
348,YAF2,True,True,True,True,True
349,ZMYND11,True,True,True,True,True
350,WAS,True,True,False,False,True
351,DPEP1,True,False,False,True,False
352,BID,True,True,True,True,True
353,NPC1L1,True,False,False,True,False
354,XYLT2,True,False,True,False,False
355,STMN4,True,False,False,False,False
356,NUDCD3,True,True,True,True,True
357,ISL1,True,False,False,False,False
358,CHDH,True,True,False,True,False
359,IL20RA,True,False,False,False,False
360,CLCA1,True,True,False,False,False
361,CLCA4,True,False,False,False,False
362,GLT8D1,True,True,True,True,True
363,ATP2C1,True,True,True,True,True
364,IGF1,True,False,False,False,False
365,SLC38A5,True,True,False,True,True
366,RALBP1,True,True,True,True,True
367,RUFY3,True,True,True,True,True
368,CNTN1,True,False,False,False,False
369,SLC11A1,True,False,False,False,False
370,WWTR1,True,False,True,True,False
371,AGPS,True,True,True,True,True
372,CXorf56,True,True,False,False,True
373,ATP1A2,True,False,False,False,False
374,TTC27,True,True,True,True,True
375,ZNF582,True,False,False,False,False
376,VSIG2,True,False,False,True,False
377,PHLDB1,True,False,True,True,False
378,MARCO,True,False,False,False,False
379,CYP24A1,True,False,False,True,False
380,PRDM11,True,False,False,False,False
381,SYT13,True,False,False,False,False
382,SNAI2,True,False,True,False,False
383,CD74,True,False,False,True,False
384,HGF,True,False,False,False,False
385,ZRANB1,True,False,True,True,True
386,NCDN,True,True,True,False,False
387,ADGRA2,True,False,False,False,False
388,ZFP64,True,False,True,True,True
389,MNAT1,True,True,True,True,True
390,SAMD4A,True,False,True,True,False
391,RUNX3,True,False,False,False,True
392,MRE11,True,True,True,True,True
393,PLEKHB1,True,False,False,True,True
394,SERPINB1,True,True,False,True,False
395,CYP3A43,True,False,False,False,False
396,SLC7A9,True,False,False,False,False
397,SPAST,True,True,True,True,True
398,NRXN3,True,False,False,False,False
399,OSBPL5,True,False,False,False,False
400,AQR,True,True,True,True,True
401,CPS1,True,False,True,True,False
402,C8B,True,False,False,False,False
403,FHL1,True,False,False,False,True
404,RTF2,True,True,True,True,True
405,GABRA1,True,False,False,False,False
406,NLRP2,True,True,False,False,False
407,SLC45A4,True,False,False,False,False
408,RNF10,True,True,True,True,True
409,ZNF839,True,False,True,True,True
410,ZDHHC6,True,True,True,True,True
411,GRAMD1B,True,False,False,False,False
412,RNH1,True,True,True,True,True
413,NDUFS1,True,True,True,True,True
414,RB1CC1,True,True,True,True,True
415,ERP44,True,True,True,True,True
416,ALAS1,True,True,True,True,True
417,BIRC3,True,False,False,False,True
418,AKAP11,True,True,True,True,True
419,GLRX2,True,True,True,True,True
420,SNAPC1,True,False,True,True,True
421,DERA,True,True,True,True,True
422,STRAP,True,True,True,True,True
423,ABCC2,True,False,False,True,False
424,DEF6,True,True,False,True,True
425,PLEKHO1,True,True,True,True,True
426,GCLM,True,True,True,True,True
427,UBR2,True,True,True,True,True
428,EHD2,True,False,True,False,False
429,DEPDC1,True,True,True,True,False
430,CCDC28A,True,True,True,True,True
431,RRAGD,True,True,False,False,True
432,HSF2,True,True,True,True,True
433,PHF20,True,True,True,True,True
434,HSD17B6,True,False,False,False,False
435,NR1H3,True,False,False,True,False
436,TYMP,True,True,False,True,False
437,NCAPH2,True,True,True,True,True
438,TOMM34,True,True,True,True,True
439,SEC63,True,True,True,True,True
440,KPNA6,True,True,True,True,True
441,VIM,True,True,True,False,True
442,FAS,True,False,True,True,True
443,RNASET2,True,True,True,True,True
444,CD44,True,False,True,False,False
445,KCNG1,True,False,False,False,False
446,AGPAT4,True,True,True,False,False
447,SLAMF7,True,False,False,False,False
448,BTN3A1,True,False,False,False,True
449,MIPEP,True,True,True,True,True
450,PRKCH,True,False,False,False,True
451,INSRR,True,False,False,False,False
452,IFNGR1,True,True,True,True,True
453,B4GALT7,True,True,True,True,True
454,SH2D2A,True,False,False,False,False
455,VRK2,True,True,True,True,False
456,TNFRSF1B,True,False,False,False,False
457,VEZT,True,True,True,True,True
458,POU2F2,True,False,False,False,True
459,BRD9,True,True,True,True,True
460,SNX1,True,True,True,True,True
461,TBPL1,True,True,True,True,True
462,ARNTL2,True,True,True,True,True
463,BCLAF1,True,True,True,True,True
464,SLC39A9,True,True,True,True,True
465,ANK1,True,True,False,False,False
466,IBSP,True,False,False,False,False
467,TFB1M,True,True,True,True,True
468,RABEP1,True,True,True,True,True
469,HMGB3,True,True,True,True,True
470,NUP160,True,True,True,True,True
471,BAK1,True,True,True,True,True
472,MUSK,True,False,False,False,False
473,IKZF2,True,False,False,False,True
474,GRN,True,True,True,True,True
475,FAM13B,True,True,True,True,True
476,ARHGAP31,True,False,False,False,False
477,CENPQ,True,True,True,True,True
478,SARS,True,True,True,True,True
479,RANBP3,True,True,True,True,True
480,ARID4A,True,True,True,True,True
481,EIPR1,True,True,True,True,True
482,PNPLA6,True,True,True,True,True
483,IFT88,True,True,True,True,True
484,ALG1,True,True,True,True,True
485,ZCCHC8,True,True,True,True,True
486,ABCF2,True,True,True,True,True
487,CHPF2,True,False,True,True,True
488,LRRC7,True,False,False,False,False
489,FUT8,True,True,True,True,True
490,UBA6,True,True,True,True,True
491,GAB2,True,True,False,False,False
492,ATP6V0A1,True,True,True,True,True
493,PIAS1,True,True,True,True,True
494,SLC4A7,True,True,True,True,True
495,APBA2,True,True,True,False,True
496,MAP2K3,True,False,True,True,True
497,EFCAB1,True,False,False,False,False
498,TMSB10,True,True,True,True,True
499,ASTE1,True,False,False,False,True
500,RNF19A,True,True,True,True,True
501,PEX3,True,True,True,True,True
502,MYOC,True,False,False,False,False
503,SH3YL1,True,False,True,True,True
504,FAM136A,True,True,True,True,True
505,VCL,True,True,True,True,False
506,DEPDC1B,True,True,True,True,True
507,DAPK2,True,False,False,False,False
508,NSMAF,True,True,True,True,True
509,ADSS,True,True,True,True,True
510,STAP1,True,False,False,False,False
511,TIMP2,True,False,True,True,True
512,RFC1,True,True,True,True,True
513,TBC1D23,True,True,True,True,True
514,CUL3,True,True,True,True,True
515,MYOM2,True,False,False,False,False
516,OTC,True,False,False,False,False
517,CYP46A1,True,False,False,False,False
518,AC118549.1,True,True,True,True,True
519,SLC18A1,True,False,False,False,False
520,USP2,True,True,False,True,False
521,CASR,True,False,False,False,False
522,TUBG2,True,False,False,True,False
523,FLT4,True,False,False,False,False
524,NSUN2,True,True,True,True,True
525,FBXO42,True,True,True,True,True
526,MFAP3,True,False,False,False,False
527,MRI1,True,True,True,True,True
528,METTL1,True,True,True,True,True
529,HOXC8,True,True,False,False,False
530,AGA,True,False,True,True,False
531,PI4K2B,True,True,True,True,True
532,BOD1L1,True,True,True,True,True
533,MAT2B,True,True,True,True,True
534,TLL1,True,False,False,False,False
535,EDC4,True,True,True,True,True
536,TRIO,True,True,True,True,True
537,VCAN,True,False,True,True,False
538,CLEC16A,True,False,False,True,False
539,MSR1,True,False,False,False,False
540,CDH1,True,False,False,True,False
541,MTREX,True,True,True,True,True
542,DNAH5,True,False,False,False,False
543,ZFYVE16,True,True,True,True,True
544,RIPOR1,True,False,True,True,True
545,C6,True,False,False,False,False
546,RAI14,True,True,True,True,False
547,SOX30,True,False,False,False,False
548,BEST2,True,False,False,False,False
549,PHLPP2,True,False,False,True,False
550,SPDL1,True,True,True,True,True
551,STAU2,True,True,True,True,True
552,SLC66A1,True,False,True,True,False
553,CTNS,True,False,False,True,False
554,RTN4R,True,False,False,False,False
555,PHF23,True,True,True,True,True
556,CDH10,True,False,True,False,False
557,INPP4A,True,True,False,True,True
558,RAB27B,True,False,True,False,False
559,PSMA4,True,True,True,True,True
560,MYO16,True,False,False,False,False
561,LSG1,True,True,True,True,True
562,PARP3,True,False,True,True,False
563,TNC,True,False,True,False,False
564,THAP3,True,True,True,True,True
565,RIPOR3,True,True,False,False,False
566,TDP1,True,True,True,True,True
567,AIFM2,True,True,True,True,False
568,C2orf83,True,False,False,False,False
569,SPATA7,True,False,True,False,True
570,MED17,True,True,True,True,True
571,RETSAT,True,True,True,True,False
572,CAPG,True,True,False,True,True
573,AP2S1,True,True,True,True,True
574,USH2A,True,False,False,False,False
575,ZPBP,True,False,False,False,False
576,TG,True,False,False,False,False
577,ADAM28,True,False,False,False,False
578,BARX2,True,False,False,False,False
579,DCUN1D1,True,True,True,True,True
580,JADE2,True,False,True,True,True
581,ZIC2,True,True,False,True,False
582,LCP2,True,True,False,False,True
583,TRIT1,True,True,True,True,True
584,ADRB1,True,False,False,False,False
585,GUCA2B,True,False,False,False,False
586,CUL7,True,False,False,True,False
587,CTNNA1,True,True,True,True,True
588,PHKA2,True,False,False,True,False
589,CNTLN,True,False,True,False,True
590,EPHA3,True,False,False,False,False
591,HSPA5,True,True,True,True,True
592,DSG2,True,True,True,True,True
593,GEMIN8,True,True,True,True,True
594,OFD1,True,True,True,True,True
595,GPM6B,True,False,False,False,False
596,MAGEC2,True,False,False,False,False
597,PREX2,True,False,False,False,True
598,WDR37,True,False,True,False,True
599,YTHDC2,True,True,True,True,True
600,CTPS2,True,False,True,True,False
601,ATP6V1H,True,True,True,True,True
602,POLR2B,True,True,True,True,True
603,FAM214A,True,False,True,True,True
604,ARAP2,True,False,True,False,True
605,TPR,True,True,True,True,True
606,CP,True,False,False,True,False
607,KIAA0556,True,False,False,False,False
608,DTNBP1,True,True,True,True,True
609,XK,True,True,False,False,False
610,ANO2,True,False,False,False,False
611,C12orf4,True,True,True,True,True
612,SCML1,True,False,True,True,False
613,WWC3,True,False,True,True,False
614,ARHGAP6,True,True,False,False,False
615,MAP4,True,True,True,True,True
616,GOPC,True,True,True,True,True
617,ROS1,True,False,False,False,False
618,USP28,True,True,True,True,False
619,HDAC9,True,False,True,False,False
620,TSPAN17,True,True,True,True,True
621,NOP16,True,True,True,True,True
622,CC2D2A,True,False,True,False,False
623,RRM2B,True,True,True,True,True
624,ZNF800,True,True,True,True,True
625,TNFRSF17,True,False,False,False,False
626,SNX29,True,False,True,True,True
627,LMO3,True,False,False,False,False
628,GUCA1A,False,False,False,False,False
629,RSF1,True,True,True,True,True
630,VPS13D,True,True,True,True,True
631,CELF2,True,True,False,False,True
632,FAM120A,True,True,True,True,True
633,R3HDM1,True,True,True,True,True
634,COL9A2,True,False,False,True,False
635,KITLG,True,False,True,True,False
636,ERCC8,True,True,True,True,True
637,ADAMTS6,True,False,True,False,True
638,H6PD,True,False,False,True,True
639,VAMP3,True,True,True,True,True
640,PER3,True,True,True,False,False
641,UTS2,True,False,False,False,False
642,TNFRSF9,True,False,False,False,False
643,EPN3,True,False,False,True,False
644,LTBP1,True,True,True,False,False
645,RCN1,True,True,True,True,True
646,ELN,True,False,False,False,False
647,RFC2,True,True,True,True,True
648,ARID1B,True,True,True,True,True
649,CLPTM1L,True,True,True,True,True
650,NEDD4L,True,False,True,True,False
651,FOXP3,True,False,False,False,False
652,PPP1R3F,True,False,False,False,False
653,HEXB,True,True,True,True,True
654,PTCD2,True,True,True,True,True
655,NEXMIF,True,False,False,False,True
656,JKAMP,True,True,True,True,True
657,DKK3,True,False,True,False,False
658,ARHGEF5,True,False,False,False,False
659,NFE2L3,True,True,True,True,True
660,MCUR1,True,True,True,True,True
661,LIMA1,True,True,True,True,True
662,LETMD1,True,True,True,True,True
663,SLC4A8,True,False,False,False,True
664,LAMC3,True,False,False,False,False
665,PTGER3,True,False,False,False,False
666,TNIP3,True,False,False,False,False
667,MAPK9,True,True,True,True,True
668,COL23A1,True,True,False,False,False
669,BCAR1,True,True,True,True,False
670,FAM160A2,True,False,False,True,True
671,HERPUD1,True,True,True,True,True
672,HOMER3,True,True,True,True,True
673,RAD51,True,True,True,True,True
674,POLQ,True,True,True,True,True
675,PIK3CB,True,True,True,True,True
676,CYBA,True,True,False,True,True
677,THOC3,False,True,True,True,True
678,HEBP2,True,True,True,True,True
679,MPHOSPH9,True,True,True,True,True
680,PLEKHA5,True,True,True,True,True
681,PRSS8,True,False,False,True,False
682,SIKE1,True,True,True,True,True
683,RRP12,True,True,True,True,True
684,FNIP2,True,True,True,True,True
685,MSMO1,True,True,True,True,True
686,TTC17,True,True,True,True,True
687,ALX4,True,False,False,False,False
688,FSTL4,True,False,False,False,False
689,FOXN3,True,True,True,True,True
690,METTL24,True,False,False,False,False
691,AKR7A2,True,True,True,True,True
692,MRTO4,True,True,True,True,True
693,NNAT,True,False,False,False,False
694,USE1,True,True,True,True,True
695,MCF2L2,True,False,False,False,False
696,LAMA3,True,False,False,True,False
697,AP5M1,True,True,True,True,True
698,ANAPC4,True,True,True,True,True
699,KCNQ1,True,False,False,False,False
700,TRAPPC3,True,True,True,True,True
701,THRAP3,True,True,True,True,True
702,PHPT1,True,True,True,True,True
703,ENTPD2,True,False,False,True,False
704,LY75,True,False,False,False,False
705,ARID4B,True,True,True,True,True
706,OPN3,True,False,True,True,True
707,SDCCAG8,True,True,True,True,True
708,PTPRN,True,False,False,False,False
709,HHAT,True,False,False,False,False
710,KIF1B,True,True,True,True,True
711,FOXC1,True,True,False,True,False
712,TBC1D22A,True,True,True,True,True
713,SYNE2,True,False,True,True,True
714,PLEKHH1,True,False,False,False,False
715,ATP9A,True,False,False,True,False
716,SPO11,True,False,False,False,False
717,CBLN4,True,False,False,False,False
718,CHRDL2,True,False,False,False,False
719,FAM168A,True,False,True,True,True
720,RELT,True,False,False,False,True
721,GALC,True,True,False,False,False
722,NOP58,True,True,True,True,True
723,SZRD1,True,True,True,True,True
724,KCNH2,True,True,False,False,True
725,CUL1,True,True,True,True,True
726,FAM114A2,True,True,True,True,True
727,CYFIP2,True,False,True,True,True
728,TAB2,True,True,True,True,True
729,GINM1,True,True,True,True,True
730,EIF2AK2,True,True,True,True,True
731,USP36,True,True,True,True,True
732,KMT2C,True,True,True,True,True
733,MCOLN3,True,False,False,False,False
734,CCDC85A,True,False,False,False,False
735,PUM2,True,True,True,True,True
736,ITIH4,False,False,False,False,False
737,ITIH1,True,False,False,False,False
738,HPF1,True,True,True,True,True
739,ZFR,True,True,True,True,True
740,ZNF280C,True,False,False,False,True
741,NPFFR2,True,False,False,False,False
742,PHF21B,True,False,False,False,True
743,TRAF1,True,False,False,False,False
744,RC3H2,True,True,True,True,True
745,IL17RB,True,False,False,True,False
746,TRAF3IP2,True,False,True,True,True
747,GYG2,True,False,False,True,False
748,DCBLD2,True,True,True,True,True
749,SERPINB3,True,False,False,False,False
750,SOAT1,True,True,True,True,True
751,PKP2,True,False,True,True,False
752,MSH4,True,False,False,False,False
753,F7,True,False,False,True,False
754,GDI2,True,True,True,True,True
755,PRDM1,True,False,False,False,False
756,ATG5,True,True,True,True,True
757,TMCC3,True,False,True,False,False
758,PITHD1,True,True,True,True,True
759,MTA3,True,True,True,True,True
760,USP13,True,True,True,True,True
761,ATP11B,True,True,True,True,True
762,LAMC2,True,False,False,False,False
763,CDK14,True,False,True,False,False
764,SEC61A1,True,True,True,True,True
765,PPP1R12A,True,True,True,True,True
766,RASGRF1,True,False,False,False,False
767,CAMK2B,True,False,False,False,False
768,CROCC,True,False,False,False,False
769,POLR3E,True,True,True,True,True
770,ATP2B4,True,False,True,False,True
771,ZC3H11A,False,False,False,False,False
772,RIOK2,True,True,True,True,True
773,YIPF1,True,True,True,True,True
774,NDC1,True,True,True,True,True
775,DGKG,True,False,False,True,False
776,TBXAS1,True,False,False,False,False
777,PARP12,True,True,False,True,True
778,ALDH18A1,True,True,True,True,True
779,TARBP1,True,True,True,True,True
780,GATB,True,True,True,True,True
781,MXD1,True,True,False,True,False
782,CDK17,True,True,True,True,True
783,DNAJC25,True,True,True,True,True
784,SLC2A3,True,True,True,True,False
785,PSD,True,False,False,False,False
786,CTDP1,True,False,True,True,True
787,YBX3,True,True,True,True,True
788,STYK1,True,False,False,False,False
789,WNK1,True,True,True,True,True
790,CCAR1,True,True,True,True,True
791,OGFR,True,True,True,True,True
792,GNA15,True,False,False,False,True
793,CREB3L3,True,False,False,True,False
794,PIGV,True,False,True,True,False
795,PTPRU,True,False,False,True,False
796,SNRNP40,True,True,True,True,True
797,RIMBP2,True,False,False,False,False
798,COL11A1,True,False,False,False,False
799,QSER1,True,True,True,True,True
800,MPC1,True,True,True,True,True
801,ACAA1,True,True,True,True,True
802,BCAT1,True,True,True,True,True
803,HDAC7,True,True,True,True,True
804,LZTS1,True,False,False,False,True
805,PRDM6,True,False,False,False,False
806,WNT8A,True,False,False,False,False
807,SPAG4,True,False,True,True,False
808,NCKAP1,True,True,True,True,False
809,GUCY1B1,True,False,False,False,False
810,SFSWAP,True,True,True,True,True
811,TNK2,True,False,True,False,False
812,MON2,True,True,True,True,True
813,CDH3,True,False,False,False,False
814,ARSF,True,False,False,False,False
815,GPBP1,True,True,True,True,True
816,DGAT2,True,False,False,True,True
817,ZNF112,True,False,False,False,False
818,CS,True,True,True,True,True
819,LTK,True,False,False,False,False
820,ELMO2,True,False,False,True,True
821,WAPL,True,True,True,True,True
822,VMP1,True,True,True,True,True
823,APPBP2,True,True,True,True,True
824,POLD1,True,True,True,True,True
825,SEZ6,True,False,False,False,False
826,EIF4B,True,True,True,True,True
827,SLC6A16,True,False,False,False,False
828,BICRA,True,False,False,False,False
829,SPHK2,True,False,False,True,True
830,CA11,True,True,False,False,False
831,ISOC2,True,True,True,True,True
832,U2AF2,True,True,True,True,True
833,EPN1,True,True,True,True,True
834,MED29,True,True,True,True,True
835,AHRR,True,False,False,False,False
836,GSC2,True,False,False,False,False
837,ZNF275,True,False,False,False,True
838,MTMR1,True,False,True,False,True
839,GPC1,True,False,True,True,False
840,HAGH,True,True,True,True,True
841,RNF4,True,True,True,True,True
842,CASP8,True,True,False,True,True
843,LIMCH1,True,False,True,False,False
844,INTS13,True,True,True,True,True
845,TM7SF3,True,True,True,True,True
846,DLX3,True,False,False,False,False
847,SPA17,True,True,True,True,True
848,TSPAN32,True,True,False,False,False
849,CCN5,True,False,False,False,False
850,DMRT3,True,False,False,False,False
851,ST3GAL6,True,False,True,True,False
852,ATP2C2,True,False,False,False,False
853,NGFR,True,False,False,False,False
854,CDON,True,False,False,False,False
855,TAF2,True,True,True,True,True
856,HIPK2,True,True,True,True,True
857,TNPO3,True,True,True,True,True
858,RFXANK,True,True,True,True,True
859,TMEM161A,True,True,True,True,True
860,LPAR2,True,False,False,False,False
861,CTSA,True,True,True,True,True
862,SUGP2,True,True,True,True,True
863,SLC12A2,True,True,True,True,True
864,SNX24,True,False,True,True,True
865,EYA2,True,False,False,False,False
866,CNN2,True,True,True,True,True
867,ABCA7,True,True,False,True,False
868,SNCAIP,True,False,False,False,False
869,DDX20,True,True,True,True,True
870,BTBD1,True,True,True,True,True
871,FAR2,True,True,True,False,False
872,POU1F1,True,False,False,False,False
873,CHI3L2,True,True,False,False,True
874,SBNO2,True,True,False,True,False
875,PMS1,True,True,True,True,True
876,HMG20B,True,True,True,True,True
877,CALCRL,True,False,False,False,False
878,TAF11,True,True,True,True,True
879,ANKS1A,True,True,True,True,True
880,AP3D1,True,True,True,True,True
881,ZNF76,True,True,False,True,True
882,SLC9A3R2,True,True,True,True,True
883,NTHL1,True,True,True,True,True
884,UHRF1BP1,True,True,True,True,True
885,GNAI3,True,True,True,True,True
886,IPO5,True,True,True,True,True
887,OAT,True,True,True,True,True
888,WDR3,True,True,True,True,True
889,PKN2,True,True,True,True,True
890,WDR18,True,True,True,True,True
891,TRAM2,True,True,True,True,True
892,NTN1,True,False,False,False,False
893,GLP2R,True,False,False,False,False
894,MCM10,True,True,True,True,True
895,DGKA,True,False,True,False,True
896,ERBB3,True,False,False,True,False
897,ROPN1,False,False,False,False,False
898,ANKRD44,True,False,True,False,True
899,KARS,True,True,True,True,True
900,ADAT1,True,True,True,True,True
901,PDIA5,True,False,False,True,True
902,TBC1D22B,True,True,False,True,False
903,NDUFB4,True,True,True,True,True
904,SPEN,True,True,True,True,True
905,MYLK,True,False,True,True,False
906,ZC3H15,True,True,True,True,True
907,MAP2K4,True,True,True,True,True
908,PACC1,True,True,True,True,True
909,SNAP91,True,False,False,False,False
910,SLK,True,True,True,True,True
911,CYB5R4,True,True,True,True,True
912,COL17A1,True,False,False,False,False
913,GSTO2,True,False,False,False,False
914,SEC61A2,True,False,False,True,False
915,PRKCQ,True,True,False,False,True
916,TLE2,True,False,False,False,True
917,ASB1,True,True,True,True,True
918,FAM107B,True,False,True,True,True
919,ME1,True,True,True,False,False
920,TBC1D1,True,True,True,True,True
921,CDK13,True,True,True,True,True
922,MTHFD2,True,True,True,True,True
923,SLC9A7,True,False,True,False,False
924,FOXJ2,True,False,True,False,True
925,YBX1,True,True,True,True,True
926,PDE4A,True,True,False,False,True
927,PPP2R5A,True,True,True,True,True
928,CTNNA2,True,False,False,False,False
929,ELAVL1,True,True,True,True,True
930,TIE1,True,False,False,False,False
931,DIP2B,True,True,True,True,True
932,SMARCD1,True,True,True,True,True
933,KDM4A,True,True,True,True,True
934,NFYC,True,True,True,True,True
935,ZMYND12,True,False,False,False,False
936,SLC9A3,True,False,False,False,False
937,NGEF,True,False,False,True,False
938,ASPM,True,True,True,True,True
939,CD84,True,False,False,False,True
940,ELOVL1,True,True,True,True,True
941,SPI1,True,True,False,False,False
942,ZNRD1,True,True,True,True,True
943,MPPED2,True,False,False,False,True
944,CLDN18,True,False,False,False,False
945,ZBTB11,True,True,True,True,True
946,ATXN3,True,True,True,True,True
947,GOLGA5,True,True,True,True,True
948,FGFR2,True,False,False,False,False
949,LRRC40,True,True,True,True,True
950,ISOC1,True,True,True,True,True
951,EML1,True,False,True,False,False
952,TRMT11,True,True,True,True,True
953,THUMPD1,True,True,True,True,True
954,MSANTD3,True,True,True,True,True
955,KIF26A,True,False,False,False,False
956,ATG2B,True,False,True,True,True
957,ARFGEF1,True,True,True,True,True
958,ACSM2B,True,False,False,False,False
959,ZFAT,True,False,False,False,False
960,MTFR1,True,True,True,True,True
961,STAG3,True,False,False,False,False
962,FECH,True,True,True,True,True
963,MYO9A,True,True,True,True,True
964,DDX3Y,True,False,False,True,True
965,PFKP,True,True,True,True,True
966,IDI1,True,True,True,True,True
967,SP100,True,True,True,True,True
968,KLF6,True,True,True,True,True
969,PLPP1,True,False,True,True,True
970,NEO1,True,False,False,False,True
971,TRAM1,True,True,True,True,True
972,PHKA1,True,False,False,False,False
973,TNFRSF1A,True,True,True,True,True
974,CACNB1,True,False,False,False,False
975,EVI5,True,True,True,True,False
976,STOML1,True,False,False,False,False
977,PKM,True,True,True,True,True
978,DHX29,True,True,True,True,True
979,DNTTIP2,True,True,True,True,True
980,METTL22,True,True,True,True,True
981,TP53BP1,True,True,True,True,True
982,TRO,True,False,False,False,False
983,RRP15,True,True,True,True,True
984,RHOA,True,True,True,True,True
985,DHX8,True,True,True,True,True
986,PRKCZ,True,False,False,True,False
987,ZFY,True,False,False,True,True
988,IARS2,True,True,True,True,True
989,SYT1,True,False,True,False,False
990,NAV3,True,False,True,False,False
991,IDH3G,True,True,True,True,True
992,ROGDI,True,True,True,True,True
993,PDZD4,True,False,False,False,False
994,ATP2B3,True,False,False,False,False
995,ROCK1,True,True,True,True,True
996,CBFB,True,True,True,True,True
997,PDK3,True,False,False,True,True
998,HYAL2,True,True,True,True,True
999,HDAC4,True,False,False,True,True
1000,RASSF1,True,True,True,True,True
1001,FGFR3,True,False,False,True,False
1002,IFI35,True,True,True,True,True
1003,HEATR6,True,True,True,True,True
1004,COASY,True,True,True,True,True
1005,PLEKHH3,True,True,True,True,False
1006,MEF2A,True,True,True,True,True
1007,OTUD5,True,True,True,True,True
1008,TFE3,True,False,True,True,False
1009,TBC1D25,True,False,False,False,True
1010,ACSL4,True,True,True,True,True
1011,INPP5A,True,False,True,True,False
1012,GPKOW,True,True,True,True,True
1013,GRIPAP1,True,True,True,True,True
1014,FTSJ1,True,True,True,True,True
1015,PRR11,True,True,True,True,True
1016,REEP1,True,False,False,False,False
1017,ATP11A,True,True,True,True,True
1018,POLR1A,True,True,True,True,True
1019,LAPTM4A,True,True,True,True,True
1020,TTC7A,True,False,True,True,True
1021,IP6K2,True,True,True,True,True
1022,SRBD1,True,True,True,True,True
1023,KIF2A,True,True,True,True,True
1024,RASGRP2,True,True,False,False,True
1025,PSME4,True,True,True,True,True
1026,IFT80,True,True,True,True,True
1027,SIRT2,True,True,True,True,True
1028,ERLEC1,True,True,True,True,True
1029,PPP2R5B,True,False,False,False,False
1030,PYGM,True,False,False,False,False
1031,PAGE1,True,False,False,False,False
1032,PITX1,True,True,False,True,True
1033,TRPC7,True,False,False,False,False
1034,MAST4,True,True,True,True,False
1035,ADGRF5,True,False,False,False,False
1036,SDK2,True,False,False,False,False
1037,ADAM7,True,False,False,False,False
1038,NUP133,True,True,True,True,True
1039,NUCKS1,True,True,True,True,True
1040,VPS35,False,True,True,True,True
1041,DNAJA2,True,True,True,True,True
1042,BCL3,True,False,False,True,False
1043,KCNAB2,True,False,False,True,True
1044,ABCC9,True,False,False,False,False
1045,GAL,True,True,False,False,False
1046,CLEC2D,True,False,False,False,False
1047,FUNDC1,True,True,True,True,True
1048,MAOB,True,False,False,True,False
1049,RORA,True,False,False,True,True
1050,DRD4,True,False,False,False,False
1051,TGFBR3,True,True,False,True,False
1052,PLA2G10,True,False,False,False,False
1053,HES2,True,False,False,False,False
1054,ATP1B3,True,True,True,True,True
1055,NEDD4,True,False,True,True,True
1056,PIGB,True,False,False,False,True
1057,MAPK6,True,True,True,True,True
1058,GNB5,True,False,True,True,True
1059,RAB27A,True,True,True,True,True
1060,HDHD5,True,True,True,False,True
1061,UFD1,True,True,True,True,True
1062,LRP6,True,True,True,True,True
1063,GUCY2C,True,False,False,False,False
1064,SCT,True,False,False,False,False
1065,PHRF1,True,True,True,True,True
1066,ELP1,True,True,True,True,True
1067,NUCB2,True,True,True,True,True
1068,PFN2,True,False,True,True,True
1069,PTPN3,True,False,False,True,False
1070,SPTB,True,False,False,False,False
1071,DAPP1,True,False,False,False,False
1072,FGF10,True,False,False,False,False
1073,SLC44A1,True,False,True,True,True
1074,TMEM260,True,False,False,True,True
1075,SMG6,True,True,True,True,True
1076,EXOC5,True,True,True,True,True
1077,CLTCL1,True,False,False,False,False
1078,FGF22,True,False,False,False,False
1079,FSTL3,True,False,True,True,False
1080,DGCR2,True,True,True,True,False
1081,RNF126,True,True,True,True,True
1082,ZXDC,True,True,True,True,True
1083,JMJD6,True,True,True,True,True
1084,POLB,True,True,True,True,True
1085,ST6GALNAC1,True,True,False,False,False
1086,WIPI1,True,False,True,True,False
1087,FRMPD1,True,False,False,False,False
1088,GBA2,True,True,True,True,True
1089,NDST1,True,True,True,True,False
1090,AP3M2,True,True,True,True,True
1091,ST6GALNAC2,True,False,False,False,False
1092,CHAT,True,False,False,False,False
1093,TESK2,True,False,False,False,False
1094,CFAP20,True,True,True,True,True
1095,CSNK2A2,True,True,True,True,True
1096,PTPN21,True,False,True,False,False
1097,EIF2B3,True,True,True,True,True
1098,CAMK2A,True,False,False,False,False
1099,TCOF1,True,True,True,True,True
1100,OSBPL3,True,True,True,True,True
1101,EPHA8,True,False,False,False,False
1102,SLC12A3,True,False,False,False,False
1103,RAD18,True,True,True,True,True
1104,ATP2B1,True,True,True,True,True
1105,TRPM5,True,False,False,False,False
1106,NCK2,True,False,True,True,True
1107,MAP4K4,True,True,True,True,True
1108,MGAT4A,True,False,False,True,True
1109,WDR1,True,True,True,True,True
1110,SNX13,True,True,True,True,True
1111,MS4A12,True,False,False,False,False
1112,ARHGAP10,True,False,True,False,True
1113,ING3,True,True,True,True,True
1114,VASH1,True,False,False,False,False
1115,LMCD1,True,False,False,True,False
1116,BUD23,True,True,True,True,True
1117,SEL1L,True,True,True,True,True
1118,TRIP13,True,True,True,True,True
1119,ATP6AP1,True,True,True,True,True
1120,TCF3,True,True,True,True,True
1121,TRIB2,True,True,False,False,True
1122,DAZAP1,True,True,True,True,True
1123,MBD3,True,True,True,True,True
1124,PRLH,True,False,False,False,False
1125,HLTF,True,True,True,True,True
1126,FAM50A,True,True,True,True,True
1127,FAM3A,True,True,True,True,True
1128,CPSF1,True,True,True,True,True
1129,MYO3B,True,False,False,False,False
1130,CYBRD1,True,True,True,False,True
1131,CDH19,True,False,False,False,False
1132,PDCD2,True,True,True,True,True
1133,SLC6A15,True,False,True,False,False
1134,RDH11,True,True,True,True,True
1135,PRKACA,True,True,True,True,True
1136,ADGRL1,True,True,False,False,True
1137,SPP2,True,False,False,False,False
1138,ACTN1,True,True,True,True,True
1139,ZFYVE26,True,False,False,False,False
1140,EPN2,True,True,True,True,True
1141,PTPN18,True,True,False,True,True
1142,LIMS2,True,False,False,False,True
1143,ASIC4,True,True,False,False,False
1144,SPEG,True,False,True,False,False
1145,LNX1,True,False,False,False,False
1146,ALDH3A2,True,False,True,True,True
1147,TFRC,True,True,True,True,True
1148,SREBF1,True,True,True,True,True
1149,TRPC5,True,False,False,False,False
1150,AFF4,True,True,True,True,True
1151,UBE2D1,True,True,True,True,True
1152,MPP5,True,True,True,True,True
1153,RHOBTB1,True,False,False,True,False
1154,SMC1A,True,True,True,True,True
1155,HSD17B10,True,True,True,True,True
1156,MARK2,True,True,True,True,True
1157,HMMR,True,True,True,True,True
1158,CHFR,True,True,True,True,False
1159,TRHDE,True,False,True,False,False
1160,P4HA2,True,False,True,True,False
1161,FCGR2B,True,False,False,False,False
1162,NFATC3,True,True,True,True,True
1163,TRNT1,True,True,True,True,True
1164,ACADVL,True,True,True,True,True
1165,STK10,True,False,True,False,True
1166,FBXW11,True,True,True,True,True
1167,ACAP1,True,False,False,False,True
1168,CRMP1,True,False,False,False,False
1169,EVC,True,False,True,False,False
1170,DERL2,True,True,True,True,True
1171,SIDT1,True,False,False,False,False
1172,NDE1,True,True,True,True,True
1173,MRVI1,True,False,False,False,False
1174,TMEM38A,True,False,False,True,False
1175,AP1M1,True,True,True,True,True
1176,PVR,True,False,True,True,False
1177,XRCC1,True,True,True,True,True
1178,SCARB1,True,True,True,True,True
1179,CYP2W1,True,False,False,True,False
1180,MCM2,True,True,True,True,True
1181,MOV10L1,True,False,False,False,False
1182,PANX2,True,False,False,False,False
1183,SELENOO,True,True,True,True,True
1184,TP63,True,False,False,False,False
1185,ALPK1,True,False,False,False,False
1186,LLGL2,True,False,False,True,False
1187,PDE8A,True,True,True,True,False
1188,CLCN4,True,False,False,False,False
1189,NLE1,True,True,True,True,True
1190,SDHA,True,True,True,True,True
1191,SMARCE1,True,True,True,True,True
1192,FNDC8,True,False,False,False,False
1193,GSDMB,True,False,False,False,False
1194,KDM5A,True,True,True,True,True
1195,ADAM11,True,False,False,False,False
1196,PPP2R3A,True,False,True,False,False
1197,FERMT2,True,True,True,True,True
1198,ABCB11,True,False,False,False,False
1199,DHRS9,True,False,False,False,False
1200,CD5L,True,False,False,False,False
1201,PTGS2,True,False,False,False,False
1202,IGF2BP2,True,True,True,True,False
1203,MAP3K13,True,False,True,True,False
1204,ST6GAL1,True,True,False,True,True
1205,TBX21,True,False,False,False,False
1206,FRY,True,False,False,True,False
1207,PICALM,True,True,True,True,True
1208,NSF,True,True,True,True,True
1209,GLI2,True,False,False,False,False
1210,CLASP1,True,True,True,True,True
1211,NOTCH3,True,False,False,False,False
1212,CLNS1A,True,True,True,True,True
1213,PPP2R2C,True,False,False,False,False
1214,TEAD2,True,False,True,True,False
1215,EED,True,True,True,True,True
1216,CDHR2,True,False,False,True,False
1217,SNCB,True,False,False,False,False
1218,TSG101,True,True,True,True,True
1219,NCBP3,True,True,True,True,True
1220,ATP2A3,True,True,False,False,True
1221,CA12,True,False,False,False,False
1222,MGLL,True,False,True,False,False
1223,NTN4,True,False,True,True,False
1224,BCS1L,True,True,True,True,True
1225,NUAK1,True,False,True,False,False
1226,DPP8,True,True,True,True,True
1227,ZNF532,True,False,True,False,False
1228,SCARF1,True,False,False,False,False
1229,LMAN1,True,True,True,True,True
1230,HACD3,True,True,True,True,True
1231,IPCEF1,True,False,False,False,False
1232,ZZEF1,True,True,True,True,True
1233,NOX3,True,False,False,False,False
1234,ENO1,True,True,True,True,True
1235,SLC12A1,True,False,False,False,False
1236,MYDGF,True,True,True,True,True
1237,ANO8,True,False,False,False,False
1238,TUBE1,True,True,True,True,True
1239,ARHGEF10L,True,False,False,True,False
1240,TXK,True,False,False,False,False
1241,WSCD2,True,False,False,False,False
1242,KCNQ2,True,False,False,False,False
1243,TACR2,True,False,False,False,False
1244,ACTR6,True,True,True,True,True
1245,TIPIN,True,True,True,True,True
1246,SRI,True,True,True,False,True
1247,EIF4G3,True,True,True,True,True
1248,NUP37,True,True,True,True,True
1249,SEMA3A,True,False,True,True,False
1250,GTSE1,True,True,True,True,True
1251,SEMA3C,True,False,True,False,False
1252,TTC38,True,False,False,True,False
1253,ACAT1,True,True,True,True,True
1254,GRAMD4,True,False,False,False,True
1255,CELSR1,True,False,False,False,False
1256,WNT8B,True,False,False,False,False
1257,ZNF638,True,True,True,True,True
1258,SLC25A40,True,False,False,False,True
1259,TIMM21,True,False,True,True,True
1260,ADD2,True,False,False,False,False
1261,FGF4,True,False,False,False,False
1262,RASAL2,True,False,True,True,False
1263,VPS9D1,True,False,False,True,False
1264,ZNF37A,True,True,True,True,True
1265,MARK3,True,True,True,True,True
1266,SLC25A3,True,True,True,True,True
1267,FNDC3B,True,True,True,True,False
1268,FOSL2,True,False,True,True,False
1269,CACNG5,True,False,False,False,False
1270,CACNG4,True,False,False,True,False
1271,FRYL,True,True,True,True,True
1272,TMEM131,True,True,True,True,True
1273,FSCN1,True,True,True,True,False
1274,ACTB,True,True,True,True,True
1275,MOCOS,True,False,False,True,False
1276,PLD1,True,False,False,True,False
1277,ATP12A,True,False,False,False,False
1278,WDR62,True,True,True,True,True
1279,DLG1,True,True,True,True,True
1280,RAB7A,True,True,True,True,True
1281,BCAP29,True,True,True,True,True
1282,SEC31B,True,False,False,False,True
1283,SART3,True,True,True,True,True
1284,ARHGAP15,True,False,False,False,True
1285,TUBA3D,True,False,False,False,False
1286,PAX2,True,False,False,False,False
1287,EXOSC7,True,True,True,True,True
1288,KIFAP3,True,True,True,False,True
1289,MKRN2,True,True,True,True,True
1290,MCM6,True,True,True,True,True
1291,REXO2,True,True,True,True,True
1292,RBM7,True,True,True,True,True
1293,RBMS2,False,False,True,True,False
1294,BAZ2A,True,True,True,True,True
1295,PTPN23,True,True,True,True,True
1296,MLH1,True,True,True,True,True
1297,UNG,True,True,True,True,True
1298,FMO4,True,False,False,False,False
1299,KLHL20,True,True,True,True,True
1300,RGS11,True,False,False,False,False
1301,SLC46A1,True,False,False,True,False
1302,PLXNA2,True,False,True,True,False
1303,SPAG5,True,True,True,True,True
1304,ANKRD13A,True,True,True,True,True
1305,TPD52,True,False,False,True,True
1306,ACACB,True,False,False,True,False
1307,TRAF4,True,True,True,True,True
1308,PAG1,True,False,False,False,True
1309,GPATCH1,True,True,True,True,True
1310,ICAM3,True,True,True,True,True
1311,NT5C2,True,True,True,True,True
1312,MCAM,True,True,False,True,False
1313,GPC4,True,False,False,False,False
1314,MBNL3,True,False,False,True,True
1315,CAMSAP3,True,False,False,True,False
1316,RAP1GAP,True,False,False,True,True
1317,XAB2,True,True,True,True,True
1318,ARHGEF1,True,True,True,True,True
1319,STXBP2,True,True,False,True,True
1320,MAP2K7,True,True,True,True,True
1321,NMRK2,True,False,False,False,False
1322,DGKD,True,True,True,True,True
1323,CTTNBP2,True,False,False,False,False
1324,ACTL6B,True,False,False,False,False
1325,RARB,True,False,True,False,False
1326,TOP2B,True,True,True,True,True
1327,TM9SF3,True,True,True,True,True
1328,NFKB2,True,False,True,True,False
1329,UBE2T,True,True,True,True,True
1330,PPP1R12B,True,True,False,True,True
1331,DNAJC10,True,True,True,True,True
1332,GTF3C1,True,True,True,True,True
1333,IL4R,True,False,True,True,False
1334,USP33,True,True,True,True,True
1335,PAK3,True,False,False,False,False
1336,CAPN6,True,False,False,False,False
1337,DCX,True,False,False,False,False
1338,SNRPA,True,True,True,True,True
1339,SPAG6,True,False,False,False,False
1340,EXOSC5,True,True,True,True,True
1341,DYNC1I2,True,True,True,True,True
1342,APBB1IP,True,False,True,False,True
1343,LRCH4,True,True,True,True,True
1344,FAM76B,True,True,True,True,True
1345,SIRT6,True,True,True,True,True
1346,TYR,True,False,False,False,False
1347,POLD3,True,True,True,True,True
1348,ACTN2,True,False,False,False,False
1349,CAPZB,True,True,True,True,True
1350,GPR137B,True,False,False,False,False
1351,NAALAD2,True,False,False,False,False
1352,JADE1,True,True,True,True,True
1353,SLC25A43,True,False,False,True,False
1354,UBE2A,True,True,True,True,True
1355,FGFR1,True,True,True,True,True
1356,FKBP6,True,False,False,False,False
1357,SMC1B,True,False,False,False,True
1358,FBLN1,True,False,False,True,False
1359,ITGA8,True,False,False,False,False
1360,CST7,True,False,False,False,True
1361,MAP2,True,False,False,False,False
1362,PIAS2,True,True,True,True,True
1363,AMPH,True,False,False,False,False
1364,ARAF,True,True,True,True,True
1365,MCCC1,True,True,True,True,True
1366,LAMP3,True,False,False,False,True
1367,FAP,True,False,True,False,False
1368,NEBL,True,False,False,False,False
1369,ACER3,True,True,True,True,True
1370,UBE2K,True,True,True,True,True
1371,PIK3C3,True,True,True,True,True
1372,N4BP2,True,True,True,True,True
1373,TIGAR,True,False,True,True,True
1374,TULP3,True,False,True,True,True
1375,SYNJ2,True,True,True,True,True
1376,ADCY2,True,False,False,False,False
1377,PPP2R5C,True,True,True,True,True
1378,RBFOX1,True,False,False,False,False
1379,GNB1,True,True,True,True,True
1380,HOXA9,True,False,False,False,False
1381,EDN1,True,False,True,True,False
1382,MLLT10,True,True,True,True,True
1383,ZCWPW1,True,False,False,False,False
1384,ADCYAP1R1,True,False,False,False,False
1385,FGF20,True,False,False,False,False
1386,P2RY10,True,False,False,False,False
1387,ITM2A,True,True,False,False,True
1388,NRDC,True,True,True,True,True
1389,VDAC3,True,True,True,True,True
1390,PCM1,True,True,True,True,True
1391,TNRC6C,True,True,False,True,True
1392,CBFA2T2,True,True,False,True,True
1393,BRINP1,True,False,False,False,False
1394,ITCH,True,True,True,True,True
1395,PKD2L2,True,False,False,False,False
1396,TP53INP2,True,False,False,True,False
1397,SDF4,True,True,True,True,True
1398,MYH7B,True,False,False,False,False
1399,BPIFB2,True,False,False,True,False
1400,TP73,True,False,False,False,False
1401,TOLLIP,True,True,True,True,True
1402,UBE2D4,True,True,True,True,True
1403,CLUL1,True,False,False,False,False
1404,RUNX1T1,True,False,False,False,False
1405,CDH17,True,False,False,False,False
1406,THOC1,True,True,True,True,True
1407,FKBP7,True,False,True,True,True
1408,OSBPL6,True,True,True,False,False
1409,SLC1A3,True,False,False,False,False
1410,XRCC5,True,True,True,True,True
1411,LXN,True,False,True,False,False
1412,SP140,True,False,True,False,False
1413,MKNK1,True,True,True,True,True
1414,TNS1,True,False,True,False,False
1415,REXO1,True,True,True,True,True
1416,SAR1A,True,True,True,True,True
1417,CDC14A,True,True,False,False,False
1418,RAPGEF3,True,False,False,False,False
1419,CEACAM1,True,False,False,True,False
1420,SENP1,True,True,True,True,True
1421,DUSP13,True,False,False,True,False
1422,CIC,True,True,True,True,True
1423,LIPE,True,False,False,False,False
1424,FDFT1,True,True,True,True,True
1425,PAFAH1B3,True,True,True,True,True
1426,OPHN1,True,False,True,False,False
1427,AFM,True,False,False,False,False
1428,KIF22,True,True,True,True,True
1429,SCGN,True,False,False,False,False
1430,CARMIL1,True,True,True,True,False
1431,PGM1,True,False,True,True,True
1432,DDX1,True,True,True,True,True
1433,DNM2,True,True,True,True,True
1434,EPB41L2,True,True,True,True,True
1435,RIMS1,True,False,False,False,False
1436,MOXD1,True,False,True,False,False
1437,STX7,True,True,True,True,True
1438,RABL2B,False,False,True,True,True
1439,KEAP1,True,True,True,True,True
1440,DDX43,True,False,False,False,False
1441,PTPRH,True,False,False,False,False
1442,DCT,True,False,False,False,False
1443,SLC35C2,True,True,True,True,True
1444,CRYBG3,True,True,True,True,False
1445,EPHA6,True,False,False,False,False
1446,SCTR,True,False,False,False,False
1447,RFX3,True,False,False,True,True
1448,RIF1,True,True,True,True,True
1449,RAB21,True,True,True,True,True
1450,SLC4A4,True,False,True,False,True
1451,SMARCA2,True,True,True,True,True
1452,RDH8,True,False,False,False,False
1453,SESN1,True,True,True,True,False
1454,MID2,True,False,False,False,False
1455,PIH1D3,True,False,False,False,False
1456,COL5A3,True,False,False,False,False
1457,SRCAP,True,True,True,True,True
1458,PUM3,True,True,True,True,True
1459,CPB2,True,False,False,True,False
1460,CHRNA3,True,False,False,False,True
1461,KCNN2,True,False,False,False,False
1462,CNOT4,True,True,True,True,True
1463,PSEN1,True,True,True,True,True
1464,CPOX,True,True,True,True,True
1465,CLDND1,True,True,True,True,True
1466,MOK,True,False,True,True,False
1467,HSP90AA1,True,True,True,True,True
1468,RBL1,True,True,True,True,True
1469,DLGAP4,True,True,True,True,True
1470,IGSF9B,True,False,False,False,False
1471,CFHR2,True,False,False,False,False
1472,NDC80,True,True,True,True,True
1473,AP4E1,True,False,True,True,True
1474,RSBN1,True,True,True,True,True
1475,MAGI3,True,True,True,True,True
1476,CXCL2,True,False,False,False,False
1477,AFP,True,False,False,True,False
1478,COL4A4,True,False,False,False,False
1479,TCF7,True,True,True,True,True
1480,OSTM1,True,True,True,True,True
1481,CDH7,True,False,False,False,False
1482,IMPG2,True,False,False,False,False
1483,EXD2,True,False,False,True,False
1484,ARG2,True,True,False,True,True
1485,MEF2C,True,True,False,False,False
1486,PTPRC,True,False,False,False,True
1487,CACNA1S,True,False,False,False,False
1488,PKP1,True,False,False,False,False
1489,UBA5,True,True,True,True,True
1490,STK17B,True,True,True,False,True
1491,CDC14B,True,True,True,True,False
1492,ZNF510,True,True,False,False,True
1493,LRP2,True,False,False,False,False
1494,JMJD4,True,True,True,True,True
1495,DUSP12,True,True,True,True,True
1496,AACS,True,True,True,True,True
1497,DELE1,True,True,True,True,False
1498,SLC13A1,True,False,False,False,False
1499,CADPS2,True,False,False,True,False
1500,PCDHB4,True,False,False,False,False
1501,PCDHA6,True,False,False,False,False
1502,PCDHGA2,True,False,False,False,False
1503,HSPB11,True,True,True,True,True
1504,PHLPP1,True,False,True,True,False
1505,ATP8B1,True,False,True,False,False
1506,IL12RB2,True,False,False,False,False
1507,SMARCD3,True,True,True,False,True
1508,WDR70,True,True,True,True,True
1509,FYB1,True,False,False,False,True
1510,MPP4,True,False,False,False,False
1511,STRADB,True,True,True,True,True
1512,BZW1,True,True,True,True,True
1513,PGR,True,False,False,False,False
1514,C1QTNF3,True,False,False,False,False
1515,ME2,True,True,True,True,True
1516,C5orf22,True,True,True,True,True
1517,CCNT2,True,True,True,True,True
1518,FAM135A,True,True,False,True,False
1519,COL19A1,True,False,False,False,False
1520,EPB41L3,True,False,True,False,False
1521,COBLL1,True,False,True,True,False
1522,DLG3,True,False,True,True,True
1523,KCNK2,True,False,True,False,False
1524,SERTAD4,True,False,False,False,False
1525,TRAF5,True,True,True,False,True
1526,GEMIN5,True,True,True,True,True
1527,OPRK1,True,False,False,False,False
1528,NFE2L1,True,True,True,True,True
1529,SEMA5B,True,False,False,False,False
1530,GSK3B,True,True,True,True,True
1531,ITGB5,True,False,True,True,False
1532,ERC1,True,True,True,True,True
1533,XPO1,True,True,True,True,True
1534,RNF13,True,True,True,True,True
1535,TRPM3,True,False,False,False,False
1536,PALB2,True,True,True,True,True
1537,DOP1A,True,True,False,True,True
1538,LYRM2,True,True,True,True,True
1539,BCKDHB,True,True,True,True,True
1540,KAT6A,True,True,True,True,True
1541,TUT7,True,True,True,True,True
1542,ULK2,True,False,False,False,False
1543,GRHL2,True,False,False,False,False
1544,TNPO1,True,True,True,True,True
1545,PLOD1,True,True,True,True,False
1546,P2RX5,True,True,False,False,True
1547,DIS3,True,True,True,True,True
1548,PIBF1,True,True,True,True,True
1549,TDRD3,True,True,True,True,True
1550,NUFIP1,True,True,True,True,True
1551,PDS5B,True,True,True,True,True
1552,OXCT1,True,True,True,False,True
1553,RRAGB,True,False,True,True,True
1554,EPYC,True,False,False,False,False
1555,CYLD,True,False,True,True,True
1556,SLC27A5,True,True,True,True,True
1557,ZNF324,True,False,False,False,True
1558,ZNF671,True,False,False,False,False
1559,ZNF416,True,False,False,False,False
1560,ZNF586,True,False,False,False,True
1561,ZNF446,True,False,False,False,False
1562,ZNF264,True,False,True,False,True
1563,FAT1,True,False,True,True,True
1564,YTHDC1,True,True,True,True,True
1565,CHMP2B,True,True,True,True,True
1566,SMAP2,True,True,True,True,True
1567,PPIE,True,True,True,True,True
1568,ZMPSTE24,True,True,True,True,True
1569,STARD7,True,True,True,True,True
1570,NOA1,True,True,True,True,True
1571,REST,True,True,True,True,True
1572,HAL,True,False,False,False,False
1573,SSH1,True,True,True,True,True
1574,GSTP1,True,True,True,False,True
1575,APLP2,True,True,True,True,True
1576,FAM234B,True,False,False,False,False
1577,SLCO1A2,True,False,False,False,False
1578,WBP11,True,True,True,True,True
1579,EIF3I,True,True,True,True,True
1580,NKAIN1,True,False,False,False,False
1581,COL16A1,True,False,False,True,False
1582,TXLNA,True,True,True,True,True
1583,APOB,True,False,False,True,False
1584,NCOA1,True,True,True,True,True
1585,AGBL5,True,True,True,True,True
1586,EFR3B,True,False,False,False,False
1587,KIF3C,True,False,True,True,False
1588,RAB10,True,True,True,True,True
1589,GCKR,True,False,False,False,False
1590,HADHA,True,True,True,True,True
1591,MAPRE3,True,False,True,False,False
1592,CAD,True,True,True,True,True
1593,CD59,True,True,True,True,True
1594,CD82,True,False,False,False,True
1595,BCORL1,True,True,False,False,False
1596,ATRX,True,True,True,True,True
1597,AK6,True,True,True,True,True
1598,MYNN,True,True,True,True,True
1599,MECOM,True,True,True,False,False
1600,SCAMP1,True,True,True,True,True
1601,PREP,True,True,True,True,True
1602,HACE1,True,False,False,False,True
1603,SEH1L,True,True,True,True,True
1604,WDR47,True,False,True,False,True
1605,WDFY1,True,True,True,True,True
1606,OVGP1,True,False,False,False,False
1607,SLC25A24,True,True,True,True,True
1608,MAP3K4,True,True,True,True,True
1609,PILRA,True,False,False,False,False
1610,IGSF9,True,False,False,False,False
1611,ABCB1,True,False,False,True,False
1612,ZNF213,True,False,False,False,False
1613,AKR1B1,True,False,True,True,True
1614,CPNE3,True,True,True,True,True
1615,RRN3,False,True,True,True,True
1616,CTTN,True,True,True,True,False
1617,WNT11,True,False,False,False,False
1618,MTIF2,True,True,True,True,True
1619,DDHD2,True,True,True,True,True
1620,TTC39A,True,False,False,False,False
1621,EPS15,True,True,True,True,True
1622,ORC1,True,True,True,True,True
1623,MGST2,True,True,True,True,False
1624,CHERP,True,True,True,True,True
1625,ATG16L1,True,False,True,True,True
1626,USP40,True,True,True,True,True
1627,POMGNT1,True,True,True,True,True
1628,RAD54L,True,True,False,True,True
1629,MAST2,True,True,True,True,False
1630,DNAJA1,True,True,True,True,True
1631,B4GALT1,True,True,True,True,True
1632,CHMP5,True,True,True,True,True
1633,NFX1,True,True,True,True,True
1634,AQP6,True,False,False,False,False
1635,DIMT1,True,True,True,True,True
1636,IPO11,True,True,True,True,True
1637,FOLH1,True,False,False,False,False
1638,EIF2AK1,True,True,True,True,True
1639,NME8,True,False,False,False,False
1640,EPDR1,True,False,True,True,True
1641,SNX10,True,True,False,True,True
1642,SEPHS1,True,True,True,True,True
1643,HBQ1,True,True,False,True,False
1644,ITPKC,True,False,False,True,False
1645,CEACAM6,True,False,False,False,False
1646,FAT2,True,False,False,False,False
1647,RBM22,True,True,True,True,True
1648,TMED2,True,True,True,True,True
1649,ERO1B,True,False,False,False,False
1650,ZFAND6,False,True,True,True,True
1651,HSD17B2,True,False,False,True,False
1652,TXLNG,True,True,True,True,True
1653,PPEF1,True,False,False,False,False
1654,LAT2,True,False,False,False,False
1655,HUWE1,True,True,True,True,True
1656,ZW10,True,True,True,True,True
1657,ALG9,True,True,True,True,True
1658,MYBPC2,True,False,False,False,False
1659,NOX4,True,False,False,False,False
1660,ACOX3,True,False,False,True,True
1661,MTMR2,True,True,True,True,True
1662,PPP1R15A,True,True,True,True,True
1663,HSD17B14,True,False,False,False,False
1664,TRIP6,True,True,True,False,False
1665,ACHE,True,False,False,False,False
1666,FTL,True,True,True,True,True
1667,SRRT,True,True,True,True,True
1668,BAX,True,True,True,True,True
1669,NLK,True,True,False,True,True
1670,PIGS,True,True,True,True,True
1671,ADAMTS2,True,False,False,False,False
1672,TMPRSS11E,True,False,False,False,False
1673,ATXN7L3,True,True,True,True,True
1674,PGS1,True,True,True,True,True
1675,PSMC5,True,True,True,True,True
1676,UIMC1,True,True,True,True,True
1677,CETP,True,False,False,False,False
1678,MMP2,True,False,True,False,False
1679,MT3,True,False,False,False,False
1680,LPCAT2,True,True,True,False,False
1681,GNAO1,True,False,False,False,False
1682,OGFOD1,True,True,True,True,True
1683,SH3BP2,True,True,False,True,True
1684,NOP14,True,True,True,True,True
1685,ADD1,True,True,True,True,True
1686,L2HGDH,True,True,False,False,True
1687,TXNDC16,True,False,False,False,False
1688,RTRAF,True,True,True,True,True
1689,NID2,True,False,True,False,False
1690,GMCL1,True,True,True,True,True
1691,SF3B2,True,True,True,True,True
1692,KLHL42,True,True,True,True,True
1693,DNM1L,True,True,True,True,True
1694,PTHLH,True,False,False,False,False
1695,PHACTR3,True,False,False,False,False
1696,ERGIC2,True,True,True,True,True
1697,TFAP2C,True,False,False,False,True
1698,AURKA,True,True,True,True,True
1699,CASS4,True,False,False,False,False
1700,PIR,True,False,True,True,False
1701,AAMDC,True,True,True,True,True
1702,RFX2,True,True,False,False,True
1703,METTL2A,True,True,True,True,True
1704,SULT2B1,True,False,False,False,False
1705,ALG6,True,True,False,False,True
1706,CNOT3,True,True,True,True,True
1707,GP6,True,False,False,False,False
1708,PTPN4,True,True,True,True,True
1709,DDX18,True,True,True,True,True
1710,KHSRP,True,True,True,True,True
1711,GNA11,True,True,True,True,False
1712,ASAP3,True,False,False,True,False
1713,EDEM2,True,False,True,True,True
1714,DNMT3B,True,True,False,True,False
1715,REM1,True,False,False,False,False
1716,TPX2,True,True,True,True,True
1717,PDRG1,True,True,True,True,True
1718,EPB41L1,True,False,True,True,False
1719,SLC15A1,True,False,False,False,False
1720,DOCK9,True,True,False,False,False
1721,ANKRD10,True,True,True,True,True
1722,TGDS,True,True,False,True,True
1723,DOCK3,True,False,False,False,False
1724,C3orf18,True,False,False,False,False
1725,COQ9,True,True,True,True,True
1726,TMEM40,True,False,False,False,False
1727,KIF9,True,True,True,True,True
1728,ARHGAP28,True,False,False,False,False
1729,CRLS1,True,True,True,True,True
1730,DEFB127,True,False,False,False,False
1731,PPP1R13B,True,False,False,True,True
1732,ATRN,True,True,True,True,True
1733,SMOX,True,False,True,True,False
1734,SIGLEC1,True,False,False,False,False
1735,FKBP1A,False,True,True,True,True
1736,NSFL1C,True,True,True,True,True
1737,SLC4A11,True,False,False,True,False
1738,C20orf194,True,False,False,True,False
1739,ZNF343,True,False,False,False,False
1740,EBF4,True,False,False,False,False
1741,CPXM1,True,True,False,False,False
1742,MAVS,True,True,True,True,True
1743,LZTS3,True,False,False,True,False
1744,F11,True,False,False,False,False
1745,XRN2,True,True,True,True,True
1746,KIZ,True,True,False,True,True
1747,DYNLL1,True,True,True,True,True
1748,TESC,True,True,False,True,True
1749,SNX5,True,True,True,True,True
1750,SIRPG,True,False,False,False,True
1751,MAPKAPK5,True,True,True,True,True
1752,P2RX7,True,False,False,False,False
1753,ESF1,True,True,True,True,True
1754,RBBP9,True,False,True,True,True
1755,ANAPC5,True,True,True,True,True
1756,SLC23A2,True,False,True,True,True
1757,SLC8B1,True,False,False,False,True
1758,TMEM230,True,True,True,True,True
1759,DZANK1,True,False,False,False,False
1760,KDM2B,True,True,True,True,True
1761,CFAP61,True,False,False,False,False
1762,LHX5,True,False,False,False,False
1763,TASP1,True,False,False,True,True
1764,OAS1,True,False,False,False,False
1765,GCN1,True,True,True,True,True
1766,PXN,True,True,True,True,False
1767,SIRT4,True,False,False,False,False
1768,RPH3A,True,False,False,False,False
1769,KIF16B,True,True,True,True,True
1770,TRMT6,True,True,True,True,True
1771,CHGB,True,False,False,False,False
1772,PEBP1,True,True,True,True,True
1773,TBX5,True,False,False,False,False
1774,BRAP,True,True,True,True,True
1775,ERP29,True,True,True,True,True
1776,NOS1,True,False,False,False,False
1777,FUS,True,True,True,True,True
1778,IGBP1,True,True,True,True,True
1779,FXYD5,True,True,True,False,True
1780,ZNF302,True,False,True,False,True
1781,GRAMD1A,True,True,True,True,True
1782,FXYD3,True,False,False,True,False
1783,HEPH,True,True,False,False,False
1784,CDIP1,True,False,False,True,False
1785,CMTM1,True,False,False,False,True
1786,KCNH4,True,False,False,False,False
1787,GANAB,True,True,True,True,True
1788,GMIP,True,False,False,False,True
1789,RBM41,True,True,True,True,True
1790,BIRC5,True,True,True,True,True
1791,LAG3,True,False,False,False,False
1792,MLF2,True,True,True,True,True
1793,OTUB2,True,False,False,False,False
1794,DDX24,True,True,True,True,True
1795,ZBTB25,True,False,True,False,True
1796,NECAP1,True,True,True,True,True
1797,ARHGAP4,True,False,False,False,True
1798,ANKRD24,True,False,False,False,False
1799,DHX32,True,True,True,True,False
1800,RCOR1,True,True,True,True,True
1801,GPATCH2L,True,True,True,True,True
1802,LTBP4,True,True,True,False,True
1803,BLVRB,True,True,True,True,True
1804,SLC9A1,True,False,True,False,True
1805,SPTLC1,True,True,True,True,True
1806,PAPOLA,True,True,True,True,True
1807,CCNK,True,True,True,True,True
1808,PCBP4,True,False,True,True,True
1809,RGS1,True,False,False,False,False
1810,YPEL3,True,True,True,True,False
1811,NDUFB2,True,True,True,True,True
1812,NUDC,True,True,True,True,True
1813,MAEA,True,True,True,True,True
1814,ICAM1,True,True,False,True,False
1815,STRN4,True,True,True,True,True
1816,IRAK3,True,False,False,False,False
1817,LYZ,True,True,False,True,False
1818,SI,True,False,False,False,False
1819,MUL1,True,True,True,True,False
1820,TFAP4,True,True,False,True,True
1821,PDCD7,True,True,True,True,True
1822,SPG21,True,True,True,True,True
1823,FETUB,True,False,False,False,False
1824,DNAJB11,True,True,True,True,True
1825,P3H2,True,False,True,False,False
1826,THPO,True,False,False,True,False
1827,CHRD,True,False,False,False,False
1828,FLT3LG,True,False,False,False,True
1829,RAB11FIP3,True,False,True,True,True
1830,GNPTG,True,True,True,True,True
1831,ZNF268,True,True,True,True,True
1832,GOLGA3,True,True,True,True,True
1833,PABPC4,True,True,True,True,True
1834,CD209,True,False,False,False,False
1835,CERS4,True,False,False,True,False
1836,MCOLN1,True,True,True,True,True
1837,USP48,True,True,True,True,True
1838,EFNB1,True,False,False,False,False
1839,PDPR,True,True,True,True,True
1840,AARS,True,True,True,True,True
1841,GLG1,True,True,True,True,True
1842,KIF4A,True,True,True,True,True
1843,TNRC6A,True,True,True,True,True
1844,PLEKHG2,True,False,False,False,True
1845,DLL3,True,True,False,False,True
1846,NAT14,True,True,True,True,True
1847,PITPNM2,True,False,False,True,True
1848,EXOC1,True,True,True,True,True
1849,RBM27,True,True,True,True,True
1850,POU4F3,True,False,False,False,False
1851,OSBPL8,True,True,True,True,True
1852,DTX2,True,True,False,True,True
1853,NLRC4,True,False,False,False,False
1854,PUS7,True,True,True,True,True
1855,LAMB4,True,False,False,False,False
1856,NRCAM,True,False,False,True,False
1857,LAMB1,True,True,True,True,False
1858,SLC26A4,True,False,True,False,False
1859,SLC26A3,True,False,False,False,False
1860,DLD,True,True,True,True,True
1861,WDR7,True,False,False,False,True
1862,TXNL1,True,True,True,True,True
1863,IL5RA,True,False,False,False,False
1864,ABCC6,False,False,False,True,False
1865,CMTM6,True,True,True,True,True
1866,ITGA6,True,False,True,True,True
1867,RAPGEF4,True,False,False,False,False
1868,MAP3K20,True,True,True,True,True
1869,SMPX,True,False,False,False,False
1870,FH,True,True,True,True,True
1871,SEL1L3,True,False,False,True,False
1872,TF,True,False,False,True,False
1873,CDV3,True,True,True,True,True
1874,MYO15A,True,False,False,False,False
1875,ALKBH5,True,True,True,True,True
1876,APOH,True,False,False,True,False
1877,NLRP1,True,True,False,False,False
1878,PITPNM3,True,False,False,False,False
1879,SPAG7,True,True,True,True,True
1880,ORC6,True,True,True,True,True
1881,ZFHX4,True,False,True,False,False
1882,SLC17A6,True,False,False,False,False
1883,CPA1,True,False,False,False,False
1884,ZC3HC1,True,True,True,True,True
1885,ESR1,True,False,False,False,False
1886,RGS17,True,False,True,False,False
1887,TMEM101,True,True,True,True,True
1888,CD200,True,False,False,False,False
1889,CCDC80,True,False,True,False,False
1890,CMA1,True,False,False,False,False
1891,PSME1,True,True,True,True,True
1892,PPP2R3C,True,True,True,True,True
1893,HAUS4,True,True,True,True,True
1894,JPH4,True,False,False,False,False
1895,MYH7,True,False,False,False,False
1896,CEBPE,True,False,False,False,True
1897,SLC7A8,True,True,False,False,False
1898,OSGEP,True,True,True,True,True
1899,SLC22A17,True,False,False,False,False
1900,RNF31,True,True,True,True,True
1901,SCFD1,True,True,True,True,True
1902,G2E3,True,True,True,True,True
1903,HECTD1,True,True,True,True,True
1904,HNRNPC,True,True,True,True,True
1905,RPGRIP1,True,False,False,False,False
1906,SUPT16H,True,True,True,True,True
1907,TOX4,True,True,True,True,True
1908,GEMIN2,True,True,True,True,True
1909,TGM1,True,False,False,False,False
1910,TINF2,True,True,True,True,True
1911,DAZL,True,False,False,False,False
1912,TBL1Y,True,False,False,False,False
1913,SEMA6A,True,False,False,True,False
1914,TRPM7,True,True,True,True,True
1915,TYRO3,True,True,True,True,False
1916,WDR76,True,True,True,False,True
1917,CAPN3,True,False,False,False,False
1918,SNAP23,True,True,True,True,True
1919,TBX15,True,False,False,False,False
1920,PHGDH,True,True,True,True,True
1921,COL9A3,True,False,False,True,False
1922,EZR,True,True,True,True,True
1923,MYL6,True,True,True,True,True
1924,AGO1,True,True,True,True,True
1925,TEKT2,True,True,False,False,False
1926,CLSPN,True,True,True,True,True
1927,RFFL,True,False,True,True,False
1928,UNC13D,True,True,False,True,True
1929,MFSD11,True,True,True,True,True
1930,DPYSL2,True,True,True,True,True
1931,TGFB2,True,False,True,False,False
1932,GPATCH2,True,True,True,True,True
1933,NUP50,True,True,True,True,True
1934,CDC45,True,True,True,True,True
1935,COMT,True,True,True,True,True
1936,ADA2,True,False,False,False,True
1937,VNN3,True,False,False,False,False
1938,ECHDC1,True,True,True,True,True
1939,LRRFIP2,True,True,True,True,True
1940,SEC22C,True,True,True,True,True
1941,XYLB,True,False,False,True,True
1942,HDAC6,True,True,False,True,True
1943,OR1I1,True,False,False,False,False
1944,GABRP,True,False,False,False,False
1945,KRT31,True,False,False,False,False
1946,CDC6,True,True,True,True,True
1947,UPRT,True,False,False,False,True
1948,CDC23,True,True,True,True,True
1949,AAAS,True,True,True,True,True
1950,CBX5,True,True,True,True,True
1951,FMO2,True,False,False,False,False
1952,SUCO,True,True,True,True,True
1953,MSH2,True,True,True,True,False
1954,MAP3K1,True,True,False,True,True
1955,DHPS,True,True,True,True,True
1956,HOOK2,True,True,True,True,True
1957,NXPE1,True,False,False,False,False
1958,ARCN1,True,True,True,True,True
1959,EPB41L4B,True,False,False,True,False
1960,TMEM38B,True,True,True,True,True
1961,PSMD5,True,True,True,True,True
1962,PTGS1,True,False,False,False,False
1963,NUP188,True,True,True,True,True
1964,CRAT,True,False,True,True,False
1965,SH2D3C,True,False,False,False,False
1966,NANS,True,True,True,True,True
1967,TBC1D2,True,False,True,False,False
1968,WHRN,True,False,False,False,False
1969,PDE6C,True,False,False,False,False
1970,CWF19L1,True,True,True,True,True
1971,SEMA4G,True,False,False,True,False
1972,BTAF1,True,True,True,True,True
1973,IKZF5,True,True,True,True,True
1974,BLNK,True,False,False,False,False
1975,CYP26A1,True,False,False,False,False
1976,TDRD1,True,False,False,False,False
1977,SORBS1,True,False,False,True,False
1978,CRTAC1,True,False,False,False,False
1979,BAMBI,True,True,True,True,False
1980,IL11,True,False,True,False,False
1981,MYO3A,True,False,False,False,False
1982,WAC,True,True,True,True,True
1983,CREM,True,True,True,True,True
1984,NUBP2,True,True,True,True,True
1985,TPSD1,True,False,False,False,False
1986,SMIM24,True,False,False,True,True
1987,TREM2,True,False,False,False,False
1988,KCNK16,True,False,False,False,False
1989,CRISP3,True,False,False,False,False
1990,FKBP5,True,True,True,True,True
1991,SRPK1,True,True,True,True,True
1992,BRPF3,True,True,True,True,False
1993,PGC,True,False,False,True,False
1994,TMEM14A,True,True,True,True,True
1995,EFHC1,True,True,True,True,True
1996,NCR2,True,False,False,False,False
1997,HSP90AB1,True,True,True,True,True
1998,MLN,True,False,False,False,False
1999,CDC5L,True,True,True,True,True
2000,ITPR3,True,True,True,True,False
2001,ZNF184,True,False,False,False,True
2002,DSP,True,False,True,True,False
2003,SIRT1,True,True,True,True,True
2004,HNRNPH3,True,True,True,True,True
2005,JAK2,True,False,False,False,False
2006,IL12RB1,True,False,False,False,False
2007,ABL1,True,True,True,True,True
2008,ACOT7,True,True,True,True,True
2009,SH3GLB1,True,True,True,True,True
2010,CDC7,True,True,False,False,True
2011,SYDE2,True,True,False,True,True
2012,PCSK5,True,False,False,False,False
2013,SCD,True,True,True,True,True
2014,TMED1,True,True,True,True,True
2015,ABLIM1,True,False,True,True,True
2016,ERMP1,True,False,False,True,False
2017,RAB18,True,True,True,True,True
2018,NRP1,True,False,True,True,False
2019,PRTFDC1,True,True,True,False,False
2020,PALMD,True,False,True,True,False
2021,TSPAN15,True,False,False,True,False
2022,H2AFY2,True,False,True,True,False
2023,WASHC2A,False,True,True,True,True
2024,MAST3,True,False,False,True,False
2025,MZF1,True,False,False,False,False
2026,OCEL1,True,True,True,True,True
2027,MYO9B,True,True,True,True,True
2028,KCNK6,True,False,True,False,True
2029,CATSPERG,True,False,False,False,False
2030,PSMD8,False,True,True,True,True
2031,FBXL19,True,True,False,True,True
2032,STX1B,True,False,False,False,False
2033,HSD3B7,True,False,False,True,False
2034,SETD1A,True,True,True,True,True
2035,BCL7C,True,True,True,True,True
2036,MAGEB2,True,False,False,False,False
2037,EFNA2,True,False,False,True,False
2038,CIRBP,True,True,True,True,True
2039,ATP5F1D,True,True,True,True,True
2040,CBARP,True,False,False,False,False
2041,PCDH11Y,True,False,False,False,False
2042,AMELY,True,False,False,False,False
2043,PRKY,True,False,False,True,True
2044,IGFALS,True,False,False,False,False
2045,HNRNPM,True,True,True,True,True
2046,MARCH2,True,False,True,True,True
2047,NDUFB7,True,True,True,True,True
2048,TECR,True,True,True,True,True
2049,TIMM13,True,True,True,True,True
2050,CDC34,True,True,True,True,True
2051,MTAP,True,False,True,True,False
2052,MISP,True,False,False,True,False
2053,CEP170B,True,False,True,True,False
2054,POLR2E,True,True,True,True,True
2055,POLRMT,True,True,True,True,True
2056,HCN2,True,False,False,False,False
2057,CDHR5,True,False,False,False,False
2058,IZUMO4,True,False,False,False,False
2059,RASSF7,True,False,True,True,True
2060,GADD45B,True,False,True,True,False
2061,PALM,True,True,False,True,False
2062,MADCAM1,True,False,False,False,False
2063,MKNK2,True,True,True,True,True
2064,ARVCF,True,True,False,False,False
2065,TRMT2A,True,True,True,True,True
2066,ZDHHC8,True,True,True,False,True
2067,KLHL22,True,True,False,False,False
2068,MED15,True,True,True,True,True
2069,SERPIND1,True,False,False,True,False
2070,SNAP29,True,True,True,True,True
2071,CRKL,True,True,True,True,True
2072,LZTR1,True,True,False,False,True
2073,MMP11,True,False,False,False,False
2074,CECR2,True,False,False,False,False
2075,SMARCB1,True,True,True,True,True
2076,P2RX6,True,False,False,False,False
2077,DERL3,True,False,False,False,False
2078,SLC7A4,True,False,False,False,False
2079,BCL2L13,True,True,True,True,True
2080,DDTL,True,False,False,False,False
2081,DDT,True,True,True,True,True
2082,OSM,True,False,False,False,False
2083,CABIN1,True,True,True,True,True
2084,TBC1D10A,True,False,False,False,True
2085,SUSD2,True,False,False,True,False
2086,SF3A1,True,True,True,True,True
2087,GGT5,True,False,False,True,False
2088,RNF215,True,False,True,False,False
2089,SEC14L2,True,False,True,False,False
2090,SEC14L3,True,False,False,False,False
2091,SPECC1L,True,True,True,True,True
2092,PPIL2,True,True,True,True,True
2093,UPB1,True,False,False,False,False
2094,YPEL1,True,False,False,False,True
2095,SNRPD3,True,True,True,True,True
2096,PES1,True,True,True,True,True
2097,MAPK1,True,True,True,True,True
2098,PRODH,False,False,False,False,False
2099,PPM1F,True,True,True,True,True
2100,SLC35E4,True,False,True,False,False
2101,TOP3B,True,True,False,True,True
2102,CRYBB3,True,False,False,False,False
2103,CYTH4,True,False,False,False,False
2104,ESS2,True,True,True,True,True
2105,MFNG,True,False,False,True,True
2106,CARD10,True,False,True,True,False
2107,LRP5L,True,False,False,False,False
2108,SLC25A1,True,True,True,True,True
2109,GRK3,True,True,False,True,True
2110,PLA2G3,True,False,False,False,False
2111,LGALS2,True,False,False,True,False
2112,GGA1,True,True,True,True,True
2113,HIRA,True,True,True,True,True
2114,SH3BP1,True,True,False,True,False
2115,SEZ6L,True,False,False,False,False
2116,LGALS1,True,True,True,True,True
2117,HPS4,True,True,True,True,True
2118,PIK3IP1,True,False,False,False,False
2119,SRRD,True,True,True,True,True
2120,PATZ1,True,True,False,True,True
2121,TRIOBP,True,True,True,True,True
2122,TFIP11,True,True,True,True,True
2123,GCAT,True,True,True,True,True
2124,GGTLC2,False,False,False,False,False
2125,CRYBB1,True,False,False,False,False
2126,ANKRD54,True,True,True,True,True
2127,EIF3L,True,True,True,True,True
2128,SNU13,True,True,True,True,True
2129,MICALL1,True,False,True,True,True
2130,POLR2F,True,True,True,True,True
2131,SOX10,True,False,False,False,False
2132,CCDC134,True,False,False,False,False
2133,DEPDC5,True,True,False,False,True
2134,PICK1,True,True,True,True,False
2135,TTC28,True,False,False,True,True
2136,SLC16A8,True,False,False,False,False
2137,CENPM,True,True,True,True,True
2138,SEPTIN3,True,False,False,False,False
2139,SLC5A1,True,False,False,False,False
2140,SLC5A4,True,False,False,False,False
2141,KDELR3,True,True,True,True,False
2142,CYP2D6,True,False,False,False,False
2143,DDX17,True,True,True,True,True
2144,DMC1,True,False,False,False,False
2145,TCF20,True,True,True,True,True
2146,HSCB,True,True,True,True,True
2147,CBY1,True,True,True,True,False
2148,TOMM22,True,True,True,True,True
2149,RSPH14,True,False,False,False,False
2150,XBP1,True,True,True,True,True
2151,RTCB,True,True,True,True,True
2152,JOSD1,True,True,True,True,True
2153,FBXO7,True,True,True,True,True
2154,GTPBP1,True,True,True,True,True
2155,POLDIP3,True,True,True,True,True
2156,RAB36,True,False,False,False,False
2157,TIMP3,True,False,True,False,False
2158,PPP6R2,True,True,True,True,True
2159,SBF1,True,True,True,True,True
2160,SUN2,True,False,True,True,True
2161,CYB5R3,True,True,True,True,True
2162,DNAL4,True,False,True,True,True
2163,C22orf31,True,False,False,False,False
2164,MIOX,True,False,False,True,False
2165,LMF2,True,True,True,True,True
2166,RHBDD3,True,True,True,True,True
2167,PACSIN2,True,True,True,True,True
2168,TTLL1,True,False,False,False,True
2169,RASL10A,True,False,False,False,False
2170,AP1B1,True,True,True,True,True
2171,HMGXB4,True,True,True,True,True
2172,TOM1,True,False,True,True,True
2173,NEFH,True,True,False,False,False
2174,CHKB,True,False,True,True,True
2175,BIK,True,False,False,True,True
2176,HMOX1,True,False,True,True,False
2177,MCAT,True,True,True,True,True
2178,THOC5,True,True,True,True,True
2179,MCM5,True,True,True,True,True
2180,APOBEC3H,True,False,False,False,False
2181,ARSA,True,False,False,True,True
2182,TSPO,True,True,True,True,False
2183,RASD2,True,False,False,False,False
2184,TTLL12,True,True,True,True,True
2185,CBX7,True,False,False,False,False
2186,PDGFB,True,False,False,True,False
2187,CABP7,True,False,False,False,False
2188,ZMAT5,True,True,True,True,True
2189,RBFOX2,True,True,True,True,True
2190,SYNGR1,True,True,True,False,True
2191,TAB1,True,True,False,True,False
2192,ASCC2,True,True,True,True,True
2193,MTMR3,True,False,False,True,False
2194,MIEF1,True,True,True,True,True
2195,APOL4,True,False,False,False,False
2196,PNPLA5,True,False,False,False,False
2197,APOL1,True,False,False,True,False
2198,PNPLA3,True,False,False,True,False
2199,MYH9,True,True,True,True,True
2200,CACNA1I,True,False,False,False,False
2201,SAMM50,True,True,True,True,True
2202,TXN2,True,True,True,True,True
2203,FOXRED2,True,True,False,True,True
2204,GRAP2,True,False,False,False,True
2205,EIF3D,True,True,True,True,True
2206,TNRC6B,True,True,True,True,True
2207,SGSM3,True,True,True,True,True
2208,IFT27,True,True,True,False,True
2209,PVALB,True,False,False,False,False
2210,KIAA0930,True,False,True,True,True
2211,NCF4,True,False,False,False,False
2212,CSF2RB,True,False,False,False,False
2213,SLC25A17,True,True,True,True,True
2214,UPK3A,True,False,False,True,False
2215,FAM118A,True,True,False,True,True
2216,KCTD17,True,False,True,False,True
2217,ST13,True,True,True,True,True
2218,IL2RB,True,False,False,False,False
2219,RBX1,True,True,True,True,True
2220,EP300,True,True,True,True,True
2221,L3MBTL2,True,True,True,True,True
2222,CHADL,True,False,False,False,False
2223,RANGAP1,True,True,True,True,True
2224,ZC3H7B,True,True,True,True,True
2225,PHF5A,True,True,True,True,True
2226,ACO2,True,True,True,True,True
2227,POLR3H,True,True,True,True,True
2228,TRMU,True,True,True,True,True
2229,PMM1,True,True,True,True,True
2230,DESI1,True,True,True,True,True
2231,CERK,True,True,True,True,True
2232,BRD1,True,True,True,True,True
2233,ZBED4,True,True,True,True,True
2234,MLC1,True,False,False,False,False
2235,HDAC10,True,True,False,False,True
2236,KCNK10,True,False,False,False,False
2237,ABHD4,True,False,False,False,False
2238,KHNYN,True,False,True,True,False
2239,FKBP3,True,True,True,True,True
2240,SDR39U1,True,True,True,True,True
2241,CTSG,True,False,False,False,True
2242,GZMH,True,False,False,False,False
2243,GZMB,True,False,False,False,False
2244,RBM23,True,True,True,False,True
2245,PRMT5,True,True,True,True,True
2246,COCH,True,True,False,False,True
2247,AP4S1,True,True,False,False,False
2248,POLE2,True,True,True,True,True
2249,VCPKMT,True,False,False,False,True
2250,SOS2,True,True,True,True,True
2251,CDKL1,True,False,False,False,False
2252,NIN,True,True,True,True,True
2253,PYGL,True,True,True,True,False
2254,TRIM9,True,False,False,False,False
2255,PSMC6,True,True,True,True,True
2256,GNPNAT1,True,True,True,True,True
2257,DDHD1,True,True,True,True,True
2258,CDKN3,True,True,True,True,True
2259,CNIH1,True,True,True,True,True
2260,CGRRF1,True,False,True,True,True
2261,ATP6V1D,True,True,True,True,True
2262,CCDC198,True,False,False,False,False
2263,PLEK2,True,False,False,False,False
2264,PIGH,True,True,True,True,True
2265,LRRC74A,True,False,False,False,False
2266,PSMA3,True,True,True,True,True
2267,VTI1B,True,True,True,True,True
2268,TIMM9,True,True,True,True,True
2269,GSTZ1,True,True,True,True,True
2270,KIAA0586,True,True,True,True,True
2271,TMED8,True,True,True,True,True
2272,SAMD15,True,False,False,False,False
2273,AHSA1,True,True,True,True,True
2274,DAAM1,True,True,True,True,True
2275,ISM2,True,False,False,True,False
2276,SPTLC2,True,True,True,True,True
2277,RIN3,True,False,False,True,False
2278,LGMN,True,True,True,True,True
2279,ALKBH1,True,False,False,True,True
2280,SNW1,True,True,True,True,True
2281,CHGA,True,False,False,False,False
2282,ITPK1,True,True,False,True,True
2283,DHRS7,True,True,True,True,True
2284,PPM1A,True,True,True,True,True
2285,SIX4,True,False,True,False,False
2286,GALNT16,True,False,False,False,False
2287,ASB2,True,False,False,False,False
2288,CEP128,True,False,True,False,True
2289,ERH,True,True,True,True,True
2290,HIF1A,True,True,True,True,True
2291,SUSD6,True,False,False,True,False
2292,SRSF5,True,True,True,True,True
2293,SLC10A1,True,False,False,False,False
2294,EIF5,True,True,True,True,True
2295,SERPINA4,True,False,False,True,False
2296,SLC8A3,True,False,False,False,False
2297,DICER1,True,True,True,True,True
2298,ZFYVE21,True,True,True,True,True
2299,MTHFD1,True,True,True,True,True
2300,TCL1A,True,False,False,False,False
2301,ZC3H14,True,True,True,True,True
2302,TELO2,True,True,True,True,True
2303,PCNX1,True,True,True,True,True
2304,BDKRB1,True,False,False,False,False
2305,GSKIP,True,False,True,True,True
2306,VRK1,True,True,True,True,True
2307,PSMC1,True,True,True,True,True
2308,PAPLN,True,False,False,False,False
2309,PPP4R3A,True,True,True,True,True
2310,C14orf93,True,False,False,False,False
2311,PSMB5,True,True,True,True,True
2312,YY1,True,True,True,True,True
2313,ACIN1,True,True,True,True,True
2314,CCNB1IP1,True,True,True,True,True
2315,TRIP11,True,True,True,True,True
2316,APEX1,True,True,True,True,True
2317,EFS,True,False,False,False,False
2318,ARHGAP5,True,True,True,True,True
2319,CINP,True,True,True,True,True
2320,DHRS2,True,False,False,True,False
2321,SRP54,True,True,True,True,True
2322,CPNE6,True,False,False,False,False
2323,CHD8,True,True,True,True,True
2324,PCK2,True,True,False,True,False
2325,PRORP,True,True,True,True,True
2326,DCAF11,True,True,True,True,True
2327,NFKBIA,True,True,True,True,True
2328,EMC9,True,True,True,True,True
2329,PSME2,True,True,True,True,True
2330,BRMS1L,True,True,True,True,True
2331,REC8,True,False,False,False,False
2332,TM9SF1,True,True,True,True,True
2333,SEC23A,True,True,True,True,True
2334,GMPR2,True,True,True,True,True
2335,PNN,True,True,True,True,True
2336,RABGGTA,True,True,True,True,True
2337,NFATC4,True,False,False,False,False
2338,PLTP,True,True,False,True,False
2339,PCIF1,True,True,True,True,True
2340,GSS,True,True,True,True,True
2341,MMP9,True,False,False,False,False
2342,VSX1,True,False,False,False,False
2343,TRPC4AP,True,True,True,True,True
2344,PYGB,True,False,True,True,True
2345,ABHD12,True,True,True,True,True
2346,PROCR,True,False,True,False,False
2347,GINS1,True,True,True,True,True
2348,NINL,True,False,False,True,True
2349,CD40,True,False,False,False,False
2350,UQCC1,True,True,True,True,True
2351,ZMYND8,True,True,True,True,True
2352,SGK2,True,False,False,True,False
2353,IFT52,True,True,True,True,True
2354,MYBL2,True,True,True,True,True
2355,R3HDML,True,False,False,False,False
2356,HNF4A,True,False,False,True,False
2357,NDRG3,True,True,True,True,True
2358,SLA2,True,False,False,True,True
2359,RAB5IF,True,True,True,True,True
2360,NFATC2,True,False,False,True,True
2361,RIMS4,True,False,False,False,False
2362,PABPC1L,True,False,False,True,False
2363,STK4,True,True,True,True,True
2364,SALL4,True,False,False,False,False
2365,ADNP,True,True,True,True,True
2366,PFDN4,True,True,True,True,True
2367,DOK5,True,False,False,False,False
2368,CSTF1,True,True,True,True,True
2369,BMP7,True,False,False,False,False
2370,RAE1,True,True,True,True,True
2371,TPD52L2,True,True,True,True,True
2372,DNAJC5,True,True,True,True,True
2373,NELFCD,True,True,True,True,True
2374,CTSZ,True,True,True,False,False
2375,PRPF6,True,True,True,True,True
2376,TUBB1,True,False,False,False,False
2377,PRELID3B,True,True,True,True,True
2378,HRH3,True,False,False,False,False
2379,MTG2,True,True,True,True,True
2380,PSMA7,True,True,True,True,True
2381,SLCO4A1,True,False,False,True,True
2382,NTSR1,True,False,False,False,False
2383,MRGBP,True,True,True,True,True
2384,TCFL5,True,False,True,True,True
2385,DIDO1,True,True,True,True,True
2386,GID8,True,True,True,True,True
2387,SLC17A9,True,False,False,True,False
2388,BIRC7,True,False,False,False,False
2389,NKAIN4,True,False,False,False,False
2390,ARFGAP1,True,True,True,True,True
2391,AVP,True,False,False,False,False
2392,COL20A1,True,False,False,False,False
2393,CHRNA4,True,False,False,False,False
2394,EEF1A2,True,False,False,False,False
2395,PTK6,True,False,False,False,False
2396,GMEB2,True,True,False,True,True
2397,C20orf27,True,True,True,True,True
2398,SPEF1,True,False,False,False,False
2399,CDC25B,True,True,True,True,True
2400,ISM1,True,False,False,False,False
2401,RNF24,True,True,True,True,True
2402,ARFRP1,True,True,True,True,True
2403,NDUFAF5,True,True,True,True,True
2404,SEL1L2,True,False,False,False,False
2405,TRIB3,True,True,True,True,True
2406,RASSF2,True,False,False,False,False
2407,CSNK2A1,True,True,True,True,True
2408,SLC52A3,True,False,False,False,False
2409,ANGPT4,True,False,False,False,False
2410,RSPO4,True,False,False,False,False
2411,CDS2,True,True,True,True,True
2412,HM13,True,True,True,True,True
2413,SNPH,True,False,False,False,False
2414,MYLK2,True,False,False,False,False
2415,SIRPB1,True,False,False,False,False
2416,SEC23B,True,True,True,True,True
2417,FERMT1,True,False,False,True,False
2418,HAO1,True,False,False,False,False
2419,PDYN,True,False,False,False,False
2420,CCM2L,True,False,False,False,False
2421,PLCB4,True,True,True,False,False
2422,MYL9,True,False,True,True,False
2423,HCK,True,False,False,False,False
2424,TM9SF4,True,True,True,True,True
2425,TLDC2,True,False,False,False,False
2426,CRNKL1,True,True,True,True,True
2427,POFUT1,True,True,True,True,True
2428,SAMHD1,True,True,True,True,False
2429,PAK5,True,False,False,False,False
2430,KIF3B,True,True,True,True,True
2431,NOP56,True,True,True,True,True
2432,MANBAL,True,True,True,True,True
2433,IDH3B,True,True,True,True,True
2434,MAPRE1,True,True,True,True,True
2435,JAG1,True,False,True,True,False
2436,CDK5RAP1,True,True,True,True,True
2437,SNTA1,True,True,False,True,False
2438,OXT,True,False,False,False,False
2439,TTI1,True,True,True,True,True
2440,E2F1,True,True,True,True,True
2441,RPRD1B,True,True,True,True,True
2442,PXMP4,True,True,False,False,False
2443,CHMP4B,True,True,True,True,True
2444,BPI,True,False,False,False,False
2445,CST9L,True,False,False,False,False
2446,SLC32A1,True,False,False,False,False
2447,CST3,True,True,True,True,True
2448,ASIP,True,False,False,False,False
2449,CST4,True,False,False,False,False
2450,ACTR5,True,False,False,True,False
2451,WFDC2,True,False,False,False,False
2452,AHCY,True,True,True,True,True
2453,PPP1R16B,True,False,False,False,False
2454,SPINT3,True,False,False,False,False
2455,FAM83D,True,True,True,True,True
2456,EPPIN,True,False,False,False,False
2457,DHX35,True,False,False,True,True
2458,DNTTIP1,True,True,True,True,True
2459,MAP1LC3A,True,False,False,False,False
2460,SYNDIG1,True,False,False,False,False
2461,PIGU,True,True,True,True,True
2462,TNNC2,True,False,False,False,False
2463,ACOT8,True,True,True,True,True
2464,APMAP,True,True,True,True,True
2465,CELF4,True,False,False,False,False
2466,ZNF516,True,False,False,True,False
2467,CDH20,True,False,False,False,False
2468,ADNP2,True,True,True,True,True
2469,RBFA,True,True,True,True,True
2470,USP14,True,True,True,True,True
2471,VAPA,True,True,True,True,True
2472,METTL4,True,True,True,True,True
2473,LPIN2,True,True,True,True,True
2474,SMCHD1,True,True,True,True,True
2475,MYOM1,True,False,False,False,False
2476,MYL12A,True,True,True,True,True
2477,CEP76,True,True,False,True,True
2478,ST8SIA5,True,False,False,False,False
2479,CEP192,True,True,True,True,True
2480,RNMT,True,True,True,True,True
2481,SMAD7,True,False,True,True,False
2482,LIPG,True,False,False,False,False
2483,LAMA1,True,False,False,False,False
2484,RNF125,True,True,False,False,True
2485,ANKRD12,True,True,True,True,True
2486,NOL4,True,False,False,False,False
2487,POLI,True,False,True,True,True
2488,MIB1,True,True,True,True,True
2489,RBBP8,True,True,True,True,True
2490,RIOK3,True,True,True,True,True
2491,CSTF2,True,True,True,True,True
2492,H2BFM,True,False,False,False,False
2493,MXRA5,True,False,False,False,False
2494,VSIG1,True,False,False,False,False
2495,PSMD10,True,True,True,True,True
2496,ATG4A,True,True,True,False,True
2497,STS,True,False,False,False,False
2498,TBL1X,True,True,True,True,True
2499,GPR143,True,False,False,False,False
2500,PGRMC1,True,True,True,True,True
2501,POLA1,True,True,True,True,True
2502,MID1,True,False,True,False,False
2503,NKAP,True,True,True,True,True
2504,RHOXF1,True,False,False,False,False
2505,NXT2,True,True,False,True,True
2506,GUCY2F,True,False,False,False,False
2507,ATP1B4,True,False,False,False,False
2508,ALG13,True,True,True,True,True
2509,PRPS2,True,True,True,True,True
2510,TLR8,True,False,False,False,False
2511,MOSPD1,True,False,True,True,True
2512,AMMECR1,True,True,True,True,True
2513,CHRDL1,True,False,True,False,False
2514,WDR13,True,True,True,True,True
2515,SUV39H1,True,False,False,False,True
2516,PAGE4,True,False,False,False,False
2517,SRPX,True,False,True,False,False
2518,GLRA2,True,False,False,False,False
2519,XIAP,True,True,True,True,True
2520,STAG2,True,True,True,True,True
2521,ATP11C,True,True,True,True,True
2522,MCF2,True,False,False,False,False
2523,F9,True,False,False,False,False
2524,ABCD1,True,False,False,True,False
2525,CCDC22,True,True,True,True,True
2526,CACNA1F,True,False,False,False,False
2527,SYP,True,False,False,False,False
2528,PLP2,True,True,True,True,True
2529,BMX,True,False,False,False,False
2530,LUZP4,True,False,False,False,False
2531,PLS3,True,False,True,True,False
2532,NAA10,True,True,True,True,True
2533,RENBP,True,False,False,False,False
2534,ELF4,True,False,False,True,False
2535,SMARCA1,True,True,True,True,True
2536,MTMR8,True,False,False,False,False
2537,ASB9,True,False,False,True,False
2538,ZC3H12B,True,False,False,False,False
2539,RBBP7,True,True,True,True,True
2540,PPP1R2C,True,False,False,False,False
2541,KCND1,True,False,False,False,False
2542,OPN1LW,True,False,False,False,False
2543,SLC25A14,True,True,True,True,True
2544,FMR1,True,True,True,True,True
2545,PIM2,True,True,False,False,False
2546,SCML2,True,True,False,False,True
2547,SLC35A2,True,False,True,True,True
2548,PQBP1,True,True,True,True,True
2549,RS1,True,False,False,False,False
2550,PCSK1N,True,False,True,True,False
2551,EMD,True,True,True,True,True
2552,TAZ,True,True,True,True,True
2553,PGK1,True,True,True,True,True
2554,GATA1,True,True,False,False,False
2555,MAGT1,True,True,True,True,True
2556,SMS,True,True,True,True,True
2557,PHEX,True,False,False,False,False
2558,UBL4A,True,True,True,True,True
2559,CD99L2,True,False,True,False,False
2560,EEA1,True,True,True,True,True
2561,RP2,True,False,False,True,True
2562,JADE3,True,False,False,True,True
2563,CDK16,True,True,True,True,True
2564,USP11,True,True,True,True,True
2565,PCYT1B,True,False,False,False,False
2566,BRS3,True,False,False,False,False
2567,HTATSF1,True,True,True,True,True
2568,VGLL1,True,False,False,False,False
2569,CD40LG,True,False,False,False,True
2570,TIMP1,True,True,True,True,False
2571,KLHL4,True,False,True,False,False
2572,GABRE,True,False,False,True,False
2573,PCDH11X,True,False,False,False,False
2574,FGD1,True,False,False,False,False
2575,PIN4,False,True,True,True,True
2576,PORCN,True,False,True,False,False
2577,ITIH6,True,False,False,False,False
2578,MAGED2,True,True,True,True,True
2579,RBM3,True,True,True,True,True
2580,KLF8,True,False,False,False,False
2581,SRPX2,True,False,True,False,False
2582,SYTL4,True,True,False,False,False
2583,ZDHHC15,True,False,False,False,False
2584,CENPI,True,False,True,False,True
2585,DRP2,True,False,False,False,False
2586,TAF7L,True,False,False,False,False
2587,PBDC1,True,True,True,True,False
2588,GLA,True,True,True,True,True
2589,ARMCX3,True,True,True,True,True
2590,BEX4,True,True,True,False,True
2591,RUBCNL,True,False,False,False,True
2592,NALCN,True,False,False,False,False
2593,FGF14,True,False,False,False,False
2594,HTR2A,True,False,False,False,False
2595,NDFIP2,True,True,True,True,True
2596,TNFSF13B,True,False,False,False,False
2597,FNDC3A,True,True,True,True,True
2598,MLNR,True,False,False,False,False
2599,CDADC1,True,True,False,True,True
2600,CAB39L,True,False,False,False,False
2601,KLF5,True,False,True,False,False
2602,STK24,True,True,True,True,True
2603,ACP5,True,True,False,True,False
2604,DNAJC3,True,True,True,True,True
2605,UGGT2,True,True,True,True,False
2606,ARHGEF7,True,True,True,True,True
2607,FGF9,True,False,False,False,True
2608,SGCG,True,False,False,False,False
2609,PARP4,True,True,True,True,True
2610,SUPT20H,True,True,True,True,True
2611,SLC25A15,True,True,True,True,True
2612,KPNA3,True,True,True,True,True
2613,FLT1,True,False,False,False,True
2614,RGCC,True,False,False,False,True
2615,VWA8,True,True,True,True,True
2616,DGKH,True,True,True,True,True
2617,KATNAL1,True,True,True,True,True
2618,INTS6,True,True,True,True,True
2619,ACOD1,True,False,False,False,False
2620,DHRS12,True,False,False,False,False
2621,MEDAG,True,False,False,False,False
2622,TSC22D1,True,True,True,True,True
2623,CLN5,True,True,True,True,True
2624,OLFM4,True,False,False,False,False
2625,MSLN,True,False,False,False,False
2626,MGRN1,True,True,True,True,True
2627,ZNF629,True,True,True,True,False
2628,TRADD,True,True,True,True,True
2629,HSF4,True,False,False,False,False
2630,CORO1A,True,True,False,True,True
2631,MAPK3,True,True,True,True,True
2632,GDPD3,True,False,False,True,False
2633,ELMO3,True,False,False,False,False
2634,MT4,True,False,False,False,False
2635,PHKB,True,True,True,True,True
2636,LYRM1,True,True,True,True,True
2637,NUTF2,True,True,True,True,True
2638,NUP93,True,True,True,True,True
2639,CENPT,True,True,True,True,True
2640,TSNAXIP1,True,False,False,False,False
2641,NFAT5,True,True,True,True,True
2642,LONP2,True,True,True,True,True
2643,N4BP1,True,True,True,True,True
2644,CBLN1,True,False,False,False,False
2645,ARL2BP,True,True,True,True,True
2646,PLLP,True,False,False,True,False
2647,ZNF423,True,False,False,False,False
2648,CCL22,True,False,False,False,False
2649,DHODH,True,True,True,True,True
2650,CCL17,True,False,False,False,False
2651,CTCF,True,True,True,True,True
2652,ACD,True,True,True,True,True
2653,POLR2C,True,True,True,True,True
2654,PARD6A,True,False,False,True,True
2655,ZNF821,True,False,False,False,False
2656,MMP15,True,False,False,True,False
2657,USB1,True,True,True,True,True
2658,CYB5B,True,True,True,True,True
2659,CCDC113,True,True,False,False,False
2660,PRSS54,True,False,False,False,False
2661,NME3,True,True,True,True,False
2662,NDRG4,True,False,False,False,False
2663,PSMD7,True,True,True,True,True
2664,SETD6,True,True,False,True,False
2665,SLC38A7,True,True,True,True,True
2666,VAC14,True,True,True,True,True
2667,HAS3,True,False,False,False,False
2668,TANGO6,True,False,False,True,False
2669,COG4,True,True,True,True,True
2670,SMPD3,True,False,False,False,False
2671,SLC7A6OS,True,True,True,True,True
2672,SLC7A6,True,True,True,True,True
2673,PLA2G15,True,False,True,True,False
2674,ESRP2,True,False,False,True,False
2675,FA2H,True,False,False,False,False
2676,WDR59,True,True,True,True,True
2677,MON1B,True,True,True,True,True
2678,CMC2,True,True,True,True,True
2679,AXIN1,True,True,True,True,True
2680,HCFC1R1,True,True,True,True,True
2681,NPRL3,True,True,True,True,True
2682,MLYCD,True,True,False,True,True
2683,MPG,True,True,True,True,True
2684,NECAB2,True,False,False,False,False
2685,HSDL1,True,True,True,True,True
2686,TAF1C,True,False,False,True,True
2687,NAGPA,True,True,True,True,True
2688,WFDC1,True,False,False,False,False
2689,SEC14L5,True,False,False,False,False
2690,COTL1,True,True,True,True,True
2691,USP10,True,True,True,True,True
2692,CRISPLD2,True,False,False,False,False
2693,TSC2,True,True,True,True,True
2694,ZNF500,True,True,False,False,True
2695,NME4,True,True,True,True,True
2696,ABCC1,True,True,True,True,True
2697,LMF1,True,False,False,False,False
2698,FOXF1,True,False,False,False,False
2699,CIAO3,True,True,True,True,True
2700,MTHFSD,True,False,False,True,False
2701,CLCN7,True,True,True,True,True
2702,HAGHL,True,True,True,True,True
2703,ANTKMT,True,True,True,True,True
2704,SLC7A5,True,True,True,True,True
2705,METRN,True,True,True,True,True
2706,FBXO31,True,False,False,True,False
2707,STUB1,True,True,True,True,True
2708,RHBDL1,True,False,False,False,False
2709,NUBP1,True,True,True,True,True
2710,UBE2I,True,True,True,True,True
2711,ZP2,True,False,False,False,False
2712,MEFV,True,False,False,False,False
2713,CRYM,True,True,False,False,False
2714,EEF2K,True,True,True,True,True
2715,CAPN15,True,True,True,True,True
2716,PIEZO1,True,True,True,True,True
2717,GSPT1,True,True,True,True,True
2718,ZNF174,True,False,False,True,True
2719,CLUAP1,True,True,True,True,True
2720,UBFD1,True,True,True,True,True
2721,PRSS33,True,False,False,False,False
2722,EARS2,True,True,False,True,True
2723,ELOB,False,True,True,True,True
2724,GGA2,True,True,True,True,True
2725,AQP8,True,False,False,False,False
2726,CPPED1,True,True,False,True,True
2727,USP31,True,False,False,True,True
2728,HMOX2,True,True,True,True,True
2729,DNAJA3,True,True,True,True,True
2730,BFAR,True,True,True,True,True
2731,SALL1,True,False,False,False,False
2732,TOX3,True,False,False,True,False
2733,RBL2,True,True,True,True,True
2734,QPRT,True,True,False,True,True
2735,XYLT1,True,False,True,False,False
2736,PYCARD,True,True,False,True,False
2737,RPGRIP1L,True,True,True,True,True
2738,MAZ,True,True,True,True,True
2739,STX4,True,True,True,True,True
2740,CDIPT,True,True,True,True,True
2741,BCKDK,True,True,True,True,True
2742,KAT8,True,True,True,True,True
2743,NOMO1,True,True,False,True,False
2744,IL21R,True,False,False,False,False
2745,SYT17,True,False,False,False,False
2746,TMC5,True,False,False,False,False
2747,CCP110,True,True,True,True,True
2748,VPS35L,True,True,True,False,True
2749,SLC6A2,True,False,False,False,False
2750,RNF40,True,True,True,True,True
2751,KNOP1,True,True,True,True,True
2752,AQP9,True,False,False,False,False
2753,AAGAB,True,True,True,True,True
2754,IQCH,True,False,False,False,False
2755,LACTB,True,True,True,True,True
2756,CORO2B,True,False,False,False,False
2757,CSK,True,True,True,True,True
2758,HERC1,True,True,True,True,True
2759,TRIP4,True,True,True,True,True
2760,MTFMT,True,True,True,True,True
2761,RASL12,True,False,False,False,False
2762,AP3B2,True,False,False,False,False
2763,ACSBG1,True,False,False,False,False
2764,IGDCC4,True,False,False,False,False
2765,RAB11A,True,True,True,True,True
2766,CTSH,True,True,True,True,False
2767,TTC23,True,False,False,False,False
2768,CD276,True,True,True,True,False
2769,FAH,True,True,True,True,True
2770,CEMIP,True,False,False,True,False
2771,RPAP1,True,True,True,True,True
2772,HOMER2,True,False,False,True,True
2773,EHD4,True,True,True,True,True
2774,TMEM87A,True,True,True,True,True
2775,ZNF106,True,True,True,True,True
2776,CEP152,True,True,True,True,True
2777,ATP8B4,True,False,False,False,False
2778,OCA2,True,False,False,False,False
2779,DTWD1,True,True,True,True,True
2780,TGM5,True,False,False,False,False
2781,FAM189A1,True,False,False,False,False
2782,GABPB1,True,True,True,True,True
2783,TJP1,True,True,True,True,False
2784,BMF,True,False,False,False,False
2785,DMXL2,True,True,True,False,True
2786,SCG3,True,False,False,False,False
2787,EIF3J,True,True,True,True,True
2788,SPG11,True,True,True,True,True
2789,RHOV,True,False,False,False,False
2790,VPS18,True,False,True,True,True
2791,OIP5,True,True,True,True,True
2792,SLC30A4,True,False,False,False,False
2793,BLOC1S6,True,True,True,True,True
2794,MYEF2,True,False,True,False,True
2795,SGK3,True,True,True,True,True
2796,PDGFRL,True,False,False,False,False
2797,CSPP1,True,True,True,True,True
2798,ZDHHC2,True,False,True,True,True
2799,BRF2,True,True,False,True,True
2800,TRIM35,True,False,False,False,False
2801,ZFAND1,True,True,True,True,True
2802,CA2,True,False,False,False,False
2803,FZD3,True,True,False,True,True
2804,INTS9,True,True,False,True,True
2805,RIPK2,True,True,True,True,False
2806,EYA1,True,False,False,False,False
2807,NBN,True,True,True,True,True
2808,TRPA1,True,False,False,False,False
2809,CPQ,True,True,True,True,False
2810,DECR1,True,True,True,True,True
2811,CALB1,True,False,False,False,False
2812,IMPAD1,True,True,True,True,True
2813,SFRP1,True,False,True,False,False
2814,LAPTM4B,True,True,True,True,True
2815,UBE2W,True,True,True,True,True
2816,POP1,True,True,True,True,True
2817,NIPAL2,True,False,False,False,False
2818,IKBKB,True,True,True,True,True
2819,PLAT,True,False,True,False,False
2820,JPH1,True,False,False,False,True
2821,DKK4,True,False,False,False,False
2822,STK3,True,True,True,True,True
2823,GDAP1,True,True,False,False,True
2824,RAB2A,True,True,True,True,True
2825,EIF3E,True,True,True,True,True
2826,EMC2,True,True,True,True,True
2827,ESRP1,True,False,False,False,False
2828,CCN4,True,False,False,False,False
2829,NDRG1,True,False,True,True,False
2830,ZC2HC1A,True,False,True,True,False
2831,IL7,True,False,False,False,False
2832,STMN2,True,False,False,False,False
2833,ARMC1,True,True,True,True,True
2834,TRPS1,True,False,True,False,False
2835,SPAG1,True,False,True,True,False
2836,CHRAC1,True,True,True,True,True
2837,NCALD,True,False,False,False,False
2838,SNX16,True,False,True,False,True
2839,GML,True,False,False,False,False
2840,UBR5,True,True,True,True,True
2841,GSDMD,True,False,True,True,True
2842,TSTA3,True,True,True,True,True
2843,PYCR3,True,True,True,True,True
2844,ANXA13,True,False,False,False,False
2845,SQLE,True,True,True,True,True
2846,SH2D4A,True,False,True,True,False
2847,INTS10,True,True,True,True,True
2848,ERI1,True,True,True,True,True
2849,SLC39A14,True,True,True,True,True
2850,MTMR9,True,True,True,True,True
2851,LEPROTL1,True,True,True,True,True
2852,DCTN6,True,True,True,True,True
2853,R3HCC1,True,True,True,True,True
2854,GSR,True,True,True,True,True
2855,TNFRSF10A,True,True,False,True,False
2856,UBXN8,True,True,True,True,True
2857,PPP2CB,True,True,True,True,True
2858,ERICH1,True,True,True,True,True
2859,NEFM,True,False,False,False,False
2860,TUSC3,True,True,True,False,True
2861,ARHGEF10,True,True,True,False,False
2862,KLHDC4,True,True,True,True,True
2863,MCM4,True,True,True,True,True
2864,ADAM2,True,False,False,False,False
2865,KCTD9,True,True,True,True,True
2866,FGL1,True,False,False,True,False
2867,ASAH1,True,True,True,True,True
2868,BNIP3L,True,True,True,True,True
2869,MAN2B1,True,True,True,True,True
2870,KCNN4,True,False,True,False,False
2871,TULP2,True,False,False,False,False
2872,NUCB1,True,True,True,True,True
2873,DHDH,True,False,False,False,False
2874,GYS1,True,False,True,False,False
2875,MAP4K1,True,False,False,False,True
2876,ECH1,True,True,True,True,True
2877,HNRNPL,True,True,True,True,True
2878,NFKBIB,True,True,True,True,True
2879,LHB,True,False,False,False,False
2880,CGB3,False,False,False,False,False
2881,TUBB4A,True,False,False,False,True
2882,SARS2,True,True,True,True,True
2883,KCNA7,True,False,False,False,False
2884,SNRNP70,True,True,True,True,True
2885,CLPTM1,True,True,True,True,True
2886,RELB,True,False,False,True,False
2887,CLASRP,True,True,True,True,True
2888,LIN7B,True,False,True,False,True
2889,PPP1R37,True,True,True,True,True
2890,FCGRT,True,True,True,True,True
2891,PIH1D1,True,True,True,True,True
2892,CKM,True,False,False,False,False
2893,ARHGEF18,True,False,True,True,True
2894,PPP1R13L,True,False,True,False,False
2895,PEX11G,True,False,False,False,False
2896,ERCC2,True,True,True,True,True
2897,DOT1L,True,True,True,True,True
2898,PLEKHJ1,True,True,True,True,True
2899,SLC17A7,True,False,False,False,False
2900,RNASEH2A,True,False,False,True,True
2901,KLC3,True,False,False,False,False
2902,CD37,True,False,False,False,False
2903,SF3A2,True,True,True,True,True
2904,AMH,True,False,False,False,True
2905,DKKL1,True,False,False,False,False
2906,LYL1,True,True,False,False,False
2907,OAZ1,True,True,True,True,True
2908,TRMT1,True,True,True,True,True
2909,STX10,True,True,True,True,True
2910,RETN,True,False,False,False,True
2911,FCER2,True,False,False,False,False
2912,DMPK,True,False,False,False,False
2913,CLEC4M,True,False,False,False,False
2914,RSPH6A,True,False,False,False,False
2915,TBC1D17,True,False,True,True,True
2916,IL4I1,True,False,False,False,False
2917,TLE6,True,False,False,False,False
2918,CCDC130,True,True,True,True,True
2919,PTOV1,True,True,True,True,True
2920,TLE5,True,True,True,True,True
2921,NOVA2,True,False,False,False,False
2922,SGTA,True,True,True,True,True
2923,LILRB1,True,False,False,False,False
2924,MED25,True,True,True,True,True
2925,LILRA1,True,False,False,False,False
2926,SNAPC2,True,True,True,True,True
2927,C19orf53,True,True,True,True,True
2928,TIMM44,True,True,True,True,True
2929,CCDC61,True,True,False,False,True
2930,IL27RA,True,True,False,True,False
2931,ASF1B,True,True,True,True,True
2932,TNNT1,True,True,True,False,True
2933,VRK3,True,True,True,True,True
2934,FAM32A,True,True,True,True,True
2935,PPP6R1,True,True,True,True,True
2936,C19orf44,True,False,False,False,False
2937,MED26,True,True,False,True,True
2938,OLFM2,True,False,False,False,False
2939,RASAL3,True,False,False,False,True
2940,AKAP8,True,True,True,True,True
2941,EPHX3,True,False,False,False,False
2942,ILVBL,True,True,True,True,True
2943,ZNF419,True,False,False,False,False
2944,SYDE1,True,False,True,False,False
2945,CASP14,True,False,False,False,False
2946,SLC1A6,True,False,False,False,False
2947,AURKC,True,False,False,False,False
2948,POP4,True,True,True,True,True
2949,CCNE1,True,True,False,True,True
2950,URI1,True,True,True,True,True
2951,PDCD5,True,True,True,True,True
2952,ANKRD27,True,True,False,True,True
2953,TIMM50,True,True,True,True,True
2954,LGALS13,True,False,False,False,False
2955,FBL,True,True,True,True,True
2956,DYRK1B,True,False,True,False,False
2957,CLC,True,False,False,False,False
2958,CNTD2,True,False,False,False,False
2959,GPI,True,True,True,True,True
2960,AKT2,True,True,True,True,True
2961,PLD3,True,True,True,True,True
2962,PRX,True,False,False,False,False
2963,PIAS4,True,True,True,True,True
2964,NUMBL,True,False,True,False,False
2965,EBI3,True,False,False,False,False
2966,YJU2,True,True,True,True,True
2967,SHD,True,False,False,False,False
2968,TBCB,True,True,True,True,True
2969,FSD1,True,False,True,False,True
2970,POLR2I,True,True,True,True,True
2971,OVOL3,True,False,False,False,False
2972,CLIP3,True,False,True,False,True
2973,ZFR2,True,False,False,False,False
2974,SLC1A5,True,True,True,True,True
2975,PRKD2,True,True,True,True,True
2976,TJP3,True,False,False,True,False
2977,APLP1,True,False,True,False,False
2978,CACTIN,True,True,False,True,False
2979,CCDC9,True,True,False,True,True
2980,HNRNPUL1,True,True,True,True,True
2981,FZR1,True,True,True,True,True
2982,BBC3,True,True,True,True,False
2983,TGFB1,True,True,True,True,True
2984,DENND3,True,False,False,False,False
2985,DMAC2,True,True,True,True,True
2986,CEACAM4,True,False,False,False,False
2987,PLIN3,True,True,True,True,True
2988,MYH14,True,False,False,True,False
2989,SIGLEC8,True,False,False,False,False
2990,CD79A,True,False,False,False,True
2991,LIM2,True,False,False,True,False
2992,ICAM4,True,True,False,True,True
2993,NOP53,True,True,True,True,True
2994,NKG7,True,False,False,False,True
2995,ICAM5,True,False,False,False,False
2996,ETFB,True,True,True,True,True
2997,CD33,True,True,False,False,False
2998,CEACAM5,True,False,False,False,False
2999,CRX,True,False,False,False,False
3000,BABAM1,True,True,True,True,True
3001,TYK2,True,True,True,True,True
3002,SULT2A1,True,False,False,True,False
3003,CDC37,True,True,True,True,True
3004,NAPA,True,True,True,True,True
3005,RABAC1,True,True,True,True,True
3006,ATP1A3,True,False,False,False,True
3007,MEIS3,True,False,False,False,False
3008,PTPRS,True,False,False,False,False
3009,CNFN,True,False,False,False,False
3010,ZNRF4,True,False,False,False,False
3011,MEGF8,True,True,True,True,False
3012,KDELR1,True,True,True,True,True
3013,CYTH2,True,True,True,True,True
3014,GRWD1,True,True,True,True,True
3015,GRIN2D,True,False,False,False,False
3016,SYNGR4,True,False,False,False,False
3017,CLEC11A,True,True,False,False,True
3018,CCDC114,True,False,False,False,False
3019,CARD8,False,True,False,True,True
3020,LIG1,True,True,True,True,True
3021,SIGLEC6,True,False,False,False,False
3022,ZNF175,True,True,True,False,True
3023,PLA2G4C,True,False,False,False,False
3024,SIGLEC5,True,False,False,False,False
3025,CABP5,True,False,False,False,False
3026,HAS1,True,False,False,False,False
3027,RAB3D,True,False,False,False,False
3028,DBP,True,False,False,False,True
3029,TMEM205,True,True,True,True,True
3030,CAPS,True,False,False,True,False
3031,PLPPR2,True,True,True,False,True
3032,FAM83E,True,False,False,False,False
3033,RASIP1,True,False,False,False,False
3034,THEG,True,False,False,False,False
3035,FGF21,True,False,False,False,False
3036,BCAT2,True,True,True,False,True
3037,MIER2,True,True,True,True,True
3038,PLEKHA4,True,False,False,False,False
3039,PPP2R1A,True,True,True,True,True
3040,TNPO2,True,True,True,True,True
3041,WDR83OS,True,True,True,True,True
3042,CACNG7,True,False,False,False,False
3043,GCDH,True,True,True,True,True
3044,LILRB5,True,False,False,False,False
3045,KLF1,True,True,False,False,False
3046,DNASE2,True,True,True,True,True
3047,MAST1,True,True,False,False,True
3048,LENG1,True,True,True,True,True
3049,PRPF31,True,True,True,True,True
3050,TFPT,True,True,True,True,True
3051,JAK3,True,False,False,False,False
3052,SLC5A5,True,False,False,False,False
3053,KCNN1,True,False,False,False,False
3054,ARRDC2,True,False,False,False,False
3055,PIK3R2,True,True,True,True,True
3056,RAB3A,True,False,False,False,False
3057,PDE4C,True,False,False,True,False
3058,ISYNA1,True,True,False,True,False
3059,ELL,True,True,True,True,True
3060,CRTC1,True,False,False,True,False
3061,COMP,True,False,False,True,False
3062,UPK1A,True,False,False,False,False
3063,COPE,True,True,True,True,True
3064,DDX49,True,True,True,True,True
3065,ETV2,True,False,False,False,False
3066,ATP4A,True,False,False,False,False
3067,ARMC6,True,True,True,True,True
3068,TMEM147,True,True,True,True,True
3069,GAPDHS,True,False,False,False,False
3070,TMEM59L,True,False,False,True,False
3071,HAMP,True,False,False,True,False
3072,USF2,True,True,True,True,True
3073,LSR,True,True,True,True,False
3074,KXD1,True,True,True,True,True
3075,FKBP8,True,True,True,True,True
3076,SUGP1,True,True,True,True,True
3077,HPN,True,False,False,True,False
3078,ZNF14,True,False,False,False,False
3079,SCN1B,True,False,False,True,False
3080,PBX4,True,False,False,False,False
3081,ERF,True,True,True,True,True
3082,GSK3A,True,True,True,True,True
3083,ATP13A1,True,True,True,True,True
3084,ZNF574,True,True,True,True,True
3085,GRIK5,True,False,True,False,False
3086,SIPA1L3,True,False,True,False,False
3087,ZNF85,True,False,False,False,False
3088,ETHE1,True,True,True,True,True
3089,CADM4,True,False,False,True,False
3090,SMG9,True,True,True,True,True
3091,AVL9,True,True,True,True,True
3092,RUNDC3B,True,False,False,False,False
3093,CFAP69,True,False,False,False,False
3094,GTPBP10,True,True,True,True,True
3095,RASA4,False,False,False,False,False
3096,CDK6,True,True,True,True,True
3097,PMPCB,True,True,True,True,True
3098,DNAJC2,True,True,True,True,True
3099,TFPI2,True,False,True,False,False
3100,BET1,True,True,True,True,True
3101,NAMPT,True,True,True,True,True
3102,TWISTNB,True,True,True,True,True
3103,PIK3CG,True,True,False,False,True
3104,PON3,True,False,False,True,False
3105,PON2,True,False,True,True,False
3106,ITGB8,True,False,True,False,False
3107,HBP1,True,True,True,True,True
3108,DUS4L,True,True,True,True,True
3109,SP4,True,False,False,False,True
3110,WDR91,True,False,False,False,False
3111,DNAH11,True,False,False,False,False
3112,CBLL1,True,True,True,True,True
3113,DLX5,True,False,False,False,False
3114,MTPN,True,True,True,True,True
3115,STEAP1B,True,False,True,False,False
3116,PTN,True,False,True,False,False
3117,MPP6,True,True,True,True,True
3118,GSDME,True,False,True,True,False
3119,ATP6V0A4,True,False,False,False,False
3120,ZC3HAV1,True,True,True,True,True
3121,TTC26,True,False,False,False,False
3122,OGDH,True,True,True,True,True
3123,NPVF,True,False,False,False,False
3124,ADAP1,True,False,False,True,False
3125,TFEC,True,False,False,False,False
3126,CAV2,True,False,True,False,False
3127,CAV1,True,False,True,False,False
3128,MET,True,False,True,True,False
3129,RNF32,True,False,False,False,False
3130,LMBR1,True,True,True,True,True
3131,WNT2,True,False,False,False,False
3132,HOXA1,True,False,False,False,False
3133,DNAJB6,True,True,True,True,True
3134,HOXA2,True,False,False,False,False
3135,HOXA3,True,False,False,True,False
3136,LFNG,True,False,False,False,False
3137,HOXA5,True,False,False,False,False
3138,HOXA6,True,False,False,False,False
3139,BRAT1,True,True,True,True,True
3140,IQCE,True,True,True,False,True
3141,ANKRD7,True,False,False,False,False
3142,VIPR2,True,False,False,False,False
3143,TSPAN12,True,False,False,False,False
3144,SSBP1,True,True,True,True,True
3145,HOXA13,True,False,False,False,False
3146,CPED1,True,True,True,True,False
3147,EVX1,True,False,False,False,False
3148,HIBADH,True,True,True,True,True
3149,TAX1BP1,True,True,True,True,True
3150,CPVL,True,True,False,True,True
3151,CHN2,False,False,False,False,False
3152,GRB10,True,True,True,False,False
3153,ABHD11,True,True,True,True,True
3154,COBL,True,True,False,True,False
3155,FKBP14,True,True,True,True,True
3156,PLEKHA8,True,True,True,True,True
3157,STX1A,True,False,True,False,False
3158,NOD1,True,False,False,False,False
3159,GARS,True,True,True,True,True
3160,CRHR2,True,False,False,False,False
3161,EPHB6,True,False,False,False,True
3162,MINDY4,True,False,False,False,False
3163,CASP2,True,True,True,True,True
3164,CHCHD2,True,True,True,True,True
3165,CCL24,True,False,False,False,False
3166,HSPB1,True,True,True,True,True
3167,NPTX2,True,False,False,False,False
3168,BUD31,True,True,True,True,True
3169,PTCD1,True,True,False,True,True
3170,CYP3A5,True,True,False,True,False
3171,ZKSCAN1,True,True,True,True,True
3172,EIF3B,True,True,True,True,True
3173,SNX8,True,True,True,True,True
3174,NUDT1,True,True,True,True,True
3175,PTPRZ1,True,False,False,False,False
3176,TAF6,True,True,True,True,True
3177,WASL,True,True,True,True,True
3178,HYAL4,True,False,False,False,False
3179,SPAM1,True,False,False,False,False
3180,AIMP2,True,True,True,True,True
3181,TFR2,True,False,False,False,False
3182,FSCN3,True,False,False,False,False
3183,MOSPD3,True,True,True,True,True
3184,PAX4,True,False,False,False,False
3185,PCOLCE,True,False,False,False,True
3186,FBXO24,True,False,False,False,False
3187,PPP1R17,True,False,False,False,False
3188,RBM28,True,True,True,True,True
3189,USP42,True,True,True,True,True
3190,IMPDH1,False,True,True,True,True
3191,AGFG2,True,False,False,True,False
3192,LSM5,True,True,True,True,True
3193,SERPINE1,True,False,True,True,False
3194,AP1S1,True,True,True,True,True
3195,MOGAT3,True,False,False,True,False
3196,C1GALT1,True,True,True,True,True
3197,PLOD3,True,True,True,True,False
3198,RPA3,True,True,True,True,True
3199,ZNHIT1,True,True,True,True,True
3200,CLDN15,True,False,False,False,False
3201,NOBOX,True,False,False,False,False
3202,GLCCI1,True,True,False,False,True
3203,MYL10,True,False,False,False,False
3204,PHF14,True,True,True,True,True
3205,NRF1,True,False,False,False,False
3206,TMEM106B,True,True,True,True,True
3207,EZH2,True,True,True,True,True
3208,CEP41,True,False,True,False,True
3209,ZNF862,True,False,False,False,False
3210,SFRP4,True,False,False,False,False
3211,MEST,True,True,True,True,False
3212,MEOX2,True,False,False,False,False
3213,ANKMY2,True,True,True,True,True
3214,ACTR3C,False,False,False,False,False
3215,POU6F2,True,False,False,False,False
3216,TSPAN13,True,True,True,True,True
3217,RARRES2,True,False,False,True,False
3218,AGR2,True,False,False,True,False
3219,AHR,True,False,True,True,False
3220,CHCHD3,True,True,True,True,True
3221,GIMAP2,True,False,False,False,True
3222,TMEM176B,True,False,False,False,False
3223,GLI3,True,False,False,False,False
3224,PSMA2,True,True,True,True,True
3225,COA1,True,True,True,True,True
3226,BLVRA,True,True,True,True,True
3227,URGCP,True,False,True,True,True
3228,TMEM248,True,True,True,True,True
3229,RHEB,True,True,True,True,True
3230,PRKAG2,True,False,True,False,True
3231,AEBP1,True,True,False,False,True
3232,POLD2,True,True,True,True,True
3233,MYL7,True,False,False,False,False
3234,GCK,True,False,False,False,False
3235,BCL7B,True,True,True,True,True
3236,YKT6,True,True,True,True,True
3237,TBL2,True,True,True,True,True
3238,GALNTL5,True,False,False,False,False
3239,CLIP2,True,False,False,True,False
3240,EIF4H,True,True,True,True,True
3241,LIMK1,True,False,True,True,True
3242,SPATA6L,True,False,False,False,False
3243,SLC1A1,True,False,False,False,False
3244,LHX2,True,False,False,False,False
3245,FKTN,True,True,True,True,True
3246,FSD1L,True,False,False,True,True
3247,CNTNAP3,True,False,True,False,False
3248,SPIN1,True,True,True,True,True
3249,NMRK1,True,False,True,True,True
3250,TMEM245,True,True,True,True,True
3251,PRUNE2,True,False,True,False,False
3252,MEGF9,True,False,True,True,True
3253,TRIM14,True,False,True,True,True
3254,CORO2A,True,False,False,True,True
3255,TGFBR1,True,True,True,True,True
3256,SEC61B,True,True,True,True,True
3257,C5,True,False,False,True,False
3258,OGN,True,False,False,False,True
3259,ASPN,True,False,False,False,False
3260,ECM2,True,False,False,False,False
3261,TLE4,True,True,True,True,True
3262,LHX6,True,True,False,False,False
3263,PTGR1,True,False,True,False,False
3264,SUSD1,True,True,False,True,False
3265,AMBP,True,False,False,True,False
3266,AKNA,True,False,False,False,True
3267,TNFSF8,True,False,False,False,False
3268,DNM1,True,True,True,False,False
3269,ENG,True,False,False,False,False
3270,AK1,True,True,True,True,False
3271,CDC37L1,True,False,True,True,True
3272,RLN2,True,False,False,False,False
3273,RLN1,True,False,False,False,False
3274,PLGRKT,True,False,True,True,True
3275,TBC1D13,True,True,True,True,True
3276,RIC1,True,False,True,True,True
3277,KDM4C,True,False,True,True,True
3278,DOCK8,True,True,False,False,False
3279,KANK1,True,False,False,True,False
3280,ELAVL2,True,False,False,False,False
3281,NCS1,True,True,True,False,True
3282,TESK1,True,False,True,True,True
3283,KCNT1,True,False,False,False,False
3284,CA9,True,False,True,True,False
3285,FUBP3,True,True,True,True,True
3286,TYRP1,True,False,False,False,False
3287,CREB3,True,True,True,True,True
3288,RGP1,True,True,True,True,True
3289,MPDZ,True,False,True,False,False
3290,LHX3,True,False,False,False,False
3291,DDX58,True,False,True,False,True
3292,EDF1,True,True,True,True,True
3293,GLIS3,True,False,True,True,False
3294,BAG1,True,True,True,True,True
3295,RAPGEF1,True,True,True,True,True
3296,NPDC1,True,False,True,True,True
3297,APBA1,True,False,False,False,False
3298,SETX,True,True,True,True,True
3299,SH3GL2,True,False,False,False,False
3300,PTGDS,True,False,False,True,False
3301,ABCA2,True,False,False,False,False
3302,SHB,True,False,True,True,False
3303,UBE2R2,True,True,True,True,True
3304,ABHD17B,True,True,False,True,True
3305,EXOSC3,True,True,True,True,True
3306,ZFAND5,False,True,True,True,True
3307,DVL1,True,True,True,True,True
3308,PDLIM1,True,True,True,True,True
3309,CCNJ,True,True,False,True,True
3310,DNTT,True,False,False,False,True
3311,GATA3,True,False,False,False,True
3312,ATRNL1,True,False,True,False,False
3313,HPS1,True,True,True,True,True
3314,PHYH,True,True,True,True,True
3315,RASSF4,True,False,False,True,False
3316,DNMBP,True,False,True,True,False
3317,RAB11FIP2,True,False,True,True,True
3318,CXCL12,True,False,False,False,False
3319,ERLIN1,True,True,True,True,True
3320,EIF3A,True,True,True,True,True
3321,PKD2L1,True,False,False,False,False
3322,CUBN,True,False,False,False,False
3323,TRDMT1,True,True,True,False,True
3324,DDX50,True,True,True,True,True
3325,MAPK8,True,True,True,True,True
3326,SEC23IP,True,True,True,True,True
3327,ATE1,True,True,True,True,True
3328,NSMCE4A,True,True,True,True,True
3329,PLEKHA1,True,True,True,True,True
3330,PALD1,True,False,False,False,False
3331,UNC5B,True,False,False,False,False
3332,CDH23,True,False,False,False,False
3333,VSIR,True,False,True,False,False
3334,SPOCK2,True,False,False,True,False
3335,MICU1,True,True,True,True,True
3336,PPP3CB,True,True,True,True,True
3337,CCSER2,True,True,True,True,True
3338,BMPR1A,True,True,True,True,True
3339,MINPP1,True,False,True,True,True
3340,ACTA2,True,False,True,True,False
3341,LIPA,True,False,True,True,True
3342,TLX1,True,False,False,False,False
3343,TWNK,True,True,True,True,True
3344,LZTS2,True,True,True,True,False
3345,SFXN3,True,False,True,True,False
3346,KAZALD1,True,False,False,True,False
3347,FBXW4,True,False,True,True,True
3348,FGF8,True,False,False,False,False
3349,NPM3,True,True,True,True,True
3350,TNKS2,True,True,True,True,True
3351,PITX3,True,False,False,False,False
3352,GBF1,True,True,True,True,True
3353,ARHGAP21,True,True,True,True,True
3354,CPEB3,True,False,False,False,False
3355,FBXL15,True,True,True,True,True
3356,CUEDC2,True,True,True,True,True
3357,SUFU,True,False,True,True,False
3358,ANKRD26,True,True,True,True,True
3359,ACBD5,True,True,True,True,True
3360,LHPP,True,False,True,True,True
3361,LARP4B,True,True,True,True,True
3362,GTPBP4,True,True,True,True,True
3363,EDRF1,True,True,True,True,True
3364,BCCIP,True,True,True,True,True
3365,MTPAP,True,True,True,True,True
3366,NEURL1,True,False,False,False,True
3367,SH3PXD2A,True,False,True,True,True
3368,PITRM1,True,True,True,True,True
3369,STN1,True,False,True,True,True
3370,MAP3K8,True,True,False,True,False
3371,DKK1,True,False,True,True,False
3372,EBF3,True,False,False,False,False
3373,GLRX3,True,True,True,True,True
3374,SORCS1,True,False,False,False,False
3375,TASOR2,True,True,True,True,True
3376,XPNPEP1,True,True,True,True,True
3377,SMC3,True,True,True,True,True
3378,SHOC2,True,True,True,True,True
3379,TFAM,True,True,True,True,True
3380,CCDC6,True,True,True,True,True
3381,CUL2,True,True,True,True,True
3382,CCNY,True,True,True,True,True
3383,UBE2S,False,True,True,True,True
3384,ZMIZ1,True,False,True,True,True
3385,DNAJC12,True,False,False,True,False
3386,PPIF,True,True,True,True,True
3387,PBLD,True,False,True,False,False
3388,TSPAN14,True,True,True,True,True
3389,LGI1,True,False,False,False,False
3390,TBC1D12,True,False,True,True,False
3391,CYP2C18,True,False,False,False,False
3392,KRT23,True,False,False,True,False
3393,CRYBA1,True,False,False,False,False
3394,NUFIP2,True,True,True,True,True
3395,GIT1,True,True,True,True,True
3396,FBXL20,True,True,True,True,True
3397,RUNDC3A,True,False,False,False,False
3398,UBTF,True,True,True,True,True
3399,CSF3,True,False,False,False,False
3400,PSMD3,True,True,True,True,True
3401,CASC3,True,True,True,True,True
3402,RAPGEFL1,True,False,False,False,False
3403,RNF43,True,False,False,True,False
3404,WNT3,True,False,False,False,False
3405,ASPA,True,False,False,False,False
3406,RAD51C,True,True,True,True,True
3407,SEPTIN4,True,False,False,False,False
3408,MTMR4,True,True,True,True,True
3409,TRIM37,True,True,True,True,True
3410,P2RX1,True,False,False,False,False
3411,DHX40,True,True,True,True,True
3412,KRT37,True,False,False,False,False
3413,TUBD1,True,True,False,True,True
3414,KPNB1,True,True,True,True,True
3415,GOSR2,True,True,True,True,True
3416,PNPO,True,True,True,True,True
3417,TRIM16L,True,False,True,False,False
3418,CDK5RAP3,True,True,True,True,True
3419,CBX1,True,True,True,True,True
3420,RECQL5,True,True,False,True,False
3421,PIGL,True,True,True,True,True
3422,GALK1,True,True,True,True,True
3423,INTS2,True,True,True,True,True
3424,CAMTA2,True,False,True,True,False
3425,MED13,True,True,True,True,True
3426,HOXB6,True,False,False,False,False
3427,ENO3,True,False,False,True,False
3428,PFN1,True,True,True,True,True
3429,RNF167,True,True,True,True,True
3430,SLC25A11,True,True,True,True,True
3431,RASD1,True,False,False,True,False
3432,CHRNE,True,False,False,False,False
3433,RAI1,True,False,True,True,True
3434,NUP88,True,True,True,True,True
3435,C1QBP,True,True,True,True,True
3436,SLC6A4,True,False,False,False,False
3437,BLMH,True,True,True,True,True
3438,CPD,True,True,True,True,True
3439,GOSR1,True,True,True,True,True
3440,CCDC47,True,True,True,True,True
3441,MED31,True,True,True,True,True
3442,DRG2,True,True,True,True,True
3443,FTSJ3,True,True,True,True,True
3444,AKAP10,True,False,True,True,True
3445,ALDH3A1,True,False,False,False,False
3446,SMARCD2,True,True,True,True,True
3447,ICAM2,True,True,False,False,True
3448,SYNGR2,True,True,True,True,True
3449,B9D1,True,True,True,True,True
3450,UTP6,True,True,True,True,True
3451,DDX5,True,True,True,True,True
3452,C17orf75,True,True,True,True,True
3453,CYTH1,True,True,False,True,True
3454,PSMD11,True,True,True,True,True
3455,LGALS3BP,True,False,True,True,True
3456,ASIC2,True,False,False,False,False
3457,CCL7,True,False,False,False,False
3458,CCL2,True,False,True,False,False
3459,CCL8,True,False,False,False,False
3460,CCL1,True,False,False,False,False
3461,PEX12,True,False,False,False,False
3462,KRT32,True,False,False,False,False
3463,DHX58,True,False,False,False,False
3464,KAT2A,True,True,True,True,True
3465,RAB5C,True,True,True,True,True
3466,NAGLU,True,True,True,True,False
3467,HSD17B1,True,False,False,True,False
3468,MLX,True,True,True,True,True
3469,CNTNAP1,True,False,False,False,False
3470,ABI3,True,False,False,False,False
3471,EZH1,True,True,True,True,True
3472,DLX4,True,True,False,False,False
3473,PPP1R9B,True,True,True,True,True
3474,COL1A1,True,False,True,False,False
3475,SGCA,True,False,False,False,False
3476,VAT1,True,True,True,True,True
3477,LRRC59,True,True,True,True,True
3478,RND2,True,False,False,False,False
3479,ALOX12,True,False,False,False,False
3480,HDAC5,True,True,True,True,False
3481,ABCC3,True,False,False,True,False
3482,LUC7L3,True,True,True,True,True
3483,PPY,True,False,False,False,False
3484,MPP2,True,False,False,False,False
3485,SMURF2,True,True,True,True,True
3486,DUSP3,True,True,True,True,False
3487,CACNG1,True,False,False,False,False
3488,EFTUD2,True,True,True,True,True
3489,HLF,True,False,False,True,False
3490,SLC16A6,True,False,False,True,False
3491,PRKAR1A,True,True,True,True,True
3492,EFNB3,True,False,False,False,False
3493,FAM20A,True,False,False,False,False
3494,YWHAE,True,True,True,True,True
3495,MMD,True,False,False,True,True
3496,RANGRF,True,True,True,True,True
3497,DPH1,True,False,False,False,False
3498,MAP2K6,True,False,False,False,True
3499,DHRS7B,True,True,True,True,True
3500,WSB1,True,True,True,True,True
3501,RCVRN,True,False,False,False,False
3502,MYH1,True,False,False,False,False
3503,SLC9A3R1,True,True,True,True,True
3504,MYH3,True,False,False,False,False
3505,NAT9,True,True,True,True,True
3506,TMEM104,True,False,False,True,False
3507,VTN,True,False,False,True,False
3508,TNFAIP1,True,False,True,True,True
3509,IFT20,True,True,True,True,True
3510,TMEM97,True,True,True,True,True
3511,CDR2L,True,False,True,True,False
3512,PMP22,True,True,True,True,False
3513,FOXN1,True,False,False,False,False
3514,UNC119,True,True,True,True,True
3515,ALDOC,True,True,False,True,False
3516,SUPT6H,True,True,True,True,True
3517,RAB34,True,False,True,True,False
3518,PHF12,True,True,True,True,True
3519,PHOX2B,True,False,False,False,False
3520,TMEM33,True,True,True,True,True
3521,GABRA4,True,False,False,False,False
3522,GNRHR,True,False,False,False,False
3523,SLAIN2,True,True,True,True,True
3524,OCIAD1,True,True,True,True,True
3525,UGT2B10,True,False,False,True,False
3526,CWH43,True,False,False,False,False
3527,DCUN1D4,True,True,True,True,True
3528,USP46,True,True,True,True,True
3529,SULT1E1,True,False,False,False,False
3530,ODAM,True,False,False,False,False
3531,SMR3A,True,False,False,False,False
3532,CHIC2,True,True,True,True,True
3533,NMU,True,False,True,False,False
3534,KIAA1211,True,False,False,False,False
3535,LAMTOR3,True,True,True,True,True
3536,PF4V1,True,False,False,False,False
3537,NFKB1,True,True,True,True,True
3538,AREG,True,True,False,True,False
3539,MANBA,True,True,False,True,False
3540,UBE2D3,True,True,True,True,True
3541,MAPK10,True,False,False,False,False
3542,ELF2,True,True,True,True,True
3543,NDUFC1,True,True,True,True,True
3544,UCP1,True,False,False,False,False
3545,TBC1D9,True,False,True,True,False
3546,ZNF330,True,True,True,True,True
3547,INPP4B,True,False,True,False,False
3548,GAB1,True,False,False,True,False
3549,KLHL2,True,False,False,True,False
3550,IL2,True,False,False,False,False
3551,CPE,True,False,True,True,False
3552,WFS1,True,False,True,True,False
3553,ANXA10,True,False,True,False,False
3554,GRPEL1,True,True,True,True,True
3555,GAR1,True,True,True,True,True
3556,FRG1,True,True,True,True,True
3557,CLCN3,True,True,True,True,True
3558,AADAT,True,False,False,False,False
3559,GALNT7,True,True,True,False,True
3560,DHX15,True,True,True,True,True
3561,SOD3,True,False,False,False,False
3562,SEPSECS,True,True,False,True,True
3563,CPZ,True,False,False,False,False
3564,TRIM2,True,False,True,True,False
3565,SLC2A9,True,False,False,True,False
3566,FBXW7,True,True,True,True,True
3567,NEIL3,True,True,True,False,True
3568,TBC1D19,True,False,True,False,True
3569,CLNK,True,False,False,False,False
3570,NSD2,True,True,True,True,True
3571,SH3D19,True,False,True,True,False
3572,STIM2,True,True,True,True,True
3573,NKX3-2,True,False,False,False,False
3574,MFSD10,True,True,True,True,True
3575,GLRB,True,False,True,False,True
3576,BST1,True,False,False,False,False
3577,RAPGEF2,True,True,True,True,True
3578,HGFAC,True,False,False,True,False
3579,SNX25,True,False,True,True,False
3580,LRP2BP,True,False,False,False,False
3581,UFSP2,True,True,True,True,True
3582,KLF3,True,True,True,True,True
3583,KLHL5,True,True,True,True,False
3584,FAM149A,True,False,False,False,False
3585,NCAPG,True,True,True,True,True
3586,UGDH,True,True,True,True,True
3587,PPARGC1A,True,False,False,False,False
3588,DDX25,True,False,False,False,True
3589,CRYAB,True,False,True,True,False
3590,DBX1,True,False,False,False,False
3591,HTATIP2,True,True,False,False,False
3592,CTSC,True,True,True,True,True
3593,CCDC34,True,True,True,True,True
3594,ZBTB16,True,False,False,False,False
3595,ELP4,True,True,True,True,True
3596,ZPR1,True,True,True,True,True
3597,MTCH2,True,True,True,True,True
3598,FNBP4,True,True,True,True,True
3599,TECTA,True,False,False,False,False
3600,SC5D,True,True,True,True,True
3601,CRTAM,True,False,False,False,False
3602,JHY,True,False,False,False,False
3603,B3GAT1,True,False,False,False,False
3604,HSPA8,True,True,True,True,True
3605,P2RX3,True,False,False,False,False
3606,VWA5A,True,False,False,False,False
3607,DNAJC4,True,True,True,True,True
3608,SIAE,True,False,False,True,False
3609,SNX15,True,True,True,True,True
3610,LPXN,True,False,False,False,True
3611,DTX4,True,False,False,True,False
3612,ATG2A,True,True,True,True,True
3613,EHD1,True,True,True,True,True
3614,OSBP,True,True,True,True,True
3615,UNC93B1,True,False,True,True,False
3616,PUS3,True,True,True,True,True
3617,DCPS,True,True,True,True,True
3618,KMT5B,True,True,True,True,True
3619,FOXRED1,True,True,True,True,True
3620,PPP6R3,True,True,True,True,True
3621,NRXN2,True,False,False,False,False
3622,MS4A6A,True,False,False,False,False
3623,MS4A4A,True,True,False,False,False
3624,ST3GAL4,True,False,True,True,True
3625,CPT1A,True,False,True,True,True
3626,CCND1,True,False,True,True,False
3627,CCDC86,True,True,True,True,True
3628,PRPF19,True,True,True,True,True
3629,TMEM109,True,True,True,True,True
3630,CCKBR,True,False,False,False,False
3631,HPX,True,False,False,False,False
3632,TRIM3,True,False,False,False,False
3633,CHORDC1,True,True,True,True,True
3634,FOLR1,True,False,False,False,False
3635,ANAPC15,True,True,True,True,True
3636,FOLR3,True,False,False,False,False
3637,PANX1,True,False,True,True,True
3638,ARHGEF17,True,False,False,True,False
3639,APOA5,True,False,False,True,False
3640,APOA4,True,False,False,True,False
3641,APOC3,True,False,False,True,False
3642,CEP164,True,True,True,True,True
3643,RNF141,True,True,True,True,True
3644,CEP126,True,False,True,False,False
3645,EIF4G2,True,True,True,True,True
3646,IL10RA,True,False,False,False,False
3647,GALNT18,True,False,False,False,False
3648,BIRC2,True,True,True,True,True
3649,UBE4A,True,True,True,True,True
3650,DDX6,True,True,True,True,True
3651,UPK2,True,False,False,False,False
3652,CBL,True,True,True,True,True
3653,NECTIN1,True,False,False,False,True
3654,HIPK3,True,True,True,True,True
3655,KIAA1549L,True,False,True,False,False
3656,FBXO3,True,True,True,True,True
3657,PDHX,True,True,True,True,True
3658,SLC1A2,True,False,False,False,False
3659,COMMD9,True,True,True,True,True
3660,SLC15A3,True,False,False,False,False
3661,CD5,True,False,False,False,True
3662,ACCS,True,False,False,False,False
3663,SCGB2A2,True,False,False,False,False
3664,MDK,True,True,True,True,False
3665,AMBRA1,True,False,False,False,False
3666,MADD,True,True,False,True,True
3667,PTPMT1,True,True,True,True,True
3668,NAA40,True,True,True,True,True
3669,CARS,True,True,True,True,True
3670,SLC22A18,True,False,False,True,False
3671,CD81,True,True,True,False,True
3672,SLC35F2,True,True,True,True,True
3673,C11orf21,True,False,False,False,False
3674,ELMOD1,True,False,False,False,False
3675,CALCA,True,False,False,False,False
3676,SOX6,True,False,False,True,False
3677,C11orf58,True,True,True,True,True
3678,PITPNM1,True,True,True,True,False
3679,AIP,True,True,True,True,True
3680,NUP98,True,True,True,True,True
3681,NDUFS8,True,True,True,True,True
3682,TCIRG1,True,True,False,True,False
3683,CHKA,True,True,True,True,True
3684,EXPH5,True,True,False,False,False
3685,HPS5,True,True,True,True,True
3686,GTF2H1,True,True,True,True,True
3687,POU2AF1,True,False,False,False,False
3688,PTPN5,True,False,False,False,False
3689,VWF,True,False,False,False,False
3690,PSMD9,True,True,True,True,True
3691,P3H3,True,False,True,True,False
3692,PPFIBP1,True,True,True,True,True
3693,PRPF40B,True,False,False,True,False
3694,CD69,True,False,False,False,True
3695,PRDM4,True,True,True,True,True
3696,CLEC2B,True,False,False,False,True
3697,COQ5,True,True,True,True,True
3698,SELPLG,True,False,False,False,True
3699,CORO1C,True,True,True,True,True
3700,ASIC1,True,False,False,False,True
3701,DAO,True,False,False,False,False
3702,CAPRIN2,True,False,True,True,True
3703,TSPAN11,True,False,False,False,False
3704,KCTD10,True,True,True,True,True
3705,SLC11A2,True,True,True,True,True
3706,MLEC,True,True,True,True,True
3707,MVK,True,True,False,True,True
3708,CSRNP2,True,False,False,True,True
3709,CAMKK2,True,True,True,True,True
3710,BIN2,True,False,False,False,True
3711,IL23A,True,False,False,False,False
3712,ATP5F1B,True,True,True,True,True
3713,PTGES3,True,True,True,True,True
3714,SYT10,True,False,False,False,False
3715,BCL7A,True,True,True,True,True
3716,RSRC2,True,True,True,True,True
3717,CYP27B1,True,False,False,False,False
3718,MYF6,True,False,False,False,False
3719,MYF5,True,False,False,False,False
3720,LIN7A,True,False,False,True,False
3721,KRT18,True,True,True,True,False
3722,ACSS3,True,False,False,True,False
3723,TNS2,True,False,True,True,False
3724,GLI1,True,False,False,False,False
3725,PPM1H,True,False,False,True,True
3726,METAP2,True,True,True,True,True
3727,LTA4H,True,True,True,True,True
3728,ELK3,True,True,True,True,True
3729,SLC6A12,True,False,False,False,False
3730,WNT5B,True,False,True,False,False
3731,MAGOHB,True,True,True,True,True
3732,TRPV4,True,False,False,False,False
3733,ITFG2,True,True,True,True,True
3734,FOXM1,True,True,True,True,True
3735,PRMT8,True,False,False,False,False
3736,PARP11,True,False,False,False,True
3737,ARPC3,True,True,True,True,True
3738,GPN3,True,True,True,True,True
3739,VPS29,True,True,True,True,True
3740,FGF6,True,False,False,False,False
3741,MYL2,True,False,False,False,False
3742,RAD51AP1,True,True,True,True,True
3743,CUX2,True,False,False,False,False
3744,SH2B3,True,True,True,True,True
3745,AKAP3,True,False,False,False,False
3746,MANSC1,True,False,True,False,False
3747,KCNA1,True,False,False,False,False
3748,DUSP16,True,False,False,True,False
3749,CREBL2,True,False,True,True,False
3750,ACAD10,True,False,False,True,False
3751,ALDH2,True,True,True,True,False
3752,CDKN1B,True,True,True,True,True
3753,GPRC5D,True,False,False,False,False
3754,NAA25,True,True,True,True,True
3755,GSG1,True,False,False,False,False
3756,SCNN1A,True,False,False,True,False
3757,LTBR,True,True,True,True,False
3758,OGFOD2,True,True,False,True,True
3759,CDK2AP1,True,True,True,True,True
3760,OAS3,True,False,False,False,False
3761,OAS2,True,False,False,False,False
3762,ART4,True,False,False,True,False
3763,MGP,True,False,False,False,False
3764,RASAL1,True,False,False,False,False
3765,ARHGDIB,True,False,True,False,True
3766,GTF2H3,True,True,True,True,True
3767,EIF2B1,True,True,True,True,True
3768,DDX55,True,True,True,True,True
3769,SLC38A1,True,True,True,True,True
3770,RERGL,True,False,False,False,False
3771,ENDOU,True,False,False,False,False
3772,C12orf49,True,True,True,True,True
3773,VDR,True,False,False,False,False
3774,FZD10,True,False,False,False,False
3775,RFC5,True,True,True,True,True
3776,STX2,True,True,True,True,True
3777,ADGRD1,True,False,False,False,False
3778,COPZ1,True,True,True,True,True
3779,TBC1D30,True,False,False,False,False
3780,CAND1,True,True,True,True,True
3781,IL26,True,False,False,False,False
3782,IFNG,True,False,False,False,False
3783,RAB5B,True,True,True,True,True
3784,MDM1,True,True,False,True,True
3785,NUP107,True,True,True,True,True
3786,CNOT2,True,True,True,True,True
3787,TIMELESS,True,True,True,True,True
3788,CPSF6,True,True,True,True,True
3789,KRR1,True,True,True,True,True
3790,NOP2,True,True,True,True,True
3791,CHD4,True,True,True,True,True
3792,UHRF1BP1L,True,True,True,True,True
3793,COPS7A,True,True,True,True,True
3794,ING4,True,False,True,True,True
3795,GNB3,True,False,False,False,False
3796,CDCA3,True,True,True,True,True
3797,CHPT1,True,True,True,True,True
3798,USP5,True,True,True,True,True
3799,GNPTAB,True,True,True,True,True
3800,SPSB2,True,False,True,True,True
3801,ENO2,True,True,True,True,True
3802,ATN1,True,True,True,True,True
3803,C12orf57,True,True,True,True,True
3804,PTPN6,True,False,False,True,True
3805,LPCAT3,True,True,True,True,True
3806,NT5DC3,True,False,True,True,False
3807,SLCO1B3,True,False,False,False,False
3808,APOBEC1,True,False,False,False,False
3809,NANOG,True,False,False,False,False
3810,SUDS3,True,True,True,True,True
3811,GOLT1B,True,True,True,True,True
3812,GYS2,True,False,False,False,False
3813,LDHB,True,True,True,False,True
3814,PRKAB1,True,True,False,True,True
3815,CMAS,True,True,True,True,True
3816,HCFC2,True,False,True,False,True
3817,ST8SIA1,True,False,False,False,False
3818,CLEC4A,True,False,False,False,False
3819,C2CD5,True,False,True,True,True
3820,AICDA,True,False,False,False,False
3821,RAB35,True,True,True,True,True
3822,PHC1,True,False,True,False,True
3823,COX6A1,True,True,True,True,True
3824,RFX4,True,False,False,False,False
3825,RIC8B,True,False,True,True,True
3826,SRSF9,True,True,True,True,True
3827,FGFR1OP2,True,True,True,True,True
3828,KLRB1,True,False,False,False,False
3829,COL12A1,True,False,True,False,False
3830,BTN3A3,True,False,False,False,False
3831,TDP2,True,True,True,True,True
3832,FRK,True,False,False,True,False
3833,DSE,True,False,True,True,True
3834,RWDD1,True,True,True,True,True
3835,RSPH4A,True,False,False,False,False
3836,MAK,True,False,False,False,False
3837,TMEM14C,True,True,True,True,True
3838,PAK1IP1,True,True,True,True,True
3839,GCNT2,True,False,True,True,False
3840,SMIM8,True,True,True,True,True
3841,NEDD9,True,False,False,True,False
3842,CEP85L,True,True,True,False,True
3843,ADTRP,True,False,True,False,False
3844,ASF1A,True,True,True,True,True
3845,MCM9,True,True,False,True,True
3846,FAM184A,True,True,False,False,True
3847,RNGTT,True,True,True,True,True
3848,MAN1A1,True,True,True,True,True
3849,GABRR2,True,False,False,False,False
3850,SERINC1,True,True,True,True,True
3851,HDDC2,True,True,True,True,True
3852,TPD52L1,True,True,True,False,False
3853,HINT3,True,True,True,True,True
3854,NCOA7,True,True,True,True,True
3855,RIPOR2,True,False,False,False,True
3856,SASH1,True,False,True,True,False
3857,UST,True,False,False,False,False
3858,ULBP1,True,False,False,False,False
3859,FBXO5,True,True,True,True,True
3860,MTRF1L,True,True,True,True,True
3861,PPARD,True,False,True,False,False
3862,OPRM1,True,False,False,False,False
3863,FANCE,True,True,False,False,False
3864,TULP1,True,False,False,False,False
3865,SLC26A8,True,False,False,False,False
3866,MAPK14,True,True,True,True,True
3867,RHAG,True,True,False,False,False
3868,KCTD20,True,True,True,True,True
3869,STK38,True,True,True,True,True
3870,SRSF3,True,True,True,True,True
3871,SOD2,True,True,True,True,True
3872,IL17A,True,False,False,False,False
3873,IL17F,True,False,False,False,False
3874,MCM3,True,True,True,True,True
3875,RNF8,True,True,True,True,True
3876,PHACTR1,True,True,False,False,False
3877,MDGA1,True,False,False,False,False
3878,ICK,True,True,True,True,True
3879,FBXO9,True,True,True,True,True
3880,CD83,True,False,False,False,True
3881,MDN1,True,True,True,True,True
3882,GLP1R,True,False,False,False,False
3883,SAYSD1,True,True,True,True,True
3884,BMP5,True,False,False,False,False
3885,BACH2,True,False,False,False,True
3886,RBM24,True,False,True,True,False
3887,CAP2,True,False,True,True,False
3888,TREML2,True,False,False,False,False
3889,ZNF451,True,True,True,True,True
3890,BAG2,True,True,True,True,True
3891,RAB23,True,False,True,True,False
3892,TSPO2,True,False,False,False,False
3893,FHL5,True,False,False,False,False
3894,GPR63,True,False,False,False,False
3895,KHDRBS2,True,False,False,False,False
3896,FBXL4,True,True,True,True,True
3897,CCNC,True,True,True,True,True
3898,PRDM13,True,False,False,False,False
3899,E2F3,True,True,True,True,True
3900,SIM1,True,False,False,False,False
3901,ASCC3,True,True,True,True,True
3902,HDGFL1,True,False,False,False,False
3903,BVES,True,False,False,False,False
3904,COL9A1,True,False,False,False,False
3905,MED23,True,True,True,True,True
3906,WASF1,True,True,True,True,True
3907,GPLD1,True,False,False,False,False
3908,ALDH5A1,True,True,False,True,True
3909,CRYBG1,True,True,False,True,True
3910,VNN1,True,False,False,False,False
3911,VNN2,True,False,False,False,False
3912,ACOT13,True,True,True,True,True
3913,SMAP1,True,True,True,True,True
3914,C6orf62,True,True,True,True,True
3915,B3GAT2,True,False,False,False,False
3916,GMNN,True,True,True,True,True
3917,EYA4,True,False,False,False,False
3918,SOBP,True,False,False,True,True
3919,NR2E1,True,False,False,False,False
3920,SNX3,True,True,True,True,True
3921,SLC17A2,True,False,False,False,False
3922,HBS1L,True,True,True,True,True
3923,TRIM38,True,True,True,True,True
3924,PEX7,True,True,True,False,True
3925,ZBTB24,True,True,True,True,True
3926,FIG4,True,False,True,False,True
3927,PERP,True,False,True,True,False
3928,ARFGEF3,True,False,True,True,False
3929,SLC16A10,True,False,False,False,True
3930,HECA,True,False,False,False,True
3931,ADGRG6,True,False,True,True,False
3932,PHACTR2,True,True,True,True,False
3933,EPM2A,True,False,False,False,True
3934,OR12D3,True,False,False,False,False
3935,SLC39A7,True,True,True,True,True
3936,CCR6,True,False,False,True,False
3937,UNC93A,True,False,False,True,False
3938,SLC22A2,True,False,False,False,False
3939,PHF1,True,True,True,True,True
3940,CUTA,True,True,True,True,True
3941,PACRG,True,False,False,False,False
3942,QKI,True,True,True,True,True
3943,C6orf118,True,False,False,False,False
3944,PDE10A,True,False,False,False,False
3945,MDFI,True,False,False,False,True
3946,TFEB,True,False,False,True,False
3947,SMOC2,True,False,False,False,False
3948,CCND3,True,True,True,True,True
3949,BYSL,True,True,True,True,True
3950,FAM120B,True,True,True,True,True
3951,TBP,True,True,True,True,True
3952,GUCA1B,True,False,False,False,False
3953,PRPH2,True,False,False,False,False
3954,BICRAL,True,False,False,True,False
3955,PPP2R5D,True,True,True,True,True
3956,PTK7,True,True,True,True,True
3957,SRF,True,True,True,True,True
3958,CUL9,True,False,False,False,False
3959,DNPH1,True,True,True,True,True
3960,DUSP22,True,True,True,True,True
3961,EXOC2,True,True,True,True,True
3962,COX7A2,True,True,True,True,True
3963,TMEM30A,True,True,True,True,True
3964,GMDS,True,True,True,True,True
3965,SENP6,True,True,True,True,True
3966,IMPG1,True,False,False,False,False
3967,VEGFA,True,True,True,True,False
3968,PRPF4B,True,True,True,True,True
3969,TTK,True,True,True,True,True
3970,SLC29A1,True,True,True,True,True
3971,CCN6,True,False,False,False,False
3972,BTN2A1,True,True,True,True,True
3973,LAMA4,True,False,True,False,False
3974,TENT5A,True,False,True,True,False
3975,CLIC5,True,False,False,False,False
3976,FBRSL1,True,True,True,True,True
3977,ENPP5,True,False,False,False,False
3978,LY86,True,False,False,False,False
3979,PRSS16,True,False,False,False,False
3980,MEP1A,True,False,False,False,False
3981,TBX18,True,True,False,False,False
3982,ERBIN,True,True,True,True,True
3983,PCDHB2,True,False,False,True,False
3984,HARS2,True,True,True,True,True
3985,NUDT12,True,True,True,False,False
3986,CEP72,True,False,False,False,True
3987,MAN2A1,True,True,True,True,True
3988,SEMA5A,True,False,True,False,False
3989,C7,True,False,False,False,False
3990,TENT4A,True,True,True,True,True
3991,GHR,True,False,False,False,False
3992,HMGCS1,True,True,True,True,True
3993,DAP,True,True,True,True,True
3994,NME5,True,False,False,False,False
3995,BRD8,True,True,True,True,True
3996,KIF20A,True,True,True,True,True
3997,NNT,True,True,True,True,True
3998,HSPA9,True,True,True,True,True
3999,PFDN1,True,True,True,True,True
4000,HBEGF,True,False,True,False,False
4001,SLC4A9,True,False,False,False,False
4002,LOX,True,False,True,True,False
4003,GZMK,True,False,False,False,False
4004,CDH9,True,False,False,False,False
4005,APBB3,True,False,False,False,True
4006,TMCO6,True,False,False,False,True
4007,SPARC,True,False,True,True,False
4008,IK,True,True,True,True,True
4009,HMGCR,True,True,True,True,True
4010,CERT1,True,True,True,True,True
4011,FAF2,True,True,True,True,True
4012,HAND1,True,False,False,False,False
4013,PCDHB3,True,False,False,False,False
4014,PCDHB5,True,False,False,False,False
4015,PCDHB6,True,False,False,False,False
4016,PCDHB7,True,False,False,False,False
4017,PDE8B,True,False,False,False,False
4018,CLK4,True,True,True,True,True
4019,PCDHB15,True,False,False,False,False
4020,HAVCR1,True,False,False,False,False
4021,GRM6,True,False,False,False,False
4022,ITK,True,False,False,False,True
4023,RNF130,True,True,True,True,True
4024,THG1L,True,True,True,True,True
4025,ARSB,True,False,False,True,False
4026,CLINT1,True,True,True,True,True
4027,THBS4,True,False,False,False,False
4028,CNOT6,True,True,True,True,True
4029,IL12B,True,False,False,False,False
4030,BTNL8,True,False,False,False,False
4031,TTC1,True,True,True,True,True
4032,MSH3,True,True,True,True,True
4033,RASGRF2,True,False,False,True,False
4034,GABRG2,True,False,False,False,False
4035,CCNG1,True,True,True,True,True
4036,POLR3G,True,True,True,True,True
4037,DROSHA,True,True,True,True,True
4038,CDH6,True,False,True,False,False
4039,LMNB1,True,True,True,True,True
4040,ARRDC3,True,False,True,False,False
4041,GOLPH3,True,True,True,True,True
4042,SUB1,True,True,True,True,True
4043,NPR3,True,False,False,False,False
4044,FAM172A,True,False,True,True,True
4045,SLC27A6,True,False,False,False,False
4046,TARS,True,True,True,True,True
4047,IRX4,True,False,False,False,False
4048,LNPEP,True,True,True,True,True
4049,PDE4D,True,False,False,False,False
4050,RAD1,True,True,True,True,True
4051,BRIX1,True,True,True,True,True
4052,AGXT2,True,False,False,False,False
4053,PRLR,True,False,False,True,False
4054,SLC12A7,True,True,False,True,True
4055,IL4,True,False,False,False,False
4056,RAD50,True,True,True,True,True
4057,IL5,True,False,False,False,False
4058,ST8SIA4,True,False,False,False,True
4059,GNPDA1,True,True,True,True,True
4060,PCDH12,True,False,False,False,False
4061,SKP1,True,True,True,True,True
4062,NUP155,True,True,True,True,True
4063,PPP2CA,True,True,True,True,True
4064,FGF1,True,False,True,False,False
4065,NR3C1,True,True,True,True,True
4066,C5orf15,True,True,True,True,True
4067,PPWD1,True,True,True,True,True
4068,LIFR,True,False,False,True,False
4069,TRIM23,True,False,True,True,True
4070,TRAPPC13,True,True,True,True,True
4071,C9,True,False,False,False,True
4072,SEC24A,True,True,True,True,True
4073,TXNDC15,True,True,True,True,True
4074,TTC33,True,True,True,True,True
4075,RARS,True,True,True,True,True
4076,WWC1,True,False,True,True,False
4077,H2AFY,True,True,True,True,True
4078,TCERG1,True,True,True,True,True
4079,DPYSL3,True,False,True,False,False
4080,SMAD5,True,True,True,True,True
4081,CSNK1A1,True,True,True,True,True
4082,HMGXB3,True,True,True,True,True
4083,ERGIC1,True,True,True,True,True
4084,PDGFRB,True,False,True,False,False
4085,CDX1,True,False,False,False,False
4086,ATP6V0E1,True,True,True,True,True
4087,BNIP1,True,True,True,True,True
4088,STC2,True,False,True,True,False
4089,CPEB4,True,True,True,True,True
4090,HRH2,True,False,False,False,False
4091,DBN1,True,True,True,True,True
4092,ZNF346,True,True,True,True,True
4093,UNC5A,True,False,False,False,False
4094,EHHADH,True,False,False,True,False
4095,CNTN3,True,False,False,False,False
4096,SMC4,True,True,True,True,True
4097,SELENOK,True,True,True,True,True
4098,ACTR8,True,True,True,True,True
4099,TBCCD1,True,False,False,False,False
4100,TIMMDC1,True,True,True,True,True
4101,CRBN,True,True,True,True,True
4102,KNG1,True,False,False,False,False
4103,HRG,True,False,False,False,False
4104,BCL6,True,False,False,True,False
4105,HGD,True,False,False,True,False
4106,CLDN16,True,False,False,False,False
4107,ARL6,True,False,False,False,True
4108,NPHP3,True,False,True,True,True
4109,CD86,True,False,False,False,False
4110,AMOTL2,True,False,True,True,False
4111,NIT2,True,True,True,True,True
4112,FAM162A,True,True,True,True,True
4113,OGG1,True,True,True,True,True
4114,KPNA1,True,True,True,True,True
4115,PCCB,True,True,True,True,True
4116,UBE3A,True,True,True,True,True
4117,ARMC8,True,True,True,True,True
4118,CEP70,True,True,True,True,True
4119,RBP2,True,False,False,False,False
4120,RBP1,True,False,True,True,False
4121,SLC25A36,True,True,True,True,True
4122,GRK7,True,False,False,False,False
4123,RNF7,True,True,True,True,True
4124,TFDP2,True,True,True,True,True
4125,XRN1,True,True,True,True,True
4126,KAT2B,True,True,False,False,False
4127,BCHE,True,False,False,False,False
4128,SERPINI2,True,False,False,False,False
4129,PDCD10,True,True,True,True,True
4130,LRRC31,True,False,False,False,False
4131,WNT5A,True,False,True,False,False
4132,PFKFB4,True,False,True,False,False
4133,COL7A1,True,False,False,False,False
4134,FGF12,True,False,False,False,False
4135,PRKAR2A,True,True,True,True,True
4136,HES1,True,True,True,True,True
4137,USP4,True,True,True,True,True
4138,ACAP2,True,True,True,True,True
4139,ECT2,True,True,True,True,True
4140,GNAT1,True,False,False,False,False
4141,GNAI2,True,True,True,True,True
4142,TFG,True,True,True,True,True
4143,USP9Y,True,False,False,True,True
4144,HYAL1,True,False,False,True,False
4145,TUSC2,True,True,True,True,True
4146,NPRL2,True,True,True,True,True
4147,CYB561D2,True,True,True,True,True
4148,C3orf14,True,False,False,False,False
4149,FXR1,True,True,True,True,True
4150,CBLB,True,False,True,True,False
4151,BBX,True,True,True,True,True
4152,IFT57,True,True,True,True,True
4153,GNB4,True,True,True,False,False
4154,HHLA2,True,False,False,False,False
4155,IQCG,True,False,False,False,True
4156,GBE1,True,False,True,True,True
4157,MORC1,True,False,False,False,False
4158,UMPS,True,True,True,True,True
4159,NCBP2,True,True,True,True,True
4160,SNX4,True,True,True,True,True
4161,C3orf52,True,False,True,False,False
4162,FRMD4B,True,False,False,False,False
4163,SLC41A3,True,False,True,True,True
4164,ROPN1B,True,False,False,False,False
4165,PLXNA1,True,True,True,True,True
4166,ATP6V1A,True,True,True,True,True
4167,ABTB1,True,False,True,False,False
4168,PODXL2,True,True,True,False,False
4169,UPK1B,True,False,False,False,False
4170,CSPG5,True,False,False,False,False
4171,KLHL18,True,True,True,True,True
4172,SCAP,True,True,True,True,True
4173,EFCC1,True,False,False,False,False
4174,KIAA1257,True,False,False,True,False
4175,NEK11,True,False,False,False,False
4176,PLSCR4,True,False,False,False,False
4177,HEMK1,True,True,False,False,True
4178,CISH,True,True,False,False,False
4179,MAPKAPK3,True,True,True,True,True
4180,ACVR2B,True,True,False,True,True
4181,WDR48,True,True,True,True,True
4182,COMMD2,True,True,True,True,True
4183,GORASP1,True,False,False,True,False
4184,PEX5L,True,False,False,False,False
4185,RRP9,True,True,True,True,True
4186,ABCC5,True,True,True,True,True
4187,AADAC,True,False,False,False,False
4188,ABHD14B,True,True,True,True,True
4189,EIF1B,True,True,True,True,True
4190,ARHGEF26,True,False,False,False,False
4191,KLHL24,True,True,False,True,True
4192,PLCH1,True,False,False,False,False
4193,VIPR1,True,False,False,False,False
4194,DNAH1,True,False,False,False,False
4195,SSR3,True,True,True,True,True
4196,ZBTB47,True,False,True,False,False
4197,TNNC1,True,False,False,True,False
4198,NKTR,True,True,True,True,True
4199,CLCN2,True,False,False,False,False
4200,FOXP1,True,True,True,True,True
4201,EIF4G1,True,True,True,True,True
4202,SPCS1,True,True,True,True,True
4203,NEK4,True,True,True,True,True
4204,SLC4A3,True,False,False,False,False
4205,INO80D,True,True,True,True,True
4206,EEF1B2,True,True,True,True,True
4207,ADAM23,True,False,True,False,False
4208,DGUOK,True,True,True,True,True
4209,MOB1A,True,True,True,True,True
4210,KANSL3,True,True,True,True,True
4211,LMAN2L,True,False,True,True,False
4212,RTKN,True,False,False,True,False
4213,TTL,True,True,True,True,True
4214,IL1A,True,False,False,False,False
4215,CCL20,True,False,False,True,False
4216,PIKFYVE,True,True,True,True,True
4217,KCNIP3,True,False,False,False,False
4218,FAHD2A,True,True,True,True,True
4219,NCL,True,True,True,True,True
4220,ACTR1B,True,True,True,True,True
4221,SLC35F5,True,True,True,True,True
4222,ZAP70,True,False,False,False,True
4223,ACTR3,True,True,True,True,True
4224,STEAP3,True,False,True,True,False
4225,EPB41L5,True,True,False,True,True
4226,TFCP2L1,True,False,False,False,False
4227,SF3B6,True,True,True,True,True
4228,TP53I3,True,True,True,True,True
4229,DNAJC27,True,False,False,False,False
4230,POMC,True,False,False,False,False
4231,STAM2,True,True,True,True,True
4232,OTOF,True,False,False,False,False
4233,GPD2,True,True,True,False,False
4234,CENPA,True,True,True,True,True
4235,CYTIP,True,False,False,False,False
4236,ACVR1,True,False,True,True,False
4237,TANC1,True,False,True,True,False
4238,SLC30A3,True,False,False,False,False
4239,MPV17,True,True,True,True,True
4240,GTF3C2,True,True,True,True,True
4241,EIF2B4,True,True,True,True,True
4242,NRBP1,True,True,True,True,True
4243,ITGB6,True,False,False,False,False
4244,FNDC4,True,False,True,True,False
4245,ITGA4,True,True,True,False,True
4246,PSMD14,True,True,True,True,True
4247,SNX17,True,True,True,True,True
4248,ASB3,True,True,True,True,True
4249,PPM1G,True,True,True,True,True
4250,PDE1A,True,False,False,False,False
4251,REEP6,True,True,False,True,False
4252,PCSK4,True,False,False,False,False
4253,GCG,True,False,False,False,False
4254,APC2,True,False,False,False,False
4255,IFIH1,True,False,False,False,True
4256,GCA,True,False,False,True,False
4257,INO80B,True,True,True,True,True
4258,MOGS,True,True,True,True,True
4259,TTC31,True,True,True,True,True
4260,NDUFS7,True,True,True,True,True
4261,PCGF1,True,False,False,True,True
4262,GRB14,True,False,False,True,False
4263,CLIP4,True,False,True,False,True
4264,TLX2,True,False,False,False,False
4265,SPTBN1,True,True,True,True,True
4266,AUP1,True,True,True,True,True
4267,RTN4,True,True,True,True,True
4268,HTRA2,True,True,True,True,True
4269,LOXL3,True,False,False,False,False
4270,DOK1,True,True,True,False,True
4271,GALNT3,True,False,False,False,False
4272,POLE4,True,True,True,True,True
4273,TACR1,True,False,False,False,False
4274,CCDC88A,True,True,True,True,True
4275,ACADL,True,False,False,False,False
4276,EVA1A,True,False,True,True,False
4277,LANCL1,True,True,True,True,True
4278,WDR75,True,True,True,True,True
4279,EFEMP1,True,False,True,False,True
4280,REG1A,True,False,False,False,False
4281,FANCL,True,True,True,True,True
4282,FN1,True,False,True,True,False
4283,STAT1,True,True,True,True,True
4284,GLS,True,True,True,True,True
4285,PAPOLG,True,True,False,True,True
4286,DNAH6,True,False,False,False,False
4287,PECR,True,False,False,True,True
4288,UNC50,True,True,True,True,True
4289,IGFBP2,True,True,False,True,True
4290,ELMOD3,True,True,True,True,True
4291,IGFBP5,True,False,True,False,False
4292,USP34,True,True,True,True,True
4293,EFHD1,True,True,False,False,False
4294,KCNJ13,True,False,False,False,False
4295,CCT4,True,True,True,True,True
4296,GGCX,True,True,True,True,True
4297,NEU2,True,False,False,False,False
4298,EHBP1,True,True,True,True,True
4299,OTX1,True,False,False,False,False
4300,TXNDC9,True,True,True,True,True
4301,COQ10B,True,True,True,True,True
4302,GNLY,True,False,False,False,False
4303,SF3B1,True,True,True,True,True
4304,ST3GAL5,True,False,False,False,True
4305,CHST10,True,True,False,False,False
4306,PDCL3,True,True,True,True,True
4307,MOB4,True,True,True,True,True
4308,HSPE1,True,True,True,True,True
4309,KDM3A,True,True,True,True,True
4310,PLCD4,True,False,False,False,False
4311,CHMP3,True,True,True,True,True
4312,ZNF142,True,False,False,False,True
4313,IL1R2,True,False,False,False,False
4314,PRKAG3,True,False,False,False,False
4315,SMYD1,True,False,False,False,False
4316,IL1R1,True,False,False,True,False
4317,WNT6,True,False,False,False,False
4318,IL1RL2,True,False,False,False,False
4319,IL1RL1,True,False,False,False,False
4320,IL18R1,True,False,False,False,False
4321,IL18RAP,True,False,False,False,False
4322,SLC9A2,True,False,False,False,False
4323,FHL2,True,False,True,True,True
4324,MLPH,True,False,True,False,False
4325,CNPPD1,True,True,True,True,True
4326,UXS1,True,True,True,True,True
4327,ABCB6,True,True,True,True,False
4328,STK16,True,True,True,True,True
4329,SLC5A7,True,False,False,False,False
4330,HDLBP,True,True,True,True,True
4331,PPP1R7,True,True,True,True,True
4332,PASK,True,False,False,False,True
4333,STK25,True,True,True,True,True
4334,PROC,True,False,False,True,False
4335,ID2,True,False,True,True,True
4336,TAF1B,True,True,True,True,True
4337,HPCAL1,True,True,True,True,True
4338,ODC1,True,True,True,True,True
4339,BIRC6,True,True,True,True,True
4340,NOL10,True,True,True,True,True
4341,PLEKHB2,True,True,True,True,True
4342,GORASP2,True,True,True,True,True
4343,STRN,True,True,True,True,True
4344,CEBPZ,True,True,True,True,True
4345,PRKD3,True,True,True,True,True
4346,DCAF17,True,True,True,True,True
4347,QPCT,True,False,False,False,False
4348,RAB3GAP1,True,True,True,True,True
4349,SLC25A12,True,True,True,True,True
4350,RMDN2,True,False,False,False,False
4351,DLX2,True,False,False,True,False
4352,LCT,True,False,False,False,False
4353,DARS,True,True,True,True,True
4354,SRSF7,True,True,True,True,True
4355,SDC1,True,False,True,True,False
4356,PLCL1,True,False,False,False,False
4357,SLC1A4,True,False,False,True,True
4358,SOS1,True,True,True,True,True
4359,KYNU,True,False,False,True,False
4360,WIPF1,True,True,True,False,True
4361,ORC2,True,True,True,True,True
4362,COX7A2L,True,True,True,True,True
4363,PNO1,True,True,True,True,True
4364,ORC4,True,True,True,True,True
4365,PLEK,True,False,False,False,False
4366,RND3,True,False,True,False,False
4367,ATF2,True,True,True,True,True
4368,THADA,True,True,True,True,True
4369,AAK1,True,True,True,True,True
4370,TRAK2,True,False,True,True,True
4371,C2orf42,True,False,False,False,False
4372,TIA1,True,True,True,True,True
4373,PCYOX1,True,True,True,True,True
4374,KISS1R,True,True,False,True,False
4375,EPAS1,True,True,True,True,False
4376,ARID3A,True,True,False,True,True
4377,CD207,True,False,False,False,False
4378,GRIN3B,True,False,False,False,False
4379,VAX2,True,False,False,False,False
4380,ATP6V1B1,True,False,False,False,False
4381,NFE2L2,True,True,True,True,True
4382,MSH6,True,True,True,True,True
4383,PLEKHA3,True,True,True,True,True
4384,SPR,True,True,True,True,True
4385,EPHA4,True,False,False,False,False
4386,PARD3B,True,False,False,False,False
4387,FARSB,True,True,True,True,True
4388,ALMS1,True,True,True,True,True
4389,BCL9,True,False,False,False,True
4390,PRRX1,True,False,True,False,False
4391,DHCR24,True,True,True,True,True
4392,DNAJC16,True,True,True,True,True
4393,MARK1,True,False,False,False,False
4394,TNR,True,False,False,False,False
4395,GPX7,True,False,False,True,False
4396,SCP2,True,True,True,True,True
4397,TPSG1,True,False,False,False,False
4398,PAPPA2,True,False,False,False,False
4399,RALGPS2,True,True,True,True,True
4400,ANGPTL1,True,False,False,True,False
4401,CEP104,True,True,True,True,True
4402,FAM20B,True,True,True,True,True
4403,TCEANC2,True,True,False,False,True
4404,TMEM59,True,True,True,True,True
4405,LRRC42,True,True,True,True,True
4406,WRAP73,True,True,True,True,True
4407,NPHS2,True,False,False,False,False
4408,ICMT,True,True,True,True,True
4409,CHD5,True,False,False,False,False
4410,QSOX1,True,False,True,True,True
4411,STXBP3,True,True,True,True,True
4412,PHF13,True,True,True,True,True
4413,ERRFI1,True,False,True,True,False
4414,PARK7,False,True,True,True,True
4415,KIAA1324,True,False,False,False,False
4416,OPRD1,True,False,False,False,False
4417,AMPD2,True,False,True,True,True
4418,SRSF4,True,True,True,True,True
4419,MECR,True,True,True,True,True
4420,KCNC4,True,False,False,False,True
4421,EDEM3,True,True,True,True,True
4422,WDR77,True,True,True,True,True
4423,ATP5PB,True,True,True,True,True
4424,RAP1A,True,True,True,True,True
4425,HDAC1,True,True,True,True,True
4426,CAPZA1,True,True,True,True,True
4427,S100PBP,True,True,True,True,True
4428,RNF19B,True,True,False,True,True
4429,SCAMP3,True,True,True,True,True
4430,TRIM62,True,False,False,False,False
4431,ASH1L,True,True,True,True,True
4432,DLGAP3,True,False,False,False,False
4433,SFPQ,True,True,True,True,True
4434,RHOU,True,False,False,True,True
4435,GON4L,True,True,True,True,True
4436,ARHGEF2,True,True,True,True,True
4437,LAMTOR2,True,True,True,True,True
4438,MEF2D,True,False,True,False,True
4439,DOCK7,True,True,True,True,True
4440,SRM,True,True,True,True,True
4441,FBXO2,True,False,False,True,False
4442,FBXO6,True,True,False,True,False
4443,C1orf21,True,False,True,False,True
4444,SWT1,True,False,False,False,False
4445,MAD2L2,True,True,True,True,True
4446,DNAJC6,True,True,False,False,False
4447,LEPR,True,True,False,False,False
4448,IVNS1ABP,True,True,True,True,True
4449,KIAA2013,True,True,True,True,True
4450,MFN2,True,True,True,True,True
4451,PRG4,True,False,False,False,False
4452,MIIP,True,True,True,True,True
4453,SMG7,True,True,True,True,True
4454,NCF2,True,False,False,False,False
4455,PDC,True,False,False,False,False
4456,SLC35D1,True,True,True,True,True
4457,PLA2G4A,True,False,True,False,False
4458,GADD45A,True,True,True,True,True
4459,PRAMEF1,True,False,False,False,False
4460,PRAMEF12,True,False,False,False,False
4461,WLS,True,False,True,False,False
4462,PRDM2,True,True,True,True,True
4463,RGS2,True,False,False,False,False
4464,RPE65,True,False,False,False,False
4465,RO60,True,True,True,True,True
4466,AMPD1,True,False,False,False,False
4467,UCHL5,True,True,True,True,True
4468,BCAS2,True,True,True,True,True
4469,SRSF11,True,True,True,True,True
4470,CTH,True,True,False,False,False
4471,AGMAT,True,False,False,True,False
4472,OLFML3,True,False,False,True,False
4473,TNNI3K,True,False,False,False,False
4474,CFHR3,True,False,False,False,False
4475,PLEKHM2,True,True,True,True,True
4476,CRYZ,True,True,True,True,True
4477,PHTF1,True,True,True,True,False
4478,ZBTB17,True,True,True,True,True
4479,CD58,True,True,True,True,True
4480,TFAP2E,True,False,False,False,False
4481,CD2,True,False,False,False,True
4482,TTF2,True,True,True,True,True
4483,NR5A2,True,False,False,False,False
4484,KIF21B,True,False,False,False,True
4485,TMEM9,True,True,True,True,True
4486,ADPRHL2,True,True,True,True,True
4487,MAP7D1,True,True,True,True,True
4488,WARS2,True,True,True,True,True
4489,HAO2,True,False,False,False,False
4490,OSCP1,True,False,False,False,False
4491,EXOC8,True,True,True,False,True
4492,GNPAT,True,True,True,True,True
4493,TSNAX,True,True,True,True,True
4494,C1orf109,True,True,True,True,True
4495,RRAGC,True,True,True,True,True
4496,NID1,True,False,True,True,False
4497,LGALS8,True,True,True,True,True
4498,NT5C1A,True,False,False,False,False
4499,HPCAL4,True,False,False,False,False
4500,MTR,True,True,True,True,True
4501,BMP8B,True,False,False,False,False
4502,MYCL,True,False,False,False,False
4503,SIPA1L2,True,False,False,False,True
4504,ZP4,True,False,False,False,False
4505,RLF,True,True,True,True,True
4506,KMO,True,False,False,False,False
4507,ZNF684,True,True,False,False,True
4508,KCNQ4,True,False,False,False,False
4509,RIMS3,True,False,False,False,True
4510,AKT3,True,False,True,False,False
4511,ETV3,True,False,False,False,False
4512,ACADM,True,True,True,True,True
4513,ST6GALNAC5,True,False,False,False,False
4514,SLAMF1,True,False,False,False,False
4515,CD48,True,False,False,False,True
4516,ADGRL2,True,False,False,True,False
4517,PADI2,True,False,False,False,False
4518,SDHB,True,True,True,True,True
4519,MFAP2,True,False,True,False,False
4520,RPF1,True,True,True,True,True
4521,KDM5B,True,True,True,True,True
4522,UAP1,True,True,True,True,True
4523,ACTL8,True,False,False,False,False
4524,CTBS,True,True,True,True,True
4525,RGS4,True,False,True,False,False
4526,KLHL12,True,True,False,True,True
4527,IGSF21,True,False,False,False,False
4528,SSX2IP,True,True,True,True,True
4529,ZNHIT6,True,True,True,True,True
4530,PLA2G2D,True,False,False,False,False
4531,RBBP5,True,True,True,True,True
4532,GBP3,True,False,True,False,True
4533,GBP1,True,False,True,False,True
4534,KIF17,True,False,False,True,False
4535,GPR89A,False,True,False,True,True
4536,CDK18,True,False,False,True,False
4537,RAB29,True,True,True,True,True
4538,CD160,True,False,False,False,False
4539,ECE1,True,False,True,True,True
4540,HMGCL,True,True,True,True,True
4541,GALE,True,True,True,True,True
4542,ID3,True,False,True,True,True
4543,CR2,True,False,False,False,False
4544,CD46,True,True,True,True,True
4545,PRPF3,True,True,True,True,True
4546,APH1A,True,True,True,True,True
4547,P3H1,True,True,True,True,True
4548,SLC2A1,True,True,True,True,True
4549,EBNA1BP2,True,True,True,True,True
4550,CDC20,True,True,True,True,True
4551,MPL,True,False,False,False,False
4552,ARTN,True,False,False,False,False
4553,IPO13,True,True,True,False,True
4554,ATP6V0B,True,True,True,True,True
4555,B4GALT2,True,True,True,True,True
4556,ERI3,True,True,True,True,True
4557,PTCH2,True,False,False,False,False
4558,AKR1A1,True,True,True,True,True
4559,PRDX1,True,True,True,True,True
4560,PIK3R3,True,True,True,False,True
4561,TSPAN1,True,False,False,True,False
4562,BLZF1,True,True,True,True,True
4563,CCDC181,True,False,False,False,True
4564,SLC19A2,True,False,False,True,False
4565,FAAH,True,False,False,False,False
4566,NSUN4,True,True,True,True,True
4567,TMED5,True,True,True,True,True
4568,MROH9,True,False,False,False,False
4569,DR1,True,True,True,True,True
4570,CNN3,True,False,True,True,False
4571,PRRC2C,True,True,True,True,True
4572,F3,True,False,True,False,False
4573,ABCD3,True,True,True,True,True
4574,VAMP4,True,True,True,False,True
4575,DPH5,True,True,True,True,True
4576,FASLG,True,False,False,False,False
4577,PTBP2,True,True,True,True,True
4578,TNFSF4,True,False,False,True,False
4579,PRDX6,True,True,True,True,True
4580,DARS2,True,True,True,True,True
4581,HSD11B1,True,False,False,False,False
4582,IRF6,True,False,False,False,False
4583,UTP25,True,True,True,True,True
4584,PLPPR5,True,False,False,False,False
4585,PLPPR4,True,False,False,False,False
4586,SERPINC1,True,False,False,True,False
4587,RCAN3,True,False,True,True,True
4588,SYF2,True,True,True,True,True
4589,RSRP1,True,True,True,True,True
4590,SLC35A3,True,True,True,True,True
4591,RCOR3,True,True,True,True,True
4592,STMN1,True,True,True,True,True
4593,MTFR1L,True,True,True,True,True
4594,MAN1C1,True,False,False,False,False
4595,NEK2,True,True,True,True,True
4596,DHDDS,True,True,True,True,True
4597,NENF,True,True,True,True,True
4598,NSL1,True,True,True,True,True
4599,PROX1,True,False,False,True,False
4600,ARID1A,True,True,True,True,True
4601,CENPF,True,True,True,True,True
4602,RPA2,True,True,True,True,True
4603,PPP1R8,True,True,True,True,True
4604,STX12,True,True,True,True,True
4605,MARC2,True,False,False,True,False
4606,SLC5A9,True,False,False,False,False
4607,OSBPL9,True,True,True,True,True
4608,TXNDC12,True,True,True,True,True
4609,ESYT2,True,True,True,True,True
4610,CD3EAP,True,True,True,True,True
4611,MESD,True,True,True,True,True
4612,RCN2,True,True,True,True,True
4613,CHRNB4,True,False,False,False,False
4614,MUC5B,True,False,False,False,False
4615,CTSD,True,True,True,True,True
4616,COLEC11,True,False,False,False,False
4617,STAG1,True,True,True,True,True
4618,A4GNT,True,False,False,False,False
4619,STK11,True,True,True,True,True
4620,KMT2A,True,True,True,True,True
4621,TREH,True,False,False,False,False
4622,IFT46,True,True,True,False,True
4623,MMP8,True,False,False,False,False
4624,APOA1,True,False,False,True,False
4625,ZNF541,True,False,False,False,False
4626,SLC8A2,True,False,False,False,False
4627,KPTN,True,False,False,True,True
4628,KIF14,True,True,True,True,True
4629,TNNT2,True,False,False,False,False
4630,DDX59,True,True,True,True,True
4631,CAMSAP2,True,True,True,True,False
4632,ATF6,True,True,True,True,True
4633,CRYGD,True,False,False,False,False
4634,MREG,True,False,False,True,False
4635,TNP1,True,False,False,False,False
4636,FASTKD2,True,True,True,True,True
4637,NRP2,True,False,True,True,False
4638,CREB1,True,True,True,True,True
4639,KLF7,True,False,True,False,False
4640,TTR,True,False,False,True,False
4641,B4GALT6,True,False,False,False,True
4642,C1orf54,True,False,False,False,False
4643,CA14,True,False,False,False,False
4644,CASC1,True,False,False,False,False
4645,LRMP,True,True,False,False,True
4646,ATP10B,True,False,False,False,False
4647,SPCS2,False,True,True,True,True
4648,USP35,True,False,False,False,False
4649,ELOVL4,True,False,False,False,True
4650,FILIP1,True,False,False,False,False
4651,CASP8AP2,True,True,True,True,True
4652,HMGN3,True,True,True,True,True
4653,UBE3D,True,True,False,True,True
4654,CNR1,True,False,False,False,False
4655,SPACA1,True,False,False,False,False
4656,ANKRD13C,True,True,True,True,True
4657,SGIP1,True,False,True,False,False
4658,PHF3,True,True,True,True,True
4659,ZC2HC1B,True,False,False,False,False
4660,ADGB,True,False,False,False,False
4661,PLAGL1,True,True,True,False,False
4662,FBXO30,True,True,True,True,True
4663,TNFAIP3,True,False,False,True,True
4664,AKAP7,True,False,True,True,False
4665,RAB32,True,True,True,True,False
4666,MYB,True,True,False,False,True
4667,ALDH8A1,True,False,False,False,False
4668,SGK1,True,True,True,True,False
4669,RNF146,True,True,True,True,True
4670,ARG1,True,False,False,False,False
4671,CCN2,True,False,True,True,False
4672,TCF21,True,False,False,False,False
4673,PMFBP1,True,False,False,False,False
4674,FBXL5,True,True,True,True,True
4675,MED28,True,True,True,True,True
4676,SLC16A7,True,False,True,False,True
4677,RXYLT1,True,True,True,True,True
4678,ZNF430,True,True,True,True,True
4679,VAMP8,True,True,False,True,False
4680,DCLRE1B,True,False,False,False,True
4681,MYL12B,True,True,True,True,True
4682,FOXO3,True,True,True,True,True
4683,ARMC2,True,False,False,False,False
4684,GHRH,True,False,False,False,False
4685,RPN2,True,True,True,True,True
4686,TGIF2,True,True,True,True,True
4687,CASQ2,True,False,False,False,False
4688,OLFM3,True,False,False,False,False
4689,PKD2,True,False,True,False,True
4690,ABCG2,True,False,False,False,False
4691,SPP1,True,False,True,True,False
4692,STBD1,True,False,True,True,False
4693,CCNI,True,True,True,True,True
4694,RARRES1,True,False,True,False,False
4695,MFSD1,True,True,True,True,True
4696,RAB3GAP2,True,True,True,True,True
4697,EEF2KMT,True,True,True,True,True
4698,PPL,True,False,False,True,False
4699,UBN1,True,True,True,True,True
4700,KLF12,True,False,True,False,True
4701,UCHL3,True,True,True,True,True
4702,PCDH17,True,False,False,False,False
4703,HS1BP3,True,False,True,True,False
4704,LDAH,True,True,True,True,True
4705,WDR35,True,True,True,True,False
4706,CCND2,True,True,False,True,False
4707,FGF23,True,False,False,False,False
4708,ELL2,True,True,True,True,False
4709,DNAH7,True,False,False,False,False
4710,CYP20A1,True,True,True,True,True
4711,NDUFB3,True,True,True,True,True
4712,GTF3C3,True,True,True,True,True
4713,SATB2,True,True,True,True,False
4714,UBE2B,True,True,True,True,True
4715,TRPM6,True,False,False,False,False
4716,GDA,True,False,False,False,False
4717,KLF9,True,True,True,False,False
4718,TJP2,False,True,True,True,True
4719,ECRG4,True,False,False,False,False
4720,ITGB1BP1,True,True,True,True,True
4721,CPSF3,True,True,True,True,True
4722,PIGZ,True,False,False,True,False
4723,SENP5,True,True,True,True,True
4724,CCDC92,True,True,True,True,True
4725,C1orf198,True,False,True,True,False
4726,TRIM67,True,False,False,False,False
4727,HEATR1,True,True,True,True,True
4728,PTBP3,True,True,True,True,True
4729,RAD23B,True,True,True,True,True
4730,FKBP15,True,True,True,True,True
4731,CTNNAL1,True,True,True,True,True
4732,ABITRAM,False,True,False,True,True
4733,WDR34,True,True,True,True,True
4734,SET,True,True,True,True,True
4735,PTPA,True,True,True,True,True
4736,GLE1,True,True,True,True,True
4737,RAB14,True,True,True,True,True
4738,CNTRL,True,True,True,True,True
4739,TRIM32,True,False,True,False,True
4740,FBXW2,True,True,True,True,True
4741,PHF19,True,True,True,True,True
4742,NEK6,True,True,True,True,False
4743,BSPRY,True,False,False,False,False
4744,PPP6C,True,True,True,True,True
4745,NDUFA8,True,True,True,True,True
4746,HDHD3,True,True,False,True,True
4747,RBM18,True,True,True,True,True
4748,SLC46A2,True,False,False,False,False
4749,HSDL2,True,True,True,True,True
4750,MAPKAP1,True,True,True,True,True
4751,NR4A3,True,False,False,False,False
4752,INVS,True,False,False,True,True
4753,GALNT12,True,True,False,False,True
4754,DENND1A,True,True,True,True,True
4755,ALG2,True,True,True,True,True
4756,CSF3R,True,True,False,False,False
4757,KDSR,True,True,True,True,True
4758,VPS4B,True,True,True,True,True
4759,ONECUT2,True,True,False,True,True
4760,C19orf25,True,True,True,True,True
4761,ZBTB45,True,False,True,False,False
4762,DCAF4,True,True,False,True,True
4763,PROX2,True,False,False,False,False
4764,VSX2,True,False,False,False,False
4765,FCF1,True,True,True,True,True
4766,PGF,True,False,False,True,False
4767,IFI27L2,True,False,True,True,True
4768,BBOF1,True,False,False,False,False
4769,NEK9,True,True,True,True,True
4770,ACYP1,True,True,True,True,True
4771,IFT43,True,True,True,False,True
4772,NPC2,True,True,True,True,True
4773,DNAL1,True,False,True,True,True
4774,IRF2BPL,True,False,True,True,True
4775,ACOT2,False,False,False,True,False
4776,LTBP2,True,False,True,False,False
4777,AREL1,True,False,True,True,True
4778,MLH3,True,True,True,True,False
4779,TTLL5,True,False,True,True,True
4780,FLVCR2,True,False,False,False,False
4781,ABCD4,True,True,True,True,True
4782,DLST,True,True,True,True,True
4783,PPP4R4,True,False,False,False,False
4784,TGFB3,True,False,False,False,False
4785,ZC2HC1C,True,False,False,False,False
4786,SLIRP,True,True,True,True,True
4787,RBM25,True,True,True,True,True
4788,ALDH6A1,True,True,False,True,True
4789,GPR68,True,False,False,False,False
4790,ESRRB,True,False,False,False,False
4791,EIF2B2,True,True,True,True,True
4792,NRDE2,True,True,True,True,True
4793,COQ6,True,False,True,True,True
4794,ZNF410,True,True,True,True,True
4795,RHOQ,True,True,True,True,True
4796,SUPT7L,True,True,True,True,True
4797,KLHL29,True,False,False,False,False
4798,DNMT3A,True,True,False,True,True
4799,TMEM214,True,True,True,True,True
4800,ATAD2B,True,True,False,True,True
4801,FKBP1B,True,False,True,True,False
4802,ATL2,True,True,True,True,True
4803,YPEL5,True,True,True,True,False
4804,FAM98A,True,True,True,True,True
4805,YIPF4,True,True,True,True,True
4806,AFTPH,True,True,True,True,True
4807,LGALSL,True,True,False,True,True
4808,CNRIP1,True,False,True,False,False
4809,BCL11A,True,False,False,False,True
4810,CRIPT,True,True,True,True,True
4811,EPCAM,True,True,False,True,False
4812,SLC17A5,True,False,True,True,False
4813,OGFRL1,True,False,True,False,False
4814,SLF2,True,True,True,True,True
4815,IDE,True,True,True,True,True
4816,TECTB,True,False,False,False,False
4817,ELOVL3,True,False,False,False,False
4818,IFIT3,True,False,True,False,False
4819,NKX2-3,True,False,False,False,False
4820,IFIT2,True,False,False,False,False
4821,GPAM,True,False,True,True,True
4822,CUTC,True,True,True,True,True
4823,PPP1R3C,True,False,True,False,False
4824,PYROXD2,True,False,True,False,False
4825,CNNM1,True,False,False,False,False
4826,MXI1,True,True,True,True,True
4827,SMNDC1,True,True,True,True,True
4828,C10orf88,True,False,True,True,True
4829,HELLS,True,True,True,True,True
4830,PRLHR,True,False,False,False,False
4831,TCTN3,True,True,True,True,True
4832,DENND10,True,True,True,True,True
4833,AVPI1,True,False,True,True,False
4834,WDR11,True,True,True,True,True
4835,ARMH3,True,False,True,True,True
4836,KCNIP2,True,False,False,False,False
4837,CFAP58,True,False,False,False,False
4838,GOT1,True,True,True,True,True
4839,CPN1,True,False,False,True,False
4840,C10orf95,True,False,False,False,False
4841,SFRP5,True,False,False,False,False
4842,GNA13,True,True,True,True,True
4843,HOXB8,True,False,False,False,False
4844,KANSL1,True,True,True,True,True
4845,HOXB5,True,False,False,False,False
4846,CRHR1,True,False,False,False,False
4847,HOXB3,True,True,False,False,True
4848,HOXB1,True,False,False,False,False
4849,DUSP1,True,False,True,True,True
4850,PANK3,True,True,True,True,True
4851,MSX2,True,False,False,False,False
4852,TEK,True,False,False,False,False
4853,RCL1,True,True,True,True,True
4854,CAAP1,True,True,True,True,True
4855,EQTN,True,False,False,False,False
4856,MOB3B,True,True,False,False,False
4857,INSL6,True,False,False,False,False
4858,INSL4,True,False,False,False,False
4859,MLANA,True,False,False,False,False
4860,CD274,True,False,False,False,False
4861,IFNA6,True,False,False,False,False
4862,IFNA8,True,False,False,False,False
4863,GRIA2,True,False,False,False,False
4864,NUP43,True,True,True,True,True
4865,MTHFD1L,True,True,True,True,True
4866,LRP11,True,False,True,True,True
4867,CCDC170,True,False,False,False,False
4868,PCMT1,True,True,True,True,True
4869,PLEKHG1,True,False,False,False,False
4870,MYCT1,True,False,False,False,False
4871,CXorf21,True,False,False,False,False
4872,MAGEB4,True,False,False,False,False
4873,CYSTM1,True,True,True,True,True
4874,WDR55,True,True,True,True,True
4875,ARAP3,True,False,False,False,False
4876,PCDHB8,True,False,False,False,False
4877,PCDHB10,True,False,False,False,False
4878,PCDHB14,True,False,False,False,False
4879,PCDHB12,True,False,False,False,False
4880,SLC25A2,True,False,False,False,False
4881,TNN,True,False,False,False,False
4882,CENPL,True,True,True,True,True
4883,TNFSF18,True,False,False,False,False
4884,SEC16B,True,False,False,False,False
4885,GORAB,True,False,True,False,True
4886,GPR31,True,False,False,False,False
4887,ACAT2,True,True,True,True,True
4888,TCP1,True,True,True,True,True
4889,TTLL2,True,False,False,False,False
4890,SNX19,True,False,True,False,True
4891,KCNJ5,True,False,False,False,False
4892,MSANTD2,True,False,True,True,True
4893,TP53AIP1,True,False,False,False,False
4894,TEX11,True,False,False,False,False
4895,ARR3,True,False,False,False,False
4896,PDZD11,True,True,True,True,True
4897,SLC10A7,True,False,False,False,False
4898,NUDCD1,True,True,True,True,True
4899,ENY2,True,True,True,True,True
4900,MASTL,True,True,True,True,True
4901,KIAA1217,True,False,True,True,False
4902,LYZL1,True,False,False,False,False
4903,PLXDC2,True,False,False,False,False
4904,EPC1,True,True,True,True,True
4905,IQSEC3,True,False,False,False,False
4906,CCDC77,True,True,True,True,True
4907,TAF12,True,True,True,True,True
4908,ENOX1,True,False,False,False,False
4909,TNFSF11,True,False,False,False,False
4910,MTRF1,True,True,False,True,True
4911,SOHLH2,True,False,False,False,False
4912,DNAJC15,True,False,True,True,True
4913,PROSER1,True,True,True,True,True
4914,UFM1,True,True,True,True,True
4915,WBP4,True,True,True,True,True
4916,ELF1,True,True,True,True,True
4917,SMAD9,True,False,True,True,False
4918,HSPH1,True,True,True,True,True
4919,KBTBD7,True,False,False,False,True
4920,ALG5,True,True,True,True,True
4921,EXOSC8,True,True,True,True,True
4922,ETF1,True,True,True,True,True
4923,TGFBI,True,False,True,True,False
4924,FAM53C,True,True,True,True,True
4925,SIL1,True,True,True,True,True
4926,PAIP2,True,True,True,True,True
4927,MYOT,True,False,False,False,False
4928,KDM3B,True,True,True,True,True
4929,EGR1,True,True,True,True,False
4930,SERP1,True,True,True,True,True
4931,PLS1,True,True,False,True,True
4932,ZFP30,True,False,False,False,True
4933,NR2C1,True,True,True,True,True
4934,UTP20,True,True,True,True,True
4935,TMPO,True,True,True,True,True
4936,ARL1,True,True,True,True,True
4937,GLT8D2,True,False,False,False,False
4938,MTERF2,True,True,False,True,False
4939,SOCS2,True,True,False,False,False
4940,NFYB,True,True,True,True,True
4941,WASHC3,True,True,True,True,True
4942,APAF1,True,True,True,True,True
4943,DUSP4,True,False,True,False,False
4944,CLU,True,True,False,True,False
4945,TNFRSF10B,True,True,True,True,False
4946,SORBS3,True,True,True,True,True
4947,PTK2B,True,False,False,False,True
4948,CHRNA2,True,False,False,False,False
4949,ADRA1A,True,False,False,False,False
4950,PPP3CC,True,True,True,True,True
4951,PDLIM2,True,True,True,True,True
4952,EPHX2,True,True,False,True,True
4953,RNF170,True,True,True,True,True
4954,NPPB,True,False,False,False,False
4955,UBIAD1,True,True,True,True,True
4956,TARDBP,False,True,True,True,True
4957,TNFRSF8,True,False,False,False,False
4958,PRAMEF2,True,False,False,False,False
4959,ZNF706,True,True,True,True,True
4960,LYPLA1,True,True,True,True,True
4961,CRISPLD1,True,True,False,False,False
4962,COPS5,True,True,True,True,True
4963,RDH10,True,True,True,True,False
4964,EPX,True,False,False,False,False
4965,AKAP1,True,True,True,True,True
4966,COIL,True,True,True,True,True
4967,TRIM25,True,True,True,True,True
4968,SCPEP1,True,False,True,True,True
4969,SPOP,True,True,True,True,True
4970,TBX2,True,False,False,True,False
4971,SLC35B1,True,True,True,True,True
4972,TBX4,True,False,False,False,False
4973,TEX14,True,False,False,False,False
4974,FAM117A,True,True,False,True,True
4975,NCAPH,True,True,True,True,True
4976,LRAT,True,False,False,False,False
4977,TMEM131L,True,True,True,True,True
4978,MND1,True,True,True,True,True
4979,TRIM6,True,False,False,False,False
4980,ABCC11,True,False,False,True,False
4981,TENT4B,True,True,True,True,True
4982,ADCY7,True,True,False,False,True
4983,CEP89,True,True,True,True,True
4984,TSHZ3,True,False,False,False,False
4985,ECHDC2,True,False,True,True,False
4986,TAS2R8,True,False,False,False,False
4987,PLBD1,True,True,False,False,False
4988,PRB2,False,False,False,False,False
4989,PYROXD1,True,False,True,True,True
4990,IAPP,True,False,False,False,False
4991,KCNJ8,True,False,False,False,False
4992,TAS2R7,True,False,False,False,False
4993,TAS2R9,True,False,False,False,False
4994,PSPC1,True,True,True,True,True
4995,ZNF549,True,False,False,False,True
4996,ZSCAN18,True,False,False,False,False
4997,ZNF211,True,False,False,False,False
4998,PDZRN3,True,False,False,False,False
4999,RGSL1,True,False,False,False,False
5000,LHX4,True,False,False,False,False
5001,RNF2,True,True,True,True,True
5002,TRMT1L,True,True,True,True,True
5003,SEC22A,True,False,True,True,True
5004,CSTA,True,False,False,False,False
5005,DPPA4,True,False,False,False,False
5006,POPDC2,True,False,False,False,False
5007,B4GALT4,True,True,True,True,True
5008,NAA50,True,True,True,True,True
5009,CD80,True,False,False,False,False
5010,KIF18A,True,True,True,True,True
5011,GJA8,True,False,False,False,False
5012,DESI2,True,True,True,True,True
5013,MAPK8IP1,True,False,False,False,False
5014,CRY2,True,False,False,False,False
5015,PEX16,True,True,True,True,True
5016,DEPDC7,True,False,False,True,False
5017,CAT,True,True,True,True,True
5018,PILRB,True,True,True,True,True
5019,ZMYM2,True,True,True,True,True
5020,GJB6,True,False,False,False,False
5021,GJA3,True,False,False,False,False
5022,TBC1D15,True,True,True,True,True
5023,ADGRB2,True,False,False,False,False
5024,HCRTR1,True,False,False,False,False
5025,ZCCHC17,True,True,True,True,True
5026,FABP3,True,False,False,False,False
5027,KHDRBS1,True,True,True,True,True
5028,TMEM39B,True,True,True,True,True
5029,CCRL2,True,False,False,False,False
5030,CCR2,True,False,False,False,False
5031,POLR3GL,True,True,True,True,True
5032,GHSR,True,False,False,False,False
5033,TNFSF10,True,True,False,False,True
5034,ZNF639,True,True,True,True,True
5035,SLITRK3,True,False,False,False,False
5036,PIK3CA,True,True,True,True,True
5037,PDS5A,True,True,True,True,True
5038,TMEM156,True,False,True,False,False
5039,LIAS,True,True,True,True,True
5040,CPXM2,True,False,False,False,False
5041,TMEM54,True,True,True,False,True
5042,ZSCAN20,True,False,False,False,False
5043,CSMD2,True,False,False,False,False
5044,HPCA,True,False,False,False,False
5045,LRIF1,True,True,True,True,True
5046,TMIGD3,True,False,False,False,False
5047,CLCC1,True,True,True,True,True
5048,GPSM2,True,True,True,True,True
5049,GTDC1,True,False,False,False,False
5050,CXCR4,True,False,False,False,True
5051,ZRANB3,True,True,True,True,True
5052,ACVR2A,True,False,False,True,False
5053,POLK,True,True,True,True,True
5054,SV2C,True,False,False,False,False
5055,FLT3,True,False,False,False,False
5056,MTIF3,True,True,True,True,True
5057,GTF3A,True,True,True,True,True
5058,RASL11A,True,False,False,False,False
5059,UBL3,True,True,True,True,True
5060,FYTTD1,True,True,True,True,True
5061,MTERF4,True,True,True,True,True
5062,XPNPEP2,True,False,False,False,False
5063,SASH3,True,False,False,False,True
5064,OCRL,True,False,True,True,False
5065,PAEP,True,False,False,False,False
5066,OBP2A,True,False,False,False,False
5067,TBX22,True,False,False,False,False
5068,FMOD,True,False,False,False,False
5069,MYOG,True,False,False,False,False
5070,LAX1,True,False,False,False,True
5071,PLG,True,False,False,False,False
5072,KIAA1191,True,True,True,True,True
5073,COPA,True,True,True,True,True
5074,CD244,True,False,False,False,False
5075,LY9,True,False,False,False,True
5076,HS3ST2,True,False,False,False,False
5077,RBBP6,True,True,True,True,True
5078,ZC3H7A,True,True,True,True,True
5079,PRM2,True,False,False,False,False
5080,SERAC1,True,False,False,True,False
5081,ANXA11,True,True,True,True,True
5082,LDB3,True,False,False,False,False
5083,OPN4,True,False,False,False,False
5084,SHLD2,True,True,True,True,True
5085,PRXL2A,True,True,True,True,True
5086,ZNF205,True,True,True,True,False
5087,NAA60,True,True,True,True,True
5088,ODF2L,True,True,True,False,True
5089,PTGFR,True,False,False,False,False
5090,SPATA1,True,False,False,False,False
5091,TRMT13,True,True,True,True,True
5092,LRRC39,True,False,False,False,False
5093,RWDD3,True,True,True,True,True
5094,ZNF644,True,True,True,True,True
5095,CCDC18,True,True,True,True,True
5096,RPAP2,True,True,True,True,True
5097,SLC66A2,True,False,True,True,True
5098,BBS9,True,False,False,False,False
5099,PMS2,True,True,True,True,True
5100,ZMIZ2,True,False,True,True,True
5101,OCM,False,False,False,False,False
5102,SEPTIN7,True,True,True,True,True
5103,EEPD1,True,False,True,True,True
5104,KLHL7,True,True,True,True,True
5105,HERPUD2,True,True,True,True,True
5106,CBX3,True,True,True,True,True
5107,HNRNPA2B1,True,True,True,True,True
5108,WIPF3,True,True,False,False,False
5109,NXPH1,True,False,False,False,False
5110,NPY,True,False,False,False,False
5111,FAM126A,True,True,True,True,True
5112,HOXA7,True,False,False,False,True
5113,INHBA,True,False,True,False,False
5114,FKBP9,True,False,True,True,False
5115,NT5C3A,True,True,True,True,True
5116,ARL4A,True,True,True,True,True
5117,CCZ1,True,True,True,True,True
5118,POLM,True,True,False,False,True
5119,RAMP3,True,False,False,False,False
5120,MRM2,True,True,True,True,True
5121,TWIST1,True,False,True,False,False
5122,SMU1,True,True,True,True,True
5123,GLIPR2,True,False,True,False,True
5124,SLC25A51,True,False,True,True,True
5125,CLTA,True,True,True,True,True
5126,RECK,True,False,True,False,True
5127,SPINK4,True,False,False,False,False
5128,TAF1L,True,False,False,False,False
5129,ACO1,True,True,True,True,True
5130,PHF24,True,False,False,False,False
5131,DNAI1,True,False,False,False,False
5132,DCAF10,True,True,True,True,True
5133,CNTFR,True,False,False,False,False
5134,KIAA1549,True,False,False,True,True
5135,TRIM24,True,True,True,True,True
5136,CYREN,True,True,True,True,True
5137,CALD1,True,False,True,True,False
5138,AKR1D1,True,False,False,False,False
5139,NUDT10,True,False,False,False,False
5140,SFTPA1,True,False,False,False,False
5141,NEUROG3,True,False,False,False,False
5142,PLAU,True,False,True,False,False
5143,SRGN,True,False,True,False,True
5144,CHST3,True,False,True,True,False
5145,BICC1,True,False,True,False,False
5146,CISD1,True,True,True,True,True
5147,EGR2,True,False,False,False,False
5148,ECD,True,True,True,True,True
5149,P4HA1,True,True,True,True,True
5150,SLC25A16,True,True,True,True,True
5151,ZWINT,True,True,True,True,True
5152,VPS26A,True,True,True,True,True
5153,RBM19,True,True,True,True,True
5154,CIT,True,True,True,True,True
5155,IFT81,True,True,True,True,True
5156,ACADS,True,True,False,True,True
5157,HVCN1,True,False,False,False,True
5158,DDX54,True,True,True,True,True
5159,MED13L,True,True,True,True,True
5160,CDKN2C,True,True,True,False,True
5161,RNF11,True,True,True,True,True
5162,RASSF8,True,False,True,True,False
5163,BHLHE41,True,False,True,False,False
5164,SSPN,True,False,True,False,False
5165,ITPR2,True,True,True,True,True
5166,CCDC91,True,True,True,True,True
5167,WWP1,True,True,True,True,True
5168,ACOT9,True,True,True,True,False
5169,PRDX4,True,True,True,True,True
5170,DDX39A,True,True,True,True,True
5171,PKN1,True,True,True,True,True
5172,TRIR,True,True,True,True,True
5173,ADGRE5,True,True,True,True,True
5174,WDR83,True,True,True,True,True
5175,GIPC1,True,True,True,True,True
5176,ACTRT1,True,False,False,False,False
5177,CCDC70,True,False,False,False,False
5178,SPRYD7,True,True,True,True,True
5179,EBPL,True,True,True,True,True
5180,ATP7B,True,True,False,True,False
5181,ZC3H13,True,True,True,True,True
5182,NLN,True,True,True,True,True
5183,CENPK,True,True,True,True,True
5184,OPTN,True,False,True,True,False
5185,ITIH5,True,False,False,True,False
5186,ATF1,True,True,True,True,True
5187,TSFM,True,True,True,True,True
5188,NEUROD4,True,False,False,False,False
5189,ARHGAP9,True,False,False,False,True
5190,NCKAP1L,True,True,False,False,True
5191,MMP19,True,False,False,False,False
5192,PFDN5,True,True,True,True,True
5193,SPATS2,True,True,True,True,True
5194,ORMDL2,True,True,True,True,True
5195,NR4A1,True,False,False,True,False
5196,PDE1B,True,False,False,False,False
5197,HOXC13,True,False,False,False,False
5198,CDK2,True,True,True,True,True
5199,LRP1,True,False,True,True,False
5200,HOXC11,True,False,False,False,False
5201,ATG101,True,True,True,True,True
5202,NFE2,True,True,False,False,False
5203,HOXC12,True,False,False,False,False
5204,IKZF4,True,True,False,True,False
5205,SMUG1,True,True,True,True,True
5206,TUBA1B,True,True,True,True,True
5207,EEF1AKMT3,True,False,False,False,False
5208,KBTBD4,True,False,True,True,True
5209,SARDH,True,False,False,True,True
5210,DBH,True,False,False,False,False
5211,ATPAF1,True,True,True,True,True
5212,STIL,True,True,True,True,True
5213,HJURP,True,True,True,True,True
5214,IL13RA2,True,False,False,False,False
5215,COL10A1,True,False,False,False,False
5216,AMD1,True,True,True,True,True
5217,NDUFAF4,True,True,True,True,True
5218,USP45,True,True,True,True,True
5219,PLP1,True,False,False,False,False
5220,SERPINA7,True,False,False,True,False
5221,MORF4L2,True,True,True,True,True
5222,H2BFWT,True,False,False,False,False
5223,RAB9B,True,False,False,False,False
5224,NRK,True,False,True,False,False
5225,FAM199X,True,True,True,True,True
5226,ESX1,True,False,False,False,False
5227,ATXN3L,True,False,False,False,False
5228,RAB9A,True,True,True,True,True
5229,METTL8,True,True,True,True,True
5230,TTC21B,True,True,True,True,True
5231,NMI,True,True,True,False,True
5232,TNFAIP6,True,False,False,False,False
5233,ACVR1C,True,False,False,False,False
5234,BAZ2B,True,True,True,True,True
5235,SLC36A1,True,False,False,False,False
5236,LPGAT1,True,True,True,True,True
5237,BATF3,True,False,False,False,True
5238,G0S2,True,False,True,False,False
5239,KCNJ2,True,False,False,False,False
5240,RAP2C,True,True,True,True,True
5241,EXOSC9,True,True,True,True,True
5242,PLA2G12A,True,True,True,True,True
5243,B9D2,True,False,True,True,True
5244,COQ8B,True,True,False,True,True
5245,PFKFB2,True,False,False,False,False
5246,C4BPA,True,False,False,True,False
5247,C4BPB,True,False,False,True,False
5248,RAB38,True,False,True,False,False
5249,GPR83,True,False,False,False,False
5250,AGO2,True,True,True,True,True
5251,MXD4,True,True,True,True,True
5252,CKS2,True,True,True,True,True
5253,DAW1,True,False,True,False,False
5254,ACSL3,True,True,True,True,True
5255,CHPF,True,True,True,True,True
5256,DNPEP,True,True,True,True,True
5257,INHA,True,False,False,False,False
5258,MOGAT1,True,False,False,False,False
5259,OBSL1,True,True,True,True,False
5260,FAM124B,True,False,False,False,False
5261,SLC12A4,True,False,True,True,False
5262,ENKD1,True,True,True,True,True
5263,MC3R,True,False,False,False,False
5264,GCNT7,True,False,False,False,False
5265,CTCFL,True,True,False,False,False
5266,FAM210B,True,True,True,True,True
5267,PI3,True,False,False,False,False
5268,FAM209A,False,False,False,False,False
5269,SNX21,True,False,True,True,False
5270,SLPI,True,False,False,False,False
5271,WFDC3,True,False,False,False,False
5272,TTPAL,True,True,True,True,True
5273,PREX1,True,False,False,False,True
5274,KCNS1,True,False,False,False,False
5275,SLC12A5,True,False,False,True,False
5276,ARHGAP40,True,False,False,False,False
5277,SDC4,True,False,True,True,False
5278,NCOA3,True,True,True,True,True
5279,PIGT,True,True,True,True,True
5280,SEMG2,True,False,False,False,False
5281,NCOA5,True,True,True,True,True
5282,VAPB,True,True,True,True,True
5283,PARD6B,True,True,False,True,True
5284,ATP5F1E,True,True,True,True,True
5285,CHD6,True,True,True,True,True
5286,PLCG1,True,False,False,True,True
5287,TOX2,True,False,True,False,False
5288,SRSF6,False,True,True,True,True
5289,GDAP1L1,True,False,False,False,False
5290,GTSF1L,True,False,False,False,False
5291,ARFGEF2,True,True,True,True,True
5292,ZNFX1,True,True,True,True,True
5293,ZNF831,True,False,False,False,False
5294,EDN3,True,False,False,False,False
5295,CSE1L,True,True,True,True,True
5296,RAB22A,True,True,True,True,True
5297,PTGIS,True,False,False,False,False
5298,STAU1,True,True,True,True,True
5299,CDH26,True,False,False,False,False
5300,SNAI1,True,False,True,False,False
5301,MOCS3,True,True,False,True,True
5302,STX16,True,True,True,True,True
5303,PMEPA1,True,False,True,False,True
5304,RNF114,True,True,True,True,True
5305,ANKRD60,True,False,False,False,False
5306,DDX27,True,True,True,True,True
5307,RBPJL,True,False,False,False,False
5308,SEMG1,True,False,False,False,False
5309,C20orf85,True,False,False,False,False
5310,BCAS4,True,False,True,True,False
5311,KCNK15,True,False,False,False,False
5312,TP53TG5,True,False,False,False,False
5313,PCK1,True,False,False,False,False
5314,ZBP1,True,False,False,False,False
5315,NEURL2,True,False,False,False,False
5316,MAGEA10,True,False,False,False,False
5317,MTRR,True,True,True,True,True
5318,FASTKD3,True,True,False,True,True
5319,PEPD,True,True,True,True,True
5320,CHST8,True,False,False,False,False
5321,IQSEC2,True,False,False,False,False
5322,VAMP7,True,True,True,True,True
5323,IL9R,True,False,False,False,False
5324,XG,True,False,False,False,False
5325,STAMBP,True,True,True,True,True
5326,NAGK,True,True,True,True,True
5327,MCEE,True,True,True,True,True
5328,PAIP2B,True,False,False,False,False
5329,SNRNP27,True,True,True,True,True
5330,MPHOSPH10,True,True,True,True,True
5331,IL17C,True,False,False,False,False
5332,ATP8A1,True,False,False,False,False
5333,USP22,True,True,True,True,True
5334,POF1B,True,False,False,False,False
5335,HIF3A,True,False,False,False,False
5336,ZNF576,True,True,True,True,True
5337,IRGC,True,False,False,False,False
5338,ZNF45,True,False,False,False,False
5339,LYPD3,True,False,False,False,False
5340,CEACAM8,True,False,False,False,False
5341,NDP,True,False,False,False,False
5342,USP9X,True,True,True,True,True
5343,CRISP2,True,False,False,False,False
5344,F13A1,True,False,False,False,False
5345,GRM4,True,False,False,False,False
5346,TRERF1,True,False,True,False,False
5347,PACSIN1,True,False,False,False,False
5348,BTN2A2,True,False,True,False,True
5349,SIRT5,True,True,False,True,True
5350,MRS2,True,True,True,True,True
5351,WRNIP1,True,True,True,True,True
5352,RRP36,True,True,True,True,True
5353,BTN1A1,True,False,False,False,False
5354,SNRPC,True,True,True,True,True
5355,SLC17A3,True,False,False,False,False
5356,SLC17A1,True,False,False,False,False
5357,SERPINB6,True,True,True,True,False
5358,XPO5,True,True,True,True,True
5359,HIST1H1D,True,True,True,False,True
5360,PEX6,True,True,True,True,True
5361,NQO2,True,True,True,True,True
5362,OARD1,True,True,True,True,True
5363,UNC5CL,True,False,False,False,False
5364,AARS2,True,True,True,True,True
5365,HIST1H1A,True,False,False,False,False
5366,ZNF391,True,False,False,False,False
5367,MOCS1,True,False,False,False,True
5368,MED20,True,True,False,True,True
5369,OR2B6,True,False,False,False,False
5370,TBCC,True,True,True,True,True
5371,SPDEF,True,False,False,False,False
5372,TCP11,True,False,False,False,False
5373,MAD2L1BP,True,True,True,True,True
5374,APOBEC2,True,False,False,False,False
5375,KLHDC3,True,True,True,True,True
5376,GNMT,True,False,False,False,False
5377,DNAH8,True,False,False,False,False
5378,TREM1,True,False,False,False,False
5379,MEA1,True,True,True,True,True
5380,KLHL31,True,False,False,False,False
5381,COL21A1,True,False,False,False,False
5382,CDKN1A,True,False,True,True,False
5383,SOX4,True,True,True,True,True
5384,GLO1,True,True,True,True,True
5385,CPNE5,True,False,False,False,False
5386,KCNK17,True,False,False,False,False
5387,RREB1,True,True,True,True,True
5388,SSR1,True,True,True,True,True
5389,RIOK1,True,True,True,True,True
5390,NRN1,True,False,False,False,True
5391,SLC35B3,True,False,True,True,False
5392,RPP40,True,True,True,True,True
5393,ATXN1,True,False,True,True,False
5394,NUP153,True,True,True,True,True
5395,DEK,True,True,True,True,True
5396,EEF1E1,True,True,True,True,True
5397,CRISP1,True,False,False,False,False
5398,RUNX2,True,True,True,False,False
5399,OPN5,True,False,False,False,False
5400,GCM2,True,False,False,False,False
5401,LRRFIP1,True,True,True,True,True
5402,RAB17,True,False,False,True,False
5403,CXCL6,True,False,False,False,False
5404,EREG,True,False,False,False,False
5405,TRIM51,True,False,False,False,False
5406,MYRF,True,True,False,True,False
5407,SCGB1D2,True,False,False,False,False
5408,SCGB2A1,True,False,False,False,False
5409,AHNAK,True,True,True,True,False
5410,EMC3,True,True,True,True,True
5411,SSUH2,True,False,False,True,False
5412,WNT1,True,False,False,False,False
5413,SH3TC1,True,False,False,True,True
5414,CNOT1,True,True,True,True,True
5415,LRRC29,True,False,False,False,False
5416,BBS2,True,False,True,True,True
5417,MT1G,True,False,False,False,False
5418,MT2A,True,True,True,True,True
5419,C16orf70,True,True,False,True,True
5420,GOT2,True,True,True,True,True
5421,DOK4,True,False,False,True,False
5422,PIWIL1,True,False,False,False,False
5423,GPR18,True,False,False,False,False
5424,CLYBL,True,False,False,True,False
5425,TMTC4,True,True,False,True,True
5426,RAP2A,True,True,True,True,True
5427,SLC10A2,True,False,False,False,False
5428,ABCC4,True,True,True,True,True
5429,EFNB2,True,False,True,False,False
5430,SOX21,True,False,False,False,False
5431,TM9SF2,True,True,True,True,True
5432,C17orf53,True,False,False,False,False
5433,KIF25,True,False,False,False,False
5434,IRF1,True,False,True,True,True
5435,UPF3B,True,True,True,True,True
5436,RNF113A,True,True,True,True,True
5437,SEPTIN6,True,True,True,True,True
5438,TMEM255A,True,False,False,False,False
5439,NDUFA1,True,True,True,True,True
5440,AMELX,True,False,False,False,False
5441,DMAC2L,True,True,True,True,True
5442,BMP4,True,False,True,True,False
5443,PTGER2,True,False,False,False,False
5444,FAM193A,True,True,True,True,True
5445,GRK4,True,False,False,False,True
5446,SOX9,True,False,True,True,False
5447,TEKT3,True,False,False,False,False
5448,MYH2,True,False,False,False,False
5449,HS3ST3B1,True,False,False,True,False
5450,SLC25A35,True,False,False,False,False
5451,GGA3,True,True,True,True,True
5452,ARMC7,True,False,False,True,True
5453,NUP85,True,True,True,True,True
5454,SLC25A19,True,True,False,True,True
5455,MIF4GD,True,True,True,True,True
5456,NT5C,True,True,True,True,True
5457,MSTO1,True,True,True,True,True
5458,C1orf61,True,True,False,False,False
5459,TTF1,True,True,True,True,True
5460,GTF3C4,True,True,True,True,True
5461,DDX31,True,True,True,True,True
5462,BARHL1,True,False,False,False,False
5463,KIR2DL1,False,False,False,False,False
5464,PPP1R12C,True,True,True,True,True
5465,MBOAT7,True,True,True,True,True
5466,SRMS,True,False,False,False,False
5467,OPRL1,True,False,False,False,False
5468,SLC2A4RG,True,True,True,True,True
5469,NPBWR2,True,False,False,False,False
5470,FNDC11,True,False,False,False,False
5471,BHLHE23,True,False,False,False,False
5472,PPDPF,True,True,True,True,True
5473,IL1B,True,False,True,False,False
5474,PLGLB2,True,False,False,False,False
5475,IL37,True,False,False,False,False
5476,CHCHD5,True,True,True,True,False
5477,PAX8,True,False,True,True,False
5478,INSIG2,True,True,True,True,True
5479,POLR1B,True,True,True,True,True
5480,CCDC93,True,True,True,True,True
5481,PSD4,True,True,False,True,True
5482,SLC25A23,True,True,True,True,True
5483,PSPN,True,False,False,False,False
5484,GTF2F1,True,True,True,True,True
5485,ALKBH7,True,True,True,True,True
5486,CLPP,True,True,True,True,True
5487,TNFSF9,True,True,False,False,False
5488,GRIA3,True,False,False,False,False
5489,THOC2,True,True,True,True,True
5490,MED1,True,True,True,True,True
5491,ATG4C,True,True,True,True,True
5492,CD70,True,False,False,False,False
5493,C3,True,False,False,True,False
5494,SH2D3A,True,False,False,True,False
5495,TRIP10,True,True,True,True,False
5496,GPR108,True,True,True,True,True
5497,TNFSF14,True,False,False,True,False
5498,FOSB,True,False,False,False,False
5499,OPA3,True,True,True,True,True
5500,SNRPD2,True,True,True,True,True
5501,RTN2,True,True,False,True,False
5502,EML2,True,True,False,False,True
5503,VASP,True,True,True,True,True
5504,SYMPK,True,True,True,True,True
5505,GPCPD1,True,True,True,True,True
5506,SDCBP2,True,False,False,True,False
5507,PANK2,True,True,True,True,True
5508,TGM3,True,False,False,False,False
5509,GNRH2,True,False,False,False,False
5510,DEFB126,True,False,False,False,False
5511,FOXA2,True,False,False,True,False
5512,CD93,True,False,False,False,False
5513,GZF1,True,True,True,True,True
5514,PAX1,True,False,False,False,False
5515,NAPB,True,False,False,True,True
5516,CST8,True,False,False,False,False
5517,NKX2-4,True,False,False,False,False
5518,CENPB,True,True,True,True,True
5519,PSMF1,True,True,True,True,True
5520,NKX2-2,True,False,False,False,False
5521,DTD1,True,True,True,True,True
5522,CSTL1,True,False,False,False,False
5523,RBCK1,True,True,True,True,True
5524,TMX4,True,True,True,True,True
5525,CST11,True,False,False,False,False
5526,STK35,True,True,True,True,True
5527,SNRPB,True,True,True,True,True
5528,NRSN2,True,True,True,True,False
5529,AP5S1,True,True,True,True,True
5530,RRBP1,True,True,True,True,True
5531,BMP2,True,False,True,False,False
5532,ZNF133,True,False,False,False,False
5533,FLRT3,True,False,False,False,False
5534,OVOL2,True,False,False,False,False
5535,PCSK2,True,False,False,False,False
5536,GFRA4,True,False,False,False,False
5537,MKKS,True,True,True,True,True
5538,BFSP1,True,False,False,False,False
5539,DSTN,True,True,True,True,True
5540,LAMP5,True,False,False,False,False
5541,SNRPB2,True,True,True,True,True
5542,MGME1,True,True,True,True,True
5543,LRRN4,True,False,False,False,False
5544,TBC1D20,True,True,True,True,True
5545,ITPA,True,True,True,True,True
5546,TCF15,True,True,False,False,False
5547,OTOR,True,False,False,False,False
5548,MCM8,True,True,True,True,True
5549,BANF2,True,False,False,False,False
5550,TMEM74B,True,True,False,True,False
5551,FAM110A,True,False,False,True,True
5552,SIRPD,True,False,False,False,False
5553,DEFB129,True,False,False,False,False
5554,S1PR4,True,False,False,False,False
5555,NCLN,True,True,True,True,True
5556,CITED1,True,False,False,False,False
5557,HNRNPR,True,True,True,True,True
5558,ZNF436,True,False,False,False,False
5559,MAX,True,True,True,True,True
5560,ARMCX5,True,False,False,False,False
5561,GDF5,True,False,False,False,False
5562,MMP24,True,False,False,False,False
5563,NECAB3,True,True,False,True,False
5564,ID1,True,True,True,True,True
5565,RALY,True,True,True,True,True
5566,DYNLRB1,True,True,True,True,True
5567,C20orf173,True,False,False,False,False
5568,EIF2S2,True,True,True,True,True
5569,ERGIC3,True,True,True,True,True
5570,ROMO1,True,True,True,True,True
5571,FAM83C,True,False,False,False,False
5572,BPIFB1,True,False,False,False,False
5573,CEP250,True,True,True,True,True
5574,PLAGL2,True,True,False,True,True
5575,MMP24OS,True,True,True,True,True
5576,GRPR,True,False,False,False,False
5577,KDM5C,True,True,True,True,True
5578,AMOT,True,False,False,False,False
5579,TMEM115,True,True,True,True,True
5580,PSMB2,True,True,True,True,True
5581,AGO3,True,True,True,True,True
5582,UROD,True,True,True,True,True
5583,ST3GAL3,True,True,True,True,True
5584,TMEM53,True,False,False,True,False
5585,HECTD3,True,True,False,True,False
5586,KLC1,True,True,True,True,True
5587,XRCC3,True,False,False,True,True
5588,TUBGCP3,True,True,True,True,True
5589,MCF2L,True,False,False,True,False
5590,F10,True,False,False,True,False
5591,PCID2,True,True,True,True,True
5592,PROZ,True,False,False,False,False
5593,SLURP1,True,False,False,False,False
5594,LRFN3,True,False,False,False,True
5595,IGFLR1,True,True,False,True,False
5596,CAPNS1,True,True,True,True,True
5597,PDCD2L,True,True,True,True,True
5598,GPR42,False,False,False,False,False
5599,RBM42,True,True,True,True,True
5600,KIRREL2,True,False,False,False,False
5601,UBA2,True,True,True,True,True
5602,FFAR2,True,False,False,False,False
5603,HCST,True,False,False,False,True
5604,FFAR1,True,False,False,False,False
5605,COX6B1,True,True,True,True,True
5606,KRT36,True,False,False,False,False
5607,THRA,True,True,True,True,True
5608,CCR7,True,False,False,False,False
5609,NR1D1,True,False,True,True,True
5610,FRMD8,True,True,False,True,True
5611,PRDX5,True,True,True,True,True
5612,BCL2L12,True,True,True,True,True
5613,IRF3,True,True,True,True,True
5614,PRMT1,True,True,True,True,True
5615,RRAS,True,False,True,True,False
5616,PRRG2,True,False,False,True,False
5617,SCAF1,True,True,True,True,True
5618,PRR12,True,True,True,True,True
5619,TSKS,True,False,False,False,False
5620,FLRT1,True,False,False,False,False
5621,ASL,True,True,True,True,True
5622,SBDS,True,True,True,True,True
5623,CSN1S1,True,False,False,False,False
5624,STATH,True,False,False,False,False
5625,HTN1,True,False,False,False,False
5626,STAT5A,True,True,False,False,True
5627,WNK4,True,True,False,True,False
5628,BECN1,True,True,True,True,True
5629,PRKCG,True,False,False,False,False
5630,TRAP1,True,True,True,True,True
5631,GLIS2,True,False,False,False,False
5632,NSRP1,False,True,True,True,True
5633,DNAJC8,True,True,True,True,True
5634,AHDC1,True,True,True,False,True
5635,IFI6,True,False,True,False,True
5636,DACH2,True,False,False,False,False
5637,ZNF384,True,True,True,True,True
5638,EMG1,True,True,True,True,True
5639,SSX1,False,False,False,False,False
5640,UXT,True,True,True,True,True
5641,CFP,True,False,False,False,False
5642,ELK1,True,True,True,False,True
5643,TIMM17B,True,True,True,True,True
5644,PCNX4,True,True,True,True,True
5645,ATG14,True,False,True,True,False
5646,KTN1,True,True,True,True,True
5647,SIX1,True,True,True,True,False
5648,RHOJ,True,False,True,False,False
5649,DLGAP5,True,True,True,True,True
5650,L3HYPDH,True,False,True,True,False
5651,HSPA2,True,False,False,False,False
5652,ZBTB1,True,True,True,True,True
5653,TRMT5,True,True,True,True,True
5654,SGPP1,True,False,True,True,True
5655,PLEKHG3,True,False,True,False,False
5656,PZP,True,False,False,False,False
5657,PRDM7,True,False,False,False,False
5658,RHOT1,True,True,True,True,True
5659,EVI2A,True,False,False,False,False
5660,OMG,True,False,False,False,False
5661,WDR60,True,True,True,True,True
5662,AIF1L,True,False,False,True,False
5663,FAM78A,True,True,False,False,False
5664,NUP214,True,True,True,True,True
5665,CTAG2,True,True,False,False,False
5666,AVPR2,True,False,False,False,False
5667,SLC10A3,True,False,True,True,False
5668,MAP2K2,True,True,True,True,True
5669,HNRNPH2,True,True,True,True,True
5670,ARMCX1,True,False,True,False,False
5671,TMEM35A,True,False,False,False,False
5672,NXF5,True,False,False,False,False
5673,TIMM8A,True,True,True,True,True
5674,ZC4H2,True,False,False,False,True
5675,CANX,True,True,True,True,True
5676,INTS11,True,True,True,True,True
5677,RGS13,True,False,False,False,False
5678,IPPK,True,False,False,True,False
5679,ZNF484,True,False,False,False,False
5680,OMD,True,False,False,False,False
5681,FGD3,True,False,False,False,True
5682,HIVEP3,True,True,False,False,True
5683,PPCS,True,True,True,True,True
5684,EDN2,True,False,False,False,False
5685,BCL11B,True,False,False,False,True
5686,COX7C,True,True,True,True,True
5687,TRAF2,True,True,False,True,True
5688,ABHD8,True,False,True,True,True
5689,MASP1,True,False,False,False,False
5690,ATP13A4,True,False,False,False,False
5691,PLAAT1,True,False,False,False,False
5692,HELB,True,True,False,True,True
5693,IL22,True,False,False,False,False
5694,TSPAN8,True,False,False,True,False
5695,BEST3,True,False,False,False,False
5696,RAB3IP,True,False,True,True,True
5697,PTPRB,True,False,True,False,False
5698,DYRK2,True,True,True,True,True
5699,YEATS4,True,True,True,True,True
5700,TAS2R4,True,False,False,False,False
5701,CRYGN,True,False,False,False,False
5702,LRRC61,True,True,False,True,True
5703,TRPV5,True,False,False,False,False
5704,IDUA,True,False,False,False,False
5705,FGFRL1,True,True,True,True,True
5706,TMEM175,True,False,False,True,False
5707,AUNIP,True,True,False,True,True
5708,PIN1,True,True,True,True,True
5709,FBXL12,True,True,True,True,True
5710,EMC1,True,True,True,True,True
5711,PLA2G5,True,False,False,False,False
5712,UBR4,True,True,True,True,True
5713,HP1BP3,True,True,True,True,True
5714,ADGRE2,True,False,False,False,False
5715,SIN3B,True,True,True,True,True
5716,OR7A10,True,False,False,False,False
5717,SLC35E1,True,True,True,True,True
5718,EPS15L1,True,True,True,True,True
5719,KLF2,True,False,True,False,True
5720,OR7C2,True,False,False,False,False
5721,OR7C1,True,False,False,False,False
5722,F2RL3,True,False,False,False,False
5723,UQCR11,True,True,True,True,True
5724,GFER,True,True,True,True,True
5725,SYNGR3,True,True,False,False,False
5726,PKMYT1,True,True,True,True,True
5727,WFIKKN1,True,False,False,True,False
5728,WDR24,True,False,False,False,True
5729,FBXL16,True,False,False,False,False
5730,CHTF18,True,True,True,False,True
5731,GNG13,True,False,False,False,False
5732,MACF1,True,True,True,True,True
5733,SMARCA4,True,True,True,True,True
5734,KDM4B,True,True,True,True,True
5735,TICAM1,True,False,False,False,False
5736,METTL25,True,False,False,False,True
5737,IL17B,True,False,False,False,False
5738,EMC6,True,True,True,True,True
5739,OR1E2,False,False,False,False,False
5740,METTL16,True,True,True,True,True
5741,TUBA4A,True,False,True,True,True
5742,VIL1,True,False,False,True,False
5743,AAMP,True,True,True,True,True
5744,PNKD,True,True,True,True,True
5745,TNFRSF19,True,False,False,True,False
5746,RNF6,True,True,True,True,True
5747,ECHS1,True,True,True,True,True
5748,ZNF835,True,False,False,False,False
5749,AKAP9,True,True,True,True,True
5750,GNG11,True,False,True,False,False
5751,SEM1,True,True,True,True,True
5752,GNGT1,True,False,False,False,False
5753,HIP1,True,True,True,True,False
5754,PTPN12,True,True,True,True,False
5755,POR,True,True,True,True,True
5756,FGL2,True,False,False,False,False
5757,STYXL1,True,True,True,True,True
5758,STEAP4,True,False,False,False,False
5759,GNAI1,True,False,True,True,False
5760,PEX1,True,True,True,True,True
5761,MTERF1,True,True,False,True,True
5762,SGCE,True,False,True,True,False
5763,RBM48,True,True,True,True,True
5764,CASD1,True,True,True,True,True
5765,ZNF780B,True,False,False,False,True
5766,LRFN1,True,False,False,False,False
5767,ZFP36,True,False,False,True,True
5768,SRD5A3,True,True,True,True,True
5769,SPINK2,True,False,False,False,True
5770,RASL11B,True,False,False,False,False
5771,PAICS,True,True,True,True,True
5772,KDR,True,False,False,False,False
5773,PPAT,True,True,True,True,True
5774,TUBGCP6,True,False,False,False,True
5775,ADM2,True,False,False,True,False
5776,DGCR6L,False,True,True,True,True
5777,DGCR8,True,True,True,True,True
5778,ASPHD2,True,False,False,False,False
5779,VPREB3,True,False,False,False,False
5780,SDF2L1,True,True,True,True,True
5781,GAL3ST1,True,False,False,True,False
5782,YWHAH,True,True,True,True,True
5783,RFPL1,True,False,False,False,False
5784,RFPL2,True,False,False,False,False
5785,GNAZ,True,False,False,True,False
5786,MGAT3,True,True,False,False,False
5787,ADORA2A,True,False,False,False,False
5788,ATF4,True,True,True,True,True
5789,A4GALT,True,False,False,False,False
5790,RFPL3,True,False,False,False,False
5791,CDC42EP1,True,True,True,True,False
5792,APOL3,True,False,False,False,False
5793,MCHR1,True,False,False,False,False
5794,TPST2,True,True,True,True,True
5795,BAIAP2L2,True,False,False,True,False
5796,MPST,True,True,True,True,True
5797,GALR3,True,False,False,False,False
5798,TST,True,True,True,True,True
5799,APOL5,True,False,False,False,False
5800,IGLL1,True,False,False,False,True
5801,APOL2,True,False,True,True,True
5802,RAC2,True,True,False,False,True
5803,LIF,True,False,True,False,False
5804,C22orf23,True,False,False,False,False
5805,APOBEC3A,True,False,False,False,False
5806,APOBEC3F,True,False,False,False,False
5807,RIBC2,True,False,False,False,False
5808,KRT17,True,False,False,False,False
5809,EMC4,True,True,True,True,True
5810,RNF112,True,False,False,False,False
5811,SPECC1,True,False,True,True,False
5812,CPA4,True,False,True,False,False
5813,DOCK4,True,False,False,True,False
5814,POT1,True,True,True,False,False
5815,TAS2R16,True,False,False,False,False
5816,ATP6V1F,True,True,True,True,True
5817,LSM8,True,True,True,True,True
5818,CDHR3,True,False,False,False,False
5819,VGF,True,False,False,False,False
5820,PODXL,True,False,True,False,False
5821,FOXP2,True,False,False,False,False
5822,STRIP2,True,False,False,False,False
5823,IFT22,True,True,True,True,True
5824,MKLN1,True,True,True,True,True
5825,DNAJB9,True,True,True,True,True
5826,FLNC,True,True,True,False,False
5827,LRRC4,True,False,False,False,False
5828,CALU,True,True,True,True,True
5829,CCDC136,True,True,False,False,True
5830,SMO,True,False,False,True,False
5831,IRF5,True,False,False,False,False
5832,LRRC17,True,False,True,False,False
5833,KLHDC10,True,True,True,True,True
5834,NDUFA5,True,True,True,True,True
5835,FEZF1,True,False,False,False,False
5836,OPN1SW,True,False,False,False,False
5837,MYO1B,True,False,True,True,True
5838,HOXD1,True,False,False,True,False
5839,HOXD3,True,False,False,False,False
5840,MTX2,True,True,True,True,True
5841,PDE11A,True,False,False,False,False
5842,CHN1,True,False,True,True,True
5843,GAD1,True,True,False,False,False
5844,OSGEPL1,True,False,False,False,True
5845,ORMDL1,True,True,True,True,True
5846,HAT1,True,True,True,True,True
5847,HOXD9,True,False,False,False,False
5848,HOXD10,True,False,False,False,False
5849,HOXD11,True,False,False,False,False
5850,HOXD13,True,False,False,False,False
5851,HERC2,True,True,True,True,True
5852,SNRPN,True,False,True,True,True
5853,PSMG2,True,True,True,True,True
5854,TWSG1,True,True,True,False,True
5855,ARHGAP22,True,True,True,False,False
5856,WDFY4,True,False,False,False,False
5857,EIF2AK4,True,True,True,True,True
5858,MYO5C,True,False,False,True,False
5859,CGNL1,True,False,False,True,False
5860,TMOD2,True,False,False,False,True
5861,TTBK2,True,False,True,True,True
5862,ELL3,True,False,False,False,False
5863,CCDC32,True,True,True,True,True
5864,INO80,True,True,True,True,True
5865,ICE2,True,True,True,True,True
5866,DLL4,True,False,False,False,False
5867,ALDH1A2,True,False,False,False,True
5868,MINDY2,True,True,True,True,True
5869,IVD,True,False,True,True,True
5870,KNSTRN,True,True,True,True,True
5871,DUT,True,True,True,True,True
5872,CHAC1,True,False,False,False,False
5873,CLN6,True,True,True,True,True
5874,ARPP19,True,True,True,True,True
5875,VPS13C,True,True,True,True,True
5876,CALML4,True,True,False,True,True
5877,ISLR,True,False,False,False,False
5878,THAP10,True,False,False,False,False
5879,LOXL1,True,False,True,False,False
5880,ACKR4,True,False,False,False,False
5881,ANAPC13,True,True,True,True,True
5882,MBD4,True,True,True,True,True
5883,COPB1,True,True,True,True,True
5884,PSMA1,True,True,True,True,True
5885,SUMF2,True,True,True,True,True
5886,PALLD,True,False,True,True,True
5887,SPCS3,True,True,True,True,True
5888,BBOX1,True,False,False,False,False
5889,MYOD1,True,False,False,False,False
5890,SERGEF,True,True,True,True,True
5891,KCNC1,True,False,False,False,False
5892,TPH1,True,False,False,False,False
5893,CSRP3,True,False,False,False,False
5894,E2F8,True,True,False,True,True
5895,DCTD,True,True,True,True,True
5896,SOX15,True,False,False,False,False
5897,PIMREG,True,False,True,True,True
5898,RPAIN,True,True,True,True,True
5899,USP6,True,False,False,False,False
5900,SHBG,True,False,False,False,False
5901,PLD2,True,False,False,False,False
5902,AIPL1,True,False,False,False,False
5903,CD68,True,False,True,True,False
5904,TXNDC17,True,True,True,True,True
5905,ATP1B2,True,False,False,False,False
5906,FXR2,True,True,True,True,True
5907,KIF1C,True,True,True,True,True
5908,MPDU1,True,True,True,True,True
5909,PHF20L1,True,True,True,True,True
5910,LRRC6,True,False,False,False,False
5911,CCNT1,True,True,True,True,True
5912,PUS7L,True,True,True,True,True
5913,KRI1,True,True,True,True,True
5914,ILF3,True,True,True,True,True
5915,SLC44A2,True,True,True,False,False
5916,AP1M2,True,False,True,True,False
5917,CDKN2D,True,True,True,True,True
5918,MTUS1,True,False,False,True,False
5919,KLK14,True,False,False,False,False
5920,SIGLEC9,True,False,False,False,False
5921,KLK10,True,False,False,False,False
5922,KLK8,True,False,False,False,False
5923,NGDN,True,True,True,True,True
5924,RIPK3,True,False,False,False,False
5925,ADCY4,True,False,False,False,False
5926,RAB2B,True,True,True,True,True
5927,BCL2L2,True,True,True,True,False
5928,AJUBA,True,False,True,True,False
5929,DTD2,True,True,True,True,True
5930,PARP2,True,True,True,True,True
5931,HEATR5A,True,True,True,True,True
5932,FOXA1,True,False,False,True,False
5933,SNX6,True,True,True,True,True
5934,EAPP,True,True,True,True,True
5935,EGLN3,True,True,False,False,False
5936,MIS18BP1,True,True,True,True,True
5937,NRL,True,False,False,False,False
5938,RNASE1,True,True,False,False,False
5939,NEDD8,True,True,True,True,True
5940,DAD1,True,True,True,True,True
5941,TEP1,True,False,False,False,False
5942,EPB41L4A,True,False,False,False,False
5943,CDO1,True,False,False,False,False
5944,REEP5,True,True,True,True,True
5945,ITFG1,True,True,True,True,True
5946,QRICH2,True,False,False,False,False
5947,FOXJ1,True,False,False,True,False
5948,SEC14L1,True,True,True,True,True
5949,RHBDF2,True,False,False,True,False
5950,AANAT,True,False,False,False,False
5951,ARHGEF6,True,True,False,False,True
5952,MAP7D3,True,True,True,False,True
5953,FGF13,True,True,False,False,False
5954,ASH2L,True,True,True,True,True
5955,TTI2,True,True,True,True,True
5956,ART1,True,False,False,False,False
5957,CHRNA10,True,False,False,False,False
5958,CDKN1C,True,True,False,False,False
5959,SGO1,True,True,True,True,True
5960,CDH15,True,False,False,True,False
5961,KLF16,True,True,True,True,True
5962,TMEM8A,True,True,True,True,True
5963,DOHH,True,True,True,True,True
5964,MAU2,True,True,True,True,True
5965,SHC2,True,False,False,False,False
5966,PLPPR3,True,True,False,False,False
5967,ABHD17A,False,True,True,True,True
5968,LBP,True,False,False,False,False
5969,SYT5,True,False,False,False,False
5970,TNNI3,True,True,False,False,False
5971,CBFA2T3,True,True,False,False,True
5972,GAMT,True,True,True,True,True
5973,PUDP,True,True,True,True,True
5974,ERMARD,True,False,False,False,False
5975,PHF10,True,True,True,True,True
5976,PRRG3,True,False,False,False,False
5977,GALNT8,True,False,False,False,False
5978,KCNA5,True,False,False,False,False
5979,CRACR2A,True,False,False,False,True
5980,NXNL2,True,False,False,False,False
5981,STARD8,True,False,False,False,False
5982,FAM155B,True,False,False,False,False
5983,GDPD2,True,False,False,False,False
5984,SAT1,True,True,True,True,True
5985,GNL3L,True,True,True,True,True
5986,SH3BP4,True,False,True,True,False
5987,MOSPD2,True,False,True,True,True
5988,DOCK6,True,False,False,True,False
5989,ECSIT,True,True,True,True,True
5990,LDLR,True,True,True,True,True
5991,ELOF1,True,True,True,True,True
5992,TSPAN16,True,False,False,False,False
5993,ANGPTL8,True,False,False,True,False
5994,PRKCSH,True,True,True,True,True
5995,CNN1,True,False,False,False,False
5996,CDC16,True,True,True,True,True
5997,ZSCAN10,True,False,False,False,False
5998,THEM6,True,False,False,True,True
5999,NECTIN2,True,True,True,True,False
6000,APOE,True,True,False,True,False
6001,TOMM40,True,True,True,True,True
6002,APOC1,True,True,False,True,False
6003,GADD45G,True,False,False,False,False
6004,LRCH2,True,False,False,False,False
6005,DPP6,True,False,False,False,False
6006,XPO7,True,True,True,True,True
6007,ACE2,True,False,False,False,False
6008,FAM98C,True,True,True,True,True
6009,SAFB2,True,True,True,True,True
6010,ATP8B3,True,False,False,False,True
6011,GDF1,False,False,False,False,False
6012,NCAN,True,False,False,False,False
6013,KIF1A,True,True,False,False,False
6014,GTPBP3,True,True,True,True,True
6015,PLVAP,True,False,False,False,False
6016,BST2,True,True,False,True,True
6017,SLC27A1,True,False,False,False,False
6018,NSUN5,True,True,True,True,True
6019,USHBP1,True,False,False,False,False
6020,COLGALT1,True,True,True,True,True
6021,DDA1,True,True,True,True,True
6022,PGLS,True,True,True,True,True
6023,LSM7,True,True,True,True,True
6024,TULP4,True,True,True,True,True
6025,SNX9,True,True,True,True,True
6026,RTN4IP1,True,True,False,True,True
6027,QRSL1,True,True,True,True,True
6028,MTRES1,True,True,True,True,True
6029,RSPH3,True,False,True,False,False
6030,MAS1,True,False,False,False,False
6031,ACSBG2,True,False,False,False,False
6032,MLLT1,True,True,True,True,True
6033,FUT5,True,False,False,False,False
6034,BMP15,True,False,False,False,False
6035,AFDN,True,False,True,True,True
6036,ACTN4,True,True,True,True,True
6037,STK33,True,False,True,False,True
6038,NDUFA10,True,True,True,True,True
6039,EPO,True,False,False,False,False
6040,ARPC1B,True,True,True,True,True
6041,CACNG6,True,False,False,False,False
6042,ZSWIM6,True,True,True,False,False
6043,FCHO1,True,False,False,False,True
6044,UNC13A,True,False,False,False,False
6045,MAP1S,True,True,True,True,True
6046,KLHDC7B,True,False,False,False,False
6047,PXDN,True,False,True,False,True
6048,SSBP4,True,True,True,True,True
6049,GDF15,True,True,False,True,False
6050,PGPEP1,True,True,True,True,True
6051,IQCN,True,False,False,False,False
6052,LSM4,True,True,True,True,True
6053,JUND,True,True,True,True,True
6054,HRC,True,False,False,False,False
6055,TRPM4,True,True,False,False,False
6056,OR11H1,False,False,False,False,False
6057,SULT4A1,True,False,False,False,False
6058,ZNF557,True,False,False,False,True
6059,CRB3,True,False,False,True,False
6060,OLFM1,True,False,False,False,False
6061,CAMSAP1,True,True,True,True,True
6062,UBAC1,True,True,True,True,True
6063,SAG,True,False,False,False,False
6064,ZBTB46,True,False,False,False,False
6065,HELZ2,True,False,False,False,False
6066,SAMD10,True,False,False,True,False
6067,LSP1,True,False,False,False,False
6068,TNNT3,True,False,False,False,False
6069,TNNI2,True,False,False,False,False
6070,COL5A1,True,False,False,False,False
6071,ATXN10,True,True,True,True,True
6072,TUBGCP2,True,True,True,True,True
6073,CALY,True,False,False,False,False
6074,CYP2E1,True,False,False,False,False
6075,PNPLA7,True,False,False,False,False
6076,HBZ,True,True,False,False,False
6077,PAK4,True,True,True,True,True
6078,MNX1,True,True,False,False,True
6079,ZNF337,True,False,False,True,True
6080,CEP85,True,True,False,True,True
6081,TAF4,True,True,False,True,True
6082,GATA5,True,False,False,False,False
6083,RBBP8NL,True,False,False,True,False
6084,LAMA5,True,False,False,True,False
6085,OSBPL2,True,True,True,True,True
6086,ADRM1,True,True,True,True,True
6087,ASS1,True,False,False,True,False
6088,EXOSC2,True,True,True,True,True
6089,POMT1,True,False,True,False,True
6090,UCK1,True,True,True,True,True
6091,FIBCD1,True,False,True,True,False
6092,PRRC2B,True,True,True,True,True
6093,CHMP2A,True,True,True,True,True
6094,UBE2M,True,True,True,True,True
6095,TRIM28,True,True,True,True,True
6096,METTL26,True,True,True,True,True
6097,YIPF2,True,True,True,True,True
6098,ATG4D,True,True,True,True,True
6099,EIF2S3,True,True,True,True,True
6100,TMEM160,True,True,True,True,True
6101,ZC3H4,True,True,True,True,True
6102,NPAS1,True,False,False,False,False
6103,GMFG,True,True,False,False,True
6104,MAP3K10,True,False,False,False,False
6105,ARHGEF16,True,False,False,True,False
6106,LRRC47,True,True,True,True,True
6107,SESN2,True,True,True,True,False
6108,SMPDL3B,True,False,False,True,False
6109,ATP5IF1,True,True,True,True,True
6110,MED18,True,False,False,False,True
6111,THEMIS2,True,True,False,False,False
6112,CLIP1,True,True,True,True,True
6113,CCDC62,True,False,False,False,False
6114,HIP1R,True,False,False,True,True
6115,ZNF317,True,True,False,True,True
6116,PPAN,True,True,True,True,True
6117,EIF3G,True,True,True,True,True
6118,ANGPTL6,True,False,False,False,False
6119,SHFL,True,False,True,True,True
6120,DNMT1,True,True,True,True,True
6121,ZNF426,True,True,True,True,True
6122,SLC6A8,True,True,True,True,False
6123,PNCK,True,False,False,False,False
6124,DKC1,True,True,True,True,True
6125,PLXNA3,True,False,True,False,False
6126,DUSP9,True,False,False,True,False
6127,MPP1,True,True,True,True,True
6128,ZNF331,True,False,False,False,True
6129,ZNF236,True,False,True,True,True
6130,SLC7A10,True,False,False,False,False
6131,LRP3,True,False,False,False,False
6132,C12orf65,True,True,True,True,True
6133,NOL11,True,True,True,True,True
6134,UBE4B,True,True,True,True,True
6135,CASZ1,True,False,False,False,False
6136,PKDREJ,True,False,False,False,False
6137,HSD17B3,False,False,False,False,False
6138,NUTM2F,False,False,False,False,False
6139,HABP4,True,False,True,True,True
6140,FBP2,True,False,False,False,False
6141,SLC35D2,True,True,True,True,False
6142,PRRG1,True,False,False,False,False
6143,UBA1,True,True,True,True,True
6144,RGN,True,False,False,True,False
6145,POLN,True,False,False,False,False
6146,PPIL4,True,True,True,True,True
6147,ULBP2,True,False,True,False,True
6148,AKAP12,True,False,True,True,False
6149,SYNE1,True,False,True,True,True
6150,ULBP3,True,False,False,False,False
6151,LATS1,True,True,True,True,True
6152,EPS8L1,True,False,False,False,False
6153,LILRB2,True,False,False,False,False
6154,AAR2,True,True,True,True,True
6155,TTLL9,True,False,False,False,False
6156,BPIFA2,True,False,False,False,False
6157,RBM39,True,True,True,True,True
6158,COX4I2,True,False,False,False,False
6159,BPIFA3,True,False,False,False,False
6160,ZNF341,True,False,False,False,False
6161,GGT7,True,False,False,True,False
6162,DEFB118,True,False,False,False,False
6163,ACSS2,True,True,False,True,False
6164,EDA2R,True,False,False,True,False
6165,ARHGEF9,True,False,True,False,True
6166,C1QL1,True,False,True,False,True
6167,GFAP,True,False,False,False,False
6168,PYY,True,False,False,False,False
6169,HIGD1B,True,False,False,False,False
6170,ATP6V1E1,True,True,True,True,True
6171,ZNF227,True,False,False,False,False
6172,ZNF428,True,True,True,True,True
6173,TEX101,True,False,False,False,False
6174,ZNF141,True,False,False,False,False
6175,CCL25,True,False,False,False,False
6176,COX4I1,True,True,True,True,True
6177,EMC8,True,True,True,True,True
6178,GSE1,True,True,True,True,True
6179,GINS2,True,True,True,True,True
6180,CHMP1A,True,True,True,True,True
6181,SH3BGRL,True,True,True,False,True
6182,COX7B,True,True,True,True,True
6183,SLC34A1,True,False,False,False,False
6184,F12,True,True,True,False,True
6185,PRR7,True,False,True,True,True
6186,NFATC1,True,False,False,False,True
6187,IDO1,True,False,False,False,False
6188,GJA9,True,False,False,False,False
6189,CAP1,True,True,True,True,True
6190,PPT1,True,True,True,True,True
6191,RAB11FIP4,True,False,False,True,False
6192,RLIM,True,True,True,True,True
6193,CDX4,True,False,False,False,False
6194,ABCB7,True,True,True,True,True
6195,TRAF3,True,True,True,True,True
6196,HAUS8,True,True,True,True,True
6197,ADGRE3,True,False,False,False,False
6198,SH3BP5,True,True,True,False,True
6199,HACL1,True,True,True,True,True
6200,TBC1D5,True,True,True,True,True
6201,CAPN7,True,True,True,True,True
6202,RFTN1,True,False,True,False,True
6203,C3orf20,True,False,False,False,False
6204,RBSN,True,True,True,True,True
6205,GALNT15,True,False,False,False,False
6206,SLC6A6,True,True,True,True,True
6207,KCNC3,True,False,False,True,False
6208,NAPSA,True,False,False,False,False
6209,NR1H2,True,True,True,True,True
6210,LRRC4B,True,False,False,False,False
6211,PDLIM4,True,False,True,False,False
6212,KIF3A,True,True,True,True,True
6213,MGAT1,True,True,True,True,True
6214,GFPT2,True,False,False,False,False
6215,TUBG1,True,True,True,True,True
6216,PSME3,True,True,True,True,True
6217,PSMC3IP,True,True,True,True,True
6218,AOC3,True,False,False,True,False
6219,ACLY,True,True,True,True,True
6220,VPS25,True,True,True,True,True
6221,RAMP2,True,False,False,False,False
6222,AOC2,True,False,False,False,False
6223,G6PC,True,False,False,False,False
6224,NDUFA2,True,True,True,True,True
6225,ANKHD1,True,True,True,True,True
6226,DIAPH1,True,True,True,True,True
6227,NDFIP1,True,True,True,True,True
6228,UBE2D2,True,True,True,True,True
6229,EXOC4,True,True,True,True,True
6230,ACAP3,True,True,True,True,True
6231,C1orf159,True,False,False,True,False
6232,ANO1,True,False,False,False,False
6233,TMEM204,True,False,False,False,False
6234,KREMEN2,True,False,False,False,False
6235,THOC6,True,True,True,True,True
6236,TRAF7,True,True,True,True,True
6237,BARX1,True,False,False,False,False
6238,NINJ1,True,False,True,True,True
6239,CA6,True,False,False,False,False
6240,NPHP4,True,False,False,False,True
6241,MAP1B,True,True,True,True,False
6242,IL13RA1,True,True,True,True,False
6243,WDR44,True,True,True,False,True
6244,CKMT2,True,False,False,False,False
6245,ZCCHC9,True,True,True,True,True
6246,KRT34,True,False,False,False,False
6247,KRT33B,True,False,False,False,False
6248,TNS4,True,False,False,False,False
6249,TOP2A,True,True,True,True,True
6250,STARD3,True,True,True,True,True
6251,RARA,True,False,True,True,False
6252,PPP1R1B,True,False,False,False,False
6253,KHDRBS3,True,False,True,True,True
6254,PEX11B,True,True,True,True,True
6255,FMO5,True,False,False,True,False
6256,PIAS3,True,False,True,False,False
6257,PRKAB2,True,True,True,True,True
6258,FSHB,True,False,False,False,False
6259,PDHA1,True,True,True,True,True
6260,RAI2,True,False,False,False,False
6261,MCCC2,True,True,True,True,True
6262,ZNF304,True,False,False,False,False
6263,ZSCAN5A,True,False,False,True,False
6264,ZNF132,True,False,False,False,False
6265,USP29,True,False,False,False,False
6266,SELENOS,True,True,True,True,True
6267,CHSY1,True,True,True,True,True
6268,SNRPA1,True,True,True,True,True
6269,LLGL1,True,False,False,False,False
6270,NR0B2,True,False,False,True,False
6271,LIN28A,True,False,False,False,False
6272,THAP1,True,True,True,True,True
6273,RHPN2,True,False,False,True,False
6274,C19orf12,True,True,True,True,True
6275,FAAP24,True,True,False,True,True
6276,LRRC9,True,False,False,False,False
6277,ACTR10,True,True,True,True,True
6278,ABHD12B,True,False,False,False,False
6279,GCH1,True,False,False,True,True
6280,LGALS3,True,False,True,True,False
6281,PODNL1,True,False,False,False,False
6282,DNAJB1,True,True,True,True,True
6283,ZSWIM4,True,False,False,False,False
6284,FBXW9,True,True,True,True,True
6285,RFX1,True,True,True,True,True
6286,ZNF20,True,False,False,False,False
6287,C19orf57,True,False,False,False,False
6288,DCAF15,True,True,True,True,True
6289,CC2D1A,True,True,True,True,True
6290,RTBDN,True,False,False,False,False
6291,MATN3,True,False,False,True,False
6292,TRIM21,True,False,False,False,True
6293,SPATA6,True,False,False,False,True
6294,LRRC41,True,True,True,True,True
6295,CCT6B,True,False,False,False,False
6296,DHX30,True,True,True,True,True
6297,RAF1,True,True,True,True,True
6298,SLC6A11,True,False,False,True,False
6299,PPARG,True,False,True,True,False
6300,NUP210,True,True,False,True,True
6301,FCRLA,True,False,False,False,False
6302,HSD17B7,False,True,False,True,True
6303,ENOSF1,True,True,True,True,True
6304,EMILIN2,True,True,False,True,True
6305,ARFIP2,True,True,True,True,True
6306,TRIM5,True,False,True,True,True
6307,CNGA4,True,False,False,False,False
6308,TRIM22,True,False,True,False,False
6309,RRP8,True,True,True,True,True
6310,TIMM10B,True,True,True,True,True
6311,EFR3A,True,True,True,True,True
6312,HHLA1,True,False,False,False,False
6313,PTCD3,False,True,True,True,True
6314,IMMT,True,True,True,True,True
6315,IQCA1,True,False,False,False,False
6316,ILKAP,True,True,True,True,True
6317,PER2,True,True,False,True,True
6318,RAMP1,True,False,False,False,False
6319,SCLY,True,True,True,True,True
6320,PTPRE,True,False,True,False,True
6321,PRKAA1,True,True,True,True,True
6322,CARD6,True,False,True,False,False
6323,RAP1GAP2,True,False,False,True,False
6324,CLUH,True,True,True,True,True
6325,INPP5K,True,False,False,False,True
6326,MYBBP1A,True,True,True,True,True
6327,RPA1,True,True,True,True,True
6328,SERPINF1,True,True,False,True,False
6329,UBE2G1,True,True,True,True,True
6330,EEFSEC,True,True,True,True,True
6331,TBC1D14,True,True,True,True,True
6332,TMEM128,True,True,True,True,True
6333,COQ3,True,True,True,True,True
6334,PNISR,True,True,True,True,True
6335,POPDC3,True,True,True,False,False
6336,SEC61G,True,True,True,True,True
6337,LANCL2,True,False,True,True,True
6338,FIGNL1,True,True,True,False,True
6339,DDC,True,False,False,True,False
6340,FTHL17,True,False,False,False,False
6341,GRSF1,True,True,True,True,True
6342,ENAM,True,False,False,False,False
6343,JCHAIN,True,False,False,False,False
6344,ANKRD17,True,True,True,True,True
6345,UTP3,True,True,True,True,True
6346,ITGB4,True,False,False,True,False
6347,WBP2,True,True,True,True,True
6348,H3F3B,True,True,True,True,True
6349,UNK,True,True,True,True,True
6350,TRIM47,True,False,False,True,False
6351,ZRANB2,True,True,True,True,True
6352,KDM6B,True,True,True,True,True
6353,CLEC10A,True,False,False,False,False
6354,SLC52A1,True,False,False,False,False
6355,GPS2,True,True,True,True,True
6356,XAF1,True,False,False,False,True
6357,DLG4,True,False,False,False,False
6358,RIDA,True,True,True,True,True
6359,VPS13B,True,True,True,True,True
6360,RGS22,True,False,False,False,False
6361,MATN2,True,False,False,False,False
6362,REEP2,True,False,False,True,True
6363,PCBD2,True,True,True,True,True
6364,SDF2,True,True,True,True,True
6365,FLOT2,True,True,True,True,True
6366,ERAL1,True,True,True,True,True
6367,PRMT7,True,True,True,True,True
6368,NIP7,True,True,True,True,True
6369,TERF2,True,True,True,True,True
6370,VPS4A,True,True,True,True,True
6371,MTSS2,True,False,False,True,False
6372,HSPA12B,True,False,False,False,False
6373,ANKEF1,True,False,False,True,False
6374,SCP2D1,True,False,False,False,False
6375,PCED1A,True,True,False,True,False
6376,SNAP25,True,False,False,False,False
6377,BTBD3,True,False,True,True,True
6378,PCNA,True,True,True,True,True
6379,NXT1,True,True,True,True,True
6380,POLR3F,True,True,True,True,True
6381,RIN2,True,False,True,True,False
6382,PTPRA,True,True,True,True,True
6383,SSTR4,True,False,False,False,False
6384,DAP3,True,True,True,True,True
6385,RHBG,True,False,False,True,False
6386,KHDC4,True,True,True,True,True
6387,ATP1A4,True,False,False,False,False
6388,NES,True,True,False,True,False
6389,BCAN,True,False,False,False,False
6390,CRP,True,False,False,False,False
6391,ARHGEF11,True,False,False,False,False
6392,RAB25,True,False,False,True,False
6393,HAPLN2,True,False,False,False,False
6394,APCS,True,False,False,False,False
6395,FCRL2,True,False,False,False,False
6396,DCAF8,True,True,True,True,True
6397,SYT11,True,False,True,False,False
6398,ACY3,True,False,False,False,False
6399,ALDH3B2,True,False,False,False,False
6400,TESMIN,True,False,False,False,True
6401,MMACHC,True,False,False,False,False
6402,DPH2,True,True,True,True,True
6403,TOE1,True,True,True,True,True
6404,NASP,True,True,True,True,True
6405,MUTYH,True,True,False,True,True
6406,CTNNBL1,True,True,True,True,True
6407,LPIN3,True,False,False,True,False
6408,ZSWIM3,True,False,False,False,False
6409,RBM38,True,True,False,True,True
6410,VSTM2L,True,False,False,False,False
6411,OSER1,True,True,True,True,True
6412,SERINC3,True,True,True,True,True
6413,PPP1R3D,True,False,False,False,False
6414,DMGDH,True,False,False,False,False
6415,BHMT2,True,False,True,True,False
6416,AP3B1,True,True,True,True,True
6417,ZBED3,True,False,True,True,True
6418,PATJ,True,False,True,True,False
6419,KANK4,True,False,False,False,False
6420,ANGPTL3,True,False,False,False,False
6421,SYT4,True,False,False,False,False
6422,SLC14A2,True,False,False,False,False
6423,FBXO44,True,False,False,True,False
6424,CPLANE2,True,False,False,False,False
6425,CASP9,True,False,False,True,False
6426,NMUR2,True,False,False,False,False
6427,DCTN4,True,True,True,True,True
6428,PDE6A,True,False,False,False,False
6429,ATP8A2,True,False,False,False,True
6430,MTUS2,True,False,False,False,False
6431,ZMYM5,True,True,True,True,True
6432,USPL1,True,True,True,True,True
6433,XPO4,True,True,True,True,True
6434,TPTE2,True,False,False,False,False
6435,POMP,True,True,True,True,True
6436,CDK8,True,True,True,True,True
6437,ALOX5AP,True,False,False,False,True
6438,WASF3,True,False,True,True,False
6439,RNF17,True,False,False,False,False
6440,GPR12,True,False,False,False,False
6441,CHRM3,True,False,False,False,False
6442,MYH8,True,False,False,False,False
6443,MYH10,True,True,True,True,True
6444,PEMT,True,True,True,True,True
6445,SCO1,True,True,True,True,True
6446,MPRIP,True,True,True,True,True
6447,CHI3L1,True,False,False,False,False
6448,MYBPH,True,False,False,False,False
6449,PIK3C2B,True,False,False,False,True
6450,DSTYK,True,True,True,True,True
6451,CHIT1,True,False,False,False,False
6452,SLC41A1,True,False,True,False,True
6453,LGR6,True,False,False,False,False
6454,TMCC2,True,False,False,False,False
6455,DCLK1,True,False,False,False,False
6456,CCNA1,True,False,False,False,False
6457,COG6,True,True,True,True,True
6458,SPART,True,True,True,True,True
6459,RXFP2,True,False,False,False,False
6460,EPSTI1,True,False,False,False,False
6461,TRPC4,True,False,False,False,False
6462,POSTN,True,False,False,False,False
6463,RFXAP,True,True,False,True,True
6464,GPALPP1,True,True,True,True,True
6465,STOML3,True,False,False,False,False
6466,KL,True,False,False,False,False
6467,RFC3,True,True,True,True,True
6468,STARD13,True,False,True,False,False
6469,IRS4,True,False,False,False,False
6470,MORC4,True,False,True,True,False
6471,BEX2,True,True,False,False,True
6472,RNF128,True,False,False,True,False
6473,TBC1D8B,True,False,True,True,False
6474,TCEAL4,True,False,True,True,False
6475,BEX1,True,False,True,False,True
6476,FAM104A,True,True,True,True,True
6477,SLC39A11,True,False,False,True,False
6478,EPHB2,True,False,True,False,False
6479,SRRM1,True,True,True,True,True
6480,BTBD2,True,True,True,True,True
6481,PRAM1,True,False,False,False,False
6482,KMT5C,True,True,False,False,True
6483,ZNF414,True,True,True,True,True
6484,PDE6B,True,False,False,False,True
6485,HSPBP1,True,True,True,True,True
6486,CSNK1G2,True,True,True,True,True
6487,SLF1,True,True,True,True,True
6488,CNDP2,True,True,True,True,True
6489,MACROD1,True,True,True,True,True
6490,WDR74,True,True,True,True,True
6491,LGALS12,True,False,False,False,False
6492,RTN3,True,True,True,True,True
6493,PLAAT4,True,False,True,False,True
6494,PLAAT2,True,False,False,False,False
6495,MYH11,True,False,False,False,False
6496,FOPNL,True,True,True,True,True
6497,MED10,True,True,True,True,True
6498,PDZD2,True,False,False,False,False
6499,MORC2,True,True,True,True,True
6500,LARGE1,True,False,False,False,False
6501,GSTT2B,True,False,True,False,False
6502,MYO18B,True,True,False,False,False
6503,SLC2A11,True,False,True,True,True
6504,C1QTNF6,True,False,False,False,False
6505,GGT2,True,False,False,False,False
6506,FAM83F,True,False,False,False,False
6507,SEC14L4,True,False,False,False,False
6508,GIMAP6,True,False,False,False,True
6509,GIMAP4,True,False,False,False,True
6510,ADCK2,True,False,True,True,True
6511,MKRN1,False,True,True,True,True
6512,AGAP3,True,True,True,True,True
6513,KRBA1,True,False,False,False,False
6514,ACTR3B,True,True,False,True,False
6515,NTS,True,False,False,False,False
6516,BTG1,True,True,True,True,True
6517,LRRIQ1,True,False,False,False,False
6518,C12orf29,True,True,True,True,True
6519,ATP13A3,True,True,True,True,True
6520,SFTPD,True,False,False,False,False
6521,DYDC2,True,False,False,False,False
6522,TMEM254,True,False,True,True,False
6523,TMTC1,True,False,False,False,False
6524,KRAS,True,True,True,True,True
6525,IPO8,True,True,True,True,True
6526,LARS,True,True,True,True,True
6527,SPINK5,True,False,False,False,False
6528,IMPA1,True,True,True,True,True
6529,LRRCC1,True,True,True,True,True
6530,E2F5,True,True,False,True,True
6531,CA1,True,False,False,False,False
6532,CCDC59,True,True,True,True,True
6533,SWAP70,True,True,True,True,True
6534,ARNTL,True,False,True,False,True
6535,LYVE1,True,False,False,False,False
6536,AMPD3,True,False,False,False,False
6537,SBF2,True,False,True,True,True
6538,MICAL2,True,True,True,False,False
6539,RRAS2,True,True,True,True,True
6540,HSD17B4,True,True,True,True,True
6541,ZFC3H1,True,True,True,True,True
6542,TEX15,True,False,False,False,False
6543,SARAF,True,True,True,True,True
6544,RNF122,True,False,False,False,False
6545,DUSP26,True,False,False,False,False
6546,DPF2,True,True,True,True,True
6547,MEN1,True,True,True,True,True
6548,ERG28,True,True,True,True,True
6549,GSC,True,False,False,False,False
6550,DGLUCY,True,True,True,False,True
6551,UNC79,True,False,False,False,False
6552,NUMB,True,True,True,True,True
6553,CATSPERB,True,False,False,False,False
6554,VRTN,True,False,False,False,False
6555,COX16,True,True,True,True,True
6556,TTC9,True,False,False,True,False
6557,MED6,True,True,True,True,True
6558,EIF2S1,True,True,True,True,True
6559,ADAM20,True,False,False,False,False
6560,LOXL2,True,False,True,False,False
6561,ELP3,True,True,True,True,True
6562,PEBP4,True,False,False,False,False
6563,ADAMDEC1,True,False,False,False,False
6564,CTIF,True,False,True,True,False
6565,MRO,True,False,False,False,False
6566,MBD2,True,True,True,True,True
6567,IER3IP1,True,True,True,True,True
6568,CCNB1,True,True,True,True,True
6569,CDK7,True,True,True,True,True
6570,CD180,True,False,False,False,False
6571,IRAK2,True,False,False,True,False
6572,CAMK1,True,False,True,True,False
6573,THUMPD3,True,True,True,True,True
6574,VHL,True,True,True,True,True
6575,BHLHE40,True,True,True,True,False
6576,ARL8B,True,True,True,True,True
6577,EDEM1,True,True,True,True,True
6578,CNTN6,True,False,False,False,False
6579,CHL1,True,False,False,False,False
6580,MEIS2,True,True,True,True,True
6581,DPH6,True,True,True,True,True
6582,KATNBL1,True,True,True,True,True
6583,EMC7,True,True,True,True,True
6584,TRPM1,True,False,False,False,False
6585,GNAT2,True,False,False,False,False
6586,GSTM1,True,False,False,False,False
6587,PRPF38B,True,True,True,True,True
6588,REG4,True,False,False,False,False
6589,TSPAN2,True,False,False,False,True
6590,TSHB,True,False,False,False,False
6591,GSTM3,True,True,True,True,True
6592,SYT6,True,False,False,False,False
6593,VAV3,True,False,False,True,True
6594,CHIA,True,False,False,False,False
6595,PSRC1,True,True,True,True,True
6596,HMGCS2,True,False,False,False,False
6597,PTPN22,True,True,False,False,True
6598,SORT1,True,True,True,True,True
6599,WNT2B,True,False,False,False,False
6600,PTGFRN,True,False,False,True,False
6601,LAMTOR5,True,True,True,True,True
6602,ADAM30,True,False,False,False,False
6603,NOTCH2,True,False,True,False,True
6604,TRIM45,True,False,False,False,False
6605,CEPT1,True,True,True,True,True
6606,CD101,True,False,False,False,False
6607,VTCN1,True,False,False,False,False
6608,NGF,True,False,True,False,False
6609,AP4B1,True,False,False,False,True
6610,NAPG,True,True,True,True,True
6611,SPIRE1,True,False,True,True,True
6612,PPHLN1,True,True,True,True,True
6613,FKBP11,True,True,True,True,True
6614,ARF3,True,True,True,True,True
6615,TMEM106C,True,True,True,True,True
6616,SLC38A2,True,True,True,True,True
6617,YWHAQ,True,True,True,True,True
6618,KIDINS220,True,True,True,True,True
6619,GRHL1,True,False,False,False,False
6620,ROCK2,True,True,True,True,True
6621,RSAD2,True,False,False,False,True
6622,MYCN,True,False,False,False,True
6623,LPIN1,True,True,True,True,True
6624,CMPK2,True,True,False,False,True
6625,IAH1,True,False,True,True,True
6626,SAA2,False,False,False,False,False
6627,ANO3,True,False,False,False,False
6628,IL6ST,False,True,True,True,True
6629,FST,True,False,True,True,False
6630,CFHR4,True,False,False,False,False
6631,NAV1,True,True,True,False,False
6632,CDC73,True,True,True,True,True
6633,TIMM17A,True,True,True,True,True
6634,CRB1,True,False,False,False,False
6635,CFHR5,True,False,False,False,False
6636,ERN2,True,False,False,False,False
6637,RAX,True,False,False,False,False
6638,NARS,True,True,True,True,True
6639,GRP,True,False,False,False,False
6640,RELCH,True,True,True,True,True
6641,FBH1,True,True,True,True,True
6642,RBM17,True,True,True,True,True
6643,IL2RA,True,False,False,False,False
6644,ANKRD16,True,True,True,True,True
6645,ECHDC3,True,True,False,False,False
6646,IL15RA,True,False,False,False,False
6647,CCNH,True,True,True,True,True
6648,HRH4,True,False,False,False,False
6649,TMEM241,True,False,False,False,False
6650,KCTD1,True,False,True,False,False
6651,CABLES1,True,False,False,True,False
6652,DOCK2,True,True,False,False,True
6653,EMP1,True,False,True,False,False
6654,SOX5,True,False,False,True,False
6655,RERG,True,False,False,False,False
6656,SLCO1B1,True,False,False,False,False
6657,KLRD1,True,False,False,False,False
6658,KLRC1,True,False,False,False,False
6659,SPX,True,False,False,False,False
6660,PRH2,False,False,False,False,False
6661,LRP4,True,False,False,False,False
6662,MYBPC3,True,False,False,False,False
6663,DDB2,True,False,True,True,True
6664,ACP2,True,True,True,True,True
6665,USP26,True,False,False,False,False
6666,RTL8C,True,True,True,True,False
6667,RAB33A,True,False,False,False,False
6668,SOX3,True,False,False,False,False
6669,RBMX2,True,True,True,True,True
6670,STK26,True,True,True,True,True
6671,PIWIL4,True,False,False,False,False
6672,MTNR1B,True,False,False,False,False
6673,PUM1,True,True,True,True,True
6674,SPOCD1,True,False,True,False,False
6675,YARS,True,True,True,True,True
6676,PHC2,True,True,True,True,True
6677,CDCA8,True,True,True,True,True
6678,GNL2,True,True,True,True,True
6679,AGO4,True,True,False,False,True
6680,HOOK1,True,True,False,True,False
6681,CYP2J2,True,False,False,False,False
6682,BTF3L4,True,True,True,True,True
6683,TUT4,True,True,True,True,True
6684,PRPF38A,True,True,True,True,True
6685,DSC2,True,True,False,True,False
6686,DSG3,True,False,False,False,False
6687,RNF138,True,True,True,True,True
6688,ELP2,True,True,True,True,True
6689,DSG1,True,False,False,False,False
6690,DSC3,True,False,True,False,False
6691,DSC1,True,False,False,False,False
6692,DTNA,True,False,False,True,False
6693,FHOD3,True,False,True,False,False
6694,TPGS2,True,True,True,True,True
6695,DAGLA,True,False,False,False,False
6696,SLC43A3,True,True,True,False,True
6697,TIMM10,True,True,True,True,True
6698,CBLIF,True,False,False,False,False
6699,DHX34,True,True,False,True,True
6700,APLNR,True,False,False,False,False
6701,FADS2,True,False,True,True,True
6702,TMEM258,True,True,True,True,True
6703,TCN1,True,False,False,False,False
6704,C5AR2,True,False,False,False,False
6705,TMEM165,True,True,True,True,True
6706,CLOCK,True,True,True,True,True
6707,PDGFRA,True,False,False,False,False
6708,GGACT,True,False,False,False,False
6709,COL4A2,True,False,True,False,False
6710,CLDN10,True,False,False,False,False
6711,DZIP1,True,False,True,False,False
6712,UBAC2,True,True,True,True,True
6713,ARGLU1,True,True,True,True,True
6714,BIVM,True,True,True,True,True
6715,ERCC5,True,True,True,True,True
6716,TPP2,True,True,True,True,True
6717,POGLUT2,True,True,True,True,False
6718,CARS2,True,True,True,True,True
6719,ARHGAP32,True,False,False,True,True
6720,STT3A,True,True,True,True,True
6721,ADAMTS8,True,False,False,False,False
6722,ACRV1,True,False,False,False,False
6723,ETS1,True,False,True,False,True
6724,SLC37A2,True,False,False,False,False
6725,KLB,True,False,False,True,False
6726,TMED7,True,True,True,True,True
6727,APC,True,True,True,True,True
6728,NREP,True,False,True,True,True
6729,WDR36,True,True,True,True,True
6730,OSTF1,True,True,True,True,True
6731,RFK,True,True,True,True,True
6732,UBQLN1,True,True,True,True,True
6733,NAA35,True,True,True,True,True
6734,C9orf40,True,True,True,True,True
6735,ANXA1,True,False,True,False,True
6736,CTSL,True,True,True,True,False
6737,CEMIP2,True,True,True,True,False
6738,AGTPBP1,True,False,True,True,True
6739,GOLM1,True,True,True,False,True
6740,FAM189A2,True,False,False,False,False
6741,PSAT1,True,True,True,True,True
6742,ISCA1,True,True,True,True,True
6743,ADAM19,True,False,True,False,False
6744,HAVCR2,True,False,False,False,False
6745,CCNJL,True,False,False,True,False
6746,TAOK3,True,True,True,True,True
6747,USP30,True,False,False,True,False
6748,SDS,True,False,False,False,False
6749,MSI1,True,False,False,False,False
6750,HNF1A,True,False,False,True,False
6751,FBXO21,True,True,True,True,True
6752,TBX3,True,False,False,True,False
6753,OASL,True,False,False,False,False
6754,HRK,True,False,False,False,False
6755,RNFT2,True,False,False,False,True
6756,P2RX4,True,False,False,True,True
6757,BICDL1,True,False,False,True,False
6758,DTX1,True,False,False,False,True
6759,TRAFD1,True,True,True,True,False
6760,DMTF1,True,True,True,True,True
6761,OCM2,True,False,False,False,False
6762,TMEM243,True,True,True,True,True
6763,CCDC146,True,False,False,True,False
6764,TMEM60,True,True,True,True,True
6765,CD36,True,False,False,True,False
6766,UGT2A3,True,False,False,True,False
6767,CSN2,True,False,False,False,False
6768,UGT2B28,True,False,False,False,False
6769,PNPLA8,True,True,True,True,True
6770,HILPDA,True,True,True,True,True
6771,FAM71F1,True,False,False,False,False
6772,RINT1,True,True,True,True,True
6773,SRPK2,True,True,True,True,True
6774,KCP,True,False,False,False,False
6775,TES,True,True,True,True,False
6776,MDFIC,True,False,True,False,False
6777,MTO1,True,True,True,True,True
6778,ADGRB3,True,False,False,False,False
6779,ANKRD6,True,False,False,False,False
6780,KHDC1,True,True,False,False,True
6781,CEP162,True,True,True,True,True
6782,SYNCRIP,True,True,True,True,True
6783,SNX14,True,True,True,True,True
6784,NT5E,True,False,True,True,False
6785,MRAP2,True,True,False,False,False
6786,EPHA7,True,False,False,False,False
6787,AKIRIN2,True,True,True,True,True
6788,ORC3,True,True,True,True,True
6789,LCA5,True,False,True,True,False
6790,MAP3K7,True,True,True,True,True
6791,CGA,True,False,False,False,False
6792,GJA10,True,False,False,False,False
6793,PRR5L,True,False,False,False,False
6794,LMO2,True,True,False,False,False
6795,PHF21A,True,True,True,True,True
6796,NAT10,True,True,True,True,True
6797,EHF,True,False,False,False,False
6798,ELF5,True,False,False,False,False
6799,PRRG4,True,False,False,False,False
6800,CAPRIN1,True,True,True,True,True
6801,ATP5MC2,True,True,True,True,True
6802,DNAJC14,True,True,True,True,True
6803,CD63,True,True,True,True,True
6804,PRPH,True,False,False,False,False
6805,AVIL,True,False,False,False,False
6806,AMHR2,True,True,False,False,False
6807,LACRT,True,False,False,False,False
6808,GDF11,True,True,True,True,True
6809,GLS2,True,False,False,True,False
6810,ITGA7,True,False,True,False,False
6811,TESPA1,True,False,False,False,True
6812,FAM186B,True,False,False,False,False
6813,RDH5,True,False,True,True,False
6814,AGAP2,True,False,False,False,True
6815,BLOC1S1,True,True,True,True,True
6816,KRT85,True,False,False,False,False
6817,CDK4,True,True,True,True,True
6818,PPP1R1A,True,False,False,False,False
6819,TROAP,True,True,True,True,True
6820,TSPAN31,True,True,True,True,False
6821,B4GALNT1,True,False,True,False,True
6822,TFCP2,True,True,True,True,True
6823,COQ10A,True,False,False,True,True
6824,FAIM2,True,False,False,False,False
6825,PAN2,True,False,False,True,True
6826,ESPL1,True,True,False,False,True
6827,KRT7,True,False,True,False,False
6828,ZC3H10,True,False,False,False,True
6829,SLC26A10,True,False,False,False,False
6830,ACVR1B,True,True,False,True,False
6831,OS9,True,True,True,True,True
6832,MIP,True,False,False,False,False
6833,KCNH3,True,False,False,False,False
6834,LTV1,True,True,True,True,True
6835,MAP7,True,False,False,False,False
6836,CD164,True,True,True,True,True
6837,AFG1L,True,True,False,True,False
6838,NHSL1,True,False,False,True,False
6839,AHI1,True,True,True,True,True
6840,HEY2,True,False,False,False,False
6841,PKIB,True,True,False,False,False
6842,TAAR5,True,False,False,False,False
6843,NMBR,True,False,False,False,False
6844,SMPD2,True,False,False,False,True
6845,MICAL1,True,False,True,False,True
6846,REPS1,True,True,True,True,True
6847,STX11,True,False,False,False,False
6848,TEC,True,True,False,False,False
6849,PRADC1,True,True,True,True,True
6850,SEMA4F,True,False,False,False,False
6851,EGR4,True,False,False,False,False
6852,RAB11FIP5,True,False,True,False,False
6853,SMYD5,True,True,False,True,True
6854,DYSF,True,False,True,False,False
6855,CCDC142,True,False,False,True,True
6856,EMX1,True,False,False,True,False
6857,KCNMB4,True,False,False,True,False
6858,USP15,True,True,True,True,True
6859,GNS,True,False,True,True,True
6860,CPM,True,False,False,False,False
6861,MDM2,True,True,True,True,True
6862,KLHL36,True,True,True,True,True
6863,BCO1,True,False,False,False,False
6864,MPHOSPH6,True,True,True,True,True
6865,CHST5,True,False,False,False,False
6866,KIAA0513,True,False,False,False,False
6867,DYNC1LI2,True,True,True,True,True
6868,FBXL8,True,True,False,True,True
6869,FHOD1,True,True,True,True,True
6870,CCDC102A,True,False,True,False,True
6871,SLC9A5,True,False,False,False,False
6872,AGT,True,False,False,True,False
6873,PCNX2,True,False,False,False,True
6874,KCNK1,True,False,False,False,True
6875,URB2,True,True,False,True,True
6876,EGLN1,True,True,True,True,True
6877,CAPN9,True,False,False,False,False
6878,COG2,True,True,True,True,True
6879,ABCB10,True,True,True,True,True
6880,NTPCR,True,True,True,True,True
6881,TAF5L,True,True,True,True,True
6882,GLUL,True,True,True,True,True
6883,STX6,True,True,True,True,True
6884,RGS8,True,False,False,False,False
6885,RNASEL,True,False,False,False,True
6886,DHX9,True,True,True,True,True
6887,KIAA1614,True,False,False,False,False
6888,CEP350,True,True,True,True,True
6889,NPL,True,True,False,False,False
6890,NIBAN1,True,False,True,False,False
6891,PIGC,True,True,True,True,True
6892,LAMC1,True,False,True,True,False
6893,RC3H1,True,True,True,True,True
6894,GPR55,True,False,False,False,False
6895,SP110,True,True,True,False,True
6896,CHRND,True,False,False,False,False
6897,PAX3,True,False,False,False,False
6898,DOCK10,True,False,True,False,True
6899,TTLL4,True,True,False,True,True
6900,USP37,True,True,True,True,True
6901,HTR2B,True,False,False,False,False
6902,ITM2C,True,True,True,True,True
6903,SLC19A3,True,False,False,False,False
6904,SERPINE2,True,False,True,True,False
6905,DNAJB2,True,False,True,True,True
6906,WNT10A,True,False,False,False,False
6907,TMBIM1,True,True,True,True,False
6908,CYP27A1,True,False,False,True,False
6909,EIF4E2,True,True,True,True,True
6910,ARMC9,True,False,True,True,True
6911,CAB39,True,True,True,True,True
6912,COX5B,True,True,True,True,True
6913,REV1,True,True,True,True,True
6914,TSGA10,True,False,False,True,True
6915,MFSD9,True,True,False,True,True
6916,TMEM127,True,False,True,True,True
6917,EDAR,True,False,False,False,False
6918,TGFBRAP1,True,True,True,True,True
6919,GCC2,True,True,True,True,True
6920,GPR45,True,False,False,False,False
6921,C2orf49,True,True,True,True,True
6922,ANKRD36,True,True,True,False,True
6923,EPC2,True,True,True,True,True
6924,ARHGEF4,True,False,False,False,False
6925,ISCU,True,True,True,True,True
6926,ALDH1L2,True,True,False,False,False
6927,STAB2,True,False,False,False,False
6928,USP44,True,True,False,False,True
6929,SCYL2,True,True,True,True,True
6930,CKAP4,True,False,True,True,False
6931,PLXNC1,True,False,False,False,False
6932,APPL2,True,False,True,True,True
6933,PWP1,True,True,True,True,True
6934,DRAM1,True,True,True,True,False
6935,WASHC4,True,True,True,True,True
6936,SLC41A2,True,False,False,True,False
6937,VILL,True,False,False,False,True
6938,FLNB,True,True,True,True,True
6939,NEK3,True,False,False,True,False
6940,PCDH8,True,False,False,False,False
6941,VPS36,True,True,True,True,True
6942,RNASEH2B,True,True,True,True,True
6943,CKAP2,True,True,True,True,True
6944,CNMD,True,False,False,False,False
6945,TBC1D4,True,True,True,True,True
6946,THSD1,True,False,False,False,False
6947,BORA,True,True,False,True,True
6948,LRCH1,True,True,True,True,True
6949,SUCLA2,True,True,True,True,True
6950,RCBTB1,True,True,True,True,True
6951,MED4,True,True,True,True,True
6952,PHF11,True,False,True,True,True
6953,COG3,True,True,True,True,False
6954,LMO7,True,False,True,True,True
6955,SCEL,True,False,False,False,False
6956,ITM2B,True,True,True,True,True
6957,SPRY2,True,True,True,True,False
6958,NUDT15,True,True,True,True,True
6959,EDNRB,True,False,False,False,False
6960,RCBTB2,True,True,False,False,True
6961,LCP1,True,True,False,False,True
6962,SETDB2,True,True,False,True,True
6963,SCRN1,True,False,True,True,True
6964,C7orf25,True,False,True,False,True
6965,TNS3,True,False,True,True,False
6966,SPDYE1,True,False,False,False,False
6967,CHST12,True,True,True,True,True
6968,IGF2BP3,True,True,True,True,True
6969,GPNMB,True,False,True,False,False
6970,RAPGEF5,True,False,False,True,False
6971,RAC1,True,True,True,True,True
6972,KDELR2,True,True,True,True,True
6973,NUP42,True,True,True,True,True
6974,IL6,True,False,False,False,False
6975,ZDHHC4,True,True,True,True,True
6976,AOAH,True,False,False,False,False
6977,BZW2,True,True,True,True,True
6978,DGKB,True,False,False,False,False
6979,TBRG4,True,True,True,True,True
6980,DDX56,True,True,True,True,True
6981,HUS1,True,True,True,True,True
6982,NACAD,True,False,False,False,False
6983,DBNL,True,True,True,True,True
6984,CCM2,True,True,True,True,True
6985,MYO1G,True,False,False,False,True
6986,TTYH3,True,False,True,True,True
6987,MMD2,True,False,False,False,False
6988,CIDEB,True,False,False,True,False
6989,TTC5,True,True,True,True,True
6990,NKX2-8,True,False,False,False,False
6991,NKX2-1,True,False,False,False,False
6992,ZFHX2,True,False,False,False,False
6993,MTHFS,True,True,True,True,True
6994,ADAMTS7,True,False,False,False,False
6995,ABHD17C,True,False,True,True,False
6996,IREB2,True,True,True,True,True
6997,ALPK3,True,False,False,False,False
6998,TM6SF1,True,False,False,False,False
6999,CIB2,True,True,False,False,True
7000,CALCOCO2,True,True,True,True,True
7001,RSAD1,True,True,True,True,True
7002,NMT1,True,True,True,True,True
7003,MYCBPAP,True,False,False,False,False
7004,SRSF1,True,True,True,True,True
7005,VEZF1,True,True,True,True,True
7006,CHAD,True,False,False,False,False
7007,TACO1,True,True,True,True,True
7008,TEX2,True,False,True,True,True
7009,DCAF7,True,True,True,True,True
7010,GH2,True,False,False,False,False
7011,CSH1,False,False,False,False,False
7012,LIMD2,True,True,False,True,True
7013,BRIP1,True,True,True,True,True
7014,KAT7,True,True,True,True,True
7015,RTP4,True,False,False,False,False
7016,ACTL6A,True,True,True,True,True
7017,NDUFB5,True,True,True,True,True
7018,TRA2B,True,True,True,True,True
7019,SCN2A,True,False,False,False,False
7020,TBR1,True,False,False,False,False
7021,MARCH7,True,True,True,True,True
7022,ERMN,True,False,False,False,False
7023,GALNT5,True,True,False,False,False
7024,SCN7A,True,False,False,False,False
7025,TANK,True,True,True,True,True
7026,BLK,True,False,False,False,True
7027,GATA4,True,False,False,True,False
7028,SKIL,True,True,True,True,True
7029,EPRS,True,True,True,True,True
7030,HLX,True,False,False,False,False
7031,VPS45,True,True,True,True,True
7032,IL10,True,False,False,False,False
7033,KCTD3,True,True,True,True,True
7034,CBWD2,False,True,False,True,True
7035,IL36G,True,False,False,False,False
7036,IL1RN,True,False,False,True,False
7037,IL36A,True,False,False,False,False
7038,IL36RN,True,False,False,False,False
7039,IL36B,True,False,False,False,False
7040,IL1F10,True,False,False,False,False
7041,CFC1,False,False,False,False,False
7042,SMPD4,True,True,True,True,True
7043,WDR33,True,True,True,True,True
7044,CCDC115,True,True,True,True,True
7045,SAP130,True,True,True,True,True
7046,BIN1,True,False,True,False,False
7047,IMP4,True,True,True,True,True
7048,HS6ST1,True,False,False,True,True
7049,UGGT1,True,True,True,True,True
7050,GYPC,True,True,False,False,True
7051,STAM,True,True,True,True,True
7052,GAD2,True,False,False,False,False
7053,ABI1,True,True,True,True,True
7054,YME1L1,True,True,True,True,True
7055,DNAJC1,True,True,True,True,True
7056,NIPSNAP3A,True,True,True,True,True
7057,LRRC8A,True,True,True,True,True
7058,CDK9,True,True,True,True,True
7059,ODF2,True,True,True,True,True
7060,ECPAS,True,True,True,True,True
7061,TOR1B,True,False,False,True,False
7062,C9orf78,True,True,True,True,True
7063,SMC2,True,True,True,True,True
7064,KLF4,True,False,False,False,False
7065,TOR1A,True,True,True,True,True
7066,RALGPS1,True,False,False,False,True
7067,NIBAN2,True,False,True,True,False
7068,OR1J1,True,False,False,False,False
7069,OR13C9,True,False,False,False,False
7070,ST6GALNAC4,True,False,True,True,False
7071,TMOD1,True,True,False,False,False
7072,DAB2IP,True,False,True,True,False
7073,STXBP1,True,False,True,True,True
7074,SLC2A8,True,False,True,True,False
7075,ANGPTL2,True,False,False,False,False
7076,CDK5RAP2,True,True,True,True,True
7077,ZFP37,True,False,False,False,False
7078,SLC31A2,True,False,False,False,False
7079,SLC31A1,True,True,True,True,True
7080,TLR4,True,False,True,False,False
7081,ZNF189,True,False,False,True,True
7082,ALDOB,True,False,False,False,False
7083,STX17,True,True,True,True,True
7084,PRPF4,True,True,True,True,True
7085,FPGS,True,True,True,True,True
7086,USP20,True,True,False,False,True
7087,BAAT,True,False,False,False,False
7088,KIF12,True,False,False,False,False
7089,ATP6V1G1,True,True,True,True,True
7090,TEX10,True,True,True,True,True
7091,GARNL3,True,False,False,False,False
7092,DPM2,True,True,True,True,True
7093,WDR38,True,False,False,False,False
7094,TSTD2,True,True,True,True,True
7095,GABBR2,True,False,False,False,False
7096,HEMGN,True,True,False,False,False
7097,PSMB7,True,True,True,True,True
7098,NR5A1,True,False,False,True,False
7099,TRMO,True,True,True,True,True
7100,RABEPK,True,True,True,True,True
7101,GOLGA1,True,True,True,True,True
7102,XPA,True,True,True,True,True
7103,NCBP1,True,True,True,True,True
7104,ANP32B,True,True,True,True,True
7105,OR1L4,True,False,False,False,False
7106,PDCL,True,True,True,True,True
7107,CTSV,True,True,False,False,True
7108,LMX1B,True,False,False,False,False
7109,ARPC5L,True,True,True,True,True
7110,ENPP2,True,False,False,False,False
7111,DSCC1,True,True,True,True,True
7112,DERL1,True,True,True,True,True
7113,MYC,True,True,True,True,True
7114,CCN3,True,False,True,False,False
7115,IL33,True,False,False,False,False
7116,DMAC1,True,True,True,True,True
7117,RANBP6,True,True,True,True,True
7118,POLR1E,True,True,True,True,True
7119,PLAA,True,True,True,True,True
7120,IL11RA,True,False,False,False,False
7121,UBAP2,True,True,True,True,True
7122,APTX,True,True,True,True,True
7123,RNF38,True,False,True,True,True
7124,TLN1,True,True,True,True,True
7125,CCL21,True,False,False,False,False
7126,SIT1,True,False,False,False,True
7127,IFNA21,True,False,False,False,False
7128,DMRT1,True,False,False,False,False
7129,DNAJB5,True,False,False,False,False
7130,SPAG8,True,False,False,False,False
7131,DCTN3,True,True,True,True,True
7132,CD72,True,False,False,False,False
7133,TMEM8B,True,False,False,False,False
7134,GRHPR,True,True,True,True,True
7135,ALDH1B1,True,True,True,True,False
7136,HINT2,True,True,True,True,True
7137,ARHGEF39,True,True,False,True,True
7138,IGFBPL1,True,False,False,False,False
7139,DENND4C,True,True,True,True,True
7140,CNPY3,True,True,True,True,True
7141,FOXP4,True,True,True,True,True
7142,PPIL1,True,True,True,True,True
7143,KLC4,True,False,False,True,False
7144,KIF13A,True,True,True,True,False
7145,ZSCAN9,True,True,False,False,False
7146,PIM1,True,True,True,True,False
7147,GMPR,True,True,True,False,False
7148,CMTR1,True,True,True,True,True
7149,TFAP2A,True,True,True,False,False
7150,SLC22A7,True,False,False,True,False
7151,YIPF3,True,True,True,True,True
7152,TMEM14B,True,True,True,True,True
7153,TMEM63B,True,True,True,True,False
7154,FRS3,True,False,False,False,False
7155,TJAP1,True,True,True,True,True
7156,CAPN11,True,False,False,False,False
7157,TINAG,True,False,False,False,False
7158,HCRTR2,True,False,False,False,False
7159,KIAA0319,True,False,False,False,False
7160,IRF4,True,False,False,False,False
7161,SLC22A23,True,True,False,True,False
7162,TUBB2A,True,True,True,True,True
7163,LRRC1,True,False,False,True,True
7164,GCM1,True,False,False,False,False
7165,FOXF2,True,False,False,False,False
7166,BPHL,True,True,True,True,True
7167,RIPK1,True,True,True,True,True
7168,TUBB2B,True,True,False,True,False
7169,UQCC2,True,True,True,True,True
7170,HMGA1,True,True,True,True,True
7171,TCF19,True,True,True,False,True
7172,FLOT1,True,True,True,True,True
7173,IER3,True,True,True,True,True
7174,MDC1,True,True,True,True,True
7175,PGBD1,True,True,True,True,True
7176,ATAT1,True,False,False,True,True
7177,TPMT,True,True,True,True,True
7178,CLPS,True,False,False,False,False
7179,RNF144B,True,False,True,False,False
7180,NRM,True,True,True,True,True
7181,MTCH1,True,True,True,True,True
7182,VARS2,True,True,False,True,True
7183,TAF8,True,True,True,True,True
7184,FAM8A1,True,True,True,True,True
7185,C6orf52,True,True,False,False,False
7186,FGFBP1,True,False,False,False,False
7187,FGFBP2,True,False,False,False,False
7188,CPEB2,True,False,False,False,False
7189,FHDC1,True,False,False,False,False
7190,TLR2,True,False,False,False,False
7191,MGARP,True,False,False,False,False
7192,TTC29,True,False,False,False,False
7193,FCHSD2,True,True,True,True,True
7194,ARRB1,True,True,False,True,True
7195,SLCO2B1,True,False,False,True,False
7196,THAP12,True,True,True,True,True
7197,ANKRD42,True,False,False,False,False
7198,IL18BP,True,False,False,False,False
7199,NUMA1,True,True,True,True,True
7200,CCDC90B,True,True,True,True,True
7201,SYTL2,True,False,False,True,False
7202,RAB30,True,True,True,False,False
7203,CREBZF,True,True,True,True,True
7204,LRRC32,True,False,False,False,False
7205,PRCP,True,True,True,True,True
7206,NARS2,True,True,True,True,True
7207,RNF121,True,True,True,True,True
7208,PI15,True,False,False,False,False
7209,TTPA,True,False,False,False,False
7210,GGH,True,True,True,True,True
7211,SLCO5A1,True,False,False,False,False
7212,SULF1,True,False,True,False,False
7213,TGS1,True,True,True,True,True
7214,SDCBP,True,True,True,True,True
7215,NEK1,True,True,True,True,True
7216,DDX60,True,False,False,False,True
7217,NXPE4,True,False,False,False,False
7218,SORL1,True,False,False,True,True
7219,TMPRSS4,True,False,False,False,False
7220,BUD13,True,True,True,True,True
7221,TRPC6,True,False,False,False,False
7222,MMP7,True,False,False,False,False
7223,MMP20,True,False,False,False,False
7224,MMP27,True,False,False,False,False
7225,CFAP300,True,False,True,False,False
7226,DCUN1D5,True,True,True,True,True
7227,YAP1,True,False,True,True,False
7228,TRIM29,True,False,False,False,False
7229,SLC37A4,True,True,True,True,False
7230,BTG4,True,False,False,False,False
7231,POU2F3,True,False,False,False,False
7232,RDX,True,True,True,True,True
7233,PPP2R1B,True,True,True,True,True
7234,FDX1,True,True,True,True,True
7235,C11orf1,True,True,True,True,True
7236,FXYD6,True,False,False,False,False
7237,ARHGAP20,True,False,False,False,False
7238,FXYD2,True,False,False,True,True
7239,MMP13,True,False,False,False,False
7240,TMPRSS13,True,False,False,False,False
7241,CASP1,False,False,False,False,False
7242,CASP5,True,False,False,False,False
7243,ALKBH8,True,False,False,False,True
7244,MAP2K5,True,True,True,True,True
7245,UNC13C,True,False,False,False,False
7246,SQOR,True,False,True,True,True
7247,CTDSPL2,True,True,True,True,True
7248,SLTM,True,True,True,True,True
7249,THBS1,True,False,True,True,False
7250,MAPKBP1,True,False,True,False,True
7251,NUSAP1,True,True,True,True,True
7252,NDUFAF1,True,True,True,True,True
7253,KIF23,True,True,True,True,True
7254,ITGA11,True,False,True,False,False
7255,KNL1,True,True,True,True,True
7256,HAUS2,True,True,True,True,True
7257,RTF1,True,True,True,True,True
7258,PARP6,True,False,False,False,True
7259,PAQR5,True,False,False,False,False
7260,LRRC49,True,False,True,False,False
7261,TUBGCP4,True,True,True,True,True
7262,RMDN3,True,True,True,True,True
7263,ITPKA,True,True,False,True,False
7264,UACA,True,False,True,True,True
7265,SMAD6,True,False,True,True,True
7266,PLCB2,True,False,False,False,False
7267,TMEM62,True,False,False,False,False
7268,PAK6,True,False,False,False,False
7269,ADAM10,True,True,True,True,True
7270,SLC28A2,True,False,False,False,False
7271,STRA6,True,False,False,False,False
7272,CYP19A1,True,False,False,True,False
7273,ZNF280D,True,True,True,True,True
7274,SEMA6D,True,False,False,False,False
7275,BCL2L10,True,False,False,False,False
7276,RSL24D1,True,True,True,True,True
7277,SPTBN5,True,False,False,False,False
7278,GCOM1,False,False,False,False,False
7279,GCHFR,True,True,False,True,True
7280,BCAR3,True,False,True,True,False
7281,TTLL7,True,False,True,False,False
7282,FNBP1L,True,True,True,True,True
7283,KYAT3,True,True,True,True,True
7284,GTF2B,True,True,True,True,True
7285,BRDT,True,False,False,False,False
7286,RABGGTB,True,True,True,True,True
7287,IFI44L,True,False,False,False,False
7288,GIPC2,True,False,False,True,False
7289,ARHGAP29,True,False,True,True,False
7290,IFI44,True,False,False,False,False
7291,SLC44A5,True,False,False,True,False
7292,CLCA2,True,False,False,False,False
7293,DNASE2B,True,False,False,False,False
7294,DBT,True,True,True,True,True
7295,RTCA,True,True,True,True,True
7296,IFT172,True,False,False,False,False
7297,SELENOI,True,True,True,True,True
7298,CGREF1,True,False,False,True,False
7299,HADHB,True,True,True,True,True
7300,KHK,True,True,False,True,True
7301,ADCY3,True,False,True,False,True
7302,PPM1B,True,True,True,True,True
7303,PNPT1,False,True,True,True,True
7304,DYNC2LI1,True,True,True,True,True
7305,LHCGR,True,False,False,False,False
7306,THUMPD2,True,True,True,True,False
7307,CYP1B1,True,False,True,False,False
7308,SULT6B1,True,False,False,False,False
7309,RAB1A,True,True,True,True,True
7310,ACTR2,True,True,True,True,True
7311,PREB,True,True,True,True,True
7312,SLC5A6,True,True,True,True,True
7313,ABCG5,True,False,False,False,False
7314,PREPL,True,True,True,True,True
7315,SLC3A1,True,False,False,False,False
7316,EMILIN1,True,False,False,True,False
7317,FBXO11,True,True,True,True,True
7318,SIX3,True,False,True,False,False
7319,ATRAID,True,True,True,True,True
7320,CENPO,True,True,True,True,True
7321,LRPPRC,True,True,True,True,True
7322,TRIM54,True,False,False,False,False
7323,DTNB,True,False,False,True,True
7324,ACTR1A,True,True,True,True,True
7325,CYP2C9,True,False,False,False,False
7326,MFSD13A,True,False,False,True,True
7327,CYP2C8,True,False,False,False,False
7328,MYOF,True,False,True,False,False
7329,LOXL4,True,False,False,True,False
7330,STAMBPL1,True,False,True,False,True
7331,CH25H,True,False,False,False,False
7332,LBX1,True,False,False,False,False
7333,ATAD1,True,True,True,True,True
7334,BTBD16,True,False,False,True,False
7335,KIF11,True,True,True,True,True
7336,CUZD1,True,False,False,False,False
7337,TACC2,True,False,True,True,False
7338,DUSP5,True,False,True,False,False
7339,CALHM2,True,False,False,False,False
7340,ARL3,True,True,True,True,True
7341,CEP55,True,True,True,True,True
7342,KIF20B,True,True,True,True,True
7343,ENTPD1,True,False,False,False,False
7344,EXOC6,True,True,True,True,True
7345,PLCE1,True,False,True,False,False
7346,RBP4,True,False,False,True,False
7347,DBR1,True,True,True,True,True
7348,DNAJC13,True,True,True,True,True
7349,GPR87,True,False,False,False,False
7350,ANXA7,True,True,True,True,True
7351,FAM149B1,True,False,True,False,False
7352,ASCC1,True,True,True,True,True
7353,PLA2G12B,True,False,False,True,False
7354,ZNF365,True,False,False,False,False
7355,OIT3,True,False,False,False,False
7356,ADAMTS14,True,False,False,False,False
7357,TET1,True,True,True,True,True
7358,DNA2,True,True,True,True,True
7359,MYPN,True,False,False,False,False
7360,AOX1,True,False,True,True,False
7361,ATIC,True,True,True,True,True
7362,SMARCAL1,True,True,True,True,True
7363,BARD1,True,True,True,True,True
7364,STAT4,True,False,False,False,False
7365,MSTN,True,False,False,False,False
7366,CARF,True,False,False,False,True
7367,ASNSD1,True,True,True,True,True
7368,METTL5,True,True,True,True,True
7369,NAB1,True,True,True,True,True
7370,CDK15,True,False,False,False,False
7371,PPIG,True,True,True,True,True
7372,FASTKD1,True,True,False,True,True
7373,MDH1B,True,False,False,False,False
7374,HECW2,True,False,False,False,False
7375,IDH1,True,True,True,True,True
7376,OLA1,False,True,True,True,True
7377,CIR1,True,True,True,True,True
7378,ITPRID2,True,True,True,True,True
7379,CHRNA1,True,False,False,False,False
7380,FAM117B,True,True,False,True,True
7381,WDR12,True,True,True,True,True
7382,ABI2,True,True,True,True,True
7383,ITGAV,True,True,True,True,True
7384,SLC40A1,True,True,False,True,True
7385,SLC35A5,True,False,True,False,True
7386,SLC49A4,True,False,True,True,False
7387,SENP7,True,True,False,True,True
7388,GUCA1C,True,False,False,False,False
7389,CCDC54,True,False,False,False,False
7390,COX17,True,True,True,True,True
7391,PARP9,True,False,True,False,True
7392,MNS1,True,False,True,False,False
7393,USP8,True,True,True,True,True
7394,SECISBP2L,True,True,True,True,True
7395,TMOD3,True,True,True,True,True
7396,SPPL2A,True,True,True,True,True
7397,GLCE,True,True,True,True,False
7398,SHF,True,False,False,True,False
7399,APH1B,True,False,True,False,True
7400,INTS14,True,True,True,True,True
7401,CILP,True,False,False,False,False
7402,PARP16,True,False,False,False,True
7403,PPCDC,True,True,True,True,True
7404,HCN4,True,False,False,False,False
7405,SEMA7A,True,False,True,False,False
7406,UBL7,True,True,True,True,True
7407,ARHGAP24,True,True,True,False,False
7408,FAM13A,True,True,True,False,False
7409,HERC3,True,False,True,False,False
7410,HERC6,True,False,False,False,False
7411,HERC5,True,False,False,False,True
7412,PCDH10,True,False,True,False,False
7413,NDST4,True,False,False,False,False
7414,ZGRF1,True,True,True,False,True
7415,AP1AR,True,True,True,True,True
7416,COPS4,True,True,True,True,True
7417,HNRNPD,True,True,True,True,True
7418,PRKG2,True,False,False,False,False
7419,RASGEF1B,True,False,False,False,False
7420,SEC31A,True,True,True,True,True
7421,FGF5,True,False,True,False,False
7422,GPAT3,True,False,True,True,False
7423,IL21,True,False,False,False,False
7424,FGF2,True,True,True,False,False
7425,BBS7,True,True,True,True,True
7426,KIAA1109,True,True,True,True,True
7427,BMPR1B,True,False,False,False,False
7428,RAP1GDS1,True,True,True,True,True
7429,LARP1B,True,True,True,True,True
7430,MMRN1,True,False,False,False,False
7431,PDE5A,True,False,True,False,False
7432,PRDM5,True,False,False,False,False
7433,TRPC3,True,False,False,False,False
7434,NAAA,True,False,False,True,True
7435,NUP54,True,True,True,True,True
7436,CXCL9,True,False,False,False,False
7437,BMP2K,True,True,True,True,True
7438,G3BP2,True,True,True,True,True
7439,SEPTIN11,True,True,True,True,True
7440,FRAS1,True,False,False,True,False
7441,SCARB2,True,True,True,True,True
7442,CCNG2,True,False,True,True,True
7443,CNOT6L,True,True,True,True,True
7444,USO1,True,True,True,True,True
7445,CDKL2,True,False,False,False,False
7446,SHROOM3,True,False,True,False,False
7447,ANXA3,True,True,True,True,False
7448,PPA2,True,True,True,True,True
7449,CENPE,True,True,True,True,True
7450,GSTCD,True,True,True,True,True
7451,INTS12,True,True,True,True,True
7452,ENPEP,True,False,False,False,False
7453,CASP6,True,True,True,True,True
7454,LEF1,True,True,False,False,True
7455,HADH,True,True,True,True,True
7456,EGF,True,False,False,False,False
7457,PAPSS1,True,True,True,True,True
7458,SEC24B,True,True,True,True,True
7459,C4orf17,True,False,False,False,False
7460,PPP3CA,True,True,True,True,True
7461,SLC39A8,True,True,True,False,True
7462,MTTP,True,False,False,True,False
7463,FBN2,True,False,True,False,False
7464,MAPK8IP3,True,False,False,False,False
7465,RGS3,True,False,True,True,False
7466,GUCD1,True,True,True,True,True
7467,TTLL8,True,False,False,False,False
7468,RNF185,True,False,True,True,True
7469,SHISAL1,True,False,False,False,False
7470,PARVG,True,False,False,False,True
7471,B4GALNT3,True,False,False,False,False
7472,PDE6H,True,False,False,False,False
7473,ERP27,True,False,False,True,False
7474,ETV6,True,True,True,True,True
7475,GABARAPL1,False,True,True,True,True
7476,KIF21A,True,True,True,True,False
7477,CPNE8,True,True,False,False,False
7478,YARS2,True,True,True,True,True
7479,FGD4,True,False,True,True,False
7480,ALG10,False,False,False,False,True
7481,PIK3C2G,True,False,False,False,False
7482,SINHCAF,True,True,True,True,True
7483,PLCZ1,True,False,False,False,False
7484,AEBP2,True,True,True,True,True
7485,SLCO1C1,True,False,False,False,False
7486,ETFBKMT,True,False,False,False,False
7487,ETNK1,True,True,True,True,True
7488,ZCRB1,True,True,True,True,True
7489,TMEM117,True,False,False,False,False
7490,PRICKLE1,True,False,False,False,False
7491,C1RL,True,False,True,True,False
7492,NDUFA9,True,True,True,True,True
7493,CLSTN3,True,False,False,True,False
7494,KLRG1,True,False,False,False,False
7495,VAMP1,True,False,False,False,False
7496,TAPBPL,True,False,False,False,True
7497,CD27,True,False,False,False,False
7498,RBP5,True,False,False,True,False
7499,PEX5,True,False,False,True,True
7500,PIANP,True,False,False,False,False
7501,SLC38A4,True,False,False,False,False
7502,AMIGO2,True,False,True,False,False
7503,SCAF11,True,True,True,True,True
7504,COL2A1,True,True,False,False,False
7505,PPFIA2,True,False,False,False,False
7506,ANP32D,True,False,False,False,False
7507,LLPH,True,True,True,True,True
7508,LRIG3,True,False,False,True,False
7509,MARCH9,True,True,True,True,True
7510,INHBE,True,False,False,True,False
7511,GLIPR1,True,False,True,True,False
7512,TPH2,True,False,False,False,False
7513,PHLDA1,True,False,True,True,False
7514,TMEM19,True,True,True,True,True
7515,LGR5,True,False,False,True,False
7516,PTPRQ,True,False,False,False,False
7517,DUSP6,True,False,True,True,False
7518,POC1B,True,True,True,True,True
7519,TMTC3,True,True,True,True,True
7520,LUM,True,False,False,False,False
7521,KERA,True,False,False,False,False
7522,SNRPF,True,True,True,True,True
7523,AMDHD1,True,False,False,False,False
7524,NEDD1,True,True,True,True,True
7525,SYCP3,True,False,False,False,False
7526,ASCL1,True,False,False,False,False
7527,GAS2L3,True,False,True,True,False
7528,TMEM132B,True,False,False,False,False
7529,SLC15A4,True,False,True,True,True
7530,TDG,True,True,True,True,True
7531,RITA1,True,True,True,True,True
7532,SDSL,True,False,True,True,False
7533,MMAB,True,True,True,True,True
7534,GLTP,True,True,True,True,True
7535,GIT2,True,True,True,True,True
7536,TCHP,True,True,True,True,True
7537,FAM222A,True,False,False,True,False
7538,FOXN4,True,False,False,False,False
7539,NUP58,True,True,True,True,True
7540,MTMR6,True,True,True,True,True
7541,SLC46A3,True,False,False,False,True
7542,SLC7A1,True,True,True,True,True
7543,PDX1,True,False,False,False,False
7544,LNX2,True,False,False,True,True
7545,SUOX,True,False,False,True,False
7546,CCDC65,True,False,False,False,False
7547,SLC39A5,True,False,False,True,False
7548,TARBP2,True,True,True,True,True
7549,RDH16,True,False,False,False,False
7550,DHH,True,False,False,False,False
7551,ACVRL1,True,False,False,False,False
7552,GPR84,True,False,False,False,False
7553,NABP2,True,True,True,True,True
7554,N4BP2L1,True,False,False,True,True
7555,CELA1,True,False,False,False,False
7556,SMARCC2,True,True,True,True,True
7557,BRCA2,True,True,True,True,True
7558,KANSL2,True,True,True,True,True
7559,CERS5,True,True,True,True,True
7560,MAP3K12,True,False,False,True,False
7561,ITGB7,True,False,False,False,False
7562,GALNT6,True,True,False,False,True
7563,CSAD,True,False,True,True,False
7564,LMBR1L,True,True,True,True,True
7565,C12orf10,True,False,True,True,True
7566,ESYT1,True,True,True,True,True
7567,TMBIM6,True,True,True,True,True
7568,ANKRD52,True,True,True,True,True
7569,KRT71,True,False,False,False,False
7570,ZNF740,True,True,False,True,True
7571,SMIM2,True,False,False,False,False
7572,WDFY2,True,True,True,True,True
7573,LPAR6,True,False,False,True,False
7574,ESD,True,True,True,True,True
7575,RB1,True,True,True,True,True
7576,SBNO1,True,True,True,True,True
7577,MORN3,True,False,False,True,False
7578,SETD1B,True,True,False,False,True
7579,VPS33A,True,True,True,True,True
7580,VPS37B,True,True,True,True,True
7581,RHOF,True,False,True,True,True
7582,DENR,True,True,True,True,True
7583,DIAPH3,True,True,True,True,True
7584,SLAIN1,True,False,False,False,True
7585,RBM26,True,True,True,True,True
7586,SRRM4,True,False,False,False,False
7587,METTL21C,True,False,False,False,False
7588,MBNL2,True,True,True,True,True
7589,RNF113B,True,False,False,False,False
7590,ZIC5,True,False,False,False,False
7591,ABHD13,True,True,True,True,True
7592,RAB20,True,True,False,True,False
7593,GRTP1,True,True,False,True,False
7594,CUL4A,True,True,True,True,True
7595,TTC6,True,False,False,False,False
7596,SSTR1,True,False,False,False,False
7597,CDH24,True,False,False,False,False
7598,REM2,True,False,False,False,False
7599,CBLN3,True,False,False,False,False
7600,TSSK4,True,False,False,False,False
7601,NOVA1,True,False,True,False,True
7602,FITM1,True,False,False,True,False
7603,MDGA2,True,False,False,False,False
7604,TMX1,True,True,True,True,True
7605,FRMD6,True,False,True,False,False
7606,PELI2,True,False,False,False,True
7607,RTN1,True,False,False,False,False
7608,ARMH4,True,False,False,False,False
7609,SYT16,True,False,False,False,False
7610,SLC38A6,True,True,True,True,True
7611,NAA30,True,False,True,True,True
7612,ADAM21,True,False,False,False,False
7613,RDH12,True,False,False,False,False
7614,DCAF5,True,True,True,True,True
7615,RAB15,True,False,False,True,True
7616,WDR89,True,True,False,True,True
7617,KCNH5,True,False,False,False,False
7618,STON2,True,True,False,False,True
7619,EFCAB11,True,True,True,True,True
7620,GPR65,True,False,False,False,False
7621,PTGR2,True,True,False,True,True
7622,JDP2,True,True,False,True,False
7623,AK7,True,False,False,False,False
7624,FAM181A,True,False,False,False,False
7625,SLC24A4,True,False,False,False,False
7626,FBLN5,True,False,False,False,False
7627,SERPINA10,True,False,False,True,False
7628,CLBA1,True,False,False,False,False
7629,WARS,True,True,True,True,True
7630,SLC25A47,True,False,False,False,False
7631,WDR20,True,True,True,True,True
7632,NIPA2,True,True,True,True,True
7633,SLC12A6,True,False,False,True,False
7634,DUOXA1,True,False,False,False,False
7635,MFAP1,True,True,True,True,True
7636,TCF12,True,True,True,True,True
7637,SORD,True,True,True,True,True
7638,SERF2,True,True,True,True,True
7639,ZSCAN29,True,False,False,True,True
7640,DUOXA2,True,False,False,False,False
7641,DUOX2,True,False,False,False,False
7642,LYSMD2,True,False,True,False,True
7643,SLC27A2,True,True,False,True,False
7644,FGF7,True,False,False,False,False
7645,HDC,True,False,False,False,False
7646,GCNT3,True,False,False,True,False
7647,BNIP2,True,True,True,True,True
7648,GTF2A2,True,True,True,True,True
7649,BAHD1,True,False,False,False,False
7650,DISP2,True,False,False,False,False
7651,CDAN1,True,False,False,False,False
7652,TLE3,True,True,True,True,True
7653,ANP32A,True,True,True,True,True
7654,COMMD4,True,True,True,True,True
7655,UBE2Q2,True,True,True,True,True
7656,PSTPIP1,True,False,False,False,False
7657,ETFA,True,True,True,True,True
7658,BCL2A1,True,False,False,False,False
7659,HMG20A,True,True,True,True,True
7660,SCAPER,True,True,True,True,True
7661,TSPAN3,True,True,True,True,True
7662,WDR61,True,True,True,True,True
7663,NCOA2,True,True,True,True,True
7664,NEIL1,True,False,False,False,False
7665,DNAJA4,True,False,False,False,False
7666,TLNRD1,True,True,True,True,True
7667,TPM1,True,True,True,True,True
7668,IGF1R,True,True,True,True,True
7669,ARRDC4,True,False,False,True,False
7670,PIF1,True,True,True,True,True
7671,USP3,True,True,True,True,True
7672,CYP11A1,True,False,False,False,False
7673,BBS4,True,True,True,True,True
7674,PML,True,True,True,True,True
7675,CYP1A1,True,False,False,False,False
7676,ADAMTS17,True,False,False,False,False
7677,LINS1,True,True,False,False,True
7678,ULK3,True,True,False,True,True
7679,GOLGA6D,False,False,False,False,False
7680,PCSK6,True,True,False,True,False
7681,CCDC33,True,False,False,False,False
7682,CELF6,True,False,False,False,False
7683,SCAMP2,True,True,True,True,True
7684,CYP1A2,True,False,False,False,False
7685,LMAN1L,True,False,False,False,False
7686,HAPLN3,True,False,False,False,False
7687,RHCG,True,False,False,False,False
7688,POLG,True,True,True,True,True
7689,RLBP1,True,False,False,False,False
7690,FANCI,True,True,True,True,True
7691,ABHD2,True,True,True,True,True
7692,WDR93,True,False,False,False,False
7693,TICRR,True,True,False,False,True
7694,NTRK3,True,False,False,False,False
7695,DET1,True,False,False,False,False
7696,MFGE8,True,True,True,True,True
7697,ZNF710,True,False,False,True,False
7698,UNC45A,True,True,True,True,True
7699,ST8SIA2,True,False,False,False,False
7700,MCTP2,True,False,False,False,False
7701,FURIN,True,True,True,True,False
7702,IQGAP1,True,True,True,True,True
7703,CRTC3,True,True,True,True,True
7704,EFL1,True,True,True,True,True
7705,SH3GL3,True,False,False,False,False
7706,SEC11A,True,True,True,True,True
7707,SEPTIN12,True,False,False,False,False
7708,GLYR1,True,True,True,True,True
7709,PMM2,True,True,True,True,True
7710,SLC5A2,True,False,False,False,False
7711,ITGAX,True,False,False,False,False
7712,TGFB1I1,True,False,True,True,False
7713,C16orf58,True,False,True,True,True
7714,ARMC5,True,False,False,True,False
7715,PARN,True,True,True,True,True
7716,FTO,True,True,True,True,True
7717,UQCRC2,True,True,True,True,True
7718,CDR2,True,True,True,True,True
7719,IGSF6,True,False,False,False,False
7720,ARHGAP17,True,True,True,True,True
7721,MYLK3,True,False,False,False,False
7722,ABCC12,True,False,False,False,False
7723,NKD1,True,False,False,True,False
7724,DHX38,True,True,True,True,True
7725,TXNL4B,True,True,True,True,True
7726,MARVELD3,True,False,False,True,False
7727,CHST4,True,False,False,False,False
7728,ZFHX3,True,True,True,True,False
7729,CLEC18B,False,False,False,False,False
7730,CPNE2,True,False,True,True,False
7731,NLRC5,True,False,False,False,True
7732,KATNB1,True,True,True,True,True
7733,KIFC3,True,True,True,True,False
7734,ADAMTS18,True,False,False,False,False
7735,NUDT7,True,False,False,True,False
7736,GCSH,False,True,True,True,True
7737,CMTM3,True,True,True,True,True
7738,CMTM2,True,False,False,False,False
7739,CDH11,True,False,False,False,False
7740,NOL3,True,False,True,True,False
7741,MAP1LC3B,True,True,True,True,True
7742,MBTPS1,True,True,True,True,True
7743,CDH13,True,False,True,False,False
7744,ZCCHC14,True,True,True,True,False
7745,MEAK7,True,False,True,True,False
7746,ADAD2,True,False,False,False,False
7747,OSGIN1,True,False,False,True,False
7748,IRF8,True,False,False,False,False
7749,RHOT2,True,True,True,True,True
7750,ZSCAN32,True,False,False,False,True
7751,NDUFB10,True,True,True,True,True
7752,PDPK1,True,True,True,True,True
7753,TIGD7,True,False,False,False,False
7754,DEF8,True,True,True,True,True
7755,TCF25,True,True,True,True,True
7756,GALNS,True,False,False,True,True
7757,GAS8,True,False,False,True,False
7758,MED9,True,False,False,True,True
7759,NCOR1,True,True,True,True,True
7760,COPS3,True,True,True,True,True
7761,GID4,True,True,True,True,True
7762,ZNF287,True,False,False,False,True
7763,MYOCD,True,False,False,False,False
7764,KSR1,True,True,False,True,False
7765,UTP4,True,True,True,True,True
7766,RANBP10,True,True,False,True,True
7767,CTRL,True,False,False,False,False
7768,DPEP3,True,False,False,False,False
7769,GFOD2,True,True,True,True,True
7770,NOB1,True,True,True,True,True
7771,PRPSAP2,True,True,True,True,True
7772,UNC45B,True,False,False,False,False
7773,PCTP,True,False,False,True,False
7774,OR4D1,True,False,False,False,False
7775,TOM1L1,True,False,True,True,False
7776,KIF2B,True,False,False,False,False
7777,C17orf80,True,True,True,True,True
7778,TOB1,True,True,True,True,True
7779,VPS53,True,True,True,True,True
7780,SPATA22,True,True,False,False,False
7781,SGSM2,True,False,True,True,True
7782,NPEPPS,True,True,True,True,True
7783,SKAP1,True,False,False,False,True
7784,LRRC46,True,False,False,False,False
7785,SCRN2,True,False,True,True,True
7786,SSH2,True,True,True,True,True
7787,RHBDL3,True,False,False,False,False
7788,SPACA3,True,False,False,False,False
7789,ARSG,True,False,False,True,False
7790,ABCA8,True,False,False,False,False
7791,G6PC3,True,True,True,True,True
7792,CLTC,True,True,True,True,True
7793,C17orf64,True,False,False,False,False
7794,BCAS3,True,False,False,True,False
7795,PTRH2,True,True,True,True,True
7796,SS18,True,True,True,True,True
7797,TAF4B,True,True,False,False,False
7798,AFG3L2,True,True,True,True,True
7799,PRELID3A,True,False,False,False,False
7800,IMPA2,True,False,True,True,True
7801,GNAL,True,False,False,False,False
7802,SLC39A6,True,True,True,True,True
7803,RPRD1A,True,True,True,True,True
7804,C18orf21,True,True,True,True,True
7805,GALNT1,True,True,True,True,True
7806,ASXL3,True,False,False,False,False
7807,ADCYAP1,True,False,False,False,True
7808,MEP1B,True,False,False,False,False
7809,SLC25A52,True,False,False,False,False
7810,GAREM1,True,False,False,False,False
7811,ESCO1,True,True,True,True,True
7812,OSBPL1A,True,False,True,False,True
7813,GATA6,True,False,True,False,False
7814,GREB1L,True,False,False,False,False
7815,RMC1,True,False,False,True,True
7816,PELP1,True,True,True,True,True
7817,NPC1,True,False,True,True,True
7818,SLC14A1,True,False,False,False,False
7819,ARRB2,True,True,True,True,True
7820,SLC13A5,True,False,False,True,False
7821,ZMYND15,True,False,False,False,False
7822,WRAP53,True,True,True,True,True
7823,MINK1,True,False,True,False,True
7824,SAT2,True,False,True,True,True
7825,ASGR1,True,False,False,True,False
7826,PIK3R5,True,False,False,False,False
7827,TP53,True,False,True,True,True
7828,CCDC40,True,False,False,False,False
7829,ARHGDIA,True,True,True,True,True
7830,TMC6,True,True,False,True,True
7831,SLC16A3,True,False,True,True,False
7832,CARD14,True,False,False,False,False
7833,TTYH2,True,False,False,False,False
7834,RAB40B,True,False,True,True,False
7835,EIF4A3,True,True,True,True,True
7836,CSNK1D,True,True,True,True,True
7837,ANAPC11,True,True,True,True,True
7838,TBCD,True,True,True,True,True
7839,FN3KRP,True,True,True,True,True
7840,NARF,True,True,True,True,True
7841,RPTOR,True,True,False,True,True
7842,FOXK2,True,True,True,True,True
7843,TRIM65,True,True,False,False,True
7844,CBX8,True,False,False,True,True
7845,SECTM1,True,False,False,False,False
7846,RNF157,True,True,False,True,False
7847,CEP131,True,False,False,True,True
7848,ZNF750,True,False,False,False,False
7849,WDR45B,True,True,True,True,True
7850,CBX4,True,True,True,True,True
7851,RNF165,True,False,False,False,True
7852,DYM,True,True,True,True,True
7853,MAPK4,True,False,False,False,False
7854,ELAC1,True,False,True,False,True
7855,MBD1,True,False,True,True,True
7856,SMAD4,True,True,True,True,True
7857,TNFRSF11A,True,False,True,False,False
7858,ZCCHC2,True,False,True,True,True
7859,FBXO15,True,False,False,False,False
7860,CBLN2,True,False,False,False,False
7861,PMAIP1,True,True,True,True,True
7862,P3H4,True,False,True,True,False
7863,NT5C3B,True,True,True,True,True
7864,RETREG3,True,True,True,True,True
7865,ERBB2,True,False,True,True,False
7866,GRB7,True,False,False,True,False
7867,MIEN1,True,True,True,True,True
7868,PNMT,True,True,False,False,False
7869,ARL5C,True,False,False,False,False
7870,STAC2,True,False,False,False,False
7871,IGFBP4,True,True,False,True,False
7872,FKBP10,True,False,True,True,False
7873,TXNL4A,True,True,True,True,True
7874,SAMD1,True,True,True,True,True
7875,BRD4,True,True,True,True,True
7876,SLC39A3,True,True,True,True,True
7877,NFIC,True,True,True,True,True
7878,TPGS1,True,True,True,True,True
7879,PLPP2,True,False,True,False,False
7880,ZIM3,True,False,True,False,True
7881,PRDM15,True,False,False,False,False
7882,FEM1A,True,True,True,True,True
7883,VAV1,True,False,False,False,True
7884,MVB12A,True,True,True,True,True
7885,CIB3,True,False,False,False,False
7886,SH3GL1,True,True,True,True,True
7887,DUS3L,True,True,False,True,True
7888,DPP9,True,True,True,True,True
7889,DMRTC2,True,False,False,False,False
7890,CCDC97,True,True,False,True,True
7891,TMEM91,True,False,False,True,False
7892,ZFP14,True,False,False,False,True
7893,SIRT3,True,False,False,True,False
7894,IFITM3,True,False,True,True,False
7895,PGGHG,True,False,False,False,False
7896,HUNK,True,False,False,True,True
7897,COL6A1,True,False,False,False,False
7898,IFNAR1,True,True,True,True,True
7899,SOD1,True,True,True,True,True
7900,COL6A2,True,False,False,False,False
7901,DNMT3L,True,False,False,False,False
7902,TRPM2,True,False,False,False,False
7903,SCYL1,True,True,True,True,True
7904,TMEM50B,True,True,True,True,True
7905,APP,True,False,True,True,False
7906,DOP1B,True,False,True,False,True
7907,URB1,True,True,True,True,True
7908,AKT1,True,True,True,True,True
7909,IL19,True,False,False,False,False
7910,EMP3,True,True,True,True,True
7911,SAE1,True,True,True,True,True
7912,LMTK3,True,False,False,False,False
7913,GEMIN7,True,True,True,True,True
7914,CBLC,True,False,False,True,False
7915,WTIP,True,False,True,True,False
7916,ADAMTS10,True,False,False,False,False
7917,SLC6A3,True,False,False,False,False
7918,RNPEPL1,True,True,True,True,True
7919,MYO1F,True,False,False,False,False
7920,ERVK3-1,True,True,True,True,True
7921,NLRP12,True,False,False,False,False
7922,CACNG8,True,False,True,False,False
7923,ZNF787,True,True,True,True,True
7924,TIMM29,True,True,True,True,True
7925,FBN3,True,False,False,False,False
7926,CARM1,True,True,True,True,True
7927,EVI5L,True,False,False,False,False
7928,TM4SF5,True,False,False,True,False
7929,SLC47A1,True,False,False,True,False
7930,PSMB6,True,True,True,True,True
7931,GPR32,True,False,False,False,False
7932,SIGLEC10,True,False,False,False,False
7933,ACP4,True,False,False,False,False
7934,KLK3,True,False,False,False,False
7935,ZNF473,True,False,False,False,True
7936,FAM71E1,True,False,False,False,False
7937,PTH2,True,False,False,False,False
7938,CTU1,True,True,True,True,True
7939,NOSIP,True,True,True,True,True
7940,IGLON5,True,False,False,False,False
7941,RCN3,True,False,False,False,False
7942,ZNF614,True,False,False,True,False
7943,SLC2A5,True,False,False,False,False
7944,RERE,True,True,True,True,True
7945,MMEL1,True,False,False,False,False
7946,CFAP74,True,False,False,False,False
7947,PRDM16,True,False,False,False,False
7948,CELA2A,True,False,False,False,False
7949,PADI3,True,False,False,False,False
7950,FHAD1,True,False,False,False,False
7951,PADI1,True,False,False,False,False
7952,EPHA2,True,False,True,True,False
7953,ARHGEF19,True,False,False,True,True
7954,EFHD2,True,True,True,True,True
7955,PEX14,True,True,True,True,True
7956,PGD,True,True,True,True,True
7957,MYOM3,True,False,False,True,False
7958,SH3BGRL3,True,True,True,True,True
7959,CNKSR1,True,False,False,True,False
7960,IL22RA1,True,False,False,True,False
7961,ZNF593,True,True,True,True,True
7962,C1orf216,True,True,True,False,False
7963,KIAA0319L,True,True,True,True,True
7964,EVA1B,True,True,True,True,False
7965,C1orf94,True,False,False,False,False
7966,DMRTA2,True,False,False,False,False
7967,PLK4,True,True,True,True,True
7968,MAP3K6,True,False,False,False,False
7969,FCN3,True,False,False,False,False
7970,GPN2,True,True,True,True,True
7971,SYTL1,True,False,False,True,True
7972,WDTC1,True,True,True,False,False
7973,CELA3A,True,False,False,False,False
7974,NBPF3,True,False,False,False,False
7975,HSPG2,True,True,True,True,False
7976,ITGB3BP,True,True,True,True,True
7977,SERBP1,True,True,True,True,True
7978,BCL10,True,True,True,True,True
7979,CCN1,True,False,True,True,False
7980,PRKACB,True,False,True,False,True
7981,PIGK,True,True,True,True,True
7982,TINAGL1,True,False,False,True,False
7983,AZIN2,True,False,False,False,False
7984,KIF2C,True,True,True,True,True
7985,PTPRF,True,True,True,True,False
7986,BEST4,True,False,False,True,False
7987,MOB3C,True,False,False,False,False
7988,CYP4B1,True,False,False,False,False
7989,TMEM61,True,False,False,False,False
7990,DMRTB1,True,False,False,False,False
7991,LMO4,True,True,True,True,True
7992,SYPL2,True,False,False,False,False
7993,BARHL2,True,False,False,False,False
7994,MTF2,True,True,True,True,True
7995,SLC44A3,True,False,False,True,False
7996,IGSF3,True,False,False,False,False
7997,ZNF697,True,False,False,False,False
7998,CTTNBP2NL,True,False,True,True,False
7999,STRIP1,True,True,True,True,False
8000,KCNA10,True,False,False,False,False
8001,PSMA5,True,True,True,True,True
8002,FNDC7,True,False,False,False,False
8003,C1orf162,True,False,False,False,False
8004,CD53,True,True,False,False,True
8005,PROK1,True,False,False,False,False
8006,CELSR2,True,False,False,False,False
8007,ITGA10,True,False,False,False,False
8008,GPR161,True,False,True,False,False
8009,ALDH9A1,True,True,True,True,True
8010,ATP1B1,True,False,True,True,False
8011,TIPRL,True,True,True,True,True
8012,NME7,True,True,True,True,True
8013,POGK,True,True,True,True,True
8014,MPC2,True,True,True,True,True
8015,CREG1,True,True,False,True,True
8016,DCAF6,True,True,True,True,True
8017,GPA33,True,False,False,False,False
8018,RXRG,True,False,False,False,False
8019,TBX19,True,True,False,False,False
8020,UCK2,True,True,True,True,True
8021,TMCO1,True,True,True,True,True
8022,XCL1,True,False,False,False,False
8023,XCL2,True,False,False,False,False
8024,POU2F1,True,True,True,True,True
8025,MAEL,True,False,False,False,False
8026,ILDR2,True,False,False,False,False
8027,DPT,True,False,False,False,False
8028,MGST3,True,True,True,True,True
8029,ADCY10,True,False,False,False,False
8030,COP1,True,True,True,True,True
8031,NECTIN4,True,False,False,True,False
8032,UFC1,True,True,True,True,True
8033,PPOX,True,True,False,True,False
8034,FCGR2A,True,True,False,False,False
8035,NUF2,True,True,True,True,True
8036,RGS5,True,False,False,False,False
8037,SDHC,False,True,True,True,True
8038,PFDN2,True,True,True,True,True
8039,NR1I3,True,False,False,False,False
8040,USP21,True,False,False,False,False
8041,F13B,True,False,False,False,False
8042,PRCC,True,True,True,True,True
8043,FCRL5,True,False,False,False,False
8044,RRNAD1,True,True,False,True,False
8045,PIGM,True,True,True,False,True
8046,CASQ1,True,False,False,False,False
8047,ISG20L2,True,True,True,True,True
8048,CRABP2,True,False,False,False,False
8049,HDGF,True,True,True,True,True
8050,ABL2,True,True,True,True,True
8051,XPR1,True,True,True,True,True
8052,RGS16,True,True,False,False,False
8053,TOR1AIP1,True,True,True,True,True
8054,FAM163A,True,False,False,False,False
8055,HMCN1,True,False,False,False,False
8056,RGL1,True,False,True,True,False
8057,LYPLAL1,True,True,True,True,True
8058,LHX9,True,False,False,False,False
8059,PRUNE1,True,True,False,True,True
8060,RORC,True,False,False,False,False
8061,TUFT1,True,False,True,True,False
8062,SF3B4,True,True,True,True,True
8063,ECM1,True,False,True,False,False
8064,ZNF687,True,False,False,False,False
8065,TARS2,True,True,True,True,True
8066,CGN,True,False,False,False,True
8067,SNX27,True,True,True,True,True
8068,SETDB1,True,True,True,True,True
8069,ADAMTSL4,True,True,False,True,False
8070,MCL1,True,True,True,True,True
8071,CTSK,True,False,True,False,False
8072,RFX5,True,True,True,True,True
8073,PI4KB,True,True,True,True,True
8074,PIP5K1A,True,True,True,True,True
8075,ANP32E,True,True,True,True,True
8076,MINDY1,True,False,False,False,False
8077,ANXA9,True,False,False,True,False
8078,SELENBP1,True,False,False,True,False
8079,CERS2,True,True,True,True,True
8080,ENSA,True,True,True,True,True
8081,SEMA6C,True,False,False,False,False
8082,ARNT,True,True,True,True,True
8083,POGZ,True,True,True,True,True
8084,C1orf56,True,True,True,True,False
8085,OAZ3,True,False,False,False,False
8086,HORMAD1,True,False,False,False,False
8087,GOLPH3L,True,True,True,True,True
8088,GABPB2,True,False,True,False,True
8089,SYT14,True,False,True,False,False
8090,KCNH1,True,False,False,False,False
8091,DTL,True,True,True,True,True
8092,DYRK3,True,True,True,False,True
8093,EIF2D,True,True,True,True,True
8094,INTS7,True,True,True,True,True
8095,VASH2,True,False,False,False,True
8096,TAF1A,True,True,False,False,True
8097,SMYD2,True,True,True,True,True
8098,SUSD4,True,False,False,False,False
8099,DUSP10,True,False,False,False,False
8100,HHIPL2,True,False,False,False,False
8101,TP53BP2,True,True,True,True,True
8102,ATP8B2,True,True,True,False,True
8103,FLG2,True,False,False,False,False
8104,CRNN,True,False,False,False,False
8105,ADAM15,True,True,True,True,False
8106,JTB,True,True,True,True,True
8107,RAB13,True,False,True,True,False
8108,S100A8,True,False,False,False,False
8109,NUP210L,True,False,False,False,False
8110,SNAPIN,True,True,True,True,True
8111,SLC27A3,True,False,False,True,False
8112,S100A7,False,False,False,False,False
8113,UBAP2L,True,True,True,True,True
8114,SLC39A1,True,True,True,True,True
8115,HAX1,True,True,True,True,True
8116,CREB3L4,True,False,False,False,False
8117,EFNA3,True,False,False,False,False
8118,AQP10,True,False,False,False,False
8119,KCNN3,True,False,False,False,False
8120,C1orf43,True,True,True,True,True
8121,GATAD2B,True,True,True,True,True
8122,ILF2,True,True,True,True,True
8123,RIT1,True,True,True,True,True
8124,INTS3,True,True,True,True,True
8125,PKLR,True,False,False,True,False
8126,HCN3,True,False,False,False,False
8127,FLG,True,False,False,False,False
8128,ACTA1,True,False,False,True,False
8129,C1orf131,True,True,True,True,True
8130,GALNT2,True,True,True,True,True
8131,TTC13,True,False,False,True,False
8132,SCCPDH,True,True,True,True,True
8133,LYST,True,False,True,False,True
8134,MAP3K21,True,False,False,False,False
8135,CEP170,True,True,True,True,True
8136,ACP1,True,True,True,True,True
8137,SNAP47,True,True,True,True,True
8138,SRP9,True,True,True,True,True
8139,NVL,True,True,True,True,True
8140,SDE2,True,True,True,True,True
8141,DEGS1,True,True,True,True,True
8142,FBXO28,True,True,True,True,True
8143,ARF1,True,True,True,True,True
8144,LEFTY2,True,False,False,False,False
8145,CNIH4,True,True,True,True,True
8146,ITPKB,True,False,False,False,True
8147,GUK1,True,True,True,True,True
8148,CDC42BPA,True,True,True,True,True
8149,CNIH3,True,False,False,False,False
8150,C1orf35,True,True,True,True,True
8151,MBOAT2,True,False,True,False,True
8152,PARP1,True,True,True,True,True
8153,PSEN2,True,False,True,False,False
8154,PYCR2,True,True,True,True,True
8155,LBR,True,True,True,True,True
8156,WNT9A,True,False,False,False,False
8157,EPHX1,True,True,True,True,True
8158,REN,True,False,False,False,False
8159,SOX13,True,False,False,True,False
8160,ETNK2,True,False,False,True,False
8161,PPFIA4,True,False,False,False,False
8162,PLEKHA6,True,False,False,True,False
8163,PTPN7,True,True,False,False,True
8164,SYT2,True,False,False,False,False
8165,ARL8A,True,True,True,True,True
8166,OSR1,True,False,False,False,False
8167,GDF7,True,False,False,False,False
8168,PDIA6,True,True,True,True,True
8169,RHOB,True,True,True,True,False
8170,ATP6V1C2,True,False,False,False,False
8171,HNRNPLL,True,True,True,True,True
8172,GALM,True,True,False,True,False
8173,CAMKMT,True,True,False,True,True
8174,ABCG8,True,False,False,False,False
8175,EML4,True,True,True,True,True
8176,CALM2,True,True,True,True,True
8177,CHAC2,True,True,True,True,True
8178,WDPCP,True,False,False,False,True
8179,VPS54,True,True,True,True,True
8180,REG3G,True,False,False,False,False
8181,ASXL2,True,True,True,True,True
8182,ETAA1,True,True,True,True,True
8183,SNRPG,True,True,True,True,True
8184,ABHD1,True,False,False,False,False
8185,MEIS1,True,False,False,False,False
8186,TRIM43B,False,False,False,False,False
8187,TRIM43,True,False,False,False,False
8188,CIAO1,True,True,True,True,True
8189,ZNF514,True,True,False,True,False
8190,SNRNP200,True,True,True,True,True
8191,ANKRD53,True,False,False,False,False
8192,TPRKB,True,True,True,True,True
8193,NAT8,True,False,False,True,False
8194,EXOC6B,True,False,True,True,True
8195,SFXN5,True,True,True,True,True
8196,TEX261,True,True,True,True,True
8197,DQX1,True,False,False,True,False
8198,DUSP11,True,True,True,True,True
8199,ST6GAL2,True,False,False,False,False
8200,NPHP1,True,False,True,False,False
8201,MALL,True,False,False,False,False
8202,THNSL2,True,False,False,False,False
8203,RALB,True,True,True,True,True
8204,C1QL2,True,False,False,False,False
8205,TMEM177,True,True,True,True,True
8206,NT5DC4,True,False,False,False,False
8207,RABL2A,False,False,False,False,False
8208,SLC20A1,True,True,True,True,True
8209,FBLN7,True,False,False,False,False
8210,ZC3H8,True,True,True,True,True
8211,LIPT1,True,False,False,False,True
8212,CNGA3,True,False,False,False,False
8213,FAHD2B,True,True,False,True,True
8214,LYG1,True,False,False,False,False
8215,AFF3,True,True,True,False,True
8216,UBXN4,True,True,True,True,True
8217,NXPH2,True,False,False,False,False
8218,SPOPL,True,False,True,True,False
8219,THSD7B,True,False,False,False,False
8220,GPR17,True,False,False,False,False
8221,POLR2D,True,True,True,True,True
8222,AMMECR1L,True,False,True,True,True
8223,GALNT13,True,False,True,False,False
8224,PKP4,True,True,True,True,True
8225,SCN1A,True,False,False,True,False
8226,SLC4A10,True,False,False,False,False
8227,SCRN3,True,True,True,False,True
8228,LNPK,True,True,True,True,True
8229,ZNF385B,True,False,False,False,False
8230,TMEFF2,True,False,False,False,False
8231,CDCA7,True,True,True,True,True
8232,DLX1,True,False,False,True,False
8233,UBR3,True,True,True,True,True
8234,PHOSPHO2,True,True,False,True,True
8235,GULP1,True,True,True,False,False
8236,FAM171B,True,False,True,False,False
8237,HSPD1,True,True,True,True,True
8238,CCDC150,True,True,False,True,True
8239,METTL21A,True,True,True,True,True
8240,UNC80,True,False,False,False,False
8241,PTH2R,True,False,False,False,False
8242,CPO,True,False,False,False,False
8243,NBEAL1,True,True,True,True,True
8244,KANSL1L,True,False,False,False,False
8245,SPAG16,True,False,True,True,True
8246,ABCA12,True,False,False,False,False
8247,SUMF1,True,False,True,True,False
8248,NYAP2,True,False,False,False,False
8249,RHBDD1,True,True,False,False,True
8250,ACKR3,True,False,False,False,False
8251,TRPM8,True,False,False,False,False
8252,HES6,True,True,False,True,True
8253,ESPNL,True,False,False,False,False
8254,ANKMY1,True,False,False,False,False
8255,COPS7B,True,True,True,True,True
8256,DIS3L2,True,True,True,True,True
8257,CPNE9,True,False,False,False,False
8258,FANCD2,True,True,True,True,True
8259,TAMM41,True,True,True,True,True
8260,VGLL4,True,True,True,True,True
8261,RAB5A,True,True,True,True,True
8262,RETREG2,True,True,True,True,True
8263,CTDSP1,True,True,True,True,True
8264,CNOT9,True,True,True,True,True
8265,MARCH4,True,False,True,False,False
8266,STK11IP,True,False,False,True,False
8267,GMPPA,True,True,True,True,True
8268,GRIP2,True,False,False,False,False
8269,EAF1,True,True,True,True,True
8270,CNTN4,True,False,False,False,False
8271,DYNC1LI1,True,True,True,True,True
8272,RBMS3,True,False,True,False,False
8273,GADL1,True,False,False,False,False
8274,OSBPL10,True,False,True,True,False
8275,POMGNT2,True,True,False,False,True
8276,ACKR2,True,False,False,False,False
8277,GASK1A,True,False,False,False,False
8278,CSRNP1,True,False,False,True,False
8279,SLC25A38,True,True,True,True,True
8280,ITGA9,True,False,False,False,False
8281,SLC22A14,True,False,False,False,False
8282,CTDSPL,True,False,True,True,True
8283,STAC,True,False,True,False,False
8284,IQSEC1,True,True,False,True,True
8285,CAND2,True,False,False,False,False
8286,PTPRG,True,True,False,True,False
8287,IL17RD,True,False,False,False,False
8288,SHQ1,True,True,True,True,True
8289,SLC25A26,True,True,True,True,True
8290,UBA3,True,True,True,True,True
8291,ARL6IP5,True,True,True,True,True
8292,TMF1,True,True,True,True,True
8293,LRIG1,True,False,False,False,False
8294,LIMD1,True,True,True,True,True
8295,ZNF660,True,False,False,False,False
8296,NFKBIZ,True,False,True,True,False
8297,COL8A1,True,False,True,False,False
8298,NXPE3,True,False,True,False,True
8299,ADGRG7,True,False,False,False,False
8300,MYH15,True,False,False,False,False
8301,PHLDB2,True,False,True,True,False
8302,ABHD10,True,True,True,True,True
8303,TAGLN3,True,False,False,False,False
8304,PLA1A,True,False,False,False,False
8305,RABL3,True,True,True,True,True
8306,ADPRH,True,False,False,False,False
8307,IGSF11,True,False,False,False,False
8308,ATG3,True,True,True,True,True
8309,NR1I2,True,False,False,False,False
8310,BOC,True,False,True,False,False
8311,SRPRB,True,True,True,True,True
8312,TMEM108,True,False,False,False,False
8313,AGTR1,True,False,False,False,False
8314,MED12L,True,False,False,False,True
8315,EIF2A,True,True,True,True,True
8316,ALDH1L1,True,False,False,False,False
8317,OSBPL11,True,True,True,True,True
8318,TRPC1,True,False,False,False,False
8319,NCEH1,True,False,True,True,False
8320,SPATA16,True,False,False,False,False
8321,LPP,True,False,True,True,True
8322,TMEM44,True,False,True,False,True
8323,RUBCN,True,False,True,False,True
8324,AMT,True,False,False,True,False
8325,TCTA,True,False,True,True,True
8326,NICN1,True,False,False,False,False
8327,UCN2,True,False,False,False,False
8328,DCAF1,True,True,True,True,True
8329,MANF,True,True,True,True,True
8330,STXBP5L,True,False,False,False,False
8331,EAF2,True,False,False,False,True
8332,ILDR1,True,False,False,False,False
8333,TM4SF19,True,False,False,False,False
8334,MUC4,True,False,False,False,False
8335,SLIT2,True,False,False,False,False
8336,EIF2B5,True,True,True,True,True
8337,AHSG,True,False,False,True,False
8338,ECE2,True,False,False,False,False
8339,VWA5B2,True,False,False,False,False
8340,DGKQ,True,False,False,False,False
8341,FIP1L1,True,True,True,True,True
8342,SLC26A1,True,False,False,False,False
8343,LYAR,True,True,True,True,True
8344,CENPC,True,True,True,True,True
8345,EPHA5,True,False,True,False,False
8346,CORIN,True,False,False,False,False
8347,ATP10D,True,False,True,False,False
8348,OCIAD2,True,False,True,False,True
8349,SLC10A4,True,True,False,False,False
8350,SLC10A6,True,False,False,False,False
8351,SCD5,True,False,True,False,True
8352,PLAC8,True,False,False,True,True
8353,ENOPH1,True,True,True,True,True
8354,CABS1,True,False,False,False,False
8355,GC,True,False,False,False,False
8356,TRMT10A,True,True,False,True,True
8357,KLHL8,True,True,True,True,True
8358,SNCA,True,False,True,False,False
8359,PYURF,True,True,True,True,True
8360,TBCK,True,True,True,True,True
8361,CAMK2D,True,False,True,True,False
8362,CISD2,True,True,True,True,True
8363,DDIT4L,True,False,False,False,False
8364,ANK2,True,False,False,False,False
8365,TIFA,True,False,True,True,True
8366,SPATA5,True,True,True,False,True
8367,FABP2,True,False,False,False,False
8368,CCNA2,True,True,True,True,True
8369,METTL14,True,True,True,True,True
8370,USP53,True,True,True,True,False
8371,SETD7,True,True,True,False,True
8372,NAF1,True,True,True,True,True
8373,MARCH1,True,False,False,False,False
8374,SFRP2,True,False,False,False,False
8375,RNF175,True,False,False,False,False
8376,PDGFC,True,False,True,True,True
8377,CBR4,True,True,True,True,True
8378,GLRA3,True,False,False,False,False
8379,CYP4V2,True,False,False,False,True
8380,ROPN1L,True,False,False,False,False
8381,NDUFS6,True,True,True,True,True
8382,MARCH6,True,True,True,True,True
8383,NKD2,True,False,False,False,True
8384,CDH18,True,False,False,False,False
8385,ADAMTS16,True,False,False,False,False
8386,SRD5A1,True,True,True,True,True
8387,MYO10,True,False,True,True,False
8388,OTULINL,True,False,False,False,True
8389,SKP2,True,True,True,True,True
8390,OSMR,True,False,True,True,False
8391,UGT3A1,True,False,False,False,False
8392,PLK2,True,False,True,True,False
8393,SHISAL2B,True,False,False,False,False
8394,GZMA,True,False,False,False,True
8395,PIK3R1,True,True,True,True,True
8396,HAPLN1,True,False,False,False,False
8397,LHFPL2,True,False,True,True,False
8398,SSBP2,True,True,False,False,True
8399,BHMT,True,False,False,False,False
8400,ANKRD31,True,False,False,False,False
8401,IQGAP2,True,True,False,True,True
8402,CRHBP,True,False,False,False,False
8403,RASA1,True,True,True,True,True
8404,LIX1,True,False,False,False,False
8405,GIN1,True,False,False,False,False
8406,PPIP5K2,True,True,True,True,True
8407,PAM,True,True,True,True,False
8408,BDP1,True,True,True,True,True
8409,GTF2H2,True,True,True,True,True
8410,SLC30A5,True,True,True,True,True
8411,BTF3,True,True,True,True,True
8412,FBXL17,True,False,True,False,True
8413,SPATA9,True,False,False,False,False
8414,TSLP,True,False,True,False,True
8415,TNFAIP8,True,True,True,True,True
8416,FEM1C,True,False,True,True,True
8417,COMMD10,True,True,True,True,True
8418,ATG12,True,True,True,True,True
8419,MEGF10,True,False,False,False,False
8420,ADAMTS19,True,False,False,False,False
8421,YIPF5,True,True,True,True,True
8422,ARHGAP26,True,False,True,True,True
8423,CXCL14,True,False,False,False,False
8424,LECT2,True,False,False,False,False
8425,SLC25A48,True,False,False,False,False
8426,DDX46,True,True,True,True,True
8427,IL9,True,False,False,False,False
8428,TIMD4,True,False,False,False,False
8429,RNF145,True,True,True,True,True
8430,C1QTNF2,True,False,False,False,False
8431,GABRA6,True,False,False,False,False
8432,GABRB2,True,False,False,False,False
8433,FBXO38,True,True,True,True,True
8434,SPINK7,True,False,False,False,False
8435,PCYOX1L,True,False,False,False,False
8436,GLRA1,True,False,False,False,False
8437,TNIP1,True,True,True,True,True
8438,ZNF300,True,False,False,False,False
8439,N4BP3,True,False,False,False,False
8440,NHP2,True,True,True,True,True
8441,RMND5B,True,True,True,True,True
8442,BOD1,True,True,True,True,True
8443,CPLX2,True,False,False,True,False
8444,TENM2,True,False,False,False,False
8445,KCNMB1,True,False,False,False,False
8446,FAM50B,True,False,False,False,False
8447,MYLK4,True,False,False,False,False
8448,FAM217A,True,False,False,False,False
8449,TBC1D7,True,True,True,True,True
8450,FARS2,True,True,True,True,True
8451,GFOD1,True,False,True,True,True
8452,CDKAL1,True,True,True,True,True
8453,PSD2,True,False,False,False,False
8454,LRRTM2,True,False,False,False,False
8455,ZMAT2,True,True,True,True,True
8456,GFRA3,True,False,False,False,False
8457,KLHL3,True,False,False,False,False
8458,DCDC2,True,False,False,True,False
8459,SLC17A4,True,False,False,False,False
8460,HIST1H2BA,True,False,False,False,False
8461,KAAG1,True,False,False,False,False
8462,TRIM7,True,False,True,False,False
8463,TRIM41,True,True,True,True,True
8464,HIGD2A,True,True,True,True,True
8465,FAM193B,True,True,False,False,True
8466,PLA2G7,True,False,False,False,False
8467,TNFRSF21,True,False,False,True,True
8468,RNF44,True,True,False,True,True
8469,MMUT,True,True,True,True,True
8470,RASGEF1C,True,False,False,False,False
8471,DOK3,True,True,False,False,False
8472,ABT1,True,True,True,True,True
8473,PPP1R18,True,True,True,True,True
8474,DAAM2,True,False,False,False,False
8475,PRIM2,True,True,True,True,True
8476,MLIP,True,False,False,False,False
8477,HMGCLL1,True,False,False,False,False
8478,LGSN,True,False,False,False,False
8479,FGD2,True,False,False,False,False
8480,SCUBE3,True,False,False,False,False
8481,CRIP3,True,False,False,False,False
8482,TTBK1,True,False,False,False,False
8483,TCTE1,True,False,False,False,False
8484,NFKBIE,True,False,False,True,False
8485,CYP39A1,True,False,False,False,False
8486,TPBG,True,False,True,False,False
8487,IRAK1BP1,True,False,False,False,True
8488,PHIP,True,True,True,True,True
8489,PRSS35,True,False,False,False,False
8490,MMS22L,True,True,True,True,True
8491,FAXC,True,False,False,False,False
8492,GABRR1,True,False,False,False,False
8493,PNRC1,True,True,True,True,True
8494,PM20D2,True,False,True,True,True
8495,RARS2,True,True,True,True,True
8496,SCML4,True,False,False,False,False
8497,TBC1D32,True,False,False,False,False
8498,CLVS2,True,False,False,False,False
8499,GPR6,True,False,False,False,False
8500,RNF217,True,True,True,False,False
8501,RSPO3,True,False,False,False,False
8502,ARHGAP18,True,True,True,True,False
8503,TAAR2,True,False,False,False,False
8504,TAAR6,True,False,False,False,False
8505,TAAR8,True,False,False,False,False
8506,ABRACL,True,True,True,True,True
8507,TAAR1,True,False,False,False,False
8508,SLC18B1,True,True,False,True,False
8509,MTFR2,True,True,True,True,True
8510,SLC2A12,True,False,False,False,False
8511,SHPRH,True,True,True,True,True
8512,AIG1,True,False,True,True,True
8513,DYNLT1,True,True,True,True,True
8514,TIAM2,True,False,False,True,False
8515,TMEM181,True,True,True,True,True
8516,PNLDC1,True,False,False,False,False
8517,WTAP,False,True,True,True,True
8518,ZMYM4,True,True,True,True,True
8519,VIP,True,False,False,False,False
8520,ARMT1,True,True,True,True,True
8521,SLC22A3,True,False,False,True,False
8522,VWDE,True,False,False,False,False
8523,GNA12,True,True,True,True,True
8524,C7orf50,True,True,True,True,True
8525,SDK1,True,False,False,False,False
8526,CCZ1B,False,False,False,True,True
8527,C7orf26,True,True,True,True,True
8528,RBAK,True,True,True,True,True
8529,CREB5,True,False,True,False,False
8530,FERD3L,True,False,False,False,False
8531,EGFR,True,False,True,False,False
8532,CDCA5,True,True,True,True,True
8533,IGFBP3,True,False,True,False,False
8534,PURB,True,True,True,True,True
8535,IGFBP1,True,False,False,True,False
8536,SSC4D,True,False,False,True,False
8537,MDH2,True,True,True,True,True
8538,POMZP3,False,False,False,False,False
8539,NIPSNAP2,True,True,True,True,True
8540,CCT6A,True,True,True,True,True
8541,PSPH,True,True,True,True,True
8542,TRIM50,True,False,False,False,False
8543,ZNF92,True,True,True,True,True
8544,ATXN7L1,True,False,False,False,False
8545,TMEM168,True,True,False,False,True
8546,ASB15,True,False,False,False,False
8547,SLC12A9,True,False,True,True,True
8548,GIGYF1,True,True,True,True,True
8549,TRIM4,True,True,True,True,True
8550,MEPCE,True,True,True,True,True
8551,ZAN,True,False,False,False,False
8552,TMEM209,True,True,False,True,True
8553,AGBL3,True,False,False,False,False
8554,STRA8,True,False,False,False,False
8555,ZC3HAV1L,True,False,False,False,False
8556,TMEM140,True,False,False,False,False
8557,TLK2,True,True,True,True,True
8558,EPHA1,True,False,False,True,False
8559,NOM1,True,True,True,True,True
8560,NCAPG2,True,True,True,True,True
8561,ASB10,True,False,False,False,False
8562,NLGN4X,True,False,False,False,False
8563,SHROOM2,True,False,False,False,False
8564,RAB19,True,False,False,False,False
8565,LUC7L2,True,True,True,True,True
8566,DENND2A,True,False,False,False,False
8567,CLTRN,True,False,False,False,False
8568,SH3KBP1,True,True,True,True,True
8569,TMEM47,True,False,True,False,False
8570,LANCL3,True,False,False,False,False
8571,SYTL5,True,False,False,False,False
8572,CASK,True,False,True,True,True
8573,KDM6A,True,True,True,True,True
8574,MSN,True,True,True,False,True
8575,AKAP4,True,False,False,False,False
8576,CCNB3,True,False,False,False,False
8577,HDAC8,True,True,True,True,True
8578,SLC16A2,True,False,True,False,False
8579,DIPK2B,True,False,False,False,False
8580,ZNF157,True,False,False,False,False
8581,ZNF182,True,False,False,False,True
8582,CHST7,True,False,True,True,False
8583,KRBOX4,True,False,False,True,False
8584,NDUFB11,True,True,True,True,True
8585,ZNF41,True,False,False,False,False
8586,RAB41,True,False,False,False,False
8587,ZMYM3,True,True,True,True,True
8588,TAF1,True,True,True,True,True
8589,GPR174,True,False,False,False,True
8590,NONO,True,True,True,True,True
8591,CCDC120,True,False,False,False,False
8592,LPAR4,True,False,False,False,False
8593,EBP,True,True,True,True,True
8594,AWAT2,True,False,False,False,False
8595,OGT,True,True,True,True,True
8596,SNX12,True,False,True,True,False
8597,ITGB1BP2,True,False,False,False,False
8598,IL2RG,True,False,False,False,True
8599,GCNA,True,False,False,False,False
8600,ZNF711,True,True,False,False,True
8601,CPXCR1,True,False,False,False,False
8602,DIAPH2,True,False,True,False,True
8603,NXF3,True,False,False,False,False
8604,RIPPLY1,True,False,False,False,False
8605,PRPS1,True,True,True,True,True
8606,RADX,True,False,False,False,True
8607,FRMPD3,True,False,False,False,False
8608,HTR2C,True,False,False,False,False
8609,DOCK11,True,True,False,False,True
8610,IGSF1,True,False,False,True,False
8611,ARHGAP36,True,False,False,False,False
8612,GPC3,True,False,False,True,False
8613,GPR119,True,False,False,False,False
8614,RBMX,True,True,True,True,True
8615,MCPH1,True,True,True,True,True
8616,MFHAS1,True,True,True,True,True
8617,FBXO25,True,True,True,True,True
8618,FATE1,True,False,False,False,False
8619,MAGEA4,True,False,False,False,False
8620,NSDHL,True,True,True,True,True
8621,ZNF185,True,False,True,False,False
8622,CETN2,True,True,True,True,True
8623,CSGALNACT1,True,False,False,True,False
8624,ATP6V1B2,True,True,True,True,True
8625,CCDC25,False,True,True,True,True
8626,HMBOX1,True,True,True,True,True
8627,CHRNB3,True,False,False,False,False
8628,CHRNA6,True,False,False,False,False
8629,GNRH1,True,False,False,False,False
8630,BIN3,True,True,True,True,True
8631,DOK2,True,True,False,False,True
8632,SLC25A37,True,True,True,True,True
8633,CHMP7,True,True,True,True,True
8634,DOCK5,True,False,True,True,False
8635,STAR,True,True,False,False,False
8636,PLPBP,True,True,True,True,True
8637,ERLIN2,True,True,True,True,True
8638,SNTG1,True,False,False,False,False
8639,PXDNL,True,False,False,False,False
8640,ST18,True,False,False,False,False
8641,RGS20,True,True,True,True,False
8642,TACC1,True,True,True,True,True
8643,GOLGA7,True,True,True,True,True
8644,PLPP5,True,False,True,True,True
8645,GINS4,True,True,True,True,True
8646,NSD3,True,True,True,True,True
8647,DNAJC5B,True,False,False,False,False
8648,CRH,True,False,False,False,False
8649,TRIM55,True,False,False,False,False
8650,ADHFE1,True,False,False,False,False
8651,PMP2,True,False,False,False,False
8652,LACTB2,True,True,True,True,True
8653,PRDM14,True,False,False,False,False
8654,TERF1,True,True,True,True,True
8655,SLC26A7,True,False,False,False,False
8656,PSKH2,True,False,False,False,False
8657,ATP6V0D2,True,False,False,False,False
8658,SYBU,True,False,False,True,False
8659,DPYS,True,False,False,False,False
8660,MTDH,True,True,True,True,True
8661,LRP12,True,True,True,False,True
8662,EBAG9,True,True,True,True,True
8663,RSPO2,True,False,False,False,False
8664,POLR2K,True,True,True,True,True
8665,MAL2,True,False,False,True,False
8666,EIF3H,True,True,True,True,True
8667,UTP23,True,True,True,True,True
8668,NDUFB9,True,True,True,True,True
8669,TATDN1,True,True,True,True,True
8670,FAM83A,True,True,False,False,False
8671,GSDMC,True,False,False,False,False
8672,FAM135B,True,False,False,False,False
8673,ZNF7,True,True,True,True,True
8674,ARHGAP39,True,False,False,False,False
8675,NAPRT,True,True,False,False,True
8676,VLDLR,True,False,True,False,False
8677,AK3,False,False,True,True,True
8678,UHRF2,True,False,True,True,True
8679,NFIB,True,False,True,True,False
8680,CER1,True,False,False,False,False
8681,PLIN2,True,True,True,True,False
8682,IFNA5,True,False,False,False,False
8683,HAUS6,True,True,True,True,True
8684,CDKN2B,True,False,True,False,False
8685,IFNA16,True,False,False,False,False
8686,CDKN2A,True,False,True,True,False
8687,C9orf72,True,False,False,False,True
8688,IFNK,True,False,False,False,False
8689,ZCCHC7,True,True,True,True,True
8690,FBXO10,True,False,False,False,False
8691,SIGMAR1,True,False,True,True,True
8692,CEP78,True,True,True,True,True
8693,NTRK2,True,False,False,False,False
8694,IDNK,True,False,False,True,False
8695,SHC3,True,False,True,False,False
8696,AUH,True,True,False,True,True
8697,MFSD14B,True,True,True,True,True
8698,PLPPR1,True,False,False,False,False
8699,OR13C4,True,False,False,False,False
8700,ZNF462,True,False,True,False,True
8701,INIP,True,True,True,True,True
8702,UGCG,True,True,True,True,True
8703,ACTL7B,True,False,False,False,False
8704,SNX30,True,False,True,True,False
8705,STOM,True,True,True,True,False
8706,GSN,True,True,True,True,False
8707,MRRF,True,True,True,True,True
8708,NR6A1,True,True,False,True,False
8709,CRB2,True,False,False,False,False
8710,OR5C1,True,False,False,False,False
8711,ALAD,True,False,True,True,True
8712,ASTN2,True,False,False,True,False
8713,WDR31,True,False,False,False,False
8714,POLE3,True,True,True,True,True
8715,SURF4,True,True,True,True,True
8716,GBGT1,True,True,False,False,False
8717,SURF1,True,True,True,True,True
8718,SURF2,True,True,True,True,True
8719,SURF6,True,True,True,True,True
8720,MED22,True,True,True,False,True
8721,REXO4,True,True,True,True,True
8722,GTF3C5,True,True,True,True,True
8723,ASB6,True,False,True,False,True
8724,PTGES2,True,True,True,True,True
8725,NTMT1,True,True,True,True,True
8726,CIZ1,True,True,True,True,True
8727,SLC25A25,True,False,False,True,True
8728,SH3GLB2,True,True,True,True,True
8729,MIGA2,True,True,False,False,False
8730,PTGES,True,False,False,False,False
8731,LCN2,True,False,False,True,False
8732,LRSAM1,True,False,False,True,False
8733,HMCN2,True,False,False,False,False
8734,GPR107,True,True,True,True,True
8735,PAXX,True,True,True,True,True
8736,IDI2,True,False,False,False,False
8737,INPP5E,True,False,False,False,True
8738,LCN9,True,False,False,False,False
8739,SEC16A,True,True,True,True,True
8740,DPH7,True,True,True,True,True
8741,NOTCH1,True,False,False,False,True
8742,CACNA1B,True,False,False,False,False
8743,NACC2,True,True,True,True,False
8744,PROSER2,True,True,False,True,False
8745,USP6NL,True,True,True,True,True
8746,COMMD3,True,True,True,True,True
8747,MSRB2,True,True,True,True,True
8748,PDSS1,True,True,True,True,True
8749,FAM171A1,True,True,True,True,False
8750,MINDY3,True,True,True,True,True
8751,SLC39A12,True,False,False,False,False
8752,TMEM236,True,False,False,False,False
8753,RSU1,True,True,True,True,True
8754,ST8SIA6,True,True,False,False,False
8755,PARD3,True,True,True,True,True
8756,ANKRD30A,True,False,False,False,False
8757,ZEB1,True,True,True,True,True
8758,FAM13C,True,False,False,False,False
8759,NRBF2,True,True,True,True,True
8760,A1CF,True,False,False,True,False
8761,CDHR1,True,False,False,False,False
8762,LRIT1,True,False,False,False,False
8763,RGR,True,False,False,False,False
8764,POLR3A,True,True,True,True,True
8765,HERC4,True,True,True,True,True
8766,LRMDA,True,True,False,True,False
8767,CAMK2G,True,True,True,True,True
8768,ADIRF,True,False,False,False,False
8769,GLUD1,True,True,True,True,True
8770,ANKRD1,True,False,True,True,False
8771,HTR7,True,False,False,False,False
8772,RPP30,True,True,True,True,True
8773,FRA10AC1,True,True,True,True,True
8774,ADD3,True,True,True,True,True
8775,HABP2,True,False,False,False,False
8776,VAX1,True,False,False,False,False
8777,DNAJB12,True,True,True,True,True
8778,EIF4EBP2,True,True,True,True,True
8779,NPFFR1,True,False,False,False,False
8780,PLEKHS1,True,False,False,False,False
8781,TCF7L2,True,True,True,True,True
8782,MKI67,True,True,True,True,True
8783,CYP17A1,True,False,False,False,False
8784,INA,True,False,False,False,True
8785,FUOM,True,True,True,True,True
8786,LRRC27,True,False,True,True,False
8787,MTG1,True,True,True,True,True
8788,NKX6-2,True,False,False,False,False
8789,PAOX,True,False,False,False,False
8790,GSTO1,True,True,True,True,True
8791,TAF5,True,True,True,True,True
8792,PPRC1,True,True,True,True,True
8793,ITPRIP,True,False,True,False,False
8794,CNNM2,True,False,False,True,False
8795,PDCD11,True,True,True,True,True
8796,ADAM12,True,False,True,False,False
8797,RGS10,True,True,True,True,True
8798,BTBD10,True,False,True,True,True
8799,ADM,True,False,True,True,False
8800,GAS2,True,False,False,True,False
8801,SLC5A12,True,False,False,False,False
8802,LIN7C,True,True,True,True,True
8803,LRRC4C,True,False,False,False,False
8804,IMMP1L,True,True,True,True,True
8805,SAA4,True,False,False,True,False
8806,PGAP2,True,True,True,True,True
8807,TUT1,True,True,False,True,True
8808,SCGB1A1,True,False,False,False,False
8809,SYT8,True,False,False,False,False
8810,ZNF214,True,False,False,False,False
8811,ZNF215,True,False,False,False,False
8812,HSD17B12,True,True,True,True,True
8813,APIP,True,True,True,True,True
8814,PAMR1,True,False,False,False,False
8815,DGKZ,True,True,True,True,True
8816,EIF3M,True,True,True,True,True
8817,TNKS1BP1,True,False,True,False,False
8818,GLYAT,True,False,False,False,False
8819,SERPING1,True,True,False,False,False
8820,OR5F1,True,False,False,False,False
8821,SSRP1,True,True,True,True,True
8822,SLC43A1,True,True,False,True,False
8823,PTPRJ,True,False,True,True,False
8824,C11orf49,True,True,True,True,True
8825,ARFGAP2,True,True,True,True,True
8826,CELF1,True,True,True,True,True
8827,HIKESHI,True,True,True,True,True
8828,CCDC81,True,False,False,False,False
8829,SESN3,True,False,False,False,False
8830,ENDOD1,True,True,True,True,True
8831,CCDC82,True,True,True,True,True
8832,KLHL35,True,False,False,False,False
8833,TENM4,True,False,False,False,False
8834,SERPINH1,True,True,True,True,False
8835,CAPN5,True,False,False,False,False
8836,INTS4,True,True,True,True,True
8837,PAK1,True,True,True,False,True
8838,ZC3H12C,True,False,True,False,False
8839,TTC12,True,False,False,False,False
8840,NCAM1,True,False,False,False,False
8841,DRD2,True,False,False,False,False
8842,C11orf52,True,False,False,True,False
8843,NPAT,True,True,True,True,True
8844,ATM,True,True,True,True,True
8845,AASDHPPT,True,True,True,True,True
8846,GLB1L2,True,False,False,False,True
8847,SLX4IP,True,True,False,True,True
8848,LAMTOR1,True,True,True,True,True
8849,P4HA3,True,False,False,False,False
8850,GRIK4,True,False,False,False,False
8851,ST14,True,False,False,False,False
8852,HYOU1,True,True,True,True,True
8853,GGTLC1,True,False,False,False,False
8854,ADAM33,True,False,False,False,False
8855,SLC22A8,True,False,False,False,False
8856,KAT14,True,False,False,True,True
8857,TKFC,True,True,False,True,True
8858,MTA2,True,True,True,True,True
8859,TMEM138,True,True,True,True,True
8860,FADS1,True,True,True,True,True
8861,TMC2,True,False,False,False,False
8862,ROM1,True,False,False,False,False
8863,INCENP,True,True,True,True,True
8864,ZP1,True,False,False,False,False
8865,OOSP2,True,False,False,False,False
8866,MS4A3,True,True,False,False,False
8867,PLCH2,True,False,False,False,False
8868,CPSF7,True,True,True,True,True
8869,MS4A2,True,False,False,False,False
8870,B3GAT3,True,True,True,True,True
8871,EI24,True,True,True,True,True
8872,CCDC15,True,False,False,False,True
8873,CHEK1,True,True,True,True,True
8874,FEZ1,True,True,False,False,False
8875,ESAM,True,True,False,True,False
8876,KIRREL3,True,False,False,False,False
8877,MPZL2,True,False,False,True,False
8878,SCN2B,True,False,False,False,False
8879,SIDT2,True,False,False,True,False
8880,TMEM25,True,False,True,True,False
8881,TAGLN,True,False,True,True,False
8882,JPH2,True,False,False,False,False
8883,DUSP15,True,False,False,False,False
8884,COMMD7,True,True,True,True,True
8885,C20orf144,True,False,False,False,False
8886,KIAA1755,True,False,False,False,False
8887,OCSTAMP,True,False,False,False,False
8888,DSN1,True,True,True,True,True
8889,SOGA1,True,False,True,True,True
8890,SPINT4,True,False,False,False,False
8891,CDH22,True,False,False,False,False
8892,LSM14B,True,True,True,True,True
8893,YTHDF1,True,True,True,True,True
8894,CABLES2,True,False,False,False,True
8895,LTO1,True,True,True,True,True
8896,GPHA2,True,False,False,True,False
8897,SLC22A9,True,False,False,False,False
8898,TRPT1,True,True,True,True,True
8899,NUDT22,True,True,True,True,True
8900,FERMT3,True,False,False,False,True
8901,PLCB3,True,False,True,True,False
8902,CDC42EP2,True,False,False,True,False
8903,TM7SF2,True,True,True,True,True
8904,VPS51,True,True,True,True,True
8905,TBX6,True,False,False,False,False
8906,PPP4C,True,True,True,True,True
8907,TLCD3B,True,False,False,False,False
8908,DOC2A,True,False,False,False,False
8909,HIRIP3,True,True,True,True,True
8910,TAOK2,True,True,True,True,True
8911,TMEM219,True,True,True,True,True
8912,HMGA2,True,False,True,True,False
8913,MMP3,True,False,False,False,False
8914,CNKSR2,True,False,False,False,False
8915,CNTN5,True,False,False,False,False
8916,KLRF1,True,False,False,False,False
8917,CLEC1A,True,False,False,False,False
8918,MKX,True,False,False,False,False
8919,MPP7,True,False,False,False,False
8920,ITGB1,True,True,True,True,True
8921,FXYD4,True,False,False,False,False
8922,TRIM48,True,False,False,False,False
8923,OR8K1,True,False,False,False,False
8924,OR5M9,True,False,False,False,False
8925,PCDH15,True,False,False,False,False
8926,CTF1,True,False,False,False,False
8927,CWC15,True,True,True,True,True
8928,FCGR1A,True,False,False,False,False
8929,ARID5B,True,True,True,True,True
8930,KLHL1,True,False,False,False,False
8931,CDH8,True,False,False,False,False
8932,DCUN1D2,True,False,False,False,False
8933,TMCO3,True,True,True,True,True
8934,TMEM218,True,True,True,True,True
8935,TIRAP,True,False,False,False,False
8936,EEF1AKMT1,True,True,True,True,True
8937,LATS2,True,False,True,True,False
8938,SAP18,True,True,True,True,True
8939,ADGRL3,True,False,False,False,False
8940,KIAA1328,True,False,False,False,True
8941,FAM124A,True,False,False,False,False
8942,MIA2,True,True,True,True,True
8943,HNMT,True,False,False,True,False
8944,LYPD1,True,False,False,False,False
8945,LYPD6B,True,False,False,False,False
8946,PDCD4,True,True,True,True,True
8947,ADRA2A,True,False,False,False,False
8948,GPM6A,True,False,False,False,False
8949,WDR17,True,False,False,False,False
8950,SPATA4,True,False,False,False,False
8951,VEGFC,True,False,True,False,False
8952,CCDC102B,True,False,False,False,True
8953,CD226,True,True,False,False,True
8954,CNDP1,True,False,False,False,False
8955,FSIP1,True,False,False,False,False
8956,DLG2,True,False,False,False,False
8957,CCDC83,True,False,False,False,False
8958,RGS18,True,False,False,False,False
8959,PRSS23,True,False,True,False,False
8960,MTMR12,True,True,True,True,True
8961,PPP1R1C,True,False,False,False,False
8962,C11orf53,True,False,False,False,False
8963,CCT5,False,True,True,True,True
8964,ATPSCKMT,True,True,True,True,True
8965,DOCK1,True,False,True,True,False
8966,DIXDC1,True,True,True,True,False
8967,DLAT,True,True,True,True,True
8968,PIH1D2,True,False,False,False,False
8969,NKAPD1,True,True,True,True,True
8970,TIMM8B,True,True,True,True,True
8971,IL18,True,False,False,True,False
8972,TEX12,True,False,False,False,False
8973,PTS,True,True,True,True,True
8974,PIP4K2A,True,True,True,True,True
8975,C2orf50,True,False,False,False,False
8976,FREM2,True,False,False,False,False
8977,FOXO1,True,True,False,True,False
8978,CRIM1,True,True,True,True,False
8979,SEC24D,True,False,True,True,True
8980,ABCB9,True,False,False,False,False
8981,RILPL2,True,True,True,True,True
8982,DHX37,True,True,True,True,True
8983,UBC,True,True,True,True,True
8984,ITPR1,True,True,True,True,True
8985,TKTL2,True,False,False,False,False
8986,PRSS53,True,False,False,False,False
8987,SLC7A11,True,True,True,True,True
8988,NOCT,True,False,False,False,False
8989,ENKUR,True,False,False,False,False
8990,GPR158,True,False,False,False,False
8991,LYZL2,True,False,False,False,False
8992,CACNA2D4,True,False,False,True,False
8993,DCP1B,True,False,True,True,True
8994,CACNA1C,True,False,False,False,False
8995,THRB,True,True,False,True,False
8996,NGLY1,True,True,True,True,True
8997,OXSM,True,True,True,True,True
8998,UEVLD,True,False,True,True,False
8999,TMEM86A,True,False,False,False,False
9000,C12orf45,True,True,True,True,True
9001,TMEM263,True,True,True,True,True
9002,BTBD11,True,False,False,True,False
9003,UBE3B,True,True,True,True,True
9004,ANK3,True,False,True,False,False
9005,IPMK,True,False,False,True,True
9006,RAD9B,True,False,False,False,False
9007,PLBD2,True,False,True,True,False
9008,DLG5,True,False,True,True,False
9009,MAT1A,True,False,False,True,False
9010,SLC2A13,True,False,False,False,False
9011,GXYLT1,True,True,True,True,True
9012,TWF1,True,True,True,True,True
9013,DIP2C,True,False,True,False,False
9014,EIF4E,True,True,True,True,True
9015,MAGI1,True,False,True,True,True
9016,TEX30,True,True,True,False,True
9017,CSNK1G3,True,True,True,True,True
9018,SRFBP1,True,True,True,True,True
9019,AKAP6,True,False,False,False,False
9020,NPAS3,True,False,False,False,False
9021,FAM177A1,True,True,True,True,True
9022,MBIP,True,True,True,True,True
9023,MIPOL1,True,True,True,True,False
9024,EXT2,True,True,True,True,True
9025,TMEM18,True,True,True,True,True
9026,ALLC,True,False,False,False,False
9027,KCTD14,True,False,False,True,False
9028,THRSP,True,False,False,False,False
9029,NDUFC2,True,True,True,True,True
9030,ME3,True,False,True,False,False
9031,MSGN1,True,False,False,False,False
9032,ADAMTS12,True,False,True,False,False
9033,NUBPL,True,True,True,True,True
9034,NEK7,True,True,True,True,True
9035,ATP6V1G3,True,False,False,False,False
9036,FER,True,True,True,True,True
9037,VIPAS39,True,False,True,True,True
9038,ANKRD50,True,True,True,True,True
9039,UPF2,True,True,True,True,True
9040,CDC123,True,True,True,True,True
9041,SCLT1,True,True,True,True,True
9042,CCDC3,True,False,False,False,False
9043,C4orf33,True,True,True,False,True
9044,FRMD4A,True,False,True,False,False
9045,SLC25A31,True,False,False,False,False
9046,PTPRO,True,False,False,False,False
9047,EPS8,True,False,True,True,False
9048,ACAD8,True,True,True,True,True
9049,THYN1,True,True,True,True,True
9050,VPS26B,True,True,True,True,True
9051,NCAPD3,True,True,True,True,True
9052,VTI1A,True,True,True,True,True
9053,QDPR,True,True,True,True,True
9054,FAM160B1,True,False,True,True,True
9055,ANO4,True,False,False,False,False
9056,TEX9,True,False,True,True,True
9057,QTRT2,True,True,True,True,True
9058,DRD3,True,False,False,False,False
9059,MMAA,True,False,False,False,False
9060,ZNF827,True,True,True,True,False
9061,POU4F2,True,False,False,False,False
9062,EDNRA,True,False,False,False,False
9063,NR3C2,True,False,False,False,False
9064,AKR1C2,True,False,False,True,False
9065,DPYSL4,True,False,True,False,False
9066,VENTX,True,False,False,False,False
9067,ADAM8,True,False,False,False,False
9068,ITIH2,True,False,False,True,False
9069,KIN,True,True,True,True,True
9070,PIGF,True,True,True,True,True
9071,ANKAR,True,False,False,False,False
9072,INPP1,True,True,True,True,False
9073,MFSD6,True,False,True,False,True
9074,RNF144A,True,True,False,True,True
9075,ASAP2,True,False,True,True,True
9076,ADAM17,True,True,True,True,True
9077,FLI1,True,False,False,False,True
9078,KCNJ1,True,False,False,False,False
9079,TMEM45B,True,False,False,True,False
9080,WWC2,True,True,True,True,False
9081,CENPU,True,True,True,True,True
9082,ACSL1,True,False,True,False,False
9083,SLC25A4,True,True,True,True,True
9084,AMN1,True,False,True,False,False
9085,BICD1,True,True,True,False,True
9086,SAV1,True,True,True,True,True
9087,CCDC122,True,False,False,False,False
9088,SERP2,True,False,False,False,False
9089,NBAS,True,True,True,True,True
9090,ZNF385D,True,False,False,False,False
9091,TDO2,True,False,False,False,False
9092,GUF1,True,True,True,True,True
9093,SLC35F4,True,False,False,False,False
9094,GABRA2,True,False,False,False,False
9095,SACS,True,True,True,True,True
9096,CCDC175,True,False,False,False,False
9097,PABPC3,True,False,False,False,False
9098,CENPJ,True,True,True,True,True
9099,FBXO4,True,True,False,True,True
9100,TMEM267,True,True,True,True,True
9101,CCL28,True,False,False,False,False
9102,PARP8,True,False,True,False,True
9103,GFRA1,True,False,False,False,True
9104,CACUL1,True,True,True,True,True
9105,DST,True,True,True,True,True
9106,BEND6,True,False,True,False,True
9107,TIAL1,True,True,True,True,True
9108,BAG3,True,True,True,True,True
9109,GLT1D1,True,False,False,False,False
9110,TMEM132D,True,False,False,False,False
9111,RBM46,True,False,False,False,False
9112,SCHIP1,False,False,False,False,False
9113,MCHR2,True,False,False,False,False
9114,KCNE4,True,False,False,False,False
9115,AP1S3,True,False,True,True,True
9116,RABGAP1L,True,True,True,True,True
9117,CCDC74B,False,False,False,False,False
9118,TLCD4,True,False,False,True,False
9119,MZT2B,False,True,True,True,True
9120,TUBA3E,True,False,False,False,False
9121,ASTN1,True,False,False,False,False
9122,CFC1B,False,False,False,False,False
9123,FAM168B,True,True,True,True,True
9124,PTPN14,True,False,True,True,False
9125,MGAT5,True,True,True,True,True
9126,TMEM163,True,False,False,False,False
9127,GPATCH11,True,True,True,True,True
9128,HSPB8,True,False,False,False,False
9129,GEMIN6,True,True,True,True,True
9130,TMEM178A,True,False,False,False,False
9131,POU4F1,True,True,False,False,True
9132,OBI1,True,True,True,True,True
9133,CYSLTR2,True,False,False,False,False
9134,GRID2,True,False,False,False,False
9135,ARL11,True,True,False,False,False
9136,RIT2,True,False,False,False,False
9137,SETBP1,True,False,False,False,False
9138,ARL14EP,True,True,True,True,True
9139,EPG5,True,False,True,True,True
9140,PSTPIP2,True,True,True,False,False
9141,ATP5F1A,True,True,True,True,True
9142,HAUS1,True,True,True,True,True
9143,C18orf25,True,True,True,True,True
9144,SPC25,True,True,True,True,True
9145,G6PC2,True,False,False,False,False
9146,PDK1,True,True,True,True,True
9147,PTH,True,False,False,False,False
9148,PDE3B,True,False,False,True,True
9149,TCF7L1,True,False,False,False,False
9150,TGOLN2,True,True,True,True,True
9151,SH2D6,True,False,False,False,False
9152,KCNK13,True,False,False,False,False
9153,UHMK1,True,True,True,True,True
9154,ATG10,True,True,True,True,True
9155,POC5,True,True,True,True,True
9156,SPOCK1,True,False,True,False,False
9157,FAM151B,True,False,False,False,False
9158,TADA1,True,True,False,True,True
9159,GUCY1A2,True,False,False,False,False
9160,CWF19L2,True,True,True,True,True
9161,JMY,True,True,True,True,True
9162,HOMER1,True,True,False,True,True
9163,XRCC4,True,True,True,True,True
9164,BOLL,True,False,False,False,False
9165,ZNF547,True,False,False,False,False
9166,ZNF773,True,False,False,False,False
9167,ZNF776,True,False,False,False,True
9168,ZNF256,True,False,False,False,False
9169,SUV39H2,True,True,True,True,True
9170,DCLRE1C,True,True,True,True,True
9171,OLAH,True,False,False,False,False
9172,RPP38,True,True,True,True,True
9173,NMT2,True,True,True,True,True
9174,ZSCAN1,True,False,False,False,False
9175,ZNF837,True,False,False,False,False
9176,USP12,True,True,True,True,True
9177,CCDC50,True,True,True,True,False
9178,CAMK4,True,False,True,False,True
9179,TRIM36,True,False,False,False,False
9180,ZFP36L2,True,True,True,True,True
9181,PAN3,True,True,False,True,True
9182,PLEKHH2,True,False,False,False,False
9183,PFKM,True,True,True,False,False
9184,TMEM123,True,True,True,True,True
9185,GRIA4,True,False,False,False,False
9186,SPEF2,True,False,False,False,False
9187,SPARCL1,True,False,False,False,False
9188,DSPP,True,False,False,False,False
9189,DMP1,True,False,False,False,False
9190,MEPE,True,False,False,False,False
9191,MBNL1,True,True,True,True,True
9192,CAPSL,True,False,False,False,False
9193,NADK2,True,True,True,True,True
9194,GPD1L,True,False,False,True,False
9195,GJA1,True,False,True,False,False
9196,CCNO,True,False,True,False,False
9197,DDX4,True,False,False,False,False
9198,CLEC4F,True,False,False,False,False
9199,SLC30A6,True,True,True,True,False
9200,PELO,True,True,True,True,True
9201,RASGRP3,True,False,False,False,False
9202,SAR1B,True,True,True,True,True
9203,CATSPER3,True,False,False,False,False
9204,GPR180,True,True,True,False,True
9205,TCTEX1D1,True,False,False,False,False
9206,WDR78,True,False,False,False,False
9207,ANKRD22,True,False,False,False,False
9208,FARP1,True,False,True,True,False
9209,IFIT5,True,False,True,False,True
9210,SLC16A12,True,False,False,False,False
9211,PANK1,True,False,False,True,False
9212,PRDM8,True,False,True,False,False
9213,BMP3,True,False,False,False,False
9214,HNRNPDL,True,True,True,True,True
9215,HHEX,True,True,False,True,False
9216,UTRN,True,False,True,True,True
9217,GRM1,True,False,False,False,False
9218,PTPRK,True,False,True,True,True
9219,GGPS1,True,True,True,True,True
9220,CNTNAP4,True,False,False,False,False
9221,ZNF117,True,True,False,False,True
9222,RAB3C,True,False,False,False,False
9223,LMNTD1,True,False,False,False,False
9224,MARVELD2,True,False,False,True,False
9225,RAD17,True,True,True,True,True
9226,MED21,True,True,True,True,True
9227,PLOD2,True,True,True,True,False
9228,STK32B,True,False,False,False,False
9229,NRSN1,True,False,False,False,False
9230,JAKMIP1,False,False,False,False,True
9231,ZIC1,True,False,False,False,False
9232,ADGRA3,True,True,True,True,True
9233,CPB1,True,False,False,False,False
9234,SREK1IP1,True,True,True,True,True
9235,LGI2,True,False,False,False,False
9236,CWC27,True,True,True,True,True
9237,SRP19,True,True,True,True,True
9238,CENPH,True,True,True,True,True
9239,CDYL,True,True,True,True,True
9240,CARHSP1,True,True,True,True,True
9241,TEKT5,True,False,False,False,False
9242,BANK1,True,False,False,False,False
9243,TXNDC11,True,True,True,True,True
9244,DAB2,True,True,True,True,False
9245,ACMSD,True,False,False,False,False
9246,ACOXL,True,False,False,False,False
9247,BCL2L11,True,True,False,True,True
9248,ANAPC1,True,True,True,True,True
9249,CAST,True,True,True,True,True
9250,SCOC,False,True,True,True,True
9251,CLGN,True,False,True,True,True
9252,CETN3,True,True,True,True,True
9253,SMARCA5,True,True,True,True,True
9254,SYCP2L,True,True,False,False,False
9255,BMP6,True,False,False,False,False
9256,RGPD3,True,False,False,False,False
9257,RASSF3,True,True,True,True,False
9258,HNRNPU,True,True,True,True,True
9259,AHCTF1,True,True,True,True,True
9260,MERTK,True,False,False,True,False
9261,TMEM87B,True,True,True,True,True
9262,OR14K1,True,False,False,False,False
9263,PTPRR,True,False,False,False,False
9264,NR4A2,True,False,False,False,False
9265,CCDC148,True,False,False,False,False
9266,PLA2R1,True,False,True,False,False
9267,RBMS1,True,False,True,True,True
9268,SCN3A,True,False,False,False,True
9269,FEZF2,True,False,False,False,False
9270,CD96,True,False,False,False,True
9271,SLC25A27,True,False,False,False,False
9272,ADGRF1,True,False,False,False,False
9273,ADGRF4,True,False,False,False,False
9274,FRMD1,True,False,False,False,False
9275,FAM49B,True,True,True,True,True
9276,ASAP1,True,True,True,True,True
9277,TRAPPC8,True,True,True,True,True
9278,FAM81B,True,False,False,False,False
9279,INO80C,True,True,True,True,True
9280,LPCAT1,True,True,True,True,True
9281,PLEKHG4B,True,False,False,False,False
9282,NMRAL1,True,True,True,False,True
9283,UBALD1,True,True,True,True,True
9284,C16orf89,True,False,False,False,False
9285,TMEM251,True,True,True,True,True
9286,ING1,True,True,True,True,True
9287,TEX29,True,False,False,False,False
9288,SPACA7,True,False,False,False,False
9289,ADPRHL1,True,False,False,False,False
9290,CMTM7,True,True,True,True,False
9291,FBXL2,True,False,True,False,False
9292,UBP1,True,True,True,True,True
9293,RMND5A,True,True,True,True,True
9294,CD8A,True,False,False,False,False
9295,RPIA,True,True,True,True,True
9296,GOLGA8F,False,False,False,False,False
9297,PTPRD,True,False,False,False,False
9298,LURAP1L,True,False,True,True,False
9299,CNKSR3,True,False,False,True,False
9300,GTF2E1,True,True,True,True,True
9301,CFDP1,True,True,True,True,True
9302,TGIF2LX,True,False,False,False,False
9303,ZDHHC7,True,True,True,True,True
9304,FAM92B,True,False,False,False,False
9305,C7orf31,True,False,False,False,False
9306,TMPRSS11D,True,False,False,False,False
9307,JAZF1,True,False,True,False,False
9308,CMIP,True,True,True,True,True
9309,SPHKAP,True,False,False,False,False
9310,KCNJ16,True,False,False,False,False
9311,PID1,True,False,False,False,False
9312,TRIP12,True,True,True,True,True
9313,FBXO36,True,False,False,False,False
9314,CEBPG,True,True,True,True,True
9315,KCTD15,True,True,False,True,False
9316,ZNF599,True,False,False,False,True
9317,MCOLN2,True,False,False,False,False
9318,LGI4,True,False,False,False,False
9319,DDAH1,True,False,True,True,False
9320,CHD1,True,True,True,True,True
9321,ANKFN1,True,False,False,False,False
9322,DGKE,True,True,True,False,True
9323,HS2ST1,True,True,True,True,True
9324,MSI2,True,True,True,True,True
9325,CACNA2D1,True,False,True,False,False
9326,ZUP1,True,True,True,True,True
9327,HS3ST3A1,False,False,True,False,False
9328,GDPD1,True,True,False,False,False
9329,NUS1,True,True,True,True,True
9330,SEMA3D,True,False,False,False,False
9331,PPP2R5E,True,True,True,True,True
9332,ASB17,True,False,False,False,False
9333,GRAP,False,False,False,False,False
9334,SLC5A10,True,False,False,False,False
9335,AK5,True,False,True,False,False
9336,CABYR,True,False,False,False,False
9337,IMPACT,True,True,True,False,False
9338,ANKRD29,True,False,False,False,False
9339,SDHAF4,True,False,False,True,False
9340,CHST9,True,False,False,True,False
9341,THY1,True,False,True,False,True
9342,DNAAF1,True,False,False,False,False
9343,C16orf74,True,False,True,False,False
9344,TBCEL,True,False,False,False,False
9345,JPH3,True,True,False,False,False
9346,ANKH,True,False,False,True,True
9347,OTULIN,True,True,True,True,True
9348,UBASH3B,True,False,True,True,True
9349,ROBO4,True,False,False,False,False
9350,ROBO3,True,False,False,False,True
9351,PANX3,True,False,False,False,False
9352,TBRG1,True,True,True,True,True
9353,NRGN,True,True,True,False,False
9354,RETREG1,True,False,True,False,True
9355,CDH12,True,False,False,False,False
9356,GPR15,True,False,False,False,False
9357,TOMM70,True,True,True,True,True
9358,ABI3BP,True,False,False,False,False
9359,ANGPT1,True,True,True,False,False
9360,PITPNC1,True,True,False,True,True
9361,CC2D1B,True,False,True,False,True
9362,CERS3,True,False,False,False,False
9363,PRKCA,True,True,True,True,True
9364,LRRK1,True,True,False,False,False
9365,CEP112,True,False,True,False,True
9366,ABCA9,True,False,False,False,False
9367,ABCA6,True,False,False,False,False
9368,ABCA10,True,False,False,False,False
9369,ABCA5,True,False,False,True,False
9370,ENPP3,True,False,False,True,False
9371,C4orf19,True,False,False,False,False
9372,UCHL1,True,False,True,False,False
9373,MIA3,True,True,True,True,True
9374,DISP1,True,False,False,False,False
9375,TNIK,True,True,True,False,False
9376,FAM167A,True,False,True,False,False
9377,NEIL2,True,False,True,True,False
9378,PGM5,True,False,True,False,False
9379,WNT3A,True,False,False,False,False
9380,OBSCN,True,True,False,False,True
9381,LONRF1,True,False,False,True,True
9382,TRIM11,True,True,True,True,True
9383,ENAH,True,False,True,True,True
9384,PPP1R3A,True,False,False,False,False
9385,CCSAP,True,True,True,True,True
9386,ASZ1,True,False,False,False,False
9387,SH3RF1,True,False,True,True,False
9388,GBP5,True,False,False,False,False
9389,BUB3,True,True,True,True,True
9390,GPR26,True,False,False,False,False
9391,CCDC173,True,False,False,False,False
9392,MMP21,True,False,False,False,False
9393,C10orf90,True,False,False,False,False
9394,DIPK1A,True,False,True,False,False
9395,ATP5MC3,True,True,True,True,True
9396,CNTNAP3B,True,False,True,False,False
9397,SRSF12,True,False,False,False,False
9398,PDLIM3,True,False,False,True,False
9399,SORBS2,True,False,True,True,False
9400,ELOC,True,True,True,True,True
9401,LY96,True,False,False,False,True
9402,PSMA8,True,False,False,False,True
9403,TMSB4Y,True,False,False,False,False
9404,CXADR,True,False,False,True,True
9405,BTG3,True,True,True,True,True
9406,C21orf91,True,True,False,True,True
9407,CHODL,True,False,False,False,False
9408,TMPRSS15,True,False,False,False,False
9409,NCAM2,True,True,False,False,False
9410,L3MBTL4,True,False,False,False,False
9411,PDE1C,True,False,True,False,False
9412,RABGEF1,True,True,True,True,True
9413,JAM2,True,False,False,False,False
9414,ATP5PF,True,True,True,True,True
9415,GABPA,True,True,True,True,True
9416,ADAMTS1,True,False,True,False,True
9417,ADAMTS5,True,False,False,False,False
9418,TSEN2,True,True,True,True,True
9419,SLFN13,True,False,False,False,False
9420,WNT7A,True,False,False,False,False
9421,XPC,True,True,True,True,True
9422,CCDC174,True,True,True,True,True
9423,FGD5,True,False,False,False,False
9424,FLCN,True,True,True,True,True
9425,DPH3,True,True,True,True,True
9426,OXNAD1,True,True,False,True,True
9427,PLCL2,True,True,False,False,True
9428,CXXC1,True,True,True,True,True
9429,SKA1,True,True,True,True,True
9430,PPP4R1,True,True,True,True,True
9431,APCDD1,True,False,False,False,False
9432,PIEZO2,True,False,False,True,False
9433,MPPE1,True,False,True,True,True
9434,USP43,True,False,False,False,False
9435,RAB6B,True,False,False,False,False
9436,EME1,True,True,False,True,True
9437,EPHB1,True,False,False,False,False
9438,ACSS1,True,False,False,True,True
9439,ANKRD40,True,True,True,True,True
9440,ZNF18,True,False,False,False,False
9441,CA10,True,False,False,False,False
9442,VOPP1,True,True,True,True,True
9443,SEPTIN14,True,False,False,False,False
9444,APOOL,True,True,True,True,True
9445,DKK2,True,False,False,False,False
9446,CYP2U1,True,False,True,False,True
9447,FBXL18,True,False,True,True,True
9448,CNTNAP5,True,False,False,False,False
9449,PROM2,True,False,False,False,False
9450,AK9,True,False,False,False,True
9451,ODF1,True,False,False,False,False
9452,KLF10,True,False,True,True,False
9453,PTPRN2,True,False,False,True,False
9454,AZIN1,True,True,True,True,True
9455,ATP6V1C1,True,True,True,True,True
9456,PIP4P2,True,True,True,True,True
9457,OTUD6B,True,True,True,True,True
9458,CDK19,True,True,True,True,True
9459,GTF3C6,True,True,True,True,True
9460,TTC39B,True,False,False,False,False
9461,AGPAT5,True,True,True,True,True
9462,MMS19,True,True,True,True,True
9463,OR4K1,True,False,False,False,False
9464,PI4K2A,True,False,True,True,True
9465,MARVELD1,True,False,True,False,True
9466,ZFYVE27,True,True,True,True,True
9467,GOLGA7B,True,False,False,False,False
9468,GPR78,True,False,False,False,False
9469,TRMT44,True,False,False,False,True
9470,SLC25A28,True,False,True,True,True
9471,HSPA13,True,True,True,True,True
9472,SAMSN1,True,True,False,False,True
9473,USP25,True,True,True,True,True
9474,GRAMD2B,True,False,True,True,False
9475,ZCCHC10,False,True,True,True,True
9476,C16orf87,True,True,True,True,True
9477,MOV10,True,True,True,True,True
9478,RHOC,True,True,True,True,True
9479,PPM1J,True,False,False,False,False
9480,DBI,True,True,True,True,True
9481,SLC16A1,True,True,True,True,True
9482,HEATR3,True,True,True,True,True
9483,NIFK,True,True,True,True,True
9484,OXA1L,True,True,True,True,True
9485,SLC7A7,True,False,False,False,False
9486,MAGEC1,True,True,False,False,False
9487,LARP1,True,True,True,True,True
9488,CNOT8,True,True,True,True,True
9489,GRIA1,True,False,False,False,False
9490,LRGUK,True,False,False,False,False
9491,SETD9,True,True,True,True,True
9492,MIER3,True,True,False,True,True
9493,NUP205,True,True,True,True,True
9494,ZKSCAN2,True,False,False,True,False
9495,C9orf85,True,True,True,True,True
9496,XAGE2,True,False,False,False,False
9497,PIK3AP1,True,False,False,False,False
9498,RBM45,True,True,True,True,True
9499,TTN,True,False,False,False,False
9500,VSIG4,True,False,False,False,False
9501,PDIA4,True,True,True,True,True
9502,KDM8,True,False,False,False,False
9503,PDZD9,True,False,False,False,False
9504,OTOA,True,False,False,False,False
9505,KCTD18,True,False,True,False,True
9506,FAM126B,True,True,True,True,True
9507,FLACC1,True,False,False,False,False
9508,C2CD6,True,False,False,False,False
9509,TMEM237,True,True,True,True,True
9510,FZD7,True,False,False,False,False
9511,SPAG17,True,False,False,False,False
9512,DEPTOR,True,False,False,False,False
9513,FMN2,True,False,True,False,False
9514,RNF20,True,True,True,True,True
9515,CYLC2,True,False,False,False,False
9516,PPARGC1B,True,True,False,False,True
9517,ELMO1,True,False,False,False,True
9518,SLC26A2,True,False,True,True,True
9519,LSM11,True,False,False,False,True
9520,MED7,True,True,True,True,True
9521,SAXO1,True,False,False,False,False
9522,RRAGA,True,True,True,True,True
9523,SLC24A2,True,False,False,False,False
9524,TRIM42,True,False,False,False,False
9525,PXYLP1,True,False,False,False,True
9526,ADCY8,True,False,False,False,False
9527,RASA2,True,True,True,True,True
9528,RMND1,True,True,True,True,True
9529,RAET1L,True,False,False,False,False
9530,SLA,True,False,False,False,True
9531,TMBIM4,True,True,True,True,True
9532,VBP1,True,True,True,True,True
9533,RAB39B,True,False,False,False,True
9534,CLIC2,True,False,False,False,False
9535,AFF2,True,False,False,False,True
9536,MICU3,True,False,True,False,True
9537,GRIP1,True,False,False,False,False
9538,VPS37A,True,True,True,True,True
9539,KIF5A,True,False,False,True,False
9540,NAT2,True,False,False,False,False
9541,MAGEA8,True,False,False,False,False
9542,PSD3,True,False,True,True,False
9543,CARNMT1,True,True,True,True,True
9544,MCU,True,True,True,True,True
9545,ELMSAN1,True,True,True,True,True
9546,CFAP70,True,False,False,False,False
9547,GNA14,True,False,False,False,False
9548,FAM161B,True,False,False,False,False
9549,GNAQ,True,True,True,True,True
9550,WIF1,True,False,False,False,False
9551,UGT2B4,True,False,False,False,False
9552,GPR61,True,False,False,False,False
9553,MMP16,True,False,True,False,False
9554,ADK,True,True,True,True,True
9555,KCNMA1,True,False,True,False,False
9556,BATF,True,False,False,False,True
9557,DCK,True,True,True,True,True
9558,ADAMTS3,True,False,False,False,False
9559,ALX3,True,False,False,False,False
9560,DPY19L4,True,True,True,True,True
9561,NDUFAF6,True,True,True,True,True
9562,DRAM2,True,True,True,True,True
9563,C8orf37,True,False,False,False,False
9564,PPEF2,True,False,False,False,False
9565,CFAP161,True,False,False,False,False
9566,ADAMTSL3,True,False,False,False,False
9567,ART3,True,False,False,False,False
9568,SLC28A1,True,False,False,False,False
9569,WHAMM,True,True,True,True,True
9570,CXCL13,True,False,False,False,False
9571,N6AMT1,True,True,True,True,True
9572,RWDD2B,True,True,True,True,True
9573,USP16,True,True,True,True,True
9574,CCT8,True,True,True,True,True
9575,MAP3K7CL,True,False,False,False,False
9576,NAA11,True,False,False,False,False
9577,BACH1,True,True,True,True,True
9578,CLDN17,True,False,False,False,False
9579,CLDN8,True,False,False,False,False
9580,TSPAN7,True,False,False,True,True
9581,TIAM1,True,False,False,False,True
9582,SCAF4,True,True,True,True,True
9583,RPGR,True,False,True,True,True
9584,CDK20,True,False,False,False,False
9585,PCGF6,True,True,True,True,True
9586,ANKRD9,True,True,True,True,False
9587,SFR1,True,False,True,True,True
9588,SORCS3,True,False,False,False,False
9589,SFXN2,True,False,False,True,True
9590,ATP5MPL,True,True,True,True,True
9591,FUT6,True,False,False,True,False
9592,TDRD9,True,False,False,False,False
9593,FGF18,True,False,False,False,False
9594,PCDH1,True,False,False,False,False
9595,SH3RF2,True,False,True,True,False
9596,GDF6,True,False,True,False,False
9597,UQCRB,True,True,True,True,True
9598,MTERF3,True,True,True,True,True
9599,PTDSS1,True,True,True,True,True
9600,PPP2R2B,True,False,False,False,False
9601,KCNS2,True,False,False,False,False
9602,FAM122C,True,False,False,False,False
9603,SUPV3L1,True,True,True,True,True
9604,FAM122B,True,True,True,True,True
9605,FBXO43,True,False,False,False,True
9606,HKDC1,True,False,False,True,False
9607,HK1,True,True,True,False,True
9608,TYSND1,True,False,True,True,True
9609,PHF6,True,True,True,True,True
9610,CD109,True,False,True,True,False
9611,LRFN2,True,False,False,False,False
9612,NODAL,True,False,False,False,False
9613,PRG3,True,False,False,False,False
9614,UBE2L6,True,True,True,True,True
9615,ZDHHC5,True,True,True,True,True
9616,MED19,True,True,True,True,True
9617,ZFAND3,True,True,True,True,True
9618,NPTN,True,True,True,True,True
9619,KAT6B,True,True,True,True,True
9620,SAMD8,True,True,True,True,True
9621,RAB11FIP1,True,True,True,True,True
9622,UNC5D,True,False,False,False,False
9623,GLYATL2,True,False,False,False,False
9624,UTP14A,True,True,True,True,True
9625,AIFM1,True,True,True,True,True
9626,MAPK13,True,False,False,True,False
9627,BAG4,True,True,True,True,True
9628,MS4A1,True,False,False,False,False
9629,TBC1D31,True,True,True,True,True
9630,WDYHV1,True,True,True,True,True
9631,ATAD2,True,True,True,True,True
9632,FBXO32,True,False,True,False,False
9633,NSMCE2,True,True,True,True,True
9634,ZNF689,True,True,False,True,True
9635,PRR14,True,True,True,True,False
9636,FBRS,True,True,True,True,True
9637,FRRS1,True,True,False,True,False
9638,PHKG2,True,True,True,True,True
9639,MFSD14A,True,True,True,True,True
9640,SASS6,True,True,True,True,True
9641,COX6A2,True,False,False,False,False
9642,ITGAD,True,False,False,False,False
9643,ADGRG4,True,False,False,False,False
9644,ZIC3,True,False,False,False,False
9645,MALSU1,True,True,True,True,True
9646,VPS8,True,True,True,True,True
9647,GALK2,True,True,True,True,True
9648,LHFPL4,True,False,False,False,False
9649,B3GNT7,True,False,False,False,False
9650,MPV17L,True,False,False,True,False
9651,BUB1B,True,True,True,True,True
9652,PDE6D,True,False,True,False,True
9653,EIF4A2,True,True,True,True,True
9654,BRPF1,True,True,True,True,True
9655,RPUSD3,True,True,True,True,True
9656,SST,True,False,False,False,False
9657,TATDN2,True,True,True,True,True
9658,GHRL,True,False,False,False,False
9659,SEC13,True,True,True,True,True
9660,EXOG,True,True,True,True,True
9661,NTAN1,True,True,True,True,True
9662,SHCBP1L,True,False,False,False,False
9663,NMNAT2,True,False,True,False,False
9664,ZFYVE9,True,True,True,True,True
9665,ATP2B2,True,False,False,False,False
9666,LYZL4,True,False,False,False,False
9667,SLC6A1,True,False,False,False,False
9668,SMG1,True,True,True,True,True
9669,FCHO2,True,True,True,True,False
9670,RBPMS,True,False,True,True,False
9671,TMEM171,True,False,False,False,False
9672,KLHL40,True,False,False,False,False
9673,C8A,True,False,False,False,False
9674,TIMP4,True,False,False,False,False
9675,SYN2,True,False,False,False,False
9676,NRG1,True,False,True,False,False
9677,ODR4,True,True,True,True,True
9678,CPT2,True,True,True,True,True
9679,NECAP2,True,True,True,True,True
9680,LRP8,True,True,True,True,True
9681,CDCP2,True,False,False,False,False
9682,PAXIP1,True,True,True,True,True
9683,STEAP2,True,False,True,False,False
9684,SSBP3,True,True,True,True,True
9685,HTR5A,True,False,False,False,False
9686,CLDN12,True,False,True,True,False
9687,MMP14,True,False,True,False,False
9688,FZD1,True,False,False,False,False
9689,GATAD1,True,True,True,True,True
9690,SUSD3,True,False,False,True,False
9691,TMED6,True,False,False,True,False
9692,CLEC18A,True,False,False,False,False
9693,DHRS4,True,True,True,True,True
9694,C1orf158,True,False,False,False,False
9695,CLEC18C,True,False,False,False,False
9696,ARMC12,True,False,False,False,False
9697,DDX19B,True,True,True,True,False
9698,ST3GAL2,True,True,True,True,True
9699,FCSK,True,False,False,False,False
9700,IL34,True,False,False,False,False
9701,DHRS1,True,True,True,True,False
9702,CACNA1D,True,False,False,False,False
9703,ARSE,True,False,False,True,False
9704,KIT,True,True,False,False,False
9705,HYDIN,True,False,False,False,False
9706,AASDH,True,True,True,True,True
9707,ZNF19,True,False,False,False,False
9708,CACNA2D3,True,False,False,False,False
9709,RNF111,True,True,True,True,True
9710,CCNB2,True,True,True,True,True
9711,FAM81A,True,False,False,False,False
9712,MYO1E,True,False,True,True,False
9713,APPL1,True,True,True,True,True
9714,PWWP3B,True,False,False,False,False
9715,AFAP1L1,True,False,False,False,False
9716,TSC22D3,True,False,True,False,False
9717,VPS26C,True,True,True,True,True
9718,DYRK1A,True,True,True,True,True
9719,KCNJ6,True,False,False,False,False
9720,KCNJ15,True,False,False,False,False
9721,ERG,True,False,False,False,False
9722,ETS2,True,True,True,True,True
9723,TSPAN18,True,True,False,False,False
9724,LCA5L,True,False,False,False,False
9725,SLC35B2,True,True,True,True,True
9726,TMEM164,True,True,True,False,True
9727,MX1,True,False,False,False,False
9728,CREB3L1,True,False,True,False,False
9729,C2CD2,True,False,True,True,False
9730,TAB3,True,False,False,True,False
9731,SLC38A10,True,True,True,True,True
9732,C9orf43,True,False,False,False,False
9733,PALM2-AKAP2,True,False,True,True,True
9734,ZNF618,True,False,True,False,True
9735,DGKI,True,False,True,False,False
9736,TMEM268,True,False,False,False,True
9737,SVOPL,True,False,False,False,False
9738,SNX22,True,False,False,False,False
9739,UBN2,True,True,True,True,True
9740,BRAF,True,True,True,True,True
9741,SLC34A2,True,False,False,False,False
9742,ACAN,True,False,False,False,False
9743,PSMG3,True,True,True,True,True
9744,CABP1,True,False,False,False,False
9745,WDR19,True,False,True,False,True
9746,SLC37A3,True,True,False,True,False
9747,AP3S2,True,True,True,True,True
9748,FMNL2,True,False,True,True,False
9749,GAREM2,True,False,False,False,False
9750,SPPL3,True,True,True,True,True
9751,DPYSL5,True,False,False,False,False
9752,DRC1,True,False,False,False,False
9753,RAB28,True,True,True,True,True
9754,PRXL2B,True,False,True,True,False
9755,TNFRSF14,True,False,False,True,False
9756,PANK4,True,False,False,True,False
9757,CIB4,True,False,False,False,False
9758,MEGF11,True,False,False,False,False
9759,C12orf43,True,True,True,True,True
9760,PEX10,True,False,True,True,True
9761,RER1,True,True,True,True,True
9762,RADIL,True,False,False,False,False
9763,SKI,True,True,True,True,True
9764,WIPI2,True,True,True,True,True
9765,LDLRAP1,True,True,False,True,False
9766,AGAP1,True,True,True,True,True
9767,KRTCAP3,True,False,False,False,False
9768,ANKRD61,True,False,False,False,False
9769,PAFAH2,True,False,False,True,True
9770,EXTL1,True,False,False,False,False
9771,SLC30A2,True,False,False,False,False
9772,BABAM2,True,True,True,True,True
9773,TRIM63,True,False,False,False,False
9774,WDR66,True,False,False,False,False
9775,DUSP2,True,False,False,False,True
9776,GRHL3,True,False,False,False,False
9777,UBXN11,True,False,False,True,True
9778,NLRP14,True,False,False,False,False
9779,PTPDC1,True,False,False,False,True
9780,GALNT14,True,False,False,False,False
9781,NCK1,True,True,True,True,True
9782,HPD,True,False,False,True,False
9783,RHPN1,True,False,False,False,True
9784,TPRG1L,True,False,True,True,True
9785,LRRC43,True,False,False,False,False
9786,PRXL2C,True,True,True,True,True
9787,XDH,True,False,False,False,False
9788,XKR8,True,False,True,True,False
9789,CNNM4,True,False,False,False,False
9790,EYA3,True,True,True,True,True
9791,DZIP1L,True,False,False,False,False
9792,TMSB15A,True,False,True,False,False
9793,FANCC,True,True,False,True,True
9794,MRAS,True,False,True,False,False
9795,WASF2,True,True,True,True,True
9796,ABHD3,True,True,False,True,True
9797,ESYT3,True,False,False,False,False
9798,FAIM,True,True,True,True,True
9799,TENT5B,True,False,False,False,False
9800,CLSTN2,True,False,True,False,False
9801,COLEC12,True,False,False,False,False
9802,RNF207,True,False,True,True,False
9803,CUL4B,True,True,True,True,True
9804,GPR153,True,False,False,False,False
9805,SLC13A3,True,False,False,True,False
9806,GPRASP2,True,False,False,False,False
9807,RHBDL2,True,False,False,False,False
9808,AUTS2,True,False,False,False,True
9809,SHROOM4,True,False,False,False,False
9810,CDC25C,True,True,True,True,True
9811,MITD1,True,True,True,True,True
9812,EIF5B,True,True,True,True,True
9813,RIBC1,True,False,False,False,False
9814,TMSB15B,True,False,False,False,False
9815,CATIP,True,False,False,False,False
9816,CNOT11,True,True,True,True,True
9817,KCNB1,True,False,False,False,False
9818,TSPAN33,True,False,False,True,True
9819,NRG2,True,False,False,False,False
9820,AHCYL2,True,False,False,False,True
9821,B4GALT5,True,True,True,True,True
9822,CD1D,True,False,False,False,True
9823,CD1A,True,False,False,False,True
9824,SPATA2,True,False,False,True,False
9825,CD1C,True,False,False,False,True
9826,FAM86C1,False,False,False,True,False
9827,CD1B,True,False,False,False,True
9828,DNAH3,True,False,False,False,False
9829,CD1E,True,False,False,False,True
9830,HMHB1,True,False,False,False,False
9831,CPA2,True,False,False,False,False
9832,NCF1,False,False,False,False,False
9833,CPA5,True,False,False,False,False
9834,TSR2,True,True,True,True,True
9835,PPP1R9A,True,False,True,True,False
9836,ZC3H18,True,True,True,True,True
9837,ZFAND2B,True,True,True,True,True
9838,POM121L2,True,False,False,False,False
9839,GDPD5,True,False,False,True,False
9840,DYNC1I1,True,False,False,False,False
9841,PFKFB1,True,False,False,False,False
9842,ALAS2,True,True,False,False,False
9843,TMED4,True,True,True,True,True
9844,PPP1R15B,True,True,True,True,True
9845,COPG2,True,True,True,False,True
9846,EMSY,True,True,True,True,True
9847,PAGE5,False,False,False,False,False
9848,GPAT4,True,True,True,True,True
9849,PKD1L1,True,False,False,False,False
9850,ZSCAN12,True,True,False,False,False
9851,TAGLN2,True,True,True,True,True
9852,ELK4,True,True,True,True,True
9853,SLAMF8,True,False,False,False,False
9854,SLC45A3,True,False,False,False,False
9855,DUSP23,True,True,True,False,False
9856,RNF166,True,True,True,True,True
9857,NBL1,True,False,False,True,False
9858,HTR6,True,False,False,False,False
9859,ITLN2,True,False,False,False,False
9860,F11R,True,True,False,True,False
9861,USF1,True,False,False,False,True
9862,PLA2G2F,True,False,False,False,False
9863,SPATA2L,True,False,False,True,False
9864,NIT1,True,True,True,True,True
9865,DEDD,True,True,True,True,True
9866,ZNF276,True,True,False,True,True
9867,NPM2,True,False,False,True,False
9868,EDA,True,False,False,True,False
9869,FGF17,True,False,False,False,False
9870,VWA5B1,True,False,False,False,False
9871,CDA,True,False,False,True,False
9872,PINK1,True,False,True,True,True
9873,B4GALT3,True,True,True,True,True
9874,DMTN,True,False,False,True,False
9875,ADAMTS4,True,False,False,False,False
9876,FAM160B2,True,False,True,True,True
9877,NDUFS2,True,True,True,True,True
9878,SLC5A11,True,False,False,False,False
9879,FCER1G,True,True,False,True,False
9880,APOA2,True,False,False,True,False
9881,TOMM40L,True,True,False,True,False
9882,MPZ,True,False,False,True,False
9883,WFDC8,True,False,False,False,False
9884,CCAR2,True,True,True,True,True
9885,WNT9B,True,False,False,False,False
9886,CACHD1,True,False,False,False,False
9887,CDC42SE2,True,True,True,True,True
9888,RAPGEF6,True,True,True,True,True
9889,EPB41,True,True,True,True,True
9890,MIS18A,True,True,True,True,True
9891,ALG8,True,True,True,True,True
9892,FBXW5,True,True,True,True,True
9893,CFAP298,True,True,True,True,True
9894,SYNJ1,True,False,False,False,True
9895,PAXBP1,True,True,True,True,True
9896,IFNAR2,True,True,True,True,True
9897,IFNGR2,True,True,True,True,True
9898,GART,True,True,True,True,True
9899,SON,True,True,True,True,True
9900,DONSON,True,True,True,True,True
9901,SV2A,True,False,True,False,True
9902,LAD1,True,False,False,True,False
9903,STC1,True,False,True,False,False
9904,TNNI1,True,False,False,False,False
9905,CSRP1,True,False,True,True,True
9906,PRAC1,True,False,False,False,False
9907,HOXB13,True,False,False,False,False
9908,C1QC,True,False,False,False,False
9909,KCNE2,True,False,False,False,False
9910,ATP5MC1,True,True,True,True,True
9911,RCAN1,True,True,True,True,True
9912,UBE2Z,True,True,True,True,True
9913,CIART,True,False,False,False,False
9914,SNF8,True,True,True,True,True
9915,CLIC6,True,False,False,False,False
9916,CCDC24,True,False,False,False,False
9917,RUNX1,True,True,True,True,True
9918,IGF2BP1,True,True,True,True,True
9919,GIP,True,False,False,False,False
9920,CBR1,True,False,True,True,False
9921,CBR3,True,False,True,False,False
9922,GJD2,True,False,False,False,False
9923,ACTC1,True,False,False,False,False
9924,MORC3,True,True,True,True,True
9925,CHAF1B,True,True,True,True,True
9926,CLDN14,True,False,False,False,False
9927,SIM2,True,False,True,False,False
9928,HLCS,True,True,True,True,True
9929,SCUBE1,True,False,False,False,False
9930,ARHGAP27,True,False,False,True,True
9931,ADPGK,True,True,True,True,True
9932,PTMS,True,True,True,True,True
9933,PLA2G4D,True,False,False,False,False
9934,PADI4,True,False,False,False,False
9935,ADIPOR1,True,True,True,True,True
9936,CYB5R1,True,True,True,True,True
9937,PSMD4,True,True,True,True,True
9938,ATP13A2,True,True,True,True,True
9939,M1AP,True,False,False,False,False
9940,PSMB4,True,True,True,True,True
9941,IRX6,True,False,False,False,False
9942,BTG2,True,True,False,True,False
9943,CES5A,True,False,False,False,False
9944,HK2,True,True,True,True,False
9945,C1R,True,False,False,False,False
9946,CELF3,True,False,False,False,False
9947,ALDH4A1,True,False,False,True,False
9948,STARD9,True,False,False,False,False
9949,THEM4,True,True,True,True,False
9950,TCHH,True,False,False,False,False
9951,LCE2B,True,False,False,False,False
9952,AMFR,True,True,True,True,True
9953,MED8,True,True,True,True,True
9954,TGM7,True,False,False,False,False
9955,RGL4,True,False,False,False,True
9956,SPRR2G,True,False,False,False,False
9957,PGLYRP3,True,False,False,False,False
9958,ISL2,True,True,False,False,False
9959,RSPRY1,True,True,True,True,True
9960,CCDC17,True,False,False,False,False
9961,GPBP1L1,True,True,True,True,True
9962,NAE1,True,True,True,True,True
9963,TMEM69,True,True,True,True,True
9964,ADGRG5,True,False,False,False,False
9965,DRC7,True,False,False,False,False
9966,ACE,True,False,False,False,False
9967,TEPP,True,False,False,False,False
9968,UROC1,True,False,False,False,False
9969,EFCAB14,True,True,True,True,True
9970,SPON2,True,False,False,True,True
9971,CHCHD6,True,True,True,True,True
9972,LRRC36,True,False,False,False,False
9973,TPPP3,True,False,False,False,False
9974,ZDHHC1,True,False,False,False,False
9975,ATP6V0D1,True,True,True,True,True
9976,AGRP,True,False,False,False,False
9977,ZFYVE28,True,False,True,False,False
9978,CARMIL2,True,False,False,False,True
9979,C16orf86,True,False,False,False,False
9980,PIP,True,False,False,False,False
9981,FAM131B,True,False,False,False,False
9982,RGS12,True,False,True,True,True
9983,PSKH1,True,True,True,True,True
9984,ZYX,True,True,True,True,True
9985,ABR,True,True,True,True,True
9986,LYPD5,True,False,False,False,False
9987,CCDC117,True,True,True,True,True
9988,ZNF230,True,False,False,False,False
9989,CCDC107,True,True,True,True,True
9990,ZNF222,True,False,False,False,False
9991,NPR2,True,False,False,False,False
9992,ZNF221,True,False,False,False,False
9993,ZNF233,True,False,False,False,False
9994,ZNF235,True,False,False,False,False
9995,GNE,True,False,False,False,True
9996,TNFRSF13C,True,False,False,False,False
9997,OR3A3,True,False,False,False,False
9998,ARHGAP35,True,True,True,True,True
9999,PTGIR,True,False,False,False,False
10000,CALM3,True,True,True,True,True
10001,DFFA,True,True,True,True,True
10002,CCDC28B,True,True,True,False,True
10003,IQCC,True,False,False,False,False
10004,TMEM234,True,False,True,True,False
10005,BSDC1,True,True,True,True,True
10006,ZBTB8A,True,True,True,True,True
10007,ATAD3B,True,True,True,True,True
10008,SSU72,True,True,True,True,True
10009,UBE2J2,True,True,True,True,True
10010,ZNF362,True,False,False,True,True
10011,FNDC5,True,False,False,False,False
10012,CPAMD8,True,False,False,False,False
10013,NR2F6,True,True,True,True,True
10014,ANKLE1,True,False,False,False,False
10015,CCDC58,False,True,True,True,True
10016,VMA21,True,True,True,True,True
10017,KALRN,True,False,False,True,False
10018,CILP2,True,False,False,False,False
10019,ABCG1,True,False,False,False,False
10020,TFF3,True,False,False,True,False
10021,TFF2,True,False,False,False,False
10022,TFF1,True,False,False,False,False
10023,TMPRSS3,True,False,False,False,False
10024,UBASH3A,True,True,False,False,True
10025,RSPH1,True,False,False,False,False
10026,SLC37A1,True,True,False,False,True
10027,PDE9A,True,False,False,True,False
10028,WDR4,True,True,True,True,True
10029,NDUFV3,True,True,True,True,True
10030,PKNOX1,True,True,True,True,True
10031,CBS,True,True,False,False,False
10032,CRYAA,False,False,False,False,False
10033,HSF2BP,True,False,True,False,False
10034,RRP1B,True,True,True,True,True
10035,PDXK,True,True,True,True,True
10036,G6PD,True,True,True,True,True
10037,CSTB,True,True,True,True,True
10038,RRP1,True,True,True,True,True
10039,AGPAT3,True,True,True,True,True
10040,TRAPPC10,True,True,True,True,True
10041,GAB3,True,False,False,False,False
10042,GATD3A,False,False,False,True,False
10043,AIRE,True,False,False,False,False
10044,CFAP410,True,True,True,True,True
10045,ZNF66,True,False,False,False,False
10046,LRRC3,True,False,False,False,False
10047,ITGB2,True,False,False,True,True
10048,FAM207A,True,True,True,True,True
10049,RALGDS,True,True,True,True,True
10050,FTCD,True,False,False,True,False
10051,SPATC1L,True,True,True,True,True
10052,LSS,True,True,False,True,True
10053,VAV2,True,False,False,True,False
10054,MCM3AP,True,True,True,True,True
10055,C21orf58,True,True,True,True,True
10056,PCNT,True,True,True,True,True
10057,DIP2A,True,True,True,True,True
10058,S100B,True,False,False,False,False
10059,PRMT2,True,True,True,True,True
10060,CLDND2,True,False,False,False,False
10061,ZNF208,False,False,False,False,False
10062,ADAMTS13,True,False,False,False,False
10063,CACFD1,True,False,False,True,False
10064,SLC2A6,True,False,False,True,True
10065,FCN2,True,False,False,False,False
10066,C9orf116,True,False,True,True,True
10067,LCN1,True,False,False,False,False
10068,ZNF714,True,True,True,True,True
10069,GPSM1,True,False,False,False,False
10070,C19orf47,True,True,False,False,True
10071,HIPK4,True,False,False,False,False
10072,CFAP157,True,False,False,False,False
10073,TOR2A,True,True,True,True,True
10074,ST6GALNAC6,True,False,True,True,False
10075,SHKBP1,True,True,True,True,True
10076,RDH13,True,True,False,True,False
10077,ZER1,True,False,False,True,False
10078,ZDHHC12,True,True,True,True,True
10079,PKN3,True,True,False,True,False
10080,SPTBN4,True,False,False,False,False
10081,BRSK1,True,False,False,False,False
10082,COX6B2,True,False,False,False,False
10083,TMEM190,True,False,False,True,False
10084,NLRP4,True,False,False,False,False
10085,PLPP7,True,False,False,False,False
10086,TAOK1,True,True,True,True,True
10087,MED27,True,True,True,True,True
10088,DEDD2,True,True,True,True,True
10089,SIK3,True,True,True,True,True
10090,MPZL3,True,False,False,True,False
10091,JAML,True,False,False,True,False
10092,NEK8,True,False,False,True,False
10093,TLCD1,True,True,True,True,False
10094,PCSK7,True,True,True,True,True
10095,SAFB,True,True,True,True,True
10096,CD3G,True,False,False,False,True
10097,S100A1,True,False,False,True,False
10098,CHTOP,True,True,True,True,True
10099,CXCR5,True,False,False,False,False
10100,ZBTB7B,True,False,False,True,False
10101,FLAD1,True,True,True,True,True
10102,SHC1,True,True,True,True,True
10103,VPS11,True,True,True,True,True
10104,NLRX1,True,False,False,False,False
10105,ADAR,True,True,True,True,True
10106,IL6R,True,False,False,True,False
10107,UBE2Q1,True,True,True,True,True
10108,CHRNB2,True,False,False,False,False
10109,CRTC2,True,False,False,True,True
10110,ANO10,True,True,True,False,False
10111,FDPS,True,True,True,True,True
10112,RUSC1,True,True,True,True,True
10113,FAM189B,True,True,True,True,True
10114,PAQR6,True,False,False,False,False
10115,PMF1,True,True,True,True,True
10116,SLC25A44,True,True,True,True,True
10117,LMNA,True,True,True,True,False
10118,CCR5,True,False,False,False,False
10119,NBEAL2,True,True,False,True,True
10120,CCDC12,True,True,True,True,True
10121,PTH1R,True,False,False,False,False
10122,UBQLN4,True,True,True,True,True
10123,MYL3,True,False,False,False,False
10124,PPP1R35,True,True,True,True,True
10125,GPATCH4,True,True,True,True,True
10126,LRRC71,True,False,False,False,False
10127,FCRL3,True,False,False,False,False
10128,AZGP1,True,False,False,True,False
10129,FGFR4,True,False,False,True,False
10130,CYP3A4,True,False,False,False,False
10131,CYP3A7,True,False,False,False,False
10132,NACC1,True,True,True,True,True
10133,CYP11B1,True,False,False,False,False
10134,HK3,True,False,False,False,False
10135,LY6K,True,False,False,False,False
10136,IER2,True,True,True,True,True
10137,ZNF394,True,True,True,True,True
10138,CPSF4,True,True,True,True,True
10139,LY6E,True,True,True,True,True
10140,VPS28,True,True,True,True,True
10141,TONSL,True,True,True,True,True
10142,PTGER1,True,False,False,False,False
10143,PWWP3A,True,True,True,True,True
10144,RECQL4,True,True,False,True,True
10145,LRRC14,True,True,False,False,True
10146,ZNF333,True,False,False,False,False
10147,COL26A1,True,False,False,False,False
10148,PPP1R16A,True,True,True,True,True
10149,FOXH1,True,False,False,True,False
10150,ORAI2,True,True,True,True,True
10151,ALKBH4,True,True,True,True,True
10152,CCDC105,True,False,False,False,False
10153,SH2B2,True,False,False,False,False
10154,MRNIP,True,True,True,True,True
10155,SQSTM1,True,True,True,True,True
10156,MGAT4B,True,True,True,True,True
10157,MAML1,True,True,True,True,True
10158,PGLYRP2,True,False,False,False,False
10159,LRWD1,True,True,True,True,True
10160,FBXL13,True,False,False,False,False
10161,NAPEPLD,True,True,True,False,True
10162,SCGB3A1,True,False,False,False,False
10163,PSMC2,True,True,True,True,True
10164,CELF5,True,False,False,False,False
10165,MFSD12,True,True,True,True,True
10166,USP41,True,False,False,False,False
10167,YDJC,True,True,True,True,True
10168,CCDC116,True,False,False,False,False
10169,DVL3,True,True,True,True,True
10170,AP2M1,True,True,True,True,True
10171,ABCF3,True,True,True,True,True
10172,PCYT1A,True,True,True,True,True
10173,FBXO27,True,False,False,False,False
10174,DMKN,True,False,True,True,False
10175,U2AF1L4,True,False,False,False,True
10176,BDH1,True,False,True,True,True
10177,NPHS1,True,False,False,False,False
10178,THAP8,True,False,False,False,False
10179,COX7A1,True,False,False,False,False
10180,ZNF382,True,False,False,False,False
10181,LRRC56,True,False,False,False,False
10182,PLXDC1,True,False,False,False,False
10183,PGAP3,True,False,False,False,False
10184,IKZF3,True,True,False,False,False
10185,GRIN2C,True,False,False,False,False
10186,FDXR,True,True,True,True,True
10187,SAP30BP,True,True,True,True,True
10188,ACOX1,True,True,True,True,True
10189,PRPSAP1,True,True,True,True,True
10190,CYGB,True,False,False,True,False
10191,SRSF2,True,True,True,True,True
10192,ZNF577,True,False,False,False,False
10193,TMEM143,True,False,False,True,True
10194,KLHL10,True,False,False,False,False
10195,CCDC155,True,False,False,False,False
10196,ALDH16A1,True,True,True,True,True
10197,DCD,True,False,False,False,False
10198,ITGA5,True,False,True,False,False
10199,SIGLEC11,True,False,False,False,False
10200,ZNF385A,True,True,False,False,False
10201,MPP3,True,False,False,False,False
10202,CD300LG,True,False,False,False,False
10203,IZUMO2,True,False,False,False,False
10204,NAGS,True,False,False,True,False
10205,LSM12,True,True,True,True,True
10206,ASB16,True,False,False,False,False
10207,EMC10,True,True,True,False,True
10208,JOSD2,True,True,True,True,True
10209,SHANK1,True,False,False,False,False
10210,FAM171A2,True,False,False,False,True
10211,DBF4B,True,True,True,False,True
10212,PLCD3,True,False,True,True,False
10213,FMNL3,True,False,True,False,True
10214,AQP5,True,False,False,False,False
10215,RACGAP1,False,True,True,True,True
10216,OR7G1,True,False,False,False,False
10217,LARP4,True,True,True,True,True
10218,GRASP,True,False,False,True,False
10219,RAVER1,True,True,True,True,True
10220,KRT84,True,False,False,False,False
10221,KRT82,True,False,False,False,False
10222,SYCE2,True,False,False,False,False
10223,SPC24,True,True,True,True,True
10224,IP6K3,True,False,False,False,False
10225,LEMD2,True,True,True,True,True
10226,ALOX15,True,False,False,False,False
10227,TREML1,True,False,False,False,False
10228,ZNF653,True,False,False,False,False
10229,MED11,True,True,True,True,True
10230,CXCL16,True,False,False,True,False
10231,SCIMP,True,False,False,False,False
10232,BCL6B,True,False,False,False,False
10233,ASGR2,True,False,False,True,False
10234,TNFSF13,True,False,False,True,False
10235,SENP3,True,False,False,False,True
10236,FGF11,True,False,False,False,False
10237,EIF4A1,True,True,True,True,True
10238,CCDC42,True,False,False,False,False
10239,POLR3K,True,True,True,True,True
10240,SNRNP25,True,True,True,True,True
10241,PRR35,True,False,False,False,False
10242,WDR90,True,False,False,True,True
10243,JMJD8,True,True,True,True,True
10244,CCDC78,True,False,False,False,False
10245,MSLNL,True,False,False,False,False
10246,SSTR5,True,False,False,False,False
10247,SPSB3,True,True,True,True,True
10248,MEIOB,True,True,False,False,False
10249,HS3ST6,True,False,False,False,False
10250,TEDC2,True,True,False,True,True
10251,CCNF,True,True,True,True,True
10252,TBC1D24,True,True,False,True,True
10253,AMDHD2,True,True,True,True,True
10254,NTN3,True,False,False,False,False
10255,BICDL2,True,False,False,False,False
10256,PAQR4,True,True,True,True,True
10257,FLYWCH2,True,True,True,True,True
10258,ZG16B,True,False,False,True,False
10259,ZNF75A,True,True,True,False,True
10260,ADCY9,True,False,False,True,False
10261,SHANK2,True,False,False,True,False
10262,CLPB,True,True,True,True,True
10263,NEU3,True,True,False,True,True
10264,CYB561A3,True,True,True,True,True
10265,PPP1R32,True,False,False,False,False
10266,ASRGL1,True,True,False,True,True
10267,GNG3,True,False,False,False,False
10268,UBXN1,True,True,True,True,True
10269,LBHD1,True,False,False,False,False
10270,TTC9C,True,True,True,True,True
10271,TAF6L,True,True,False,True,True
10272,NXF1,True,True,True,True,True
10273,STX5,True,True,True,True,True
10274,SLC25A45,True,False,False,False,True
10275,ITIH3,True,False,False,True,False
10276,SYVN1,True,True,True,True,True
10277,ZFPL1,True,True,True,True,True
10278,LRP5,True,True,True,True,True
10279,TPCN2,True,False,False,False,False
10280,FGF19,True,False,False,False,False
10281,CYP4A22,True,False,False,False,False
10282,PDZK1IP1,True,False,False,False,False
10283,TAL1,True,True,False,False,True
10284,CMPK1,True,True,True,True,True
10285,BEND5,True,False,False,False,True
10286,ELAVL4,True,False,False,False,False
10287,COA7,True,True,True,True,True
10288,ZYG11B,True,True,True,True,True
10289,SLC1A7,True,False,False,False,False
10290,CZIB,True,True,True,True,True
10291,MAGOH,True,True,True,True,True
10292,ACOT11,True,False,False,False,False
10293,FAM151A,True,False,False,False,False
10294,PARS2,True,True,False,False,False
10295,LEXM,True,False,False,False,False
10296,BSND,True,False,False,False,False
10297,USP24,True,True,True,True,True
10298,PLPP3,True,False,True,True,False
10299,NOL9,True,True,True,True,True
10300,PRKAA2,True,False,True,True,False
10301,KLHL21,True,True,True,True,True
10302,ZSWIM5,True,False,False,False,False
10303,GMEB1,True,True,True,True,True
10304,SLC45A1,True,False,False,False,False
10305,SELENON,True,False,True,True,False
10306,AK4,True,True,True,True,False
10307,JAK1,True,True,True,True,True
10308,RAVER2,True,False,False,False,True
10309,CTRC,True,False,False,False,False
10310,LZIC,True,True,True,True,True
10311,RBP7,True,False,False,False,False
10312,KNCN,True,False,False,False,False
10313,FBLIM1,True,False,True,True,False
10314,TMEM82,True,False,False,True,False
10315,SLC25A34,True,False,False,False,False
10316,DRAXIN,True,False,False,False,False
10317,PDPN,True,False,False,False,False
10318,LRRC38,True,False,False,False,False
10319,DHRS3,True,True,True,True,False
10320,MATN1,True,False,False,False,False
10321,LAPTM5,True,True,False,False,True
10322,SDC3,True,False,False,False,False
10323,PEF1,True,True,True,True,True
10324,SYNC,True,True,True,True,False
10325,RBBP4,True,True,True,True,True
10326,KIAA1522,True,True,True,True,False
10327,TSSK3,True,False,False,False,False
10328,TMCO4,True,False,False,True,False
10329,UBXN10,True,False,False,False,False
10330,CAMK2N1,True,True,True,True,True
10331,ALPL,True,False,False,True,False
10332,WNT4,True,False,False,False,False
10333,TTLL10,True,False,False,False,False
10334,SCNN1D,True,False,False,False,False
10335,MXRA8,True,True,True,True,False
10336,FAAP20,True,True,True,True,True
10337,MEGF6,True,False,True,False,False
10338,CCDC27,True,False,False,False,False
10339,IL23R,True,False,False,False,False
10340,DIRAS3,True,False,False,False,False
10341,C1orf87,True,False,False,False,False
10342,NFIA,True,True,True,True,True
10343,OMA1,True,True,False,True,True
10344,MYSM1,True,True,True,True,True
10345,TM2D1,True,True,True,True,True
10346,USP1,True,True,True,True,True
10347,FUBP1,True,True,True,True,True
10348,NEXN,True,False,True,False,False
10349,DNAJB4,True,True,True,True,False
10350,ADGRL4,True,False,True,False,False
10351,LRRIQ3,True,False,False,False,True
10352,LRRC53,True,False,False,False,False
10353,TYW3,True,True,True,True,True
10354,LHX8,True,False,False,False,False
10355,SNX7,True,False,True,True,False
10356,B3GALT2,True,False,False,False,False
10357,NTNG1,True,False,True,False,False
10358,FAM102B,True,True,False,False,True
10359,HENMT1,True,False,False,False,True
10360,C1orf52,True,True,True,True,True
10361,WDR63,True,False,False,False,False
10362,GBP2,True,False,False,False,False
10363,ATXN7L2,True,False,False,False,False
10364,GBP4,True,False,False,False,False
10365,ZNF326,True,True,True,True,True
10366,HFM1,True,False,False,False,False
10367,BRINP3,True,False,False,False,False
10368,GFI1,True,False,False,False,True
10369,KCNT2,True,False,False,False,False
10370,AGL,True,True,True,True,True
10371,VCAM1,True,False,False,False,False
10372,EXTL2,True,True,True,True,True
10373,SLC30A7,True,True,True,True,True
10374,ZNF281,True,True,True,True,True
10375,ARPC5,True,True,True,True,True
10376,CADM3,True,False,False,False,False
10377,NLRP3,True,False,False,False,False
10378,ZNF496,True,True,True,True,True
10379,TRIM58,True,True,False,False,False
10380,SLAMF9,True,False,False,False,False
10381,OR2M5,True,False,False,False,False
10382,KCNJ9,True,False,False,False,False
10383,IGSF8,True,False,False,True,True
10384,DDR2,True,False,True,False,False
10385,PEA15,True,True,True,True,True
10386,PEX19,True,True,True,True,True
10387,NCSTN,True,True,True,True,True
10388,VANGL2,True,False,False,False,False
10389,SLAMF6,True,False,False,False,False
10390,OLFML2B,True,False,False,False,False
10391,FCRLB,True,False,False,False,False
10392,FCGR3B,True,False,False,False,False
10393,SLC9C2,True,False,False,False,False
10394,KLHDC9,True,False,False,False,False
10395,C1orf74,True,False,False,False,False
10396,LMX1A,True,False,False,False,False
10397,LRRC52,True,False,False,False,False
10398,FLVCR1,True,True,False,True,True
10399,FAM71A,True,False,False,False,False
10400,ATF3,True,True,True,True,False
10401,RBM15,True,True,False,True,True
10402,DENND2D,True,True,False,False,False
10403,AXDND1,True,False,False,False,False
10404,TDRD5,True,False,False,False,False
10405,IER5,True,True,True,True,True
10406,SNED1,True,False,False,False,False
10407,BPNT1,True,True,True,True,True
10408,SPATA17,True,False,False,False,False
10409,C1orf115,True,False,False,True,False
10410,BROX,True,True,True,True,True
10411,NBPF20,True,False,False,False,False
10412,ACP6,True,False,False,True,False
10413,WDR64,True,False,False,False,False
10414,KIF26B,True,False,False,False,False
10415,TFB2M,True,True,True,True,True
10416,CNST,True,True,True,True,True
10417,PPP1R21,True,False,True,True,False
10418,KLHDC8A,True,False,False,False,False
10419,PM20D1,True,False,False,False,False
10420,PKDCC,True,False,False,True,False
10421,OXER1,True,False,False,False,False
10422,HAAO,True,False,False,True,False
10423,B3GALNT2,True,True,True,True,True
10424,MAPKAPK2,True,True,True,True,True
10425,IL20,True,False,False,False,False
10426,IL24,True,False,False,False,False
10427,FCMR,True,False,False,False,True
10428,PIGR,True,False,False,False,False
10429,FCAMR,True,False,False,False,False
10430,CAPN2,True,True,True,True,False
10431,WDR26,True,True,True,True,True
10432,REL,True,True,False,True,True
10433,PUS10,True,False,False,True,True
10434,PEX13,True,True,True,True,True
10435,KIAA1841,True,False,True,True,True
10436,TRIM17,True,False,False,False,False
10437,RFTN2,True,False,False,False,False
10438,DISC1,True,False,False,True,False
10439,CAPN13,True,False,False,False,False
10440,LRRTM1,True,False,False,False,False
10441,MEMO1,False,True,False,True,False
10442,DPY30,True,True,True,True,True
10443,TYW5,True,True,True,True,True
10444,MAIP1,True,True,True,True,True
10445,KCNF1,True,False,False,False,False
10446,SLC66A3,True,True,False,False,True
10447,ARL5A,True,True,True,True,True
10448,LRATD1,True,False,False,False,False
10449,KCNJ3,True,False,False,False,False
10450,NEUROD1,True,False,False,False,False
10451,CLHC1,True,True,True,False,False
10452,FRZB,True,False,False,False,False
10453,DUSP19,True,False,False,False,False
10454,CFAP36,True,True,True,True,True
10455,NUP35,True,True,True,True,True
10456,CCDC138,True,True,True,True,True
10457,ZSWIM2,True,False,False,False,False
10458,FBXO41,True,False,False,False,True
10459,ACTG2,True,False,False,False,False
10460,WDCP,True,True,False,True,True
10461,SMC6,True,True,True,True,True
10462,VSNL1,True,False,False,True,False
10463,CCDC74A,False,False,True,False,True
10464,H3F3A,True,True,True,True,True
10465,ANKRD30BL,True,False,False,False,False
10466,COQ8A,True,True,False,True,True
10467,SLC16A14,True,False,True,False,False
10468,EN1,True,False,False,False,False
10469,SGCB,True,False,True,True,True
10470,SPATA18,True,False,False,True,False
10471,NOSTRIN,True,True,False,False,False
10472,CFAP221,True,False,False,False,False
10473,CCDC140,True,False,False,False,False
10474,SGPP2,True,False,False,False,False
10475,INHBB,True,False,False,False,False
10476,XIRP2,True,False,False,False,False
10477,BBS5,True,False,False,False,False
10478,SMARCAD1,True,True,True,True,True
10479,HPGDS,True,False,False,False,False
10480,PDLIM5,True,True,True,True,True
10481,PDHA2,True,False,False,False,False
10482,STPG2,True,False,False,False,False
10483,NEURL3,True,False,False,False,False
10484,RPRD2,True,True,True,True,True
10485,ANKRD23,False,False,False,False,False
10486,CTSS,True,True,False,False,False
10487,MSX1,True,True,False,True,False
10488,PACRGL,True,False,True,True,True
10489,BNIPL,True,False,False,False,False
10490,C1QTNF7,True,False,False,False,False
10491,TNFAIP8L2,True,False,False,False,False
10492,LYSMD1,True,False,False,False,False
10493,SCNM1,True,True,True,True,True
10494,TMOD4,True,False,False,False,False
10495,VPS72,True,True,True,True,True
10496,ERCC3,True,True,True,True,True
10497,RNF149,True,True,True,True,True
10498,IWS1,True,True,True,True,True
10499,BOLA3,True,True,True,True,True
10500,CDC42EP3,True,False,True,False,False
10501,S100A11,True,True,True,True,False
10502,LCE3D,True,False,False,False,False
10503,SMCP,True,False,False,False,False
10504,IVL,True,False,False,False,False
10505,SPRR3,True,False,False,False,False
10506,DHX57,True,True,True,True,True
10507,SPRR2D,True,False,False,False,False
10508,BMP10,True,False,False,False,False
10509,PGLYRP4,True,False,False,False,False
10510,ARHGAP25,True,False,False,False,True
10511,S100A9,True,False,False,False,False
10512,S100A12,True,False,False,False,False
10513,TGFA,True,False,False,True,False
10514,TDRD10,True,False,False,False,False
10515,CCNYL1,True,False,True,True,True
10516,FZD5,True,True,False,True,False
10517,CRYGC,True,False,False,False,False
10518,DCAF16,True,True,True,True,True
10519,C1orf189,True,False,False,False,False
10520,NPPC,True,False,False,False,False
10521,GNPDA2,True,True,True,True,True
10522,ALPP,True,False,False,False,False
10523,GABRG1,True,False,False,False,False
10524,ALPG,True,False,False,False,False
10525,GABRB1,True,False,False,False,False
10526,PAQR3,True,True,True,True,True
10527,NIPAL1,True,False,False,False,False
10528,ALPI,True,False,False,False,False
10529,ANTXR2,True,True,True,True,False
10530,HELQ,True,True,True,True,True
10531,CGGBP1,True,True,True,True,True
10532,ABRAXAS1,True,True,True,True,True
10533,GPR155,True,False,False,False,True
10534,PMVK,True,True,True,True,True
10535,PBXIP1,True,False,True,True,True
10536,CLDN1,True,False,False,True,False
10537,PYGO2,True,True,False,True,True
10538,HIPK1,True,True,True,True,True
10539,LENEP,True,False,False,False,False
10540,DCST2,True,False,False,False,False
10541,DCST1,True,False,False,False,False
10542,COL6A3,True,False,False,False,False
10543,INAVA,True,False,False,True,False
10544,YY1AP1,True,True,True,True,True
10545,KBTBD8,True,False,False,False,True
10546,TAFA4,True,False,False,False,False
10547,EOGT,True,False,True,True,False
10548,NAXE,True,True,True,True,True
10549,POGLUT1,True,True,True,True,True
10550,SLC22A15,True,False,False,False,False
10551,CCKAR,True,False,False,False,False
10552,IGFN1,True,False,False,False,False
10553,ATP1A1,True,True,True,True,True
10554,SLC15A2,True,False,False,False,False
10555,EIF4E3,True,False,False,False,False
10556,PROK2,True,False,False,False,False
10557,TEX55,True,False,False,False,False
10558,LRRC58,True,True,True,True,True
10559,FSTL1,True,False,True,False,False
10560,LMOD1,True,False,False,False,False
10561,ELF3,True,False,False,True,False
10562,PDCL2,True,False,False,False,False
10563,TMEM183A,True,True,True,True,True
10564,TMEM169,True,False,False,False,False
10565,IGFBP7,True,False,True,True,False
10566,TRIM46,True,False,False,False,False
10567,KRTCAP2,True,True,True,True,True
10568,CXCR1,True,False,False,False,False
10569,ARPC2,True,True,True,True,True
10570,TSACC,True,False,False,False,False
10571,CCT3,True,True,True,True,True
10572,TMEM79,True,False,False,False,False
10573,SSR2,True,True,True,True,True
10574,RNF25,True,True,True,True,True
10575,STK36,True,False,False,False,False
10576,ADORA1,True,False,False,False,False
10577,NEK10,True,False,False,False,False
10578,CCDC141,True,False,False,False,False
10579,FEV,True,True,False,False,False
10580,CRYBA2,True,False,False,False,False
10581,IHH,True,False,False,False,False
10582,CIP2A,True,True,True,True,True
10583,EOMES,True,False,False,False,False
10584,CWC22,True,True,True,True,True
10585,AZI2,True,True,True,True,True
10586,TGFBR2,True,False,True,True,True
10587,RETNLB,True,False,False,False,False
10588,ANKZF1,True,True,True,True,True
10589,HDAC11,True,False,False,True,False
10590,FCRL4,True,False,False,False,False
10591,TRAT1,True,False,False,False,True
10592,FBLN2,True,False,False,False,True
10593,GLB1L,True,False,False,False,False
10594,STT3B,True,True,True,True,True
10595,CHCHD4,True,True,True,True,True
10596,DPPA2,True,False,False,False,False
10597,NFASC,True,False,True,False,False
10598,FCRL1,True,False,False,False,False
10599,SGO2,True,True,True,True,True
10600,SERPINI1,True,False,False,True,False
10601,CLASP2,True,True,True,True,True
10602,SUCLG1,True,True,True,True,True
10603,NUAK2,True,False,False,False,False
10604,SPTA1,True,False,False,False,False
10605,PRKCI,True,True,True,True,True
10606,MNDA,True,False,False,False,False
10607,PYHIN1,True,False,False,False,False
10608,IFI16,True,False,True,False,True
10609,AIM2,True,False,False,False,False
10610,EFHB,True,False,False,False,False
10611,EIF5A2,True,True,True,True,True
10612,SLC2A2,True,False,False,True,False
10613,FABP1,True,False,False,True,False
10614,PPM1L,True,False,False,False,True
10615,ICA1L,True,False,False,False,True
10616,CTLA4,True,False,False,False,False
10617,ICOS,True,False,False,False,False
10618,RYBP,True,True,True,True,True
10619,PPP4R2,True,True,True,True,True
10620,CD200R1,True,False,False,False,False
10621,GTPBP8,True,True,True,True,True
10622,NEPRO,True,True,True,True,True
10623,SPICE1,True,True,False,False,True
10624,CCDC191,True,False,False,False,False
10625,CADPS,True,False,False,False,False
10626,NKX6-1,True,False,False,False,False
10627,CDS1,True,False,False,True,False
10628,WDFY3,True,False,True,True,False
10629,COX18,True,True,True,True,True
10630,PTPN13,True,False,True,False,False
10631,SYNPR,True,False,False,False,False
10632,ALB,True,False,False,True,False
10633,C3orf49,True,False,False,False,False
10634,C4orf36,True,False,False,False,False
10635,THOC7,True,True,True,True,True
10636,ATXN7,True,True,True,True,True
10637,PSMD6,True,True,True,True,True
10638,PRICKLE2,True,False,True,False,False
10639,ADAMTS9,True,False,False,True,False
10640,PPM1K,True,True,True,True,True
10641,ERICH6,True,False,False,False,False
10642,CLRN1,True,False,False,False,False
10643,GMPS,True,True,True,True,True
10644,TIPARP,True,False,True,True,False
10645,CCNL1,True,True,True,True,True
10646,PTX3,True,False,True,False,False
10647,HESX1,True,False,False,False,False
10648,DCLK3,True,False,False,False,False
10649,SLMAP,True,True,True,True,True
10650,SMIM14,True,True,True,True,True
10651,RPP14,True,True,True,True,True
10652,ABHD6,True,False,False,False,False
10653,DNASE1L3,True,False,False,False,False
10654,C3orf67,True,False,False,False,False
10655,RBM47,True,False,False,True,False
10656,APBB2,True,False,True,True,True
10657,IL17RC,True,False,True,True,False
10658,CRELD1,True,True,False,True,False
10659,FANCD2OS,True,False,False,False,False
10660,PCOLCE2,True,True,True,False,True
10661,U2SURP,True,True,True,True,True
10662,MTMR14,True,True,True,True,True
10663,TTC14,True,True,True,True,True
10664,CXCL3,True,False,False,False,False
10665,CXCL5,True,False,False,False,False
10666,PPBP,True,False,False,False,False
10667,PF4,True,False,False,False,False
10668,MTHFD2L,True,True,True,True,True
10669,CXCL1,True,False,False,False,False
10670,RCHY1,True,True,True,True,True
10671,PLSCR2,True,False,False,False,False
10672,CCDC158,True,False,False,False,False
10673,CPA3,True,False,False,False,False
10674,GYG1,True,True,True,True,True
10675,HPS3,True,True,True,True,True
10676,TM4SF18,True,False,True,False,False
10677,TOPBP1,True,True,True,True,True
10678,RYK,True,True,True,True,True
10679,SNRK,True,True,True,True,True
10680,TCF23,True,False,False,False,False
10681,DNAJC5G,True,False,False,False,False
10682,UCN,True,False,False,False,False
10683,ZNF513,True,False,False,False,False
10684,SLC4A1AP,True,True,True,True,True
10685,PLB1,True,False,False,False,False
10686,SPDYA,True,False,False,False,False
10687,KIAA1143,True,True,True,True,True
10688,KIF15,True,True,True,True,True
10689,TGM4,True,False,False,False,False
10690,WDR43,True,True,True,True,True
10691,ZDHHC3,True,True,True,True,True
10692,CDCP1,True,False,True,False,False
10693,CLEC3B,True,False,False,False,False
10694,SLC6A20,True,False,False,False,False
10695,LZTFL1,True,True,False,True,True
10696,FYCO1,True,False,True,False,True
10697,CCR1,True,False,False,False,False
10698,RTP3,True,False,False,False,False
10699,LRRC2,True,False,False,False,False
10700,ELP6,True,True,True,True,True
10701,FBXO40,True,False,False,False,False
10702,DTX3L,True,False,True,True,True
10703,ZNF148,True,True,True,True,True
10704,NMNAT3,True,False,False,True,False
10705,SMIM12,True,True,True,True,True
10706,ZMYM6,True,True,True,True,True
10707,TPRA1,True,True,True,True,True
10708,YEATS2,True,True,True,True,True
10709,GRIK3,True,False,False,False,False
10710,ZC3H12A,True,False,False,True,False
10711,MEAF6,True,True,True,True,True
10712,SNIP1,True,True,True,True,True
10713,DNALI1,True,False,True,False,False
10714,POLR2H,True,True,True,True,True
10715,KLF15,True,False,False,False,False
10716,CFAP100,True,False,False,False,False
10717,CAMK2N2,True,False,True,False,True
10718,LIPH,True,False,False,False,False
10719,TMEM41A,True,True,True,True,True
10720,RPN1,True,True,True,True,True
10721,SENP2,True,True,True,True,True
10722,HEYL,True,False,False,False,False
10723,IFT122,True,True,True,False,True
10724,RHO,True,False,False,False,False
10725,RFC4,True,True,True,True,True
10726,BAP1,True,True,True,True,True
10727,PRKCD,True,False,False,True,False
10728,RFT1,True,True,True,True,True
10729,SFMBT1,True,True,False,False,True
10730,GNL3,True,True,True,True,True
10731,PBRM1,True,True,True,True,True
10732,UVSSA,True,False,False,False,False
10733,TASOR,True,True,True,True,True
10734,ARHGEF3,True,False,False,True,True
10735,SLBP,True,True,True,True,True
10736,LRPAP1,True,True,True,True,True
10737,ZDHHC19,True,False,False,False,False
10738,SLC51A,True,False,False,False,False
10739,UBXN7,True,True,True,True,True
10740,RNF168,True,True,True,True,True
10741,PIGX,True,True,True,True,True
10742,MELTF,True,False,False,False,False
10743,OTOP1,True,False,False,False,False
10744,S100P,True,False,False,True,False
10745,ABLIM2,True,False,False,False,False
10746,EXO5,True,True,False,False,False
10747,CLDN19,True,False,False,False,False
10748,ERMAP,True,True,False,False,False
10749,ZNF691,True,False,False,False,False
10750,AIMP1,True,True,True,True,True
10751,SGMS2,True,False,True,False,False
10752,DNAJB14,True,True,True,True,True
10753,H2AFZ,True,True,True,True,True
10754,EMCN,True,False,False,False,False
10755,SLC9B1,True,False,False,False,False
10756,SLC9B2,True,True,True,True,True
10757,BDH2,True,True,True,True,True
10758,PGRMC2,True,True,True,True,True
10759,CDC25A,True,True,True,True,True
10760,CAMP,True,False,False,False,False
10761,ZNF589,True,True,False,False,False
10762,FBXW12,True,False,False,False,False
10763,PLXNB1,True,False,False,True,False
10764,CCDC51,True,True,True,True,True
10765,ATRIP,True,True,False,True,True
10766,SHISA5,True,True,True,True,True
10767,SPRY1,True,False,False,True,False
10768,BSN,True,False,False,False,False
10769,APEH,True,True,True,True,True
10770,INTU,True,True,True,True,False
10771,RNF123,False,True,False,True,True
10772,HSPA4L,True,True,True,True,True
10773,MFSD8,True,True,True,True,True
10774,ABHD18,True,True,False,True,True
10775,CAMKV,True,False,False,False,False
10776,MON1A,True,True,True,True,True
10777,MST1R,True,False,False,False,False
10778,RAD54L2,True,True,True,True,True
10779,TEX264,True,True,True,True,True
10780,GRM2,True,False,False,False,False
10781,DUSP7,True,False,False,False,True
10782,POC1A,True,True,True,True,True
10783,PPM1M,True,False,False,False,True
10784,ETNPPL,True,False,False,False,False
10785,WDR82,True,True,True,True,True
10786,PITX2,True,False,False,False,False
10787,C4orf3,True,True,True,True,True
10788,PRSS12,True,False,True,False,False
10789,NDST3,True,False,False,False,True
10790,HMGB2,True,True,True,True,True
10791,SAP30,True,True,True,True,True
10792,HAND2,True,False,False,False,False
10793,MAD2L1,True,True,True,True,True
10794,ANXA5,True,True,True,True,True
10795,TMEM155,True,False,False,False,False
10796,ADAD1,True,False,False,False,False
10797,MAP9,True,False,True,False,True
10798,GUCY1A1,True,False,False,False,True
10799,FBXO8,True,False,True,True,True
10800,CEP44,True,True,True,True,True
10801,HPGD,True,False,False,False,True
10802,ASB5,True,False,False,False,False
10803,C4orf45,True,False,False,False,False
10804,TMEM144,True,False,False,True,False
10805,GASK1B,True,False,False,True,False
10806,NPY1R,True,False,False,False,False
10807,NPY5R,True,False,False,False,False
10808,NAA15,True,True,True,True,True
10809,IL15,True,False,False,False,False
10810,FAM160A1,True,False,False,False,False
10811,ARFIP1,True,True,True,True,True
10812,HHIP,True,False,True,False,True
10813,ANAPC10,True,True,True,True,True
10814,ABCE1,True,True,True,True,True
10815,OTUD4,True,True,True,True,True
10816,LSM6,True,True,True,True,True
10817,TMEM184C,True,True,True,True,True
10818,PRMT9,True,True,False,False,True
10819,ITGA2,True,False,True,True,False
10820,MOCS2,True,True,True,True,True
10821,SLC45A2,True,False,False,False,False
10822,EDIL3,True,False,True,False,False
10823,TMEM161B,True,True,True,True,True
10824,ELOVL7,True,False,False,False,False
10825,NDUFAF2,True,True,True,True,True
10826,ZNF474,True,False,False,False,False
10827,LMBRD2,True,True,False,False,True
10828,RANBP3L,True,False,False,False,False
10829,NIPBL,True,True,True,True,True
10830,RNF180,True,False,False,False,False
10831,ADGRV1,True,False,False,False,False
10832,SLC25A46,True,True,True,True,True
10833,STARD4,True,True,False,True,True
10834,PGGT1B,True,True,True,True,True
10835,F2RL2,True,False,True,False,False
10836,CCDC112,True,True,True,True,True
10837,ANKRD33B,True,True,False,False,False
10838,CMBL,True,True,True,True,False
10839,C5orf63,False,False,False,True,False
10840,PRRC1,True,True,True,True,True
10841,F2RL1,True,False,False,True,False
10842,AGGF1,True,True,True,True,True
10843,WDR41,True,True,True,True,True
10844,PRDM9,True,False,False,False,False
10845,NDUFS4,True,True,True,True,True
10846,SCGB3A2,True,False,False,False,False
10847,SPINK1,True,False,False,True,False
10848,HTR4,True,False,False,False,False
10849,ESM1,True,False,True,False,False
10850,GRPEL2,True,True,True,True,True
10851,CDC20B,True,False,False,False,False
10852,ARSK,True,True,True,True,True
10853,RHOBTB3,True,True,True,True,True
10854,GPX8,True,False,True,False,False
10855,TIGD6,True,False,False,False,False
10856,SPZ1,True,False,False,False,False
10857,SERINC5,True,False,True,True,True
10858,ENPP6,True,False,False,False,False
10859,CAGE1,True,False,False,False,False
10860,CASP3,True,True,True,True,True
10861,PRIMPOL,True,True,True,False,True
10862,ERAP1,True,False,True,True,True
10863,ERAP2,True,False,False,False,True
10864,CMYA5,True,False,False,False,False
10865,EGFLAM,True,False,False,False,False
10866,CFAP97,True,True,True,True,True
10867,TMEM174,True,False,False,False,False
10868,CARTPT,True,False,False,False,False
10869,RICTOR,True,True,True,True,True
10870,TENT2,True,True,True,True,True
10871,EBF1,True,False,False,False,False
10872,ANKRA2,True,False,True,True,True
10873,UBLCP1,True,True,True,True,True
10874,FAM170A,True,False,False,False,False
10875,UTP15,True,True,True,True,True
10876,TLR3,True,False,False,False,False
10877,KLKB1,True,False,False,False,False
10878,NSA2,True,True,True,True,True
10879,GFM2,True,True,True,True,True
10880,TERT,True,False,False,False,False
10881,SLC6A18,True,False,False,False,False
10882,CCDC127,True,True,True,True,True
10883,FOXQ1,True,False,False,True,False
10884,ADGRF2,True,False,False,False,False
10885,ACSL6,True,False,False,False,True
10886,IL3,True,False,False,False,False
10887,CSF2,True,False,False,False,False
10888,SEPTIN8,True,True,True,True,True
10889,SHROOM1,True,True,False,True,False
10890,GDF9,True,False,False,False,False
10891,UQCRQ,True,True,True,True,True
10892,LEAP2,True,False,False,True,False
10893,GJB7,True,False,False,False,False
10894,SLC35A1,True,True,False,True,True
10895,GRIK2,True,False,False,False,False
10896,CGAS,True,False,False,False,False
10897,FABP7,True,False,False,False,False
10898,TLX3,True,False,False,False,False
10899,TXLNB,True,False,False,False,False
10900,CITED2,True,True,True,True,False
10901,CALHM4,True,False,False,False,False
10902,TBXT,True,False,False,False,False
10903,CREBRF,True,True,True,True,True
10904,DCBLD1,True,True,True,True,False
10905,SFXN1,True,True,True,True,True
10906,SAMD3,True,False,False,False,False
10907,TMEM200A,True,False,True,False,False
10908,IL22RA2,True,False,False,False,False
10909,DACT2,True,False,False,False,False
10910,PDSS2,True,True,True,True,True
10911,SPATA48,True,False,False,False,False
10912,STXBP5,True,True,True,True,True
10913,HIST1H2AA,True,False,False,False,False
10914,IL31RA,True,False,False,False,False
10915,ANKRD55,True,False,False,False,False
10916,RAET1E,True,False,False,False,False
10917,PI16,True,False,False,False,True
10918,DAGLB,True,False,False,False,False
10919,KIAA0895,True,False,False,False,False
10920,STK17A,True,True,True,True,True
10921,TRA2A,True,True,True,True,True
10922,GALNT10,True,True,True,True,True
10923,SAP30L,True,True,True,True,True
10924,HCN1,True,False,False,False,False
10925,MYOZ3,True,False,False,False,False
10926,COG5,True,True,True,True,True
10927,NEUROD6,True,False,False,False,False
10928,BMT2,True,False,False,False,False
10929,GPR85,True,False,False,False,False
10930,SLU7,True,True,True,True,True
10931,RP9,True,True,True,True,True
10932,PTTG1,True,True,True,True,True
10933,CAMLG,True,True,True,True,True
10934,BMPER,True,False,False,False,False
10935,RELL2,True,False,False,False,True
10936,KCNK5,True,False,False,False,False
10937,KIF6,True,False,False,False,False
10938,ZNF12,True,True,True,True,True
10939,SLC29A4,True,False,False,True,True
10940,TEX47,True,False,False,False,False
10941,STEAP1,True,False,True,True,False
10942,CDCA7L,True,True,True,False,True
10943,SP8,True,False,False,False,False
10944,MIOS,True,True,True,True,True
10945,KIAA1324L,True,True,False,False,False
10946,USP49,True,True,False,True,True
10947,SYTL3,True,False,False,False,False
10948,IQUB,True,False,False,False,False
10949,HEY1,True,False,False,False,False
10950,ZNF704,True,False,False,True,False
10951,FABP5,True,True,True,True,True
10952,SHH,True,False,False,False,False
10953,TAGAP,True,False,False,False,False
10954,COL1A2,True,False,False,False,False
10955,FNDC1,True,False,False,False,False
10956,CHMP4C,True,True,True,True,False
10957,SLC13A4,True,False,False,False,False
10958,PGAM2,True,False,False,False,False
10959,BRI3,True,True,True,True,True
10960,LMTK2,True,False,False,True,True
10961,SLC35G3,True,False,False,False,False
10962,CTSB,True,True,True,True,True
10963,SOX17,True,False,False,False,False
10964,DLC1,True,True,True,True,False
10965,ADCY1,True,False,False,False,False
10966,C8orf48,True,False,False,False,False
10967,SUN3,True,False,False,False,False
10968,C7orf57,True,False,False,False,False
10969,HNF4G,True,False,False,False,False
10970,PEX2,True,True,True,True,True
10971,RAD21,True,True,True,True,True
10972,SLC30A8,True,False,False,False,False
10973,MED30,True,True,True,True,True
10974,TNFRSF11B,True,False,False,False,False
10975,SBSPON,True,False,False,False,False
10976,PHKG1,True,False,False,False,False
10977,EN2,True,False,False,False,False
10978,KCNV1,True,False,False,False,False
10979,CSMD3,True,False,False,False,False
10980,SPIDR,True,True,True,True,True
10981,ORC5,True,True,True,True,True
10982,DEFA5,True,False,False,False,False
10983,DNAAF5,True,True,True,True,True
10984,DEFA4,True,False,False,False,False
10985,DEFA6,True,False,False,False,False
10986,OSGIN2,True,True,True,True,True
10987,DEFB1,True,False,False,True,False
10988,SUN1,True,True,True,True,True
10989,OXR1,True,True,True,True,True
10990,TMEM74,True,False,False,False,False
10991,GPR146,True,False,False,False,False
10992,GPER1,True,False,False,True,False
10993,UNCX,True,False,False,False,False
10994,TMEM184A,True,False,False,True,False
10995,NOS3,True,False,False,False,True
10996,MICALL2,True,False,False,False,False
10997,CA3,True,False,False,False,False
10998,INTS1,True,True,True,True,True
10999,CDK5,True,True,True,True,True
11000,SLC4A2,True,True,True,True,True
11001,SLC7A13,True,False,False,False,False
11002,FASTK,True,True,True,True,True
11003,TMUB1,True,True,True,True,True
11004,FMC1,True,True,True,True,True
11005,GBX1,True,False,False,False,False
11006,PHAX,True,True,True,True,True
11007,ALDH7A1,True,False,True,True,False
11008,FOXK1,True,True,True,True,True
11009,COX6C,True,True,True,True,True
11010,OSR2,True,False,False,False,False
11011,YWHAZ,True,True,True,True,True
11012,BAALC,True,False,False,False,False
11013,FZD6,True,False,True,True,True
11014,CTHRC1,True,False,False,True,False
11015,SLC25A32,True,True,True,True,True
11016,DCAF13,True,True,True,True,True
11017,DCSTAMP,True,False,False,False,False
11018,TP53INP1,True,False,True,True,False
11019,INTS8,True,True,True,True,True
11020,VIRMA,True,True,True,True,True
11021,FREM1,True,False,False,False,False
11022,GEM,True,False,True,False,False
11023,PDP1,True,False,True,False,True
11024,TMEM67,True,False,True,False,True
11025,WASHC5,True,True,True,True,True
11026,RPP25L,True,True,True,True,True
11027,FAM219A,True,False,True,False,True
11028,C9orf24,True,False,False,False,False
11029,SNAPC3,True,True,True,True,True
11030,MYORG,True,False,False,True,False
11031,NUDT2,True,True,True,True,True
11032,TMEM65,True,True,True,False,True
11033,PSIP1,True,True,True,True,True
11034,CCDC171,True,False,False,False,True
11035,UBAP1,True,True,True,True,True
11036,DIRAS2,True,False,False,False,False
11037,SYK,True,False,False,False,True
11038,NIPSNAP3B,True,False,False,False,False
11039,ABCA1,True,False,True,True,False
11040,NFIL3,True,True,True,True,True
11041,LETM2,True,False,True,True,False
11042,METTL2B,True,True,True,True,True
11043,PRKACG,True,False,False,False,False
11044,FXN,True,True,True,True,True
11045,ZMAT4,True,False,False,False,False
11046,NKX6-3,True,False,False,False,False
11047,TMEM71,True,False,False,False,False
11048,MAMDC2,True,False,False,False,False
11049,PRSS37,True,False,False,False,False
11050,CPA6,True,False,False,False,False
11051,C8orf34,True,False,False,False,False
11052,ALDH1A1,True,False,False,True,False
11053,KDM1B,True,True,False,True,True
11054,HGSNAT,True,False,True,True,True
11055,RASEF,True,False,False,False,False
11056,GKAP1,True,True,True,True,True
11057,KIF27,True,False,False,False,True
11058,C9orf64,True,True,False,True,True
11059,HNRNPK,True,True,True,True,True
11060,SSMEM1,True,False,False,False,False
11061,SVEP1,True,False,False,False,False
11062,TRPV6,True,False,False,False,False
11063,LLCFC1,True,False,False,False,False
11064,ANKS6,True,True,True,True,True
11065,FBP1,True,False,False,False,False
11066,TMEM246,True,False,True,False,False
11067,ZHX1,True,True,True,True,True
11068,CFAP47,True,False,False,False,False
11069,CYBB,True,False,False,False,False
11070,DYNLT3,True,True,True,True,False
11071,METTL27,True,False,False,False,False
11072,MID1IP1,True,True,True,True,True
11073,SHOC1,True,False,False,False,False
11074,CXorf58,True,False,False,False,False
11075,KIAA1958,True,True,False,True,True
11076,PTCHD1,True,False,False,False,False
11077,RNF183,True,False,False,False,False
11078,ASB11,True,False,False,False,False
11079,PCDH19,True,False,False,False,False
11080,PIGA,True,False,False,False,False
11081,VEGFD,True,False,False,False,False
11082,OR1Q1,True,False,False,False,False
11083,OR1K1,True,False,False,False,False
11084,STRBP,True,True,False,True,True
11085,CLDN3,True,False,False,True,False
11086,GAPVD1,True,True,True,True,True
11087,CARD19,True,False,True,True,True
11088,WNK2,True,True,False,True,False
11089,ATP7A,True,True,False,False,True
11090,ZNF367,True,False,True,False,True
11091,NLGN4Y,True,False,False,False,False
11092,HDX,True,False,False,False,False
11093,NDUFB6,True,True,True,True,True
11094,AQP7,True,False,False,False,False
11095,NOL6,True,True,True,True,True
11096,AQP3,True,False,False,False,True
11097,TRMT10B,True,True,False,True,True
11098,VCP,True,True,True,True,True
11099,PIGO,True,False,True,True,True
11100,STOML2,True,True,True,True,True
11101,BRWD3,True,True,True,True,True
11102,SLITRK5,True,False,False,False,False
11103,MELK,True,True,True,True,True
11104,ARMC3,True,False,False,False,False
11105,OTUD1,True,False,False,False,False
11106,ARHGAP12,True,True,True,True,True
11107,FAT3,True,False,False,False,False
11108,DEUP1,True,False,False,False,False
11109,HECTD2,True,False,True,True,True
11110,SLC7A3,True,False,False,False,False
11111,FBXO33,True,True,True,True,True
11112,INTS6L,True,False,False,False,False
11113,GPR101,True,False,False,False,False
11114,CLDN2,True,False,False,False,False
11115,LRFN5,True,False,False,False,False
11116,LRRC18,True,False,False,False,False
11117,SPTSSA,True,True,True,True,True
11118,WRN,True,True,True,True,True
11119,MARCH8,True,True,False,True,True
11120,TSHR,True,False,False,False,True
11121,CFL2,True,True,True,True,False
11122,SUGT1,True,True,True,True,True
11123,GTF2A1,True,True,True,True,True
11124,ZCCHC24,True,False,True,False,False
11125,PGM2L1,True,True,True,False,True
11126,PHYHIPL,True,False,False,True,False
11127,SLC16A9,True,True,False,True,False
11128,FOLR2,True,False,False,False,False
11129,INPPL1,True,True,True,True,False
11130,PHOX2A,True,False,False,False,False
11131,MBL2,True,False,False,False,False
11132,GJB2,True,False,False,False,False
11133,CRYL1,True,False,True,True,True
11134,REEP3,True,True,True,True,True
11135,HEPACAM,True,False,False,False,False
11136,SKA3,True,True,True,True,True
11137,MICU2,True,True,True,True,True
11138,DDIAS,True,True,True,True,True
11139,PCF11,True,True,True,True,True
11140,PKNOX2,True,False,False,False,False
11141,LRR1,True,True,True,True,True
11142,DNAAF2,True,True,True,True,True
11143,DEPP1,True,False,False,True,False
11144,MAGEC3,True,False,False,False,False
11145,ZNF22,True,True,False,False,True
11146,KLHDC2,True,True,True,True,True
11147,EML5,True,False,False,False,False
11148,NEMF,True,True,True,True,True
11149,RPUSD4,True,True,True,True,True
11150,ARF6,True,True,True,True,True
11151,TTC8,True,True,True,True,True
11152,TMEM63C,True,False,False,False,False
11153,NGB,True,False,False,False,False
11154,NOXRED1,True,False,False,False,False
11155,CDX2,True,False,False,False,False
11156,AMER2,True,False,False,False,False
11157,AKR1E2,True,False,False,False,False
11158,KBTBD6,True,True,False,True,True
11159,SSX5,True,False,False,False,False
11160,SSX3,True,False,False,False,False
11161,OTX2,True,False,True,False,False
11162,FAAH2,True,False,False,False,False
11163,DRGX,True,False,False,False,False
11164,NUDT5,True,True,True,True,True
11165,DACT1,True,False,False,False,False
11166,OXGR1,True,False,False,False,False
11167,UCMA,True,False,False,False,False
11168,BEND7,True,False,True,True,False
11169,ATP5F1C,True,True,True,True,True
11170,PRPF18,True,True,True,True,True
11171,TAF3,True,True,True,True,True
11172,VSTM4,True,False,False,False,False
11173,VDAC2,True,True,True,True,True
11174,SOHLH1,True,False,False,False,False
11175,COMTD1,True,True,True,True,True
11176,SLC18A2,True,False,False,False,False
11177,PDZD8,True,True,True,True,True
11178,ZNF503,True,False,True,True,False
11179,ABRAXAS2,True,True,True,True,True
11180,QSOX2,True,True,True,True,True
11181,FAM204A,True,True,True,True,True
11182,NSD1,True,True,True,False,True
11183,PRDX3,True,True,True,True,True
11184,ENOX2,True,True,True,True,True
11185,GHITM,True,True,True,True,True
11186,CLEC1B,True,False,False,False,False
11187,SNAPC4,True,True,True,True,True
11188,TMEM52B,True,False,False,False,False
11189,PMPCA,True,True,True,True,True
11190,ENTR1,True,True,True,True,True
11191,FRMD7,True,False,False,False,False
11192,AK8,True,False,False,False,False
11193,SPACA9,True,False,True,False,True
11194,TSC1,True,True,True,True,True
11195,GFI1B,True,True,False,False,False
11196,HPRT1,True,True,True,True,True
11197,BORCS5,True,True,True,True,True
11198,DIPK1B,True,True,False,False,True
11199,ZMYND19,True,True,True,True,True
11200,STOX1,True,False,False,True,True
11201,RET,True,False,False,False,False
11202,DDX21,True,True,True,True,True
11203,BMS1,True,True,True,True,True
11204,STK32C,True,True,True,True,True
11205,JCAD,True,False,False,False,False
11206,OR4K2,True,False,False,False,False
11207,FUNDC2,True,True,True,True,True
11208,PIP4P1,True,True,True,True,True
11209,METTL17,True,True,True,True,True
11210,SLC39A2,True,False,False,False,False
11211,NDRG2,True,True,False,True,False
11212,RNASE7,True,False,False,False,False
11213,ARHGEF40,True,False,True,True,False
11214,NSMF,True,True,True,True,False
11215,ZNF219,True,False,False,True,True
11216,C12orf50,True,False,False,False,False
11217,CASP7,True,False,True,True,True
11218,PPP1R36,True,False,False,False,False
11219,CCDC186,True,True,True,True,True
11220,VWA2,True,False,False,False,False
11221,METTL3,True,True,True,True,True
11222,SALL2,True,True,False,False,False
11223,PRAP1,True,False,False,True,False
11224,TRUB1,True,True,True,True,True
11225,ERICH6B,True,False,False,False,False
11226,CYP2C19,False,False,False,False,False
11227,ZFYVE1,True,False,True,False,True
11228,C10orf82,True,False,False,True,False
11229,HSPA12A,True,False,False,True,False
11230,FRAT1,True,False,False,False,False
11231,UBTD1,True,False,True,True,False
11232,ANKRD2,True,False,False,False,False
11233,E2F7,True,False,True,True,True
11234,ARHGAP42,True,False,False,False,False
11235,ISCA2,True,True,True,True,True
11236,OTOGL,True,False,False,False,False
11237,LARGE2,True,False,False,True,False
11238,PACSIN3,True,True,True,True,True
11239,TTC7B,True,True,False,False,False
11240,SLC39A13,True,False,True,True,True
11241,PSMC3,True,True,True,True,True
11242,RAPSN,True,False,False,False,False
11243,AGBL2,True,False,False,False,False
11244,TC2N,True,False,False,False,False
11245,CPSF2,True,True,True,True,True
11246,SMCO2,True,False,False,False,False
11247,MOAP1,True,False,True,True,True
11248,IFI27L1,True,True,True,True,True
11249,IFI27,True,False,False,False,False
11250,SERPINA12,True,False,False,False,False
11251,CLMN,True,False,False,True,False
11252,PDZRN4,True,False,False,False,False
11253,SLC6A5,True,False,False,False,False
11254,CCDC38,True,False,False,False,False
11255,NELL1,True,False,False,False,False
11256,PTER,True,True,False,True,True
11257,C1QL3,True,False,False,False,False
11258,CACNB2,True,False,False,False,False
11259,HACD1,True,False,True,True,True
11260,ARL5B,True,True,True,True,True
11261,SMCO4,True,False,False,True,True
11262,CEP295,True,True,True,True,True
11263,KCNC2,True,False,False,False,False
11264,TAF1D,True,True,True,True,True
11265,ABTB2,True,False,False,True,False
11266,R3HCC1L,True,True,True,True,True
11267,AMOTL1,True,True,True,False,True
11268,HTRA1,True,False,True,False,False
11269,LIPC,True,False,False,True,False
11270,CEP57,True,True,True,True,True
11271,TCP11L2,True,False,False,True,False
11272,PASD1,True,False,False,False,False
11273,SPRED1,True,True,True,True,True
11274,TMCO5A,True,False,False,False,False
11275,GPR176,True,False,True,False,False
11276,JAM3,True,False,True,False,True
11277,IL25,True,False,False,False,False
11278,CMTM5,True,False,False,False,False
11279,GLB1L3,True,False,False,False,True
11280,ADAMTS15,True,False,False,False,False
11281,SVOP,True,False,False,False,False
11282,SPATA19,True,False,False,False,False
11283,GPT2,True,True,True,True,False
11284,AMN,True,False,False,True,False
11285,RAB8B,True,True,True,True,True
11286,IKBIP,True,True,True,True,True
11287,RPUSD2,True,True,True,True,True
11288,HIF1AN,True,True,True,True,True
11289,NDUFB8,True,True,True,True,True
11290,ZFYVE19,True,False,False,True,True
11291,PPP1R14D,True,False,False,False,False
11292,SPINT1,True,False,False,True,False
11293,FBN1,True,False,True,False,False
11294,AVPR1A,True,False,False,False,False
11295,C16orf78,True,False,False,False,False
11296,DEPDC4,True,False,False,False,False
11297,LRTM2,True,False,False,False,False
11298,BRD7,True,True,True,True,True
11299,CKB,True,True,False,True,True
11300,TRMT61A,True,True,True,True,True
11301,BTRC,True,True,True,True,True
11302,POLL,True,True,True,True,False
11303,BAG5,True,True,True,True,True
11304,DPCD,True,True,True,True,True
11305,LARP6,True,False,True,True,True
11306,API5,True,True,True,True,True
11307,ASPG,True,False,False,False,False
11308,ZNF319,True,False,False,False,False
11309,HPS6,True,False,True,True,True
11310,SENP8,True,False,False,False,False
11311,NOLC1,True,True,True,True,True
11312,ALKBH3,True,False,True,True,True
11313,COPS2,True,True,True,True,True
11314,GABRB3,True,False,False,False,True
11315,SPIC,True,False,False,False,False
11316,TBATA,True,False,False,False,False
11317,SGPL1,True,False,True,True,True
11318,FRS2,True,False,True,True,True
11319,CCT2,True,True,True,True,True
11320,PCBD1,True,True,True,True,True
11321,ARIH1,True,True,True,True,True
11322,C16orf71,True,False,False,False,False
11323,CLMP,True,False,True,False,False
11324,SCN3B,True,False,False,False,False
11325,COX11,True,True,True,True,True
11326,ZNF202,True,False,False,False,False
11327,FAM227B,True,False,False,False,False
11328,STXBP4,True,True,True,True,True
11329,CYYR1,True,False,False,False,False
11330,CUL5,True,True,True,True,True
11331,MYRFL,True,False,False,False,False
11332,WBP1L,True,True,True,True,True
11333,BORCS7,True,True,True,True,True
11334,C2,True,False,False,True,False
11335,PLEKHF1,True,False,False,False,True
11336,TMEM100,True,False,False,False,False
11337,ANAPC16,True,True,True,True,True
11338,SMPD1,True,False,True,False,False
11339,APBB1,True,False,True,False,False
11340,SYNPO2L,True,False,False,False,False
11341,NUDT13,True,False,False,False,False
11342,C11orf65,True,False,False,False,False
11343,TRIM44,True,True,True,True,True
11344,CCDC182,True,False,False,False,False
11345,ILK,True,True,True,True,True
11346,TAF10,True,True,True,True,True
11347,TPP1,True,True,True,True,True
11348,DCHS1,True,False,False,False,False
11349,NETO1,True,False,False,False,False
11350,MSS51,True,False,False,False,False
11351,CYB5A,True,True,True,True,True
11352,USP54,True,False,False,True,False
11353,RAG1,True,False,False,False,False
11354,POTED,False,False,False,False,False
11355,C11orf74,True,True,True,True,False
11356,WDR88,True,False,False,False,False
11357,OR10A5,True,False,False,False,False
11358,ATP9B,True,False,False,True,True
11359,PPFIBP2,True,False,False,True,False
11360,MOGAT2,True,False,False,True,False
11361,CYB5R2,True,False,False,False,False
11362,SERPINB7,True,False,False,False,False
11363,KIAA0355,True,True,True,True,True
11364,SERPINB8,True,False,True,True,True
11365,TUB,True,False,False,False,False
11366,RIC3,True,False,False,False,False
11367,LMO1,True,False,False,False,False
11368,IDH3A,True,True,True,True,True
11369,WDR72,True,False,False,False,False
11370,CRABP1,True,False,False,False,False
11371,PLD4,True,False,False,False,False
11372,ZMAT1,True,False,False,False,False
11373,XRRA1,True,True,True,True,True
11374,TRIM66,True,False,False,True,True
11375,RNF169,True,True,True,True,True
11376,ST5,True,False,True,True,False
11377,CDYL2,True,False,False,False,False
11378,TMEM130,True,False,False,False,False
11379,PRTG,True,False,False,True,False
11380,CENPN,True,True,True,True,True
11381,AKIP1,True,True,True,True,True
11382,ATMIN,True,True,True,True,True
11383,C16orf46,True,False,False,False,False
11384,TMEM41B,True,True,True,True,True
11385,LEO1,True,True,True,True,True
11386,ZNF143,True,True,True,True,True
11387,TMX3,True,True,True,True,True
11388,MFAP4,True,False,False,False,False
11389,WEE1,True,True,True,True,True
11390,MAPK7,True,False,True,False,False
11391,PRKCB,True,True,False,False,True
11392,HDGFL3,True,True,True,False,True
11393,NDST2,True,False,True,True,True
11394,MCM7,True,True,True,True,True
11395,CLEC3A,True,False,False,False,False
11396,CCDC68,True,False,False,True,False
11397,CLEC4E,True,False,False,False,False
11398,ZNF3,True,True,True,True,True
11399,CLEC4D,True,False,False,False,False
11400,ZSCAN21,True,False,False,False,False
11401,RIMKLB,True,True,False,False,True
11402,A2ML1,True,False,False,False,False
11403,BEAN1,True,False,False,False,False
11404,TK2,True,False,True,True,True
11405,TMED3,True,True,True,True,True
11406,SLC38A8,True,False,False,False,False
11407,SEC11C,True,True,True,True,True
11408,CPLX4,True,False,False,False,False
11409,GALR1,True,False,False,False,False
11410,TMEM135,True,True,False,True,True
11411,IQCD,True,False,False,False,False
11412,NDEL1,True,False,True,True,True
11413,CENPV,True,True,True,True,True
11414,CDH16,True,False,False,False,False
11415,RRAD,True,False,False,True,False
11416,CIAO2B,True,True,True,True,True
11417,CFAP52,True,False,False,False,False
11418,HSP90B1,True,True,True,True,True
11419,MC4R,True,False,False,False,False
11420,BLCAP,True,True,True,True,True
11421,SERPINB12,True,False,False,False,False
11422,CHRFAM7A,True,False,False,False,False
11423,ATF7IP2,True,True,False,True,True
11424,MMP10,True,False,False,False,False
11425,TVP23A,True,False,False,False,False
11426,BEX3,True,False,True,True,True
11427,TMPRSS5,True,False,False,False,False
11428,COG1,True,True,True,True,True
11429,PLEKHA7,True,False,False,True,False
11430,ZNF606,True,False,False,False,False
11431,ZCCHC18,True,False,False,False,False
11432,B2M,True,True,True,True,True
11433,ZNF592,True,True,True,True,True
11434,CASC4,True,True,True,True,True
11435,HTR3A,True,False,False,False,False
11436,NNMT,True,False,True,False,False
11437,ACSM1,True,False,False,False,False
11438,AP1G1,True,True,True,True,True
11439,SLFN5,True,False,True,False,True
11440,CATSPER2,True,False,False,False,True
11441,BMERB1,True,False,True,False,True
11442,MARF1,True,True,True,True,True
11443,SAAL1,True,True,True,True,True
11444,YPEL4,True,False,False,False,False
11445,PPIB,True,True,True,True,True
11446,LDHC,True,False,False,False,False
11447,CIAO2A,True,True,True,True,True
11448,LDHAL6A,True,False,False,False,False
11449,FAM111A,True,False,True,True,True
11450,PCLAF,True,True,True,True,True
11451,KIF7,True,False,False,False,False
11452,LDHD,True,False,False,False,False
11453,PLIN1,True,False,False,False,False
11454,PEX11A,True,False,False,True,False
11455,TMEM170A,True,True,True,True,True
11456,MESP1,True,False,False,False,True
11457,ANPEP,True,False,False,True,False
11458,SCNN1G,True,False,False,False,False
11459,RBPMS2,True,True,False,True,False
11460,NAV2,True,False,True,True,False
11461,ANKDD1A,True,False,False,False,False
11462,GLYATL1,True,False,False,False,False
11463,C18orf54,True,False,True,False,True
11464,DCTN5,True,True,True,True,True
11465,TERF2IP,True,True,True,True,True
11466,PLK1,True,True,True,True,True
11467,CLPX,True,True,True,True,True
11468,GPR182,True,False,False,False,False
11469,ZBTB39,True,True,False,False,True
11470,CACNG2,True,False,False,False,False
11471,TAC3,True,True,False,False,False
11472,MYO1A,True,False,False,False,False
11473,CHP2,True,False,False,False,False
11474,NEMP1,True,True,True,True,True
11475,OR4D6,True,False,False,False,False
11476,NAB2,True,False,True,True,False
11477,VPS39,True,False,True,True,True
11478,STAT6,True,True,True,True,True
11479,PATL1,True,True,True,True,True
11480,ATP23,True,True,False,True,True
11481,ELFN2,True,False,False,False,False
11482,STX3,True,True,True,True,False
11483,PIP4K2C,True,True,True,True,False
11484,MTMR10,True,False,False,False,False
11485,YWHAB,True,True,True,True,True
11486,C15orf48,True,False,False,False,False
11487,SCG5,True,False,True,False,False
11488,GREM1,True,False,True,False,False
11489,NYAP1,True,False,False,False,False
11490,TSC22D4,True,True,True,True,True
11491,MS4A6E,True,False,False,False,False
11492,MS4A7,True,False,False,False,False
11493,MS4A14,True,False,False,False,False
11494,MS4A5,True,False,False,False,False
11495,DIS3L,True,True,True,True,True
11496,CCNDBP1,True,True,True,True,True
11497,EPB42,True,False,False,False,False
11498,TGM6,True,False,False,False,False
11499,SMAD3,True,False,True,True,True
11500,MS4A8,True,False,False,False,False
11501,CCDC178,True,False,False,False,False
11502,MS4A15,True,False,False,False,False
11503,MAP1A,True,True,True,False,True
11504,RCCD1,True,True,True,True,True
11505,AKTIP,True,False,True,True,True
11506,MAPRE2,True,True,True,True,True
11507,EVA1C,True,False,False,False,False
11508,TCP10L2,True,False,False,False,False
11509,MARS,True,True,True,True,True
11510,MBD6,True,True,True,True,True
11511,CNPY4,True,False,False,False,False
11512,PDIA3,True,True,True,True,True
11513,NUDT21,True,True,True,True,True
11514,NAT16,True,False,False,False,False
11515,TERB2,True,False,False,False,False
11516,NKX3-1,True,False,False,False,True
11517,SGSM1,True,False,False,False,False
11518,DUSP18,True,False,False,False,True
11519,TEF,True,False,False,False,False
11520,MEI1,True,False,False,False,False
11521,B4GALNT2,True,False,False,False,False
11522,PBX3,True,False,True,False,True
11523,GNGT2,True,False,False,False,False
11524,PHB,True,True,True,True,True
11525,SNRPD1,True,True,True,True,True
11526,TTC16,True,False,False,False,True
11527,SUN5,True,False,False,False,False
11528,SAMD14,True,False,False,False,False
11529,PIP5KL1,True,False,False,False,False
11530,BPIFB6,True,False,False,False,False
11531,TMEM92,True,False,False,False,False
11532,FAM102A,True,False,True,True,True
11533,ACSF2,True,False,False,True,False
11534,GOLGA2,True,True,True,True,True
11535,TRUB2,True,True,True,True,True
11536,COQ4,True,True,True,True,True
11537,SLC27A4,True,True,True,True,True
11538,ANKRD40CL,True,False,False,False,False
11539,URM1,True,True,True,True,True
11540,CERCAM,True,True,True,False,False
11541,DOLPP1,True,True,False,True,True
11542,ENDOG,True,True,True,True,True
11543,TBC1D21,True,False,False,False,False
11544,PRRX2,True,False,False,False,False
11545,C15orf39,True,False,False,True,True
11546,ISLR2,True,False,False,False,False
11547,SP2,True,True,True,True,True
11548,PRR15L,True,False,False,False,False
11549,COQ7,True,True,True,True,True
11550,GPRC5B,True,False,False,False,False
11551,CRK,True,True,True,True,True
11552,C16orf92,True,False,False,False,False
11553,FBXO22,True,True,True,True,True
11554,TBC1D2B,True,False,True,True,True
11555,NOD2,True,False,False,False,False
11556,SNX20,True,False,False,False,False
11557,LOXHD1,True,False,False,False,False
11558,KATNAL2,True,False,False,False,False
11559,HDHD2,True,True,True,True,True
11560,ZNF91,True,True,True,True,True
11561,IGF2,False,False,False,True,False
11562,RNF214,True,True,True,True,True
11563,CDK12,True,True,True,True,True
11564,DPEP2,True,False,False,False,False
11565,DUS2,True,True,False,True,True
11566,POP5,True,True,True,True,True
11567,ENGASE,True,False,False,False,False
11568,RBFOX3,True,False,False,False,False
11569,ATP5MG,True,True,True,True,True
11570,CD3D,True,False,False,False,True
11571,TBC1D16,True,False,True,True,False
11572,TEPSIN,True,False,False,True,False
11573,MYO5B,True,False,False,True,False
11574,ART5,True,False,False,False,False
11575,ACAA2,True,True,True,True,True
11576,STIM1,True,True,True,True,True
11577,RRM1,True,True,True,True,True
11578,OR51E2,True,False,False,False,False
11579,TRIM68,True,False,False,False,False
11580,MMP26,True,False,False,False,False
11581,OR51B5,True,False,False,False,False
11582,OR51Q1,True,False,False,False,False
11583,FN3K,True,False,False,True,False
11584,PRRT2,True,False,False,False,False
11585,ZNF23,True,False,True,True,True
11586,IRGQ,True,True,True,True,True
11587,ZNF226,True,True,True,True,True
11588,ZNF180,True,False,False,False,False
11589,PPP2R3B,True,True,True,True,True
11590,ZNF668,True,True,True,True,True
11591,ZNF646,True,False,False,False,True
11592,VKORC1,True,True,True,True,True
11593,GNG8,True,False,False,False,False
11594,LPO,True,False,False,False,False
11595,CA4,True,False,False,False,False
11596,SMG8,True,True,True,True,True
11597,TPM4,True,True,True,True,True
11598,RAB8A,True,True,True,True,True
11599,GPX4,True,True,True,True,True
11600,MIDN,True,True,True,True,True
11601,JSRP1,True,False,False,True,False
11602,NIBAN3,True,False,False,False,False
11603,KLHL26,True,False,False,False,False
11604,GATAD2A,True,True,True,True,True
11605,MVD,True,True,True,True,True
11606,CDT1,True,True,True,True,True
11607,TRAPPC2L,True,True,True,True,True
11608,ANKRD11,True,True,True,True,True
11609,SPATA33,True,True,True,True,True
11610,PROCA1,True,False,False,False,False
11611,ZNF641,True,False,False,True,True
11612,LALBA,True,False,False,False,False
11613,CACNB3,True,False,True,False,True
11614,DHRS13,True,True,False,True,True
11615,TP53I13,True,True,True,True,True
11616,KMT2D,True,True,True,True,True
11617,CORO6,True,False,False,False,False
11618,RHEBL1,True,True,False,False,False
11619,TUBA1A,True,True,True,True,True
11620,TUBA1C,True,True,True,True,True
11621,ZNF610,True,False,False,False,False
11622,ZNF528,False,False,False,False,False
11623,ZNF701,False,False,False,False,False
11624,SERTAD3,True,True,True,True,False
11625,NCKAP5L,True,True,True,True,True
11626,RAB4B,True,False,True,True,True
11627,AQP2,True,False,False,False,False
11628,GPD1,True,False,False,True,False
11629,PROSER3,True,False,True,False,True
11630,CYP2S1,True,False,False,True,False
11631,AXL,True,False,True,False,False
11632,NFKBID,True,False,False,False,False
11633,TMC4,True,False,False,False,False
11634,ANKRD33,True,False,False,False,False
11635,LAIR1,True,False,False,False,True
11636,TTYH1,True,False,False,True,False
11637,LENG8,True,True,True,True,True
11638,CDC42EP5,True,False,False,True,False
11639,LAIR2,True,False,False,False,False
11640,TMEM145,True,False,False,False,False
11641,ZNF526,True,True,False,False,True
11642,TRAPPC9,True,True,False,True,True
11643,KIR3DL1,False,False,False,False,False
11644,NLRP7,True,False,False,False,False
11645,ZNF146,True,True,True,True,True
11646,ZNF283,True,True,False,False,False
11647,PPP1R14A,True,True,False,False,False
11648,SPINT2,True,True,True,False,True
11649,C19orf33,True,False,False,True,False
11650,YIF1B,True,True,True,True,True
11651,DNAAF3,True,True,False,False,False
11652,PSCA,True,False,False,False,False
11653,ATCAY,True,False,False,False,False
11654,LY6D,True,False,False,True,False
11655,DAPK3,True,True,True,True,True
11656,EEF2,True,True,True,True,True
11657,TMIGD2,True,False,False,False,False
11658,CHAF1A,True,True,True,True,True
11659,UBXN6,True,True,True,True,True
11660,HDGFL2,True,True,True,True,True
11661,PLIN4,True,False,False,False,False
11662,SEMA6B,True,False,False,True,False
11663,ZNF444,True,True,True,True,True
11664,NXN,True,False,False,True,True
11665,TLCD3A,True,False,True,True,False
11666,GLOD4,True,True,True,True,True
11667,MFSD3,True,True,True,True,True
11668,GPT,True,False,False,False,False
11669,KIFC2,True,False,False,False,False
11670,SLC43A2,True,False,False,True,False
11671,RILP,True,True,False,True,False
11672,SERPINF2,True,False,False,True,False
11673,WDR81,True,False,False,True,False
11674,SRR,True,False,True,False,True
11675,TSR1,True,True,True,True,True
11676,TRPV3,True,False,False,False,False
11677,HSD11B1L,False,False,True,False,False
11678,CYB5D2,True,False,True,True,True
11679,GGT6,True,False,False,False,False
11680,C19orf48,True,True,True,True,True
11681,KLK1,True,False,False,False,False
11682,KLK4,True,False,False,False,False
11683,KLK2,True,False,False,False,False
11684,KLK5,True,False,False,False,False
11685,KLK6,True,False,False,False,False
11686,KLK11,True,False,False,False,False
11687,KLK13,True,False,False,False,False
11688,ZNF83,True,True,True,False,True
11689,KRT80,True,False,True,True,False
11690,KRT1,True,False,False,False,True
11691,ACER1,True,False,False,False,False
11692,OTUB1,True,True,True,True,True
11693,RCOR2,True,False,False,True,False
11694,ANGPTL4,True,False,True,False,False
11695,CD320,True,True,True,True,True
11696,SPRYD3,True,False,True,True,False
11697,IGFBP6,True,False,True,True,True
11698,SOAT2,True,False,False,True,False
11699,ZNF558,True,False,False,False,False
11700,CABP2,True,False,False,False,False
11701,NDUFV1,True,True,True,True,True
11702,CDK2AP2,True,True,True,True,True
11703,NUDT8,True,True,False,True,True
11704,TBX10,True,False,False,True,False
11705,PRDX2,True,True,True,True,True
11706,OR8J3,True,False,False,False,False
11707,OR5I1,True,False,False,False,False
11708,ZNF232,True,False,False,True,True
11709,MIS12,True,True,True,True,True
11710,CD300C,True,False,False,False,False
11711,CD300A,True,False,False,False,False
11712,TEKT1,True,False,False,False,False
11713,HID1,True,False,False,True,False
11714,ATP5PD,True,True,True,True,True
11715,TMEM88,True,False,False,False,False
11716,EVPL,True,False,False,True,False
11717,SRP68,True,True,True,True,True
11718,MGAT5B,True,False,False,False,False
11719,TMC8,True,False,False,False,True
11720,TK1,True,True,True,True,True
11721,TMEM68,True,True,True,True,True
11722,CYP7A1,True,False,False,False,False
11723,GSDMA,True,False,False,False,False
11724,KRT24,True,False,False,False,False
11725,TMEM99,True,True,True,True,True
11726,GHDC,True,True,False,True,False
11727,FAM234A,True,True,True,True,True
11728,SOST,True,False,False,False,False
11729,ZNF598,True,True,True,True,True
11730,RAB26,True,False,False,False,False
11731,MLST8,True,True,True,True,True
11732,E4F1,True,True,True,True,True
11733,DNASE1L2,True,False,False,False,False
11734,ECI1,True,True,True,True,False
11735,CASKIN1,True,False,False,False,False
11736,ABCA3,True,False,False,False,False
11737,KCTD5,True,True,True,True,True
11738,SRRM2,True,True,True,True,True
11739,ZNF597,True,False,False,False,False
11740,NLRC3,True,False,False,False,True
11741,SDHAF2,False,True,True,True,True
11742,DDB1,True,True,True,True,True
11743,VPS37C,True,False,False,True,False
11744,VWCE,True,False,False,True,False
11745,RAB3IL1,True,False,False,False,False
11746,BEST1,True,False,False,False,False
11747,FTH1,True,True,True,True,True
11748,BSCL2,True,True,True,True,True
11749,POLR2G,True,True,True,True,True
11750,SLC3A2,True,True,True,True,True
11751,PLAAT5,True,False,False,False,False
11752,SPINDOC,True,True,True,True,True
11753,ATG16L2,True,False,False,False,True
11754,C2CD3,True,False,False,False,True
11755,TRANK1,True,True,False,False,False
11756,TTC21A,True,False,False,False,False
11757,ENTPD3,True,False,False,False,False
11758,CTNNB1,True,True,True,True,True
11759,ULK4,True,False,False,True,False
11760,FADD,True,True,True,True,True
11761,LTBP3,True,False,True,True,True
11762,NAALADL1,True,False,False,False,False
11763,SAC3D1,True,True,True,True,True
11764,BATF2,True,False,False,False,False
11765,SLC22A11,True,False,False,False,False
11766,SF1,True,True,True,True,True
11767,MAP4K2,True,True,False,True,True
11768,MAJIN,True,False,False,False,False
11769,CCDC88B,True,True,False,True,False
11770,SCARA3,True,False,True,False,False
11771,PBK,True,True,True,True,True
11772,SCARA5,True,False,False,False,False
11773,PNOC,True,False,False,False,False
11774,COPS6,True,True,True,True,True
11775,PAFAH1B2,True,True,True,True,True
11776,ANKS3,True,True,True,True,True
11777,NUDT16L1,True,True,True,True,True
11778,KIAA1586,True,True,True,True,True
11779,RAB4A,True,True,True,True,True
11780,OR2B2,True,False,False,False,False
11781,KCNJ4,True,False,False,False,False
11782,SETD5,True,True,True,True,True
11783,VASN,True,False,True,True,False
11784,FAM83B,True,False,False,False,False
11785,HIST3H3,True,False,False,False,False
11786,THAP9,True,False,False,False,False
11787,OR2C1,True,False,False,False,False
11788,RNF187,True,True,True,True,True
11789,HOOK3,True,True,True,True,True
11790,MAPK1IP1L,True,True,True,True,True
11791,DDIT4,True,True,True,True,True
11792,RBPJ,True,True,True,True,True
11793,LMBRD1,True,True,True,True,True
11794,ZCCHC4,True,False,False,True,True
11795,PTGDR,True,False,False,False,False
11796,TTC39C,True,False,True,True,True
11797,GLYCTK,True,False,False,True,False
11798,GNG4,True,False,False,False,True
11799,UBTD2,True,False,True,True,True
11800,NKIRAS2,True,True,True,True,True
11801,DNAJC7,True,True,True,True,True
11802,KCNV2,True,False,False,False,False
11803,IRF2BP2,True,True,True,True,True
11804,PTF1A,True,False,False,False,False
11805,NT5DC2,True,True,True,True,True
11806,FOXI1,True,False,False,False,False
11807,SMIM4,True,True,True,True,True
11808,COA6,True,True,True,True,True
11809,KIF5C,True,False,False,False,False
11810,MGAT2,True,True,True,True,True
11811,BMI1,True,True,True,True,True
11812,THAP11,True,True,True,True,True
11813,MMADHC,True,True,True,True,True
11814,PDHB,True,True,True,True,True
11815,PXK,True,True,True,False,True
11816,HIST1H1E,True,True,True,True,True
11817,PCMTD1,True,True,True,True,True
11818,KCTD6,True,False,True,False,True
11819,MPLKIP,True,True,True,True,True
11820,ACOX2,True,False,False,True,False
11821,FAM107A,True,False,False,False,False
11822,IRF2,True,False,True,True,True
11823,MOBP,True,False,False,False,False
11824,CX3CR1,True,False,False,False,False
11825,PPDPFL,True,False,False,False,False
11826,XIRP1,True,False,False,False,False
11827,INSM2,True,False,False,False,False
11828,DEGS2,True,False,False,False,False
11829,SCN11A,True,False,False,False,False
11830,ARF4,True,True,True,True,True
11831,SEPTIN2,True,True,True,True,True
11832,FILIP1L,True,False,True,True,False
11833,MFSD2A,True,False,False,False,False
11834,DTYMK,True,True,True,True,True
11835,TAP1,True,False,True,True,True
11836,ING5,True,True,True,True,True
11837,ATG4B,True,True,True,True,True
11838,BDKRB2,True,False,False,False,False
11839,MLKL,True,False,True,True,True
11840,RFWD3,True,True,True,True,True
11841,MTNR1A,True,False,False,False,False
11842,KCNG4,True,False,False,False,False
11843,RHOH,True,True,False,False,True
11844,KLHL30,True,False,False,False,False
11845,COG7,True,True,True,True,True
11846,CDC40,True,True,True,True,True
11847,STIP1,False,True,True,True,True
11848,SCNN1B,True,False,False,False,False
11849,HR,True,False,False,False,False
11850,TXNDC2,True,False,False,False,False
11851,RAB31,True,True,True,False,False
11852,REEP4,True,True,True,True,True
11853,TNXB,True,False,False,False,False
11854,LGI3,True,False,False,False,False
11855,SFTPC,True,False,False,False,False
11856,BMP1,True,False,True,True,False
11857,ATXN2L,True,True,True,True,True
11858,PHYHIP,True,False,False,False,False
11859,CCDC110,True,False,False,False,False
11860,POLR3D,True,True,True,True,True
11861,FEN1,True,True,True,True,True
11862,CAVIN2,True,False,False,True,False
11863,MTCL1,True,False,True,True,True
11864,GBX2,True,False,False,False,False
11865,HJV,True,False,False,False,False
11866,SCGB1D1,True,False,False,False,False
11867,HEXIM2,True,False,False,True,False
11868,FNTA,True,True,True,True,True
11869,SERINC2,True,False,True,True,False
11870,MYL1,True,False,False,False,False
11871,TRAPPC11,True,True,True,True,True
11872,CHRM1,True,False,False,False,False
11873,COL3A1,True,False,False,False,False
11874,GFRA2,True,False,False,False,False
11875,ING2,True,True,True,True,True
11876,CDKN2AIP,True,True,True,True,True
11877,SNRNP48,True,True,True,True,True
11878,TMEM223,True,True,True,True,True
11879,SLC20A2,True,True,True,True,True
11880,CRYGA,True,False,False,False,False
11881,DYNLRB2,True,False,False,False,False
11882,TMUB2,True,True,True,True,True
11883,ADAM29,True,False,False,False,False
11884,STAT3,True,True,True,True,True
11885,ZSWIM1,True,False,False,False,False
11886,ADAM9,True,True,True,True,True
11887,ADAM18,True,False,False,False,False
11888,GDNF,True,False,False,True,False
11889,MUCL3,True,False,False,False,False
11890,WFDC13,True,False,False,False,False
11891,AXIN2,True,False,False,True,False
11892,NDUFS5,True,True,True,True,True
11893,VWA3B,True,False,False,False,False
11894,ZNF30,True,False,False,False,True
11895,UGT3A2,True,False,False,False,False
11896,LRATD2,True,False,False,False,False
11897,LDLRAD4,True,False,False,True,True
11898,KCTD19,True,False,False,False,False
11899,SLC16A4,True,False,True,True,False
11900,IL7R,True,False,True,False,True
11901,TMEM208,True,True,True,True,True
11902,LRP1B,True,False,False,False,False
11903,WFDC12,True,False,False,False,False
11904,AHCYL1,True,True,True,True,True
11905,DNAJC21,True,True,True,True,True
11906,PKIG,True,True,True,True,True
11907,NPNT,True,False,False,True,False
11908,CA7,True,False,False,False,False
11909,FAM178B,True,True,False,False,False
11910,SEMA4C,True,True,False,True,False
11911,CNNM3,True,True,False,True,True
11912,GSTM4,False,True,False,True,True
11913,TET2,True,True,True,True,True
11914,CXXC4,True,False,False,False,False
11915,TCTN2,True,False,False,False,False
11916,SHOX2,True,True,True,False,False
11917,PPIP5K1,True,False,False,False,False
11918,TSPAN5,True,False,True,False,True
11919,ABHD15,True,False,False,False,False
11920,ZBTB5,True,False,False,True,True
11921,CHTF8,True,False,False,False,False
11922,ADAL,True,True,True,True,True
11923,LCMT2,True,False,False,False,True
11924,SNTB2,True,True,True,True,True
11925,IL12A,True,False,False,False,False
11926,ZNF507,True,True,True,True,True
11927,STX18,False,True,True,True,True
11928,NSG1,True,False,False,False,False
11929,ZBTB49,True,False,False,False,False
11930,GFM1,True,True,True,True,True
11931,OR13J1,True,False,False,False,False
11932,HTR1E,True,False,False,False,False
11933,FSTL5,True,False,False,False,False
11934,DDX19A,True,True,True,True,True
11935,ATOH8,True,False,True,True,False
11936,SOX14,True,False,False,False,False
11937,ANKRD49,True,True,False,True,True
11938,SFTPB,True,False,False,False,False
11939,USP39,True,True,True,True,True
11940,TNIP2,True,True,True,True,True
11941,C2orf68,True,True,True,True,True
11942,TMEM150A,True,True,False,True,False
11943,RNF181,True,True,True,True,True
11944,VAMP5,True,False,True,True,True
11945,BTNL3,True,False,False,False,False
11946,LRRC28,True,True,True,True,True
11947,MAT2A,True,True,True,True,True
11948,PLA2G4F,True,False,False,False,False
11949,ENHO,True,False,False,False,True
11950,ZNF608,True,False,False,False,False
11951,SLC35G2,True,True,True,False,True
11952,INPP5D,True,False,False,True,True
11953,LETM1,True,True,True,True,True
11954,CTRB1,True,False,False,False,False
11955,CTRB2,True,False,False,False,False
11956,TRIM49,False,False,False,False,False
11957,TMEM129,True,True,True,True,True
11958,PPIC,True,True,True,True,False
11959,SPRY3,True,False,False,False,False
11960,CEP120,True,False,False,True,True
11961,STXBP6,True,True,False,True,False
11962,TM4SF20,True,False,False,False,False
11963,MFF,True,True,True,True,True
11964,GRM5,True,False,False,False,False
11965,LGALS9,True,False,False,False,True
11966,CPLX1,True,False,False,False,False
11967,PXDC1,True,False,True,False,False
11968,SIGLEC7,True,False,False,False,False
11969,NTSR2,True,False,False,False,False
11970,E2F6,True,True,True,True,True
11971,FEM1B,True,True,True,True,True
11972,COMMD8,True,True,True,True,True
11973,ATP5ME,True,True,True,True,True
11974,UQCRFS1,True,True,True,True,True
11975,SLC49A3,True,False,False,False,False
11976,COL4A3,True,False,False,False,False
11977,MAP2K1,True,True,True,True,True
11978,KLK7,True,False,False,False,False
11979,IRS1,True,False,True,True,False
11980,MECP2,True,True,True,True,True
11981,VCX3A,False,False,False,False,False
11982,UPF3A,True,True,True,True,True
11983,ZBBX,True,False,False,False,False
11984,ACTBL2,True,False,False,False,False
11985,ROR2,True,True,False,False,False
11986,AR,True,False,False,False,False
11987,DHRSX,True,True,True,True,True
11988,VXN,True,False,False,False,False
11989,HSPBAP1,True,False,False,False,True
11990,ASMTL,True,False,True,True,True
11991,SLC25A6,True,True,True,True,True
11992,CHST14,True,False,True,True,True
11993,PARM1,True,False,False,False,False
11994,CSNK1G1,True,True,True,True,True
11995,FAM110B,True,False,False,False,False
11996,ARMC4,True,False,False,False,False
11997,AFAP1L2,True,False,False,False,False
11998,ZNF354A,True,False,False,False,True
11999,ATF5,True,True,True,True,True
12000,UBE2V2,True,True,True,True,True
12001,GOT1L1,True,False,False,False,False
12002,ZBTB43,True,True,True,True,True
12003,CPT1C,True,False,False,False,False
12004,PCSK9,True,False,False,False,False
12005,XPO6,True,True,True,True,True
12006,GSG1L,True,False,False,False,False
12007,MN1,True,False,True,False,False
12008,APEX2,True,True,True,True,True
12009,NSMCE1,True,True,True,True,True
12010,CCDC126,True,False,False,False,True
12011,IL13,True,False,False,False,False
12012,OR10G3,True,False,False,False,False
12013,RAB3B,True,False,True,True,False
12014,OR6F1,True,False,False,False,False
12015,CD2BP2,True,True,True,True,True
12016,RSPO1,True,False,False,False,False
12017,RGS14,True,True,False,True,True
12018,TBC1D10B,True,True,True,True,True
12019,LMAN2,True,True,True,True,True
12020,GCSAML,True,False,False,False,False
12021,RAB24,True,False,False,True,False
12022,PRELID1,False,True,True,True,True
12023,THBS3,True,False,False,False,False
12024,CA5B,True,False,False,False,False
12025,SLC50A1,True,True,True,True,True
12026,EFNA1,True,False,False,True,False
12027,CXCL10,True,False,False,False,False
12028,SH3TC2,True,False,False,False,False
12029,CXCL11,True,False,False,False,False
12030,ZRSR2,True,False,True,False,True
12031,NMD3,True,True,True,True,True
12032,ADRB2,True,False,True,False,False
12033,B3GALNT1,True,False,False,False,False
12034,GPRIN1,True,False,False,False,False
12035,HSPB3,True,False,False,False,False
12036,KCNAB1,True,False,False,False,False
12037,SHE,True,False,False,False,False
12038,NR0B1,True,False,False,False,False
12039,PGM2,True,True,True,True,True
12040,STK32A,True,False,False,False,False
12041,IL1RAPL1,True,False,False,False,False
12042,P2RY12,True,False,False,False,False
12043,C22orf15,True,False,False,False,False
12044,OR5AU1,True,False,False,False,False
12045,MINAR1,True,False,False,False,False
12046,PDILT,True,False,False,False,False
12047,UMOD,True,False,False,False,False
12048,GP2,True,False,False,False,False
12049,SLC33A1,True,True,True,True,True
12050,SNUPN,True,True,True,True,True
12051,CRADD,True,True,False,True,False
12052,SIN3A,True,True,True,True,True
12053,ARL13B,True,True,True,True,True
12054,RNASE2,True,False,False,False,False
12055,ELSPBP1,True,False,False,False,False
12056,RNASE3,True,False,False,False,False
12057,PTK2,True,True,True,True,True
12058,RSPH10B2,True,False,False,False,False
12059,PTAFR,True,False,False,False,False
12060,PTPN9,True,True,True,True,True
12061,RNASE6,True,False,False,False,False
12062,NPR1,True,False,False,False,False
12063,CXCL8,True,False,True,False,False
12064,SCN9A,True,False,True,True,False
12065,RASSF6,True,False,False,False,False
12066,COL22A1,True,False,False,False,False
12067,SDC2,True,False,True,True,False
12068,CD52,True,False,False,False,True
12069,MMGT1,True,True,True,True,True
12070,SPRR1B,True,False,False,False,False
12071,SPRR1A,False,False,False,False,False
12072,OR4K14,True,False,False,False,False
12073,OR4K15,True,False,False,False,False
12074,TM2D2,True,True,True,True,True
12075,HTRA4,True,False,False,False,False
12076,PLEKHA2,True,False,True,True,True
12077,CLIC4,True,True,True,True,True
12078,SLC38A11,True,False,False,False,False
12079,GPR183,True,False,False,False,False
12080,CRCT1,True,False,False,False,False
12081,CCDC8,True,True,False,True,False
12082,METTL15,True,True,True,True,True
12083,ZNF280A,True,False,False,False,False
12084,MUC15,True,False,False,False,False
12085,CT55,True,False,False,False,False
12086,ZEB2,True,True,True,False,False
12087,GJB1,True,False,False,True,False
12088,PCBP1,True,True,True,True,True
12089,HINT1,True,True,True,True,True
12090,DTWD2,True,False,False,False,True
12091,VPREB1,True,False,False,False,False
12092,CLIC3,True,False,False,True,False
12093,INO80E,True,True,True,True,True
12094,BNC1,True,False,False,False,False
12095,DFFB,True,True,False,True,True
12096,NFU1,True,True,True,True,True
12097,ANTXR1,True,False,True,True,False
12098,GKN1,True,False,False,False,False
12099,CKAP2L,True,True,True,True,True
12100,C15orf40,True,True,True,True,True
12101,RAMAC,True,True,True,True,True
12102,PROKR1,True,False,False,False,False
12103,APLF,False,False,False,False,False
12104,HIC2,True,True,False,True,True
12105,LUZP1,True,True,True,True,True
12106,HEXD,True,True,True,True,True
12107,DRD5,True,False,False,False,False
12108,BUB1,True,True,True,True,True
12109,SPNS1,True,True,True,True,True
12110,LRRC45,True,False,True,True,True
12111,CHRNA5,True,True,True,False,True
12112,MT1B,True,False,False,False,False
12113,CENPX,True,True,True,True,True
12114,AGPAT2,True,True,True,True,True
12115,ASPSCR1,True,True,True,True,True
12116,GP9,True,False,False,False,False
12117,FASN,True,True,True,True,True
12118,CNBP,True,True,True,True,True
12119,MT1E,True,False,True,True,False
12120,ACTRT2,True,False,False,False,False
12121,DUS1L,True,True,True,True,True
12122,GPS1,True,True,True,True,True
12123,RFNG,True,True,True,True,True
12124,DCXR,True,True,True,True,True
12125,ZNF32,True,True,True,True,True
12126,LDB2,True,False,False,False,False
12127,RAC3,True,True,True,True,True
12128,NRG4,True,False,False,False,False
12129,LIMS1,False,True,True,True,True
12130,TMEM266,True,False,False,False,False
12131,NLGN1,True,False,False,False,False
12132,TAPT1,True,True,True,True,True
12133,UGP2,True,True,True,True,True
12134,TAS2R1,True,False,False,False,False
12135,LINGO1,True,False,False,False,False
12136,HNRNPF,True,True,True,True,True
12137,BTD,True,False,True,True,False
12138,CSGALNACT2,True,False,True,True,True
12139,TACR3,True,False,False,False,False
12140,GSX1,True,False,False,False,False
12141,PCDH7,True,False,True,False,False
12142,ROBO1,True,False,True,True,False
12143,ONECUT1,True,False,False,False,False
12144,AVEN,True,True,True,True,True
12145,P2RY1,True,False,False,False,False
12146,CTNND2,True,False,False,False,False
12147,TRIM56,True,True,True,True,True
12148,MUC17,True,False,False,False,False
12149,AHSP,True,False,False,False,False
12150,WNT10B,True,False,False,False,False
12151,CALML6,True,False,False,False,False
12152,REPS2,True,False,False,False,False
12153,MUC3A,True,False,False,False,False
12154,SYAP1,True,True,True,True,True
12155,ITGAM,True,False,False,False,False
12156,PYDC1,True,False,False,False,False
12157,TPST1,True,False,True,True,False
12158,TM4SF4,True,False,False,False,False
12159,TOR1AIP2,True,True,True,True,True
12160,S100G,True,False,False,False,False
12161,TM4SF1,True,False,True,True,False
12162,OTUD3,True,True,True,True,True
12163,OTUD7A,True,False,False,False,False
12164,GUSB,True,True,True,True,True
12165,BRD3,True,True,True,True,True
12166,KLF13,True,True,False,True,True
12167,FRMPD4,True,False,False,False,False
12168,ZFPM2,True,True,False,False,False
12169,ZNF764,True,True,False,False,True
12170,ZNF747,True,False,False,True,True
12171,ZNF768,True,True,True,True,False
12172,TAS1R3,True,False,False,False,False
12173,TMEM42,True,False,True,True,True
12174,MAP3K2,True,True,True,True,True
12175,PUSL1,True,True,True,True,True
12176,SF3B5,True,True,True,True,True
12177,ZNF35,True,True,True,False,False
12178,TIGD4,True,False,False,False,False
12179,IFFO2,True,False,True,True,False
12180,NLGN2,True,False,True,False,False
12181,MYO7B,True,False,False,False,True
12182,CHD3,True,True,True,True,True
12183,TMEM154,True,False,False,False,True
12184,MYRIP,True,False,False,False,False
12185,ALCAM,True,False,True,False,True
12186,YWHAG,True,True,True,True,True
12187,UBE2E3,True,True,True,True,True
12188,CNTROB,True,False,False,False,True
12189,TRAPPC1,True,True,True,True,True
12190,ZPLD1,True,False,False,False,False
12191,KCNAB3,True,False,False,False,False
12192,SERPINA9,True,False,False,False,False
12193,FAM153A,False,False,False,False,False
12194,GPR37L1,True,False,False,False,False
12195,SIMC1,True,True,False,False,True
12196,TMEM192,True,True,True,True,True
12197,NSG2,True,False,False,False,False
12198,SPDYE5,True,False,False,False,False
12199,SERPINA6,True,False,False,True,False
12200,ZNF778,True,False,False,True,False
12201,NIPA1,True,False,True,True,True
12202,FOXD4,True,False,False,False,False
12203,GPR25,True,False,False,False,False
12204,UBE2E1,True,True,True,True,True
12205,HNRNPA3,True,True,True,True,True
12206,SIK2,True,False,True,True,False
12207,RNF150,True,False,False,False,True
12208,CCDC144A,False,False,False,False,True
12209,VGLL2,True,False,False,False,False
12210,HOXD4,True,False,False,False,False
12211,CHRNB1,True,False,False,True,True
12212,HOXD12,True,False,False,False,False
12213,GYPA,True,True,False,False,False
12214,USP38,True,True,True,True,True
12215,SLC16A5,True,False,False,True,False
12216,NANP,True,True,False,True,True
12217,ANKK1,True,False,False,False,False
12218,ADRA1B,True,False,False,False,False
12219,ADPRM,True,False,False,False,True
12220,FABP6,True,False,False,False,False
12221,PWWP2A,True,True,True,True,True
12222,USP50,True,False,False,False,False
12223,USP47,True,True,True,True,True
12224,PDCD6IP,True,True,True,True,True
12225,MRGPRX1,True,False,False,False,False
12226,ZNF212,True,True,False,False,True
12227,MRAP,True,False,False,False,False
12228,FAM161A,True,True,True,True,True
12229,ZNF282,True,True,True,True,True
12230,GLB1,True,True,True,True,True
12231,GON7,True,True,True,True,True
12232,FAXDC2,True,False,False,True,False
12233,CRTAP,True,True,True,True,True
12234,HSPB2,True,False,False,False,False
12235,C7orf33,True,False,False,False,False
12236,CNGB3,True,False,False,False,False
12237,SLN,True,False,False,False,False
12238,ELP5,True,True,True,True,True
12239,CMTM8,True,False,False,True,True
12240,GABARAP,True,True,True,True,True
12241,LGALS9B,False,False,False,False,False
12242,STX8,True,True,True,True,True
12243,CDK1,True,True,True,True,True
12244,UBB,True,True,True,True,True
12245,NFRKB,True,True,True,True,True
12246,FABP4,True,False,False,False,False
12247,FRMPD2,True,False,False,False,False
12248,PRDM10,True,False,False,False,False
12249,B3GNT2,True,True,False,True,True
12250,FOS,True,False,False,True,False
12251,TMED10,True,True,True,True,True
12252,SETMAR,True,False,False,True,True
12253,SMAD1,True,True,True,True,True
12254,CST5,True,False,False,False,False
12255,CST2,True,False,False,False,False
12256,EMX2,True,False,False,False,False
12257,CST1,False,False,False,False,False
12258,SP7,True,False,False,False,False
12259,TCAF2,False,False,False,False,False
12260,SEMA3E,True,False,False,False,False
12261,LRRN2,True,False,False,False,False
12262,SLC30A1,True,True,True,True,False
12263,DCLK2,True,False,False,False,False
12264,ZNF804A,True,False,True,False,False
12265,GPRC5C,True,True,True,True,False
12266,TMEM182,True,False,False,True,False
12267,VSTM2A,True,False,False,False,False
12268,KRT8,True,True,True,True,False
12269,KRT78,True,False,False,False,False
12270,ADORA2B,True,False,True,True,False
12271,SDR9C7,True,False,False,False,False
12272,MGMT,True,False,False,True,True
12273,METTL7B,True,False,False,True,False
12274,KRT86,True,False,False,False,False
12275,HARS,True,True,True,True,True
12276,NFXL1,True,True,True,True,True
12277,KRT75,True,False,False,False,False
12278,DENND5B,True,False,True,True,False
12279,CD14,True,False,False,False,False
12280,DNAJC18,True,False,True,False,True
12281,KRT6C,True,False,False,False,False
12282,RIOX1,True,False,False,True,True
12283,SPATA24,True,False,False,False,False
12284,RALGAPB,True,True,True,True,True
12285,PYM1,True,True,True,True,True
12286,MZB1,True,False,False,False,True
12287,KRT4,True,False,False,False,False
12288,SLC23A1,True,False,False,False,False
12289,KRT74,True,False,False,False,False
12290,NPAS2,True,False,True,True,True
12291,KRT72,True,False,False,False,False
12292,KISS1,True,False,False,True,False
12293,LONRF2,True,True,False,False,False
12294,NUDT9,True,True,True,True,True
12295,HSD17B13,True,False,False,False,False
12296,PA2G4,True,True,True,True,True
12297,COX7B2,True,False,False,False,False
12298,ELOVL6,True,True,True,True,False
12299,KRT83,True,False,False,False,False
12300,PFKFB3,True,False,True,False,False
12301,TMC7,True,False,False,True,False
12302,ARL6IP1,True,True,True,True,True
12303,SERPINB9,True,True,False,True,False
12304,SMAGP,True,True,True,True,True
12305,IRX1,True,False,False,False,False
12306,CDH2,True,False,True,True,True
12307,IRX2,True,False,False,False,False
12308,EMB,True,False,True,False,True
12309,SIX2,True,False,False,False,False
12310,DLGAP1,True,False,False,False,False
12311,STAT2,True,False,True,True,False
12312,NUDCD2,True,True,True,True,True
12313,IRF2BP1,True,True,True,True,True
12314,OR9K2,True,False,False,False,False
12315,HSPA4,True,True,True,True,True
12316,FOXA3,True,False,False,True,False
12317,FAM71B,True,False,False,False,False
12318,SLC26A5,True,False,False,False,False
12319,COMMD5,True,True,True,True,True
12320,SGCD,True,False,False,False,False
12321,GTSF1,True,True,False,False,False
12322,ZNF16,True,False,False,False,False
12323,ARMC10,True,True,True,True,True
12324,RNF34,True,True,True,True,True
12325,ACYP2,True,True,True,True,True
12326,TRABD,True,True,True,True,True
12327,ATF7,True,True,True,True,True
12328,RASA4B,True,False,False,False,False
12329,SOCS6,True,False,True,True,False
12330,CAVIN4,True,False,False,False,False
12331,OR10A3,True,False,False,False,False
12332,ZNF296,True,False,False,False,False
12333,HOXB9,True,True,False,False,False
12334,TTLL6,True,False,False,False,False
12335,POLH,True,False,True,True,True
12336,SYT9,True,False,False,False,False
12337,KCNS3,True,False,False,False,False
12338,RBMXL2,True,False,False,False,False
12339,KIF5B,True,True,True,True,True
12340,GPR37,True,False,False,False,False
12341,AKAP13,True,True,True,True,True
12342,TPD52L3,True,False,False,False,False
12343,CDCA4,True,True,True,True,True
12344,OR10A4,True,False,False,False,False
12345,SDR16C5,True,False,False,False,False
12346,DYDC1,True,False,False,False,False
12347,OR10A2,True,False,False,False,False
12348,CHCHD7,True,True,True,True,True
12349,HTRA3,True,False,False,False,False
12350,FOXN2,True,True,True,True,True
12351,LMOD2,True,False,False,False,False
12352,BFSP2,True,False,False,False,False
12353,FSHR,True,False,False,False,False
12354,USP32,True,True,True,True,True
12355,CEL,True,False,False,False,False
12356,PPM1D,True,True,True,True,True
12357,GPR27,True,False,False,False,False
12358,AC093323.1,True,True,True,True,True
12359,PSG6,True,False,False,False,False
12360,KBTBD2,True,True,True,True,True
12361,RIOX2,True,True,True,True,True
12362,TRIAP1,True,True,True,True,True
12363,LSM3,True,True,True,True,True
12364,KIAA0232,True,True,True,True,True
12365,MTSS1,True,False,False,True,False
12366,TMEM43,True,True,True,True,True
12367,RNF139,True,True,True,True,True
12368,PLA2G1B,True,False,False,False,False
12369,CYTL1,True,False,False,False,False
12370,TSEN34,True,True,True,True,True
12371,TRH,True,False,False,False,False
12372,GSTA4,True,False,False,True,True
12373,MSANTD4,True,False,True,True,True
12374,NDUFA3,True,True,True,True,True
12375,OSCAR,True,False,False,False,False
12376,PAQR8,True,False,False,True,False
12377,OR7G3,True,False,False,False,False
12378,TANC2,True,False,True,False,True
12379,OR7G2,True,False,False,False,False
12380,TEX13B,True,False,False,False,False
12381,PKHD1,True,False,False,False,False
12382,OR1M1,True,False,False,False,False
12383,NCBP2L,True,False,False,False,False
12384,DNAJC24,True,True,True,True,True
12385,MBD3L1,True,False,False,False,False
12386,ZNF160,True,True,True,False,True
12387,PGK2,True,False,False,False,False
12388,OR8B12,True,False,False,False,False
12389,ZNF415,True,False,False,False,False
12390,CAVIN3,True,False,False,False,False
12391,CEACAM3,True,False,False,False,False
12392,DCDC1,True,False,False,False,False
12393,HAS2,True,False,False,False,False
12394,PDGFD,True,False,False,False,False
12395,PLAC1,True,False,False,False,False
12396,DDI1,True,False,False,False,False
12397,S1PR1,True,False,False,False,True
12398,HS6ST2,True,False,False,False,False
12399,OR4D5,True,False,False,False,False
12400,PYGO1,True,False,False,False,False
12401,LRRC8E,True,False,False,True,False
12402,PKIA,True,False,True,False,True
12403,XKR6,True,False,False,False,False
12404,TSNARE1,True,False,False,False,False
12405,FPR2,True,False,False,False,False
12406,FPR1,True,False,False,False,False
12407,PATE1,True,False,False,False,False
12408,OR13H1,True,False,False,False,False
12409,FEZ2,True,True,True,True,True
12410,SOX7,True,False,False,False,False
12411,C8orf74,True,False,False,False,False
12412,C11orf24,True,True,True,True,True
12413,ALK,True,False,False,False,False
12414,KYAT1,True,False,False,False,False
12415,MTM1,True,False,False,True,True
12416,OBP2B,True,False,False,False,False
12417,TRMT61B,True,True,True,True,True
12418,INSR,True,False,False,True,True
12419,MFN1,True,True,True,True,True
12420,GIMAP8,True,False,False,False,False
12421,NRTN,True,False,False,True,False
12422,KCNMB3,True,False,False,False,False
12423,FUT3,True,False,False,False,False
12424,KCNG3,True,False,False,False,False
12425,ATP6V0E2,True,True,True,True,True
12426,PRKCE,True,False,False,False,False
12427,OR2K2,True,False,False,False,False
12428,JAGN1,True,True,True,True,True
12429,RLN3,True,False,False,False,False
12430,TADA3,True,True,True,True,True
12431,SOCS5,True,False,True,True,False
12432,C1GALT1C1,True,False,True,True,True
12433,C9orf16,True,True,True,True,True
12434,MORN4,True,False,True,False,False
12435,ZNF672,True,True,True,True,True
12436,ZNF692,True,True,False,True,True
12437,NAIF1,True,True,False,False,False
12438,RBKS,True,False,False,True,False
12439,OR2M4,True,False,False,False,False
12440,GRIK1,True,False,False,False,False
12441,MUC7,True,False,False,False,False
12442,OPRPN,True,False,False,False,False
12443,SMR3B,True,False,False,False,False
12444,TMEM126A,True,True,True,True,True
12445,TMEM126B,True,True,True,True,True
12446,TRIM8,True,True,True,True,True
12447,NETO2,True,True,True,True,True
12448,CSN3,True,False,False,False,False
12449,CLDN20,True,False,False,False,False
12450,CDC42BPG,True,False,False,False,False
12451,SCAND1,True,True,True,True,True
12452,JUNB,True,True,True,True,True
12453,FAM241B,True,False,False,False,True
12454,TMEM37,True,False,False,True,False
12455,UGT2B7,True,False,False,True,False
12456,LRG1,True,True,False,True,False
12457,SHCBP1,True,True,True,True,True
12458,SOSTDC1,True,False,False,False,False
12459,NPTX1,True,False,False,False,False
12460,FAM98B,True,True,True,True,True
12461,ZNF439,True,False,False,False,True
12462,ZNF440,True,True,False,False,False
12463,GAA,True,True,False,True,True
12464,CANT1,True,True,True,True,True
12465,KCNK3,True,False,False,False,False
12466,ZDHHC16,True,True,True,True,True
12467,CHST11,True,True,True,False,True
12468,EXOSC1,True,True,True,True,True
12469,PGAM1,True,True,True,True,True
12470,CHD7,True,True,True,True,True
12471,ESCO2,True,True,True,True,True
12472,KRT19,True,False,False,True,False
12473,KRT15,True,False,True,False,False
12474,LURAP1,True,False,False,False,False
12475,KRT38,True,False,False,False,False
12476,CLCN5,True,True,False,True,True
12477,TPPP,True,False,False,False,False
12478,KCND3,True,False,False,False,False
12479,APLN,True,False,False,False,False
12480,KRTAP4-4,True,False,False,False,False
12481,KRT13,True,False,False,False,False
12482,XAGE3,True,False,False,False,False
12483,KRT9,True,False,False,False,False
12484,XAGE5,True,False,False,False,False
12485,PDE7B,True,False,False,False,False
12486,ZNF581,True,True,True,True,True
12487,NAT1,True,False,False,False,False
12488,KRT20,True,False,False,False,False
12489,GLOD5,True,False,False,False,False
12490,KSR2,True,False,False,False,True
12491,ZNF524,True,False,True,True,True
12492,MCC,True,False,True,True,False
12493,KRT27,True,False,False,False,False
12494,ZBTB26,True,False,False,False,False
12495,CDK5R2,True,False,False,False,False
12496,DSEL,True,False,True,False,False
12497,POLR1C,True,True,True,True,True
12498,ASXL1,True,True,True,True,True
12499,OR1L6,True,False,False,False,False
12500,DLK2,True,False,False,False,False
12501,ZNF562,True,True,True,True,True
12502,ZNF318,True,True,True,True,True
12503,ZNF561,True,True,True,True,True
12504,WIPF2,True,True,True,True,True
12505,HOPX,True,False,False,False,False
12506,OR1L3,True,False,False,False,False
12507,NLRP5,True,False,False,False,False
12508,LRRC8C,True,True,True,False,True
12509,SPACA5,False,False,False,False,False
12510,RSL1D1,True,True,True,True,True
12511,LRRC8D,True,True,True,True,True
12512,MROH2B,True,False,False,False,False
12513,OR1L8,True,False,False,False,False
12514,PPID,True,True,True,True,True
12515,OR1N2,True,False,False,False,False
12516,COL24A1,True,False,False,False,False
12517,ETFDH,True,True,True,True,True
12518,OR1N1,True,False,False,False,False
12519,RXFP1,True,False,False,False,False
12520,LPAR3,True,False,False,False,False
12521,PTGER4,True,False,False,False,True
12522,NEUROD2,True,False,False,False,False
12523,MAP6,True,False,False,False,False
12524,OTP,True,False,False,False,False
12525,ECEL1,True,False,False,False,False
12526,BCL2L1,True,True,True,True,True
12527,FGG,True,False,False,True,False
12528,FGA,True,False,False,True,False
12529,OR2AT4,True,False,False,False,False
12530,FGB,True,False,False,True,False
12531,PLRG1,True,True,True,True,True
12532,ZNF584,True,False,False,False,True
12533,DSCAM,True,False,False,False,False
12534,DNAI2,True,False,False,False,False
12535,NMUR1,True,False,False,False,False
12536,CLSTN1,True,True,True,True,True
12537,CXXC5,True,True,True,True,False
12538,ZNF274,True,True,True,True,False
12539,PIK3CD,True,False,False,True,False
12540,PTCRA,True,False,False,False,False
12541,SLC25A33,True,True,True,True,True
12542,ENC1,True,False,True,True,False
12543,SPSB1,True,False,True,True,False
12544,P2RY6,True,False,False,False,False
12545,BPTF,True,True,True,True,True
12546,S100Z,True,False,False,False,False
12547,ZIK1,True,False,False,False,False
12548,GPR34,True,False,False,False,False
12549,PLEKHG5,True,False,False,False,False
12550,ATF7IP,True,True,True,True,True
12551,LKAAEAR1,True,False,False,False,True
12552,RGS19,True,True,False,True,True
12553,TCEA2,True,True,True,True,True
12554,DEFB4A,True,False,False,False,False
12555,ANO5,True,False,False,False,False
12556,HDAC3,True,True,True,True,True
12557,SPATA46,True,False,False,False,False
12558,GPHN,True,True,False,True,True
12559,VAT1L,True,False,False,False,False
12560,TMEM51,True,False,False,True,False
12561,CAMTA1,True,True,True,True,True
12562,LGALS4,True,False,False,False,False
12563,LRRC34,True,False,False,False,True
12564,PAH,True,False,False,True,False
12565,SPATA5L1,True,True,True,True,True
12566,GATM,True,False,False,False,False
12567,SYCE1,True,True,False,False,False
12568,NXNL1,True,False,False,False,False
12569,RASGRP4,True,False,False,False,False
12570,NHLH1,True,False,False,False,False
12571,SLFNL1,True,False,False,False,False
12572,BCL2,True,False,False,False,True
12573,RHNO1,True,True,True,True,True
12574,CTPS1,True,True,True,True,True
12575,UTF1,True,False,False,False,False
12576,KNDC1,True,False,False,False,False
12577,WDR87,True,False,False,False,False
12578,METTL18,True,True,False,False,True
12579,CFAP46,True,False,False,False,False
12580,COL8A2,True,False,False,False,False
12581,PWWP2B,True,False,False,True,False
12582,PCDHB1,True,False,False,False,False
12583,ZNF540,True,False,False,False,False
12584,ANGPTL7,True,False,False,False,False
12585,EXOSC10,True,True,True,True,True
12586,ZNF570,True,False,False,False,True
12587,NINJ2,True,False,False,False,False
12588,MLLT3,True,True,True,False,True
12589,FAM90A1,True,False,False,False,False
12590,RRM2,True,True,True,True,True
12591,TRAPPC12,True,True,True,True,True
12592,IFNB1,True,False,False,False,False
12593,C3AR1,True,False,False,False,False
12594,MRM3,True,True,True,True,True
12595,PTEN,True,True,True,True,True
12596,PRND,True,False,False,False,False
12597,RNASEH1,True,True,True,True,True
12598,PRNP,True,False,True,True,True
12599,KLF17,True,False,False,False,False
12600,ADRA1D,True,False,False,False,False
12601,FRMD5,True,False,False,False,False
12602,AQP4,True,False,False,False,False
12603,CYP4F11,True,False,False,False,False
12604,TLN2,True,False,True,True,True
12605,LGALS9C,True,False,False,False,False
12606,TVP23B,False,False,True,True,False
12607,FBXW10,True,False,False,False,False
12608,OR10H3,True,False,False,False,False
12609,ZNF217,True,True,True,True,True
12610,OR10H2,True,False,False,False,False
12611,SRGAP2C,False,True,True,True,True
12612,OR52A5,True,False,False,False,False
12613,SCG2,True,False,False,False,False
12614,ATPAF2,True,True,True,True,True
12615,CYP4F22,True,False,False,False,False
12616,FOXB1,True,False,False,False,False
12617,PPIH,True,True,True,True,True
12618,DRC3,True,False,False,False,False
12619,ZNF57,True,False,False,False,False
12620,SHLD1,True,True,False,True,True
12621,C11orf40,True,False,False,False,False
12622,JMJD1C,True,True,True,True,True
12623,LDHAL6B,True,False,False,False,False
12624,SYNPO,True,False,True,False,False
12625,ZNF556,True,False,False,True,False
12626,MAL,True,False,False,False,True
12627,ZNF554,True,False,False,False,False
12628,RAB33B,True,False,False,True,False
12629,THOP1,True,True,True,True,True
12630,REG3A,True,False,False,False,False
12631,GAP43,True,False,False,False,False
12632,REG1B,True,False,False,False,False
12633,EPHX4,True,False,True,False,False
12634,LAMB2,True,False,True,True,False
12635,USP19,True,True,False,True,True
12636,QARS,True,True,True,True,True
12637,ORMDL3,True,True,True,True,True
12638,KLF11,True,True,False,True,False
12639,LRRC15,True,False,False,False,False
12640,EIF2AK3,True,False,False,True,False
12641,TEX37,True,False,False,False,False
12642,MOB3A,True,True,True,False,True
12643,KRCC1,True,False,True,True,True
12644,NME6,True,True,True,True,True
12645,CYCS,True,True,True,True,True
12646,CD8B,False,False,False,False,False
12647,SLFN12,True,False,True,False,False
12648,CALB2,True,False,False,False,False
12649,SLC9C1,True,False,False,False,False
12650,OR1A1,True,False,False,False,False
12651,OR1A2,True,False,False,False,False
12652,OR8I2,True,False,False,False,False
12653,LCE1D,True,False,False,False,False
12654,CCL11,True,False,False,False,False
12655,FRMD3,True,False,False,True,False
12656,SNTB1,True,False,False,True,False
12657,MTBP,True,False,False,False,True
12658,TEFM,True,True,True,True,True
12659,MALT1,True,False,True,True,True
12660,PRL,True,False,False,False,False
12661,ISG20,True,False,False,True,True
12662,OR4C11,True,False,False,False,False
12663,MBOAT1,True,True,False,False,False
12664,OR8U1,True,False,False,False,False
12665,ID4,True,False,False,True,False
12666,OR4X2,True,False,False,False,False
12667,CXCR6,True,False,False,False,False
12668,CEBPB,True,True,True,True,True
12669,AZU1,True,False,False,False,False
12670,TPSAB1,False,False,False,False,False
12671,ATOH1,True,False,False,False,False
12672,PAIP1,True,True,True,True,True
12673,CLEC7A,True,False,False,False,False
12674,C5orf34,True,True,False,False,True
12675,C1QTNF4,True,False,False,False,False
12676,NEGR1,True,False,True,False,False
12677,ZNF131,True,True,True,True,True
12678,MACROD2,True,False,False,False,False
12679,DPAGT1,True,True,True,True,True
12680,BSG,True,True,True,True,True
12681,HINFP,True,True,False,True,True
12682,OR10V1,True,False,False,False,False
12683,CERS6,True,True,True,True,True
12684,SPTLC3,True,False,False,True,False
12685,COPRS,True,True,True,True,True
12686,TP53RK,True,True,True,True,True
12687,B3GALT1,True,False,False,False,False
12688,OR5A1,True,False,False,False,False
12689,CLEC12A,True,False,False,False,False
12690,OR5A2,True,False,False,False,False
12691,BPGM,True,True,True,False,True
12692,POP7,True,True,True,True,True
12693,ALG14,True,True,True,True,True
12694,SUCLG2,True,True,True,True,True
12695,STARD5,True,False,False,False,False
12696,CSDC2,True,False,False,False,False
12697,RCAN2,True,False,False,False,False
12698,IL16,True,False,False,False,False
12699,ABCG4,True,False,False,False,False
12700,GNB2,True,True,True,True,True
12701,CFAP53,True,False,False,False,False
12702,OR5B12,True,False,False,False,False
12703,OR5B2,True,False,False,False,False
12704,MCRIP2,True,True,True,True,True
12705,PDZD3,True,False,False,False,False
12706,C2CD2L,True,False,False,False,True
12707,OR9I1,True,False,False,False,False
12708,ARNT2,True,False,False,False,False
12709,GNG12,True,True,True,False,False
12710,PRSS27,True,False,False,False,False
12711,MYOZ2,True,False,False,False,False
12712,SYNPO2,True,False,False,False,False
12713,INSL5,True,False,False,False,False
12714,EFCAB3,True,False,False,False,False
12715,TTC36,True,False,False,False,False
12716,RSPH9,True,False,False,False,False
12717,COPS9,True,True,True,True,True
12718,GTPBP2,True,True,True,True,False
12719,FGGY,True,False,False,True,True
12720,OR9G4,True,False,False,False,False
12721,IL17D,True,False,False,False,False
12722,OR5AR1,True,False,False,False,False
12723,FUT9,True,False,False,False,False
12724,OR5AP2,True,False,False,False,False
12725,TCEAL1,True,False,True,True,False
12726,ZNF24,True,True,True,True,True
12727,MANEA,True,True,True,True,True
12728,RAB40A,True,False,False,False,False
12729,MAB21L4,True,False,False,True,False
12730,AGXT,True,False,False,True,False
12731,OR8J1,True,False,False,False,False
12732,OR5T3,True,False,False,False,False
12733,AFF1,True,True,True,True,True
12734,ACOT12,True,False,False,False,False
12735,FIBP,True,True,True,True,True
12736,CARNS1,True,False,False,False,False
12737,OR10H5,True,False,False,False,False
12738,BANP,True,True,True,True,True
12739,PPP1CA,True,True,True,True,True
12740,HCFC1,True,True,True,True,True
12741,FAM170B,True,False,False,False,False
12742,CTSW,True,False,False,False,True
12743,NIPAL4,True,False,False,False,False
12744,MUCL1,True,False,False,False,False
12745,SNTG2,True,False,False,False,False
12746,FNDC9,True,False,False,False,False
12747,PDE3A,True,False,False,False,False
12748,RASGRP1,True,False,False,False,True
12749,KLHL6,True,False,False,False,True
12750,CHCHD1,True,True,True,True,True
12751,SMPDL3A,True,False,False,True,False
12752,RND1,True,False,False,False,False
12753,RAD9A,True,True,False,True,True
12754,EFEMP2,True,False,True,True,False
12755,OR10AD1,True,False,False,False,False
12756,AGAP5,False,False,False,False,False
12757,TMEM134,True,True,True,True,True
12758,ZMAT3,True,True,True,True,True
12759,ZFAND4,True,False,False,False,True
12760,THEMIS,True,False,False,False,True
12761,MOS,True,False,False,False,False
12762,ZNF738,True,False,False,False,False
12763,MS4A10,True,False,False,False,False
12764,SLFN11,True,False,False,False,True
12765,FAM71D,True,False,False,False,False
12766,CCL19,True,False,False,False,False
12767,CORO1B,True,True,True,True,True
12768,FUT10,True,True,False,True,True
12769,LRRC20,True,False,False,True,False
12770,MUS81,True,True,True,True,True
12771,PURG,True,False,False,False,False
12772,TMEM217,True,False,False,False,False
12773,OR4D9,True,False,False,False,False
12774,ZNF596,True,False,False,False,False
12775,COL6A5,True,False,False,False,False
12776,CFL1,True,True,True,True,True
12777,TMCC1,True,False,False,True,True
12778,NAA16,True,True,True,True,True
12779,OR5B3,True,False,False,False,False
12780,EFCAB12,True,False,False,False,False
12781,OR10W1,True,False,False,False,False
12782,FAM192A,True,True,True,True,True
12783,RAB43,False,False,False,True,False
12784,FADS6,True,False,False,False,False
12785,CBWD1,False,True,True,True,True
12786,HOXC5,True,False,False,False,False
12787,RAB37,True,False,False,False,True
12788,DCP2,True,True,True,True,True
12789,SNX32,True,False,False,False,False
12790,CYP7B1,True,False,False,False,False
12791,OVOL1,True,False,False,False,False
12792,RARG,True,False,True,False,False
12793,CES4A,True,False,False,False,False
12794,CES3,True,False,False,False,False
12795,SSH3,True,False,False,True,False
12796,CES2,True,True,True,True,True
12797,PDP2,True,False,True,True,True
12798,SP3,True,True,True,True,True
12799,KRT2,True,False,False,False,False
12800,DMXL1,True,True,True,True,True
12801,METAP1D,True,True,False,True,False
12802,ZNF621,True,True,True,True,True
12803,EGFL7,True,True,True,True,False
12804,DHCR7,True,True,True,True,True
12805,LVRN,True,False,False,False,False
12806,NBEA,True,False,True,False,True
12807,RNASEH2C,True,True,True,True,True
12808,MYEOV,True,False,True,False,False
12809,ANKRD13D,True,True,True,True,True
12810,MRGPRF,True,False,False,False,False
12811,MYD88,True,True,False,True,True
12812,MRGPRD,True,False,False,False,False
12813,OXSR1,True,True,True,True,True
12814,SLC22A13,True,False,False,False,False
12815,PHF8,True,True,False,True,True
12816,LCLAT1,True,True,True,True,True
12817,ADH6,True,False,False,True,False
12818,XKR3,True,True,False,False,False
12819,FRG2C,True,False,False,False,False
12820,KAT5,True,True,True,True,True
12821,SH3RF3,True,False,False,False,False
12822,GXYLT2,True,False,False,True,True
12823,HPSE2,True,False,False,False,False
12824,DCAKD,True,True,False,True,True
12825,ARPP21,True,False,False,False,True
12826,TADA2B,True,False,True,True,True
12827,CCDC96,True,False,False,False,False
12828,GRK2,True,True,True,True,True
12829,RELA,True,True,True,True,True
12830,EVC2,True,False,False,False,False
12831,ZNF680,True,True,True,False,True
12832,HECTD4,True,True,True,True,True
12833,FAM222B,True,True,True,True,True
12834,BNC2,True,False,True,False,False
12835,DEC1,True,False,False,False,False
12836,RXFP4,True,False,False,False,False
12837,HPSE,True,False,False,False,False
12838,COQ2,True,True,True,True,True
12839,CCDC63,True,False,False,False,False
12840,HSPA6,True,False,False,False,False
12841,TRMT112,True,True,True,True,True
12842,LRRN3,True,False,False,False,False
12843,KDM2A,True,True,True,True,True
12844,ACSM6,True,False,False,False,False
12845,ADCK5,True,False,False,True,False
12846,NOC3L,True,True,True,True,True
12847,ESRRA,True,True,True,True,True
12848,RHOD,True,False,True,True,False
12849,ADAMTS20,True,False,False,False,False
12850,COMMD1,True,True,True,True,True
12851,RAPH1,True,False,True,True,False
12852,MTX1,True,True,True,True,True
12853,ADCY5,True,False,False,False,False
12854,PARP14,True,True,True,True,True
12855,CYSLTR1,True,False,False,False,False
12856,PARP15,True,False,False,False,False
12857,CKS1B,True,True,True,True,True
12858,ABCD2,True,False,False,False,False
12859,ABLIM3,True,False,True,False,False
12860,MAB21L3,True,False,False,False,False
12861,TUBB8P12,False,False,False,False,False
12862,MFSD4B,True,True,True,True,True
12863,VANGL1,True,False,True,True,True
12864,GLRX,True,True,True,True,True
12865,IQCB1,True,True,True,True,True
12866,SYT12,True,False,False,False,False
12867,GOLGB1,True,True,True,True,True
12868,C11orf86,True,False,False,False,False
12869,LIPM,True,False,False,False,False
12870,GPR151,True,False,False,False,False
12871,DMRT2,True,False,False,False,False
12872,ZNF483,True,False,False,False,False
12873,PLAC8L1,True,False,False,False,False
12874,SLC2A14,True,False,False,True,False
12875,GPR137,True,True,True,True,True
12876,SNCG,True,False,False,True,False
12877,MMRN2,True,False,False,False,False
12878,MZT2A,False,True,True,True,True
12879,TNKS,True,True,True,True,True
12880,ZNF449,True,False,False,False,False
12881,ZBTB21,True,True,True,True,True
12882,PPP1R3B,True,False,False,False,True
12883,OR10K1,True,False,False,False,False
12884,GPR148,True,False,False,False,False
12885,STOX2,True,False,False,False,False
12886,MAP3K11,True,True,True,True,True
12887,TRIB1,True,False,False,True,False
12888,CST9,True,False,False,False,False
12889,KCNK7,True,False,False,False,False
12890,SFT2D3,True,True,True,True,True
12891,C1QB,True,False,False,False,False
12892,C1QA,True,False,False,False,False
12893,NDNF,True,False,False,False,False
12894,IQCF1,True,False,False,False,False
12895,OLR1,True,False,False,False,False
12896,GLIPR1L1,True,False,False,False,False
12897,DAG1,True,True,True,True,True
12898,INSM1,True,False,False,False,False
12899,DAB1,True,False,False,False,False
12900,ARV1,True,True,True,True,True
12901,NAA20,True,True,True,True,True
12902,CCDC36,True,False,False,False,False
12903,RNASE8,True,False,False,False,False
12904,SAA1,False,False,False,False,False
12905,MICOS10,True,True,True,True,True
12906,EHBP1L1,True,True,True,True,True
12907,THAP2,True,False,False,True,True
12908,TMEM196,True,False,False,False,False
12909,RNF26,True,True,True,True,True
12910,PPP1R14B,True,True,True,True,True
12911,RNASE11,True,False,False,False,False
12912,ZNRD2,True,True,True,True,True
12913,AGR3,True,False,False,False,False
12914,SMARCC1,True,True,True,True,True
12915,ZNF417,False,False,False,False,False
12916,PTPRM,True,False,True,True,False
12917,FKBP2,False,False,False,False,False
12918,VEGFB,True,True,True,True,True
12919,PEAK1,True,True,True,True,True
12920,TNFRSF10D,True,False,True,True,False
12921,MST1,True,False,False,True,False
12922,TNFRSF10C,True,False,False,False,False
12923,GMPPB,True,False,True,True,True
12924,MOB1B,True,True,True,True,True
12925,ZNF622,True,True,True,True,True
12926,CSPG4,True,False,True,False,False
12927,SNX33,True,False,False,False,False
12928,FAM166C,True,False,False,False,False
12929,NABP1,True,True,True,True,True
12930,ADGRF3,True,False,False,False,False
12931,NLRP13,True,False,False,False,False
12932,CHD2,True,True,True,True,True
12933,XCR1,True,False,False,False,False
12934,CCDC106,True,True,True,True,True
12935,CCR9,True,False,False,False,False
12936,CEP83,True,True,True,True,True
12937,SULT1B1,True,False,False,False,False
12938,NUDT4,False,True,True,True,True
12939,PC,True,False,False,True,False
12940,UGT2A1,True,False,False,False,False
12941,SCAI,True,True,False,True,True
12942,GPRC6A,True,False,False,False,False
12943,NMNAT1,True,True,True,True,False
12944,LRFN4,True,True,True,True,True
12945,TRAPPC3L,True,False,False,False,False
12946,APOBEC4,True,False,False,False,False
12947,SLC19A1,True,True,True,True,True
12948,HSPB7,True,False,False,False,False
12949,RCE1,True,True,True,True,True
12950,UQCRH,True,True,True,True,True
12951,TAS1R1,True,False,False,False,False
12952,HES3,True,False,False,False,False
12953,EIF1AX,True,True,True,True,True
12954,OR1L1,True,False,False,False,False
12955,BCLAF3,True,False,False,True,True
12956,PSMD1,True,True,True,True,True
12957,ADGRG2,True,False,False,False,False
12958,SPATA3,True,False,False,False,False
12959,MUC13,True,False,False,False,False
12960,SUSD5,True,False,True,False,False
12961,HEG1,True,False,True,True,True
12962,WFIKKN2,True,False,False,False,False
12963,C11orf80,True,False,False,True,False
12964,TOMM20,True,True,True,True,True
12965,C1orf100,True,False,False,False,False
12966,AGFG1,True,True,True,True,True
12967,STAT5B,True,True,False,True,True
12968,CD7,True,True,False,True,True
12969,TOPAZ1,True,False,False,False,False
12970,CNP,True,True,True,True,True
12971,JUP,True,True,True,True,False
12972,HAP1,True,False,False,False,False
12973,TDRD12,True,False,False,False,False
12974,EIF1,True,True,True,True,True
12975,ENDOV,True,True,True,True,True
12976,RNF213,True,True,True,True,True
12977,TIGD3,True,False,False,False,False
12978,KCNH6,True,False,False,False,False
12979,MARCH10,True,False,False,False,False
12980,PLK3,True,False,True,True,False
12981,NET1,True,True,True,True,True
12982,DPY19L1,True,False,True,True,True
12983,PHOSPHO1,True,False,False,False,False
12984,ZNF791,True,True,True,True,True
12985,PHC3,True,True,True,True,True
12986,GPR160,True,False,False,True,True
12987,CBX2,True,True,False,True,True
12988,SPTBN2,True,False,False,False,False
12989,GOLIM4,True,True,True,True,False
12990,KRT28,True,False,False,False,False
12991,RBM4B,True,True,True,True,True
12992,ATP5MD,True,True,True,True,True
12993,HOXB2,True,True,False,False,False
12994,C1QTNF1,True,False,False,False,False
12995,MARCH3,True,False,True,True,False
12996,SWSAP1,True,True,False,True,True
12997,SLCO4C1,True,False,False,False,False
12998,RBM4,False,True,True,True,True
12999,PIFO,True,False,False,False,False
13000,XXYLT1,True,True,True,True,True
13001,UBXN2A,True,True,True,True,True
13002,RAX2,True,False,False,False,False
13003,LRRC63,True,False,False,False,False
13004,TCAP,True,False,False,False,False
13005,CCS,True,True,True,True,True
13006,NRROS,True,True,False,False,True
13007,CEP19,True,False,False,False,True
13008,KLHL15,True,False,False,False,True
13009,FBXO45,True,True,True,True,True
13010,SPERT,True,False,False,False,False
13011,TENT5D,True,False,False,False,False
13012,GNG5,True,True,True,True,True
13013,SLC25A30,True,False,False,True,False
13014,C9orf131,True,False,False,False,False
13015,CD34,True,False,False,False,False
13016,CTSF,True,True,False,False,False
13017,MSRB3,True,False,True,False,False
13018,LEMD3,True,True,True,True,True
13019,C16orf91,True,True,True,True,True
13020,TLR10,True,False,False,False,False
13021,TLR1,True,False,False,False,False
13022,TLR6,True,False,False,False,False
13023,FAM174A,True,False,True,True,True
13024,RGMB,True,False,True,False,True
13025,FAM53A,True,False,False,False,False
13026,NWD2,True,False,False,False,False
13027,CYB561D1,True,False,False,False,False
13028,GSTA3,True,False,False,False,False
13029,ZDHHC24,True,True,True,True,True
13030,TRMT10C,True,True,True,True,True
13031,SELP,True,False,False,False,False
13032,CTU2,True,True,True,True,True
13033,MGA,True,True,True,True,True
13034,C12orf66,True,False,False,False,True
13035,ARL13A,True,False,False,False,False
13036,SNX31,True,False,False,False,False
13037,PIGG,True,True,True,True,True
13038,PRPF8,True,True,True,True,True
13039,ADCY6,True,False,True,True,False
13040,REP15,True,False,False,False,False
13041,PITPNA,True,True,True,True,True
13042,DDX23,True,True,True,True,True
13043,ZNF80,True,False,False,False,False
13044,ZNHIT2,True,True,True,True,True
13045,EVX2,True,False,False,False,False
13046,ZBTB4,True,False,True,True,True
13047,TNK1,True,False,False,False,False
13048,ZHX3,True,True,True,True,True
13049,PHLDA3,True,False,True,True,False
13050,DIRC1,True,False,False,False,False
13051,SLC16A11,True,False,False,False,False
13052,SLC16A13,True,False,False,False,False
13053,GLIS1,True,False,False,False,False
13054,OR2Y1,True,False,False,False,False
13055,CHRNA9,True,False,False,False,True
13056,PODN,True,False,False,False,False
13057,SLC6A19,True,False,False,False,False
13058,C11orf45,True,False,False,False,False
13059,EXO1,True,True,True,False,True
13060,RALGAPA1,True,True,True,True,True
13061,LIG4,True,False,True,False,True
13062,TRHR,True,False,False,False,False
13063,GTF2IRD2B,False,False,False,False,False
13064,ABRA,True,False,False,False,False
13065,ATP2A2,True,True,True,True,True
13066,ZWILCH,True,True,True,True,True
13067,SNAPC5,True,True,True,True,True
13068,STARD6,True,False,False,False,False
13069,GOLGA6L2,True,False,False,False,False
13070,VWC2L,True,False,False,False,False
13071,C12orf76,True,True,True,True,True
13072,ZCCHC12,True,False,False,False,False
13073,CNTNAP2,True,False,False,False,False
13074,GALNTL6,True,False,False,False,False
13075,LINGO2,True,False,False,False,False
13076,BBS1,True,False,False,False,False
13077,DENND4A,True,True,True,True,True
13078,IGDCC3,True,False,False,True,False
13079,GCSAM,True,False,False,False,False
13080,ANKRD36C,False,True,True,True,True
13081,SLC26A9,True,False,False,False,False
13082,MFSD4A,True,False,False,False,False
13083,PELI3,True,False,False,False,False
13084,TTC9B,True,False,False,False,False
13085,MYO1H,True,False,False,False,False
13086,TMEM81,True,False,False,False,False
13087,KLK15,True,False,False,False,False
13088,IL20RB,True,False,False,False,False
13089,GOLT1A,True,False,False,True,False
13090,AKIRIN1,True,True,True,True,True
13091,NPAS4,True,False,False,False,False
13092,MSL2,True,True,True,True,True
13093,ZNF497,True,False,False,False,False
13094,TRAM1L1,True,False,False,False,False
13095,CMKLR1,True,False,False,False,False
13096,ANGEL2,True,True,True,True,True
13097,UGT8,True,False,False,False,False
13098,KY,True,False,False,False,False
13099,IQCK,True,False,True,True,True
13100,SLCO2A1,True,False,False,False,False
13101,ZNF266,True,False,False,False,True
13102,OR7D4,True,False,False,False,False
13103,SLC29A2,True,True,False,False,False
13104,BRSK2,True,False,False,False,False
13105,B4GAT1,True,True,True,True,True
13106,TMEM167A,True,True,True,True,True
13107,LEP,True,False,False,False,False
13108,SH3PXD2B,True,False,False,False,False
13109,RESF1,True,True,True,True,True
13110,LARP7,True,True,True,True,True
13111,FGFBP3,True,False,False,True,False
13112,NR1D2,True,True,True,True,True
13113,PABPC5,True,False,False,False,False
13114,BRMS1,True,True,True,True,True
13115,FAM241A,True,True,False,True,True
13116,HRAS,True,True,True,True,True
13117,WDR49,True,False,False,False,False
13118,SRP72,True,True,True,True,True
13119,PCP2,True,False,False,False,False
13120,RIN1,True,False,True,False,False
13121,ODAPH,True,False,False,False,False
13122,THAP6,True,True,True,True,True
13123,CEP135,True,True,True,True,True
13124,FZD4,True,False,False,True,False
13125,CD248,True,False,False,False,False
13126,BTC,True,False,False,False,False
13127,PDZK1,True,False,False,True,False
13128,ADGRE1,True,False,False,False,False
13129,DENND6A,True,True,True,True,True
13130,PDE12,True,True,True,True,True
13131,GLMN,True,True,True,True,True
13132,DNAH12,True,False,False,False,False
13133,YIF1A,True,True,True,True,True
13134,CNIH2,True,False,False,False,False
13135,NLRP6,True,False,False,False,False
13136,NDUFA11,True,True,True,True,True
13137,RSRC1,True,True,True,True,True
13138,CATSPERD,True,False,False,False,False
13139,SLC66A1L,True,False,True,False,False
13140,RAB1B,True,True,True,True,True
13141,OR9G1,True,False,False,False,False
13142,PTDSS2,True,True,True,True,True
13143,MICOS13,True,True,True,True,True
13144,C3orf33,True,True,False,True,True
13145,OR5M3,True,False,False,False,False
13146,SEZ6L2,True,True,True,True,False
13147,ASPHD1,True,False,True,True,False
13148,KCTD13,True,True,True,True,True
13149,P2RY14,True,False,False,False,False
13150,AMZ1,True,False,False,False,False
13151,GPR171,True,False,False,False,False
13152,GPR149,True,False,False,False,False
13153,CD164L2,True,False,False,False,False
13154,FUT1,True,False,False,False,False
13155,DHX36,True,True,True,True,True
13156,OR5J2,True,False,False,False,False
13157,ZIC4,True,False,False,False,False
13158,OR10AG1,True,False,False,False,False
13159,OR4S2,True,False,False,False,False
13160,FBXW8,True,False,True,True,True
13161,CA5A,True,False,False,True,False
13162,ZG16,True,False,False,False,False
13163,KLC2,True,False,True,True,True
13164,SLC22A1,True,False,False,False,False
13165,TEX36,True,False,False,False,False
13166,CTBP2,True,False,True,False,False
13167,CHST2,True,True,False,False,True
13168,ZDHHC14,True,False,False,True,True
13169,ATR,True,True,True,True,True
13170,UBE2C,True,False,True,True,True
13171,DSG4,True,False,False,False,False
13172,GK5,True,True,True,True,True
13173,VCPIP1,True,True,True,True,True
13174,RTP1,True,False,False,False,False
13175,DES,True,False,False,False,False
13176,PDIK1L,True,True,False,False,True
13177,SPSB4,True,False,False,False,False
13178,RAG2,True,False,False,False,True
13179,TRAF6,True,False,False,False,True
13180,ZNF654,True,False,True,True,True
13181,TVP23C,True,False,False,True,False
13182,PACS1,True,True,True,True,True
13183,WFDC5,True,False,False,False,False
13184,MARCKSL1,True,True,True,True,True
13185,SH3BP5L,True,True,True,False,False
13186,OR2T1,True,False,False,False,False
13187,YPEL2,True,False,False,True,False
13188,CADM2,True,False,False,False,False
13189,ABO,True,True,False,False,False
13190,PSMD2,True,True,True,True,True
13191,PPM1E,True,False,False,False,False
13192,FAM131A,True,False,False,False,False
13193,CSRP2,True,False,True,True,False
13194,INHBC,True,False,False,False,False
13195,PARL,True,True,True,True,True
13196,DDIT3,True,True,True,True,True
13197,PCCA,True,True,True,True,True
13198,HIGD2B,True,False,False,False,False
13199,DCTN2,True,True,True,True,True
13200,NPPA,True,False,False,False,False
13201,ZNF408,True,True,False,True,True
13202,CTDSP2,True,True,True,True,True
13203,CKAP5,True,True,True,True,True
13204,ARHGAP1,True,True,True,True,True
13205,MED16,True,True,True,True,True
13206,ATG13,True,True,True,True,True
13207,GAL3ST3,True,False,False,False,False
13208,C1orf127,True,False,False,False,False
13209,CHST1,True,False,False,False,False
13210,GOLGA8A,False,True,False,False,False
13211,VWA3A,True,False,False,False,False
13212,TP53I11,True,False,False,False,True
13213,CENPS,True,True,True,True,True
13214,DOLK,True,True,True,True,True
13215,PHYHD1,True,True,False,True,False
13216,CCNE2,True,False,True,False,True
13217,PHYKPL,True,True,True,True,True
13218,ANKS4B,True,False,False,True,False
13219,CST6,True,False,False,False,False
13220,GRAMD2A,True,False,False,False,False
13221,ZNF519,True,True,False,False,True
13222,LSM1,True,True,True,True,True
13223,PROP1,True,False,False,False,False
13224,ISX,True,False,False,False,False
13225,BANF1,True,True,True,True,True
13226,APOF,True,False,False,True,False
13227,CHRNA7,True,False,False,False,False
13228,TMEM9B,True,True,True,True,True
13229,NRIP3,True,True,True,False,False
13230,PTPN2,True,True,True,True,True
13231,SCUBE2,True,False,False,False,False
13232,EIF1AD,True,True,True,True,True
13233,SMAD2,True,True,True,True,True
13234,EIF3F,False,True,True,True,True
13235,ZNF25,True,False,False,False,False
13236,OR10P1,True,False,False,False,False
13237,ARL10,True,False,False,False,False
13238,CLTB,True,True,True,True,True
13239,PCSK1,True,False,False,False,False
13240,LPL,True,False,False,False,False
13241,RFESD,True,True,False,False,True
13242,CCDC14,True,True,True,True,True
13243,TBC1D10C,True,False,False,False,True
13244,SART1,True,True,True,True,True
13245,PPP2R2D,True,True,True,True,True
13246,MCTP1,True,False,True,False,False
13247,POLD4,True,True,True,True,True
13248,OR52W1,True,False,False,False,False
13249,LRRC25,True,False,False,False,False
13250,DPP10,True,False,False,False,False
13251,CLCF1,True,False,True,False,False
13252,TSGA10IP,True,False,False,False,False
13253,GPR152,True,False,False,False,False
13254,UBQLNL,True,False,False,False,False
13255,UBQLN3,True,False,False,False,False
13256,PNLIP,True,False,False,False,False
13257,LIPT2,True,False,False,False,True
13258,KCNE3,True,False,False,False,False
13259,CABP4,True,False,False,False,False
13260,ALG10B,False,True,False,False,True
13261,DRAP1,True,True,True,True,True
13262,LONRF3,True,False,False,False,False
13263,UCP3,True,False,False,False,False
13264,UCP2,True,True,True,True,True
13265,C11orf68,True,True,True,True,True
13266,PAAF1,True,True,True,True,True
13267,RAB6A,True,True,True,True,True
13268,P2RY2,True,False,False,False,False
13269,FOSL1,True,False,True,True,False
13270,ERCC4,True,True,True,True,True
13271,SUGCT,True,False,True,False,False
13272,CCDC85B,True,True,True,True,True
13273,TMEM70,True,True,True,True,True
13274,OR4B1,True,False,False,False,False
13275,RMI2,True,True,True,True,True
13276,PRM1,True,False,False,False,False
13277,TOM1L2,True,False,True,False,False
13278,TEX26,True,False,False,False,False
13279,ZNF77,True,False,False,False,False
13280,GPR156,True,False,False,False,False
13281,CCDC197,True,False,False,False,False
13282,MTLN,True,True,True,True,True
13283,KDF1,True,False,False,True,False
13284,B3GNTL1,True,False,False,True,True
13285,RBMXL3,True,False,False,False,False
13286,MLXIP,True,True,True,True,True
13287,NR2F1,True,False,True,True,False
13288,AURKAIP1,True,True,True,True,True
13289,TTLL11,True,False,False,False,False
13290,EIF4E1B,True,False,False,False,False
13291,TOMM5,True,True,True,True,True
13292,LINC02694,True,False,False,False,False
13293,SLC35E3,True,True,True,True,True
13294,PRIMA1,True,False,False,False,False
13295,ZNF169,True,False,False,False,True
13296,RUVBL1,True,True,True,True,True
13297,SFN,True,False,False,True,False
13298,MSRA,True,False,True,True,False
13299,CBLL2,True,False,False,False,False
13300,CCDC168,True,False,False,False,False
13301,CTDNEP1,True,True,True,True,True
13302,ETV4,True,True,False,True,False
13303,SWI5,True,True,True,True,True
13304,GAPT,True,False,False,False,False
13305,BAIAP2,True,True,True,True,False
13306,CALCB,True,False,False,False,False
13307,CREG2,True,False,False,False,False
13308,TMEM270,True,False,False,False,False
13309,HOXD8,True,False,False,False,False
13310,ZDHHC21,True,False,True,True,True
13311,TSPEAR,True,False,False,False,False
13312,PLEKHF2,True,True,True,True,True
13313,A2M,True,False,False,True,False
13314,ARL4D,True,False,True,True,False
13315,DOK7,True,False,False,False,False
13316,LRRN1,True,False,False,False,False
13317,UBE2O,True,True,True,True,True
13318,ORAI3,True,True,True,True,False
13319,KLHL38,True,False,False,False,False
13320,UNC119B,True,False,True,True,True
13321,DENND2C,True,False,False,False,False
13322,PLEKHD1,True,False,False,False,False
13323,ASCL3,True,False,False,False,False
13324,TUBB6,True,True,True,True,False
13325,LYSMD3,True,True,True,True,True
13326,B3GALT6,True,True,True,True,True
13327,ZNF613,True,False,False,False,False
13328,C11orf16,True,False,False,False,False
13329,TMPRSS7,True,False,False,False,False
13330,NUPR1,True,False,True,True,False
13331,JAKMIP2,True,False,False,False,True
13332,MBLAC2,True,True,False,False,True
13333,TPRN,True,True,True,True,True
13334,KCNE5,True,False,False,False,False
13335,ZNF683,True,False,False,False,False
13336,SLC35A4,True,True,True,True,True
13337,CRYBG2,True,False,False,True,False
13338,IP6K1,True,True,True,True,True
13339,SSNA1,True,True,True,True,True
13340,CSTF3,True,True,True,True,True
13341,YES1,True,True,True,True,True
13342,CHMP6,True,True,True,True,True
13343,UFSP1,True,False,False,False,False
13344,MC5R,True,False,False,False,False
13345,TMEM39A,True,False,True,True,True
13346,TCP11L1,True,False,True,False,True
13347,GPX2,True,False,False,True,False
13348,CCDC57,True,True,False,True,True
13349,HSF5,True,False,False,False,False
13350,FOXG1,True,True,False,False,False
13351,SPHK1,True,True,True,True,False
13352,ENTHD1,True,False,False,False,False
13353,MYPOP,True,False,False,True,True
13354,CIDEA,True,False,False,False,False
13355,OR11H4,True,False,False,False,False
13356,OR4D11,True,False,False,False,False
13357,LRRTM4,True,False,False,False,False
13358,ATAD5,True,True,True,True,True
13359,SMIM19,True,True,True,True,True
13360,OR11H6,True,False,False,False,False
13361,ZNF404,True,False,False,False,False
13362,RTTN,True,True,True,True,True
13363,OR4K17,True,False,False,False,False
13364,OR10H4,True,False,False,False,False
13365,OR51B6,True,False,False,False,False
13366,ACBD7,True,False,False,False,False
13367,OR4L1,True,False,False,False,False
13368,ANAPC2,True,False,False,False,True
13369,OR4K13,True,False,False,False,False
13370,HMGB4,True,False,False,False,False
13371,ZBTB8OS,False,True,True,True,True
13372,OR4F21,True,False,False,False,False
13373,SLC35G1,True,False,True,False,True
13374,OR4K5,True,False,False,False,False
13375,ZNF135,True,False,False,False,False
13376,OR4N2,False,False,False,False,False
13377,OR4M1,True,False,False,False,False
13378,FOXR1,True,False,False,False,False
13379,COX8A,True,True,True,True,True
13380,TAC4,True,False,False,False,False
13381,ZSCAN2,True,False,False,True,True
13382,PRR18,True,False,False,False,False
13383,B3GNT4,True,False,False,False,False
13384,CDC26,True,True,True,True,True
13385,HSD11B2,True,False,False,True,False
13386,CRLF3,True,True,False,False,True
13387,RNPEP,True,True,True,True,True
13388,EID2,True,True,True,True,True
13389,DMRTA1,True,False,True,False,False
13390,EID2B,True,True,True,False,True
13391,GJC3,True,False,False,False,False
13392,RIMS2,True,False,False,False,False
13393,KCMF1,True,True,True,True,True
13394,DNAJC30,True,True,True,True,True
13395,SPRYD4,True,True,True,True,True
13396,VPS37D,True,False,False,False,False
13397,CLEC14A,True,False,False,False,False
13398,SYNE3,True,False,False,True,False
13399,CLK2,True,True,False,False,True
13400,LPCAT4,True,False,True,False,True
13401,SLCO3A1,True,False,True,False,False
13402,ZNF575,True,False,False,False,False
13403,WDR25,True,False,True,True,True
13404,SGF29,True,True,False,True,True
13405,PLAAT3,True,False,True,False,False
13406,DIRAS1,True,False,False,False,False
13407,OR5AN1,True,False,False,False,False
13408,PHLDB3,True,False,False,True,False
13409,PRR15,True,False,False,True,False
13410,GNG7,True,True,False,True,False
13411,OR4C5,True,False,False,False,False
13412,USF3,True,True,True,True,True
13413,OR4C3,True,False,False,False,False
13414,OR4S1,True,False,False,False,False
13415,CNTD1,True,False,False,False,False
13416,DCAF4L2,True,False,False,False,False
13417,OR4X1,True,False,False,False,False
13418,CNBD1,True,False,False,False,False
13419,KBTBD11,True,False,False,False,True
13420,B3GNT5,True,True,False,False,False
13421,MAP3K19,True,False,False,False,False
13422,C14orf177,True,False,False,False,False
13423,LMNB2,True,True,True,True,True
13424,RMDN1,True,True,True,True,True
13425,MEX3C,True,False,True,True,True
13426,HORMAD2,True,False,False,False,False
13427,RNF152,True,False,False,False,False
13428,MYO1D,True,True,False,True,False
13429,FOXL1,True,False,False,False,False
13430,TGIF2LY,False,False,False,False,False
13431,FOXC2,True,False,True,False,False
13432,OR4F17,False,False,False,False,False
13433,BDNF,True,False,True,False,False
13434,CCDC121,True,False,False,False,False
13435,ACSF3,True,True,True,True,True
13436,BOK,True,False,True,True,False
13437,ZNF843,True,False,False,False,False
13438,RBIS,True,True,True,True,True
13439,PFN4,True,False,False,False,False
13440,OR51V1,True,False,False,False,False
13441,MAGEB6,True,False,False,False,False
13442,CDK5R1,True,False,False,False,False
13443,TCERG1L,True,False,False,False,False
13444,NCKAP5,True,False,False,False,False
13445,MAGEB18,True,False,False,False,False
13446,RUFY1,True,True,True,True,True
13447,OR52E2,True,False,False,False,False
13448,BASP1,True,False,True,False,False
13449,OR51L1,True,False,False,False,False
13450,LRRC37A3,True,False,False,False,False
13451,VSIG10,True,True,True,True,True
13452,IRX5,True,False,False,False,True
13453,METRNL,True,True,True,False,False
13454,FAM91A1,True,True,True,True,True
13455,WSB2,True,True,True,True,True
13456,GRIN1,True,False,False,False,False
13457,TYMS,True,True,True,True,True
13458,OR51G2,True,False,False,False,False
13459,PXMP2,True,True,True,True,True
13460,OR51A7,True,False,False,False,False
13461,TCEANC,True,False,False,False,False
13462,OR51T1,True,False,False,False,False
13463,PNMA1,True,True,True,True,True
13464,TCIM,True,False,False,True,False
13465,MAMSTR,True,False,False,True,False
13466,ANKLE2,True,True,True,True,True
13467,C8G,True,False,False,True,False
13468,OR51S1,True,False,False,False,False
13469,OR51F2,True,False,False,False,False
13470,GCNT4,True,False,False,False,False
13471,MUC20,True,False,False,False,False
13472,THAP4,True,True,True,True,True
13473,NFATC2IP,True,True,True,True,True
13474,LY6H,True,False,False,False,False
13475,FIBIN,True,False,False,False,False
13476,FAM89B,True,True,True,True,True
13477,SHMT1,True,True,True,True,True
13478,DPP7,True,True,True,True,True
13479,TRIM60,True,False,False,False,False
13480,SEC24C,True,True,True,True,True
13481,FMR1NB,True,False,False,False,False
13482,SMCR8,True,False,True,True,True
13483,MTHFR,True,True,False,True,True
13484,C19orf18,True,False,False,False,False
13485,DEAF1,True,True,True,True,True
13486,MTX3,True,False,True,True,False
13487,TMEM80,True,True,True,True,True
13488,SIX5,True,False,False,True,False
13489,IFNW1,True,False,False,False,False
13490,FBXO46,True,True,False,False,True
13491,ZDHHC13,True,False,True,False,True
13492,SLC38A9,True,False,False,True,True
13493,WDR73,True,True,True,True,True
13494,POLE,True,True,True,True,True
13495,PHETA2,True,False,False,False,False
13496,SCN4B,True,False,False,False,False
13497,DSCAML1,True,False,False,False,False
13498,RHOG,True,True,True,True,True
13499,EPS8L2,True,False,False,True,False
13500,ZDHHC22,True,False,False,False,False
13501,ANO6,True,True,True,True,True
13502,ZBTB34,True,False,False,False,False
13503,FAM9B,True,False,False,False,False
13504,CETN1,True,False,False,False,False
13505,FAM210A,True,True,True,True,True
13506,OR2T35,False,False,False,False,False
13507,TALDO1,True,True,True,True,True
13508,ULK1,True,False,True,True,True
13509,OR14C36,True,False,False,False,False
13510,RIMKLA,True,False,False,False,True
13511,CLVS1,True,False,False,False,False
13512,OR2M7,True,False,False,False,False
13513,B3GNT8,True,False,False,False,False
13514,PUS1,True,True,True,True,True
13515,CHD9,True,True,True,True,True
13516,OR2T12,True,False,False,False,False
13517,SPACA4,True,False,False,False,False
13518,OR2T33,True,False,False,False,False
13519,GATD1,True,True,True,True,True
13520,TRIM72,True,False,False,False,False
13521,MAN1B1,True,True,True,True,True
13522,DEFB4B,False,False,False,False,False
13523,KCNA3,True,False,False,False,False
13524,OR2AJ1,True,False,False,False,False
13525,FZD8,True,False,True,False,False
13526,GJD4,True,False,False,False,False
13527,FBXO39,True,False,False,False,False
13528,CLDN22,True,False,False,False,False
13529,KCNA2,True,False,False,False,False
13530,TOP3A,True,True,True,True,True
13531,CASKIN2,True,False,False,True,False
13532,ZBTB38,True,True,True,True,False
13533,BEND2,True,False,False,False,False
13534,CCDC71,True,True,False,False,True
13535,C10orf71,True,False,False,False,False
13536,LRRN4CL,True,False,False,False,False
13537,TIMM22,True,True,True,True,True
13538,HIC1,True,False,False,False,False
13539,PPFIA3,True,True,False,True,False
13540,MAGEF1,True,True,True,True,True
13541,UMODL1,True,False,False,False,False
13542,SAMD9L,True,False,True,False,True
13543,UBE2U,True,False,False,False,False
13544,PAWR,True,False,True,True,True
13545,TGIF1,True,True,True,True,True
13546,MIEF2,True,False,True,False,False
13547,NAP1L5,True,False,False,False,False
13548,NIM1K,True,False,False,False,False
13549,CD19,True,False,False,False,False
13550,ERICH5,True,False,False,False,False
13551,OR2T8,True,False,False,False,False
13552,NR2C2,True,True,True,True,True
13553,GPR4,True,False,False,False,False
13554,ACOT4,True,False,False,False,False
13555,OLIG3,True,False,False,False,False
13556,CAVIN1,True,True,True,True,False
13557,OR2G3,True,False,False,False,False
13558,ARIH2,True,True,True,True,True
13559,RBM44,True,False,False,False,False
13560,ZBTB33,True,True,False,True,True
13561,OR2G2,True,False,False,False,False
13562,ZBED2,True,False,False,False,False
13563,VCX2,True,False,False,False,False
13564,IRX3,True,False,False,True,True
13565,ST8SIA3,True,False,False,False,False
13566,RPRM,True,False,False,False,False
13567,OR2B11,True,False,False,False,False
13568,SLC25A22,True,False,True,True,True
13569,RABEP2,True,True,True,True,True
13570,NHLH2,True,False,False,False,False
13571,ATOX1,True,True,True,True,True
13572,FAM187B,True,False,False,False,False
13573,TBL1XR1,True,True,True,True,True
13574,SAMD12,True,False,False,False,False
13575,CD163,True,False,False,False,False
13576,C18orf32,True,True,True,True,True
13577,PIDD1,True,False,False,True,True
13578,ZNF491,True,False,False,False,False
13579,HASPIN,True,False,False,False,True
13580,JUN,True,True,True,True,True
13581,CSTF2T,True,True,True,False,True
13582,PGBD5,True,False,False,False,False
13583,C12orf54,True,False,False,False,False
13584,GBA,True,True,True,True,True
13585,ACAD9,True,True,True,True,True
13586,IL17RA,True,True,True,True,True
13587,PNPLA2,True,True,True,True,True
13588,MBOAT4,True,False,False,False,False
13589,TEX44,True,False,False,False,False
13590,AGTRAP,True,True,True,True,True
13591,CD163L1,True,False,False,True,False
13592,THAP5,True,True,True,True,True
13593,DEFB114,True,False,False,False,False
13594,CRACR2B,True,False,False,True,False
13595,SUMO4,True,False,False,False,False
13596,MAGEB10,True,False,False,False,False
13597,DNAJC28,True,False,False,False,False
13598,OR4F4,True,False,False,False,False
13599,NAALADL2,True,False,False,False,False
13600,CD151,True,True,True,True,True
13601,POLR2L,True,True,True,True,True
13602,FAM20C,True,False,True,True,False
13603,NECTIN3,True,False,True,True,False
13604,SLC35G5,True,False,False,False,False
13605,ANXA2R,True,True,False,False,True
13606,TMEM94,True,True,False,True,True
13607,FLII,True,True,True,True,True
13608,SOX12,True,True,True,True,True
13609,HNRNPA0,True,True,True,True,True
13610,YIPF7,True,False,False,False,False
13611,MYOZ1,True,False,False,False,False
13612,KCNJ10,True,False,False,False,False
13613,CHID1,True,True,True,True,True
13614,PCDHB9,True,False,False,False,False
13615,ZNF620,True,False,False,True,False
13616,ZNF518A,True,True,True,True,True
13617,TMEM187,True,False,False,False,False
13618,SVBP,True,True,True,True,True
13619,ZNF619,True,False,False,False,False
13620,CCDC184,True,False,False,False,False
13621,AP3S1,False,True,True,True,True
13622,GRB2,True,True,True,True,True
13623,ZBTB41,True,True,True,True,True
13624,UBE2N,True,True,True,True,True
13625,ARL6IP6,True,True,True,True,True
13626,ZNF354C,True,False,False,False,False
13627,CAPZA3,True,False,False,False,False
13628,CENPBD1,True,True,False,True,True
13629,ODF3,True,False,False,False,False
13630,BET1L,True,True,True,True,True
13631,RIC8A,True,True,True,True,True
13632,IMP3,True,True,True,True,True
13633,ASB8,True,True,True,True,True
13634,LCN15,True,False,False,True,False
13635,ODF3B,True,False,False,False,False
13636,DPY19L2,False,False,False,False,False
13637,SPATA31E1,True,False,False,False,False
13638,C2orf73,True,False,False,False,False
13639,GPR150,True,False,False,False,False
13640,TSPYL6,True,False,False,False,False
13641,LRRC75B,True,False,False,True,False
13642,DMAP1,True,True,True,True,True
13643,ADAMTSL1,True,False,True,False,False
13644,CALHM5,True,False,False,False,False
13645,IMPDH2,True,True,True,True,True
13646,ALS2CL,True,False,False,False,False
13647,MLF1,True,True,True,False,False
13648,NDUFAF3,True,True,True,True,True
13649,C2orf69,True,True,True,True,True
13650,GRAMD1C,True,False,False,False,False
13651,STAP2,True,False,False,True,False
13652,HTR3C,True,False,False,False,False
13653,TSSK6,True,False,False,False,False
13654,BOLA1,True,False,True,False,True
13655,PDE4DIP,False,True,True,True,True
13656,DDX10,True,True,True,True,True
13657,GOLGA8Q,False,False,False,False,False
13658,PPP1R42,True,False,False,False,False
13659,NDUFV2,True,True,True,True,True
13660,DALRD3,True,True,True,True,True
13661,ZNF114,True,False,False,True,False
13662,ZNF518B,True,True,True,False,True
13663,AMER3,True,False,False,False,False
13664,SPINK6,True,False,False,False,False
13665,ZNF366,True,False,False,False,False
13666,LCORL,True,True,True,True,True
13667,PARD6G,True,False,False,True,False
13668,ZNF454,True,False,False,False,False
13669,SH2B1,True,True,True,True,True
13670,ZC3H12D,True,False,False,False,False
13671,VN1R1,True,False,False,False,False
13672,POGLUT3,True,True,True,True,False
13673,PLEC,True,True,True,True,True
13674,SH2D4B,True,False,False,False,False
13675,RNF212,True,False,False,False,True
13676,PRSS36,True,False,False,False,False
13677,ZNF543,True,False,False,False,True
13678,TMEM151B,True,False,False,False,False
13679,GALNT11,True,True,True,False,True
13680,SLITRK1,True,False,False,False,False
13681,WDR6,True,True,True,True,True
13682,PRM3,True,False,False,False,False
13683,TNP2,True,False,False,False,False
13684,SPAG11A,False,False,False,False,False
13685,GEN1,True,True,True,True,True
13686,TMPRSS9,True,False,False,True,False
13687,AQP11,True,False,False,True,False
13688,TMEM11,True,True,True,True,True
13689,ZNF354B,True,False,False,False,True
13690,KCNG2,True,False,False,False,False
13691,SHISA3,True,False,False,False,False
13692,OR2D3,True,False,False,False,False
13693,CALML3,True,False,False,False,False
13694,CALML5,True,False,False,False,False
13695,ZFAND2A,True,True,True,True,True
13696,PLEKHM3,True,False,False,True,False
13697,ZNF223,True,False,False,False,False
13698,HTR1A,True,False,False,False,False
13699,CCDC185,True,False,False,False,False
13700,DNAJC22,True,False,True,True,False
13701,NEUROG2,True,False,False,False,False
13702,CEP295NL,True,False,False,False,False
13703,BEND3,True,False,False,False,False
13704,NT5DC1,True,True,True,True,True
13705,GLDC,True,False,False,True,False
13706,COX14,True,True,True,True,True
13707,MCMDC2,True,False,False,False,False
13708,TUBAL3,True,False,False,False,False
13709,P4HTM,True,False,True,False,False
13710,UCN3,True,False,False,False,False
13711,DTX3,True,False,False,False,False
13712,KLHL11,True,False,False,False,False
13713,AMBN,True,False,False,False,False
13714,CTXN1,True,False,True,True,True
13715,SLC25A20,True,False,False,True,False
13716,CA8,True,True,False,False,True
13717,CD28,True,False,False,False,True
13718,EPM2AIP1,True,True,True,True,True
13719,ERBB4,True,False,False,False,False
13720,MAF,True,False,False,False,False
13721,CTNNBIP1,True,True,True,True,True
13722,OR6B3,True,False,False,False,False
13723,DEFB125,True,False,False,False,False
13724,PSAPL1,True,False,False,False,False
13725,OTOS,True,False,False,False,False
13726,GTPBP6,True,True,True,True,True
13727,ERN1,True,False,False,True,False
13728,GPR35,True,False,False,True,False
13729,C10orf53,True,False,False,False,False
13730,CSRNP3,True,False,False,False,False
13731,ZNF713,True,False,False,False,False
13732,PARP10,True,False,False,False,True
13733,DYNAP,True,False,False,False,False
13734,SUZ12,True,True,True,True,True
13735,NSUN3,True,True,True,True,True
13736,KCTD12,True,False,False,False,False
13737,DHFR2,True,False,True,False,True
13738,RPP25,True,True,False,False,False
13739,GRINA,True,True,True,True,True
13740,THBD,True,False,True,False,False
13741,GP5,True,False,False,False,False
13742,STX19,True,False,False,False,False
13743,ERFE,True,False,False,False,False
13744,FAM219B,True,True,True,True,False
13745,ZHX2,True,False,False,True,False
13746,CPN2,True,False,False,True,False
13747,CPNE7,True,True,True,False,True
13748,C5orf46,True,False,True,False,False
13749,CD300LB,True,False,False,False,False
13750,GDPD4,True,False,False,False,False
13751,RIIAD1,True,False,False,False,False
13752,MPI,True,True,True,True,True
13753,H1FOO,True,False,False,False,False
13754,TRIM73,False,True,True,True,True
13755,OPLAH,True,False,False,True,False
13756,TMEM52,True,False,False,True,False
13757,RNF186,True,False,False,False,False
13758,EFCAB13,True,False,False,False,False
13759,MSC,True,False,False,False,False
13760,APOLD1,True,False,True,False,False
13761,RFLNA,True,False,False,False,False
13762,EXOSC4,True,True,True,True,True
13763,DPY19L3,True,True,False,True,False
13764,TAF7,True,True,True,True,True
13765,ZNF852,True,False,False,False,False
13766,FOXE1,True,False,False,False,False
13767,PFAS,True,True,True,True,True
13768,HYI,True,True,True,False,False
13769,CYBC1,True,True,True,True,True
13770,TPRX1,True,False,False,False,False
13771,LGALS7B,False,False,False,True,False
13772,ZNF552,True,False,False,False,False
13773,SMIM10L2A,True,False,False,False,False
13774,GAK,True,True,True,True,True
13775,ZBTB7A,True,True,True,True,True
13776,TUFM,True,True,True,True,True
13777,ERICH3,True,False,False,False,False
13778,RMI1,True,True,True,True,True
13779,CTC1,True,False,False,False,False
13780,FBXO34,True,True,True,True,True
13781,SELENOW,True,True,True,True,True
13782,EIF3K,False,True,True,True,True
13783,MRFAP1L1,True,True,True,True,True
13784,SNX18,True,False,True,True,True
13785,EXD1,True,False,False,False,False
13786,AURKB,True,True,True,True,True
13787,TAS1R2,True,False,False,False,False
13788,C14orf39,True,False,False,False,False
13789,MRFAP1,True,True,True,True,True
13790,C3orf38,True,True,True,True,True
13791,KLHDC7A,True,False,False,False,False
13792,TMEM107,True,True,True,True,True
13793,RRS1,True,True,True,True,True
13794,EXOC3L1,True,False,False,False,False
13795,TRIML2,True,False,False,False,False
13796,RCC2,True,True,True,True,True
13797,OR13D1,True,False,False,False,False
13798,IGSF22,True,False,False,False,False
13799,C9orf50,True,False,False,False,False
13800,ZFP42,True,False,False,False,False
13801,CCDC89,True,False,False,False,False
13802,FAM133A,True,False,False,False,False
13803,DPM3,True,True,True,True,True
13804,C12orf42,True,False,False,False,False
13805,CYC1,True,True,True,True,True
13806,PER1,True,False,False,False,True
13807,HTR1F,True,False,False,False,False
13808,TMTC2,True,False,False,False,False
13809,HES7,True,False,False,False,False
13810,FARSA,True,True,True,True,True
13811,SPTY2D1,True,True,True,True,True
13812,C10orf67,True,False,False,False,False
13813,SAMD4B,True,True,True,True,True
13814,CYP11B2,True,False,False,False,False
13815,GIMAP7,True,False,False,False,True
13816,ALOXE3,True,False,False,False,False
13817,EDC3,True,True,True,True,True
13818,TCAIM,True,True,True,True,True
13819,FUCA1,True,True,True,True,True
13820,PXT1,True,False,False,False,False
13821,GGN,True,False,False,False,False
13822,HNRNPCL1,False,False,False,False,False
13823,TMEM125,True,False,False,False,False
13824,ZNF664,True,True,True,True,True
13825,SIGLECL1,True,False,False,False,False
13826,CALR,True,True,True,True,True
13827,MAGED1,True,False,True,True,True
13828,GVQW3,True,True,False,False,True
13829,LDLRAD3,True,False,False,False,False
13830,CDH4,True,False,False,False,True
13831,SMCO3,True,False,False,False,False
13832,RAD23A,True,True,True,True,True
13833,PCARE,True,False,False,False,False
13834,GADD45GIP1,True,True,True,True,True
13835,DAND5,True,False,False,False,False
13836,TMEM151A,True,False,False,False,False
13837,PTPN11,True,True,True,True,True
13838,NSUN7,True,False,False,False,False
13839,RTL3,True,False,False,False,False
13840,WSCD1,True,False,False,False,False
13841,RAB39A,True,False,False,False,False
13842,CLK3,True,True,True,True,True
13843,GATA2,True,True,False,True,False
13844,ARID3B,True,True,False,True,True
13845,TMEM31,True,False,False,False,False
13846,PACS2,True,False,True,True,True
13847,ELMOD2,True,True,True,True,True
13848,EGR3,True,False,False,False,False
13849,CATSPERE,True,False,False,False,False
13850,GPC5,True,False,False,False,False
13851,VWA1,True,False,False,True,False
13852,DNAJB8,True,False,False,False,False
13853,GEMIN4,True,True,True,True,True
13854,FJX1,True,True,True,False,False
13855,KLHL28,True,True,False,False,True
13856,MKRN3,True,False,False,False,False
13857,ZBTB18,True,False,False,False,True
13858,C14orf28,True,False,False,False,False
13859,ALOX12B,True,False,False,False,False
13860,SLC17A8,True,False,False,False,False
13861,SHARPIN,True,True,True,True,True
13862,LBX2,True,False,False,True,False
13863,DNHD1,True,False,False,False,False
13864,SLITRK4,True,False,False,False,False
13865,HTR1D,True,False,False,False,False
13866,GCC1,True,True,False,False,True
13867,LSMEM2,True,False,False,False,False
13868,RNF151,True,False,False,False,False
13869,CIITA,True,False,False,False,False
13870,ALOX15B,True,False,False,False,False
13871,PLD6,True,True,False,True,False
13872,GPHB5,True,False,False,False,False
13873,GRM8,True,False,False,False,False
13874,CDC42EP4,True,True,False,True,False
13875,OR2AP1,True,False,False,False,False
13876,OR6C4,True,False,False,False,False
13877,ZBTB42,True,False,False,False,False
13878,LACC1,True,False,False,False,False
13879,MAF1,True,True,True,True,True
13880,TPPP2,True,False,False,False,False
13881,FCER1A,True,False,False,False,False
13882,RPRML,True,False,False,False,False
13883,ARL14,True,False,False,False,False
13884,OR6C2,True,False,False,False,False
13885,WDR97,True,False,False,False,False
13886,NLRP8,True,False,False,False,False
13887,PCED1B,True,False,False,False,False
13888,APOBEC3B,True,False,False,False,False
13889,SYCN,True,False,False,False,False
13890,PIPOX,True,False,False,True,False
13891,FOXS1,True,False,False,False,False
13892,ATOH7,True,False,False,False,False
13893,CDH5,True,False,False,False,False
13894,LRRC3B,True,False,False,False,False
13895,FAM216B,True,False,False,False,False
13896,MRGPRX4,True,False,False,False,False
13897,MYADM,True,True,True,True,True
13898,MRGPRX3,True,False,False,False,False
13899,MROH1,True,False,True,True,False
13900,SERTAD2,True,True,True,True,True
13901,AKAP5,True,False,False,False,False
13902,NKPD1,True,False,False,False,False
13903,GIPC3,True,True,False,False,False
13904,RNF227,True,False,False,False,False
13905,CITED4,True,False,True,True,False
13906,ABCA13,True,False,False,False,False
13907,NLRP11,True,False,False,False,False
13908,TIGD5,True,True,True,True,True
13909,PDXDC1,False,True,True,True,True
13910,C1orf194,True,False,False,False,False
13911,ZNF154,True,False,False,False,False
13912,R3HDM2,True,True,True,True,True
13913,B3GNT3,True,False,False,True,False
13914,ITLN1,True,False,False,False,False
13915,NRXN1,True,False,False,False,False
13916,SEPHS2,True,True,True,True,True
13917,OR10A7,True,False,False,False,False
13918,GPBAR1,True,False,False,False,False
13919,ZNF784,True,False,False,False,False
13920,ZNF648,True,False,False,False,False
13921,C14orf119,True,True,True,True,True
13922,CCR8,True,False,False,False,False
13923,BBS10,True,False,False,False,False
13924,FIZ1,True,True,False,True,True
13925,PUF60,True,True,True,True,True
13926,SSC5D,True,False,False,False,False
13927,DCTPP1,True,True,True,True,True
13928,ZNF771,True,True,True,True,True
13929,TSHZ1,True,False,False,True,True
13930,PSTK,True,True,True,True,True
13931,SOCS4,True,True,True,True,True
13932,ZADH2,True,True,True,True,True
13933,OR1E1,True,False,False,False,False
13934,ZNF48,True,False,False,True,True
13935,AC087498.1,True,False,False,False,False
13936,FAM71E2,True,False,False,False,False
13937,C3orf80,True,False,False,False,False
13938,NKX2-6,True,False,False,False,False
13939,TMEM150B,True,False,False,False,False
13940,ANKRD18A,True,False,False,True,False
13941,WFDC11,True,False,False,False,False
13942,TMEM86B,True,False,False,True,False
13943,OR3A1,True,False,False,False,False
13944,SEPTIN1,True,False,True,True,True
13945,TRNAU1AP,True,True,True,True,True
13946,EXOC3,True,True,True,True,True
13947,TDRD6,True,False,False,False,False
13948,C12orf40,True,False,False,False,False
13949,CSNK1A1L,True,False,False,False,False
13950,LYNX1,True,False,False,False,False
13951,TH,True,False,False,False,False
13952,MED14,True,True,True,True,True
13953,FAHD1,True,True,True,True,True
13954,TDRP,True,False,False,True,False
13955,RCC1,True,True,True,True,True
13956,WFDC9,True,False,False,False,False
13957,MYLPF,True,False,False,False,False
13958,F2,True,False,False,True,False
13959,FAM71C,True,False,False,False,False
13960,PRKRA,True,True,True,True,True
13961,ZNRF2,True,False,False,True,True
13962,RRH,True,False,False,False,False
13963,SLC9A4,True,False,False,False,False
13964,ZNF816,True,False,False,False,False
13965,FGD6,True,True,True,True,True
13966,ADGRD2,True,False,False,False,False
13967,GPR139,True,False,False,False,False
13968,PLD5,True,False,False,False,False
13969,OAZ2,True,True,True,True,True
13970,WFDC10A,True,False,False,False,False
13971,PNPLA1,True,False,False,False,False
13972,ALX1,True,False,False,False,False
13973,CCDC43,True,True,True,True,True
13974,KCTD4,True,False,False,False,False
13975,MEIOC,True,False,False,False,False
13976,FZD2,True,True,True,False,False
13977,TIGD2,True,False,False,False,False
13978,ITPRID1,True,False,False,False,False
13979,HCLS1,True,False,False,False,True
13980,MTURN,True,False,True,True,True
13981,ZNF609,True,True,True,True,True
13982,PAK2,True,True,True,True,True
13983,CCDC66,True,True,True,True,True
13984,DEFB124,True,False,False,False,False
13985,KRTAP9-7,True,False,False,False,False
13986,MCFD2,True,True,True,True,True
13987,HARBI1,True,False,False,False,False
13988,DEFB123,True,False,False,False,False
13989,C11orf71,True,True,False,True,True
13990,CYP8B1,True,False,False,False,False
13991,OR6K6,True,False,False,False,False
13992,SERTM1,True,False,False,False,False
13993,GAS1,True,False,False,False,False
13994,ARHGAP45,True,False,False,False,True
13995,OR10Q1,True,False,False,False,False
13996,ZNF571,True,False,False,False,False
13997,GLIPR1L2,True,False,False,False,False
13998,DEFB119,True,False,False,False,False
13999,MIGA1,True,True,True,True,True
14000,NRIP1,True,True,True,True,False
14001,ZSCAN4,True,False,False,False,False
14002,BHLHA15,False,False,False,False,False
14003,RNF182,True,False,False,False,False
14004,TSPYL5,True,True,False,False,True
14005,FUT7,True,False,False,False,False
14006,HIST1H2AC,True,True,True,True,True
14007,SKIDA1,True,False,False,False,False
14008,MB21D2,True,False,False,False,False
14009,GSX2,True,False,False,False,False
14010,SSTR2,True,False,False,False,False
14011,ZNF594,True,False,False,False,True
14012,PCGF5,True,True,True,True,True
14013,SLC47A2,True,False,False,False,False
14014,PRF1,True,False,False,False,False
14015,OR2A4,True,False,False,False,False
14016,MAB21L1,True,False,True,False,False
14017,YOD1,True,True,False,True,True
14018,TMEM64,True,False,True,True,False
14019,C3orf22,True,False,False,False,False
14020,OR10K2,True,False,False,False,False
14021,SHISA2,True,False,True,False,True
14022,S1PR5,True,False,False,False,False
14023,CLRN3,True,False,False,False,False
14024,GPR157,True,False,False,True,False
14025,CHST13,True,False,False,True,False
14026,AGTR2,True,False,False,False,False
14027,SLC36A4,True,False,True,False,True
14028,ZDHHC20,True,True,True,True,True
14029,ANKRD30B,False,False,False,False,False
14030,OR51E1,True,False,False,False,False
14031,ZFP3,True,False,False,False,False
14032,ARSJ,True,False,True,False,False
14033,HOXC9,True,True,False,False,False
14034,MAP3K15,True,False,False,False,False
14035,PPA1,True,True,True,True,True
14036,HOXC10,True,True,False,False,False
14037,PSMG4,True,True,True,True,True
14038,BHLHE22,True,False,False,False,False
14039,MAP6D1,True,False,False,False,False
14040,ZNF443,False,False,False,False,False
14041,CXCR2,True,False,False,False,False
14042,DEFB112,True,False,False,False,False
14043,GREM2,True,False,False,False,False
14044,C11orf42,True,False,False,False,False
14045,SSR4,True,True,True,True,True
14046,CAPS2,True,False,False,False,False
14047,ZNF792,True,False,False,False,False
14048,CUEDC1,True,False,True,True,False
14049,SCRIB,True,True,True,True,True
14050,KCTD2,True,True,False,True,False
14051,D2HGDH,True,True,True,True,True
14052,OXTR,True,False,True,False,False
14053,CMTR2,True,True,True,True,True
14054,OR56B4,True,False,False,False,False
14055,FAM83H,True,False,False,True,False
14056,GPR62,True,False,False,False,False
14057,OR56A1,True,False,False,False,False
14058,ZNF572,True,False,False,False,False
14059,AC015871.1,True,False,True,True,True
14060,PITPNB,True,True,True,True,True
14061,TCEAL8,True,True,True,True,True
14062,OR52E4,True,False,False,False,False
14063,LRRC57,True,True,True,True,True
14064,OR52N2,True,False,False,False,False
14065,GPR137C,True,False,False,False,False
14066,C1orf105,True,False,False,False,False
14067,OR52N1,True,False,False,False,False
14068,BBS12,True,False,False,False,False
14069,ZFP82,True,False,False,False,True
14070,OR52N5,True,False,False,False,False
14071,LSMEM1,True,False,False,False,False
14072,NQO1,True,True,True,True,True
14073,OR56B1,True,False,False,False,False
14074,AEN,True,True,True,True,True
14075,FKRP,True,False,True,False,False
14076,TRAPPC5,True,True,True,True,True
14077,RPH3AL,True,False,False,True,False
14078,SLC25A42,True,False,False,True,True
14079,FCRL6,True,False,False,False,False
14080,METTL23,True,True,True,True,True
14081,SLC26A11,True,False,False,True,False
14082,HIGD1A,True,True,True,True,True
14083,CHRM2,True,False,False,False,False
14084,OR52N4,True,False,False,False,False
14085,MAPK15,True,False,False,False,False
14086,EHMT1,True,True,True,True,True
14087,ADIPOQ,True,False,False,False,False
14088,F2R,True,True,True,True,True
14089,ZNF707,True,False,False,False,False
14090,MUC16,True,False,False,False,False
14091,PJA1,True,False,False,False,False
14092,DHTKD1,True,True,True,True,True
14093,PENK,True,False,False,False,False
14094,C4orf50,True,False,False,False,False
14095,HIST3H2A,True,True,True,False,True
14096,ZNF746,False,True,True,True,True
14097,POLR2A,True,True,True,True,True
14098,TMEM132C,True,False,False,False,False
14099,SLC25A41,True,False,False,False,False
14100,TLCD5,True,False,True,True,True
14101,OR5AK2,True,False,False,False,False
14102,FRAT2,True,True,False,True,True
14103,TMEM102,True,False,False,False,False
14104,TMEM132E,True,False,False,False,False
14105,ZNF322,True,True,True,True,True
14106,NME9,True,False,False,False,False
14107,SPEM1,True,False,False,False,False
14108,HEPHL1,True,False,False,False,False
14109,LRRC75A,True,True,True,True,True
14110,OR5M8,True,False,False,False,False
14111,CCL13,True,False,False,False,False
14112,DDX60L,True,False,True,False,True
14113,SYNE4,True,False,False,True,False
14114,OGFOD3,True,True,True,True,True
14115,WASHC1,False,True,True,True,True
14116,AATK,True,False,False,True,False
14117,DDN,True,False,False,False,False
14118,SAGE1,True,False,False,False,False
14119,ZNF467,True,False,False,False,False
14120,SOX2,True,False,False,False,False
14121,ZNF678,True,True,False,False,True
14122,TMEM45A,True,False,True,True,False
14123,RAP2B,True,True,True,True,True
14124,ZBTB2,True,True,False,True,True
14125,RNF135,True,False,True,False,False
14126,OR6T1,True,False,False,False,False
14127,ACBD4,True,False,False,True,False
14128,OR8D4,True,False,False,False,False
14129,SGSH,True,False,False,True,False
14130,MAB21L2,True,False,True,False,False
14131,FANCB,True,True,True,False,True
14132,EDDM3B,True,False,False,False,False
14133,EDDM3A,True,False,False,False,False
14134,C6orf223,True,False,False,False,True
14135,TMIE,True,False,False,False,False
14136,MEX3D,True,True,True,True,True
14137,OR52D1,True,False,False,False,False
14138,OR52H1,True,False,False,False,False
14139,FDCSP,True,False,False,False,False
14140,GPR135,True,False,True,False,False
14141,ANKRD62,True,False,False,False,False
14142,P2RY13,True,False,False,False,False
14143,TNFSF15,True,False,False,False,False
14144,ZFP41,True,False,False,False,False
14145,PHLDA2,True,True,True,True,False
14146,ATG9B,True,False,False,False,False
14147,GPR88,True,False,False,False,False
14148,ZNF875,True,False,False,False,True
14149,PLAG1,True,False,False,False,False
14150,OR8H1,True,False,False,False,False
14151,OR5T1,True,False,False,False,False
14152,YIPF6,True,True,True,True,True
14153,OR5T2,True,False,False,False,False
14154,ZBTB20,True,False,True,True,False
14155,OR2Z1,True,False,False,False,False
14156,DIPK2A,True,True,True,True,True
14157,C5orf30,True,True,True,False,True
14158,OR8K5,True,False,False,False,False
14159,AMIGO1,True,False,False,False,False
14160,OR8H3,True,False,False,False,False
14161,OR8H2,True,False,False,False,False
14162,GPR3,True,False,False,False,False
14163,TMEM252,True,False,False,False,False
14164,ODF3L2,True,False,False,False,False
14165,OR5AS1,True,False,False,False,False
14166,ACTL9,True,False,False,False,False
14167,SIAH2,True,True,True,True,True
14168,COPG1,True,True,True,True,True
14169,ADGRB1,True,False,False,False,False
14170,OR6S1,True,False,False,False,False
14171,SLC9A9,True,False,False,False,False
14172,LSM10,True,True,True,True,True
14173,RELL1,True,True,True,True,False
14174,RFX7,True,True,True,True,True
14175,SLC35C1,True,False,True,True,False
14176,TIGIT,True,False,False,False,False
14177,RNF41,True,True,True,True,True
14178,SLC2A4,True,False,False,False,False
14179,FTMT,True,False,False,False,False
14180,IBA57,True,True,False,True,True
14181,CLDN7,True,False,False,False,False
14182,ZNF329,True,False,False,False,False
14183,ZNF101,True,False,False,True,True
14184,OR4C6,True,False,False,False,False
14185,C5orf24,True,True,True,True,True
14186,ADO,True,True,True,True,True
14187,COA4,True,True,True,True,True
14188,OR4P4,False,False,False,False,False
14189,PRKAG1,True,True,True,True,True
14190,GINS3,True,True,False,True,True
14191,OR4C15,True,False,False,False,False
14192,OR4A15,True,False,False,False,False
14193,OR4A16,True,False,False,False,False
14194,OR52K2,True,False,False,False,False
14195,NEUROG1,True,False,False,False,False
14196,CCDC149,True,False,True,False,False
14197,SNRPE,True,True,True,True,True
14198,RTKN2,True,True,True,True,True
14199,PNMA8A,True,True,False,False,False
14200,CHST15,True,False,False,True,False
14201,ADIG,True,False,False,False,False
14202,USH1G,True,False,False,False,False
14203,MGAT4C,True,False,False,False,False
14204,TRIM49B,True,False,False,False,False
14205,IDH2,True,True,True,True,True
14206,OR52A1,True,False,False,False,False
14207,OR6B2,True,False,False,False,False
14208,TMEM259,True,True,True,True,True
14209,GET1,True,True,True,True,True
14210,TNRC18,True,True,True,True,True
14211,FAM181B,True,False,False,False,False
14212,TMEM30B,True,False,False,False,False
14213,DEXI,True,True,True,True,True
14214,ZNF716,True,False,False,False,False
14215,NOP10,True,True,True,True,True
14216,FAM89A,True,True,False,False,True
14217,KCNIP1,True,False,False,False,False
14218,TDRKH,True,False,False,False,True
14219,ZNF708,True,True,True,False,True
14220,IST1,False,True,True,True,True
14221,ERCC6L2,True,True,True,True,True
14222,ENPP7,True,False,False,False,False
14223,CREB3L2,True,True,True,True,True
14224,P2RY8,True,False,False,False,True
14225,UNC5C,True,False,False,False,False
14226,MRGPRG,True,False,False,False,False
14227,TSEN54,True,True,True,True,True
14228,RGMA,True,False,False,False,False
14229,ASB18,True,False,False,False,False
14230,UBA7,True,False,False,False,False
14231,SHISAL2A,True,False,False,False,False
14232,RAD51B,True,False,False,False,True
14233,CRYGB,True,False,False,False,False
14234,LDOC1,True,False,True,False,False
14235,ARL6IP4,True,True,True,True,True
14236,EXT1,True,False,True,True,False
14237,SHMT2,True,True,True,True,True
14238,MOB2,True,True,True,True,True
14239,HHIPL1,True,False,False,False,False
14240,ATP6AP2,True,True,True,True,True
14241,ZAR1,True,False,False,False,False
14242,CYB5D1,True,False,False,True,True
14243,FAM153B,False,False,False,False,False
14244,BACE2,True,False,True,False,False
14245,UBE2E2,True,False,True,False,True
14246,SYNM,True,False,True,False,False
14247,KCNA4,True,False,False,False,False
14248,GABRG3,True,False,False,False,False
14249,NLRP10,True,False,False,False,False
14250,FIGN,True,False,True,True,False
14251,IZUMO1,True,False,False,False,False
14252,TMIGD1,True,False,False,False,False
14253,B4GALNT4,True,False,False,True,False
14254,AP1S2,True,True,True,True,True
14255,C8orf33,True,True,True,True,True
14256,DCAF4L1,True,False,False,False,False
14257,SPACA6,True,False,False,False,False
14258,ZSCAN22,True,False,False,False,False
14259,KCNJ14,True,False,False,False,False
14260,FBXL6,True,True,True,True,True
14261,C1S,True,False,False,False,False
14262,GLTPD2,True,False,False,True,False
14263,KIAA2012,True,False,False,False,False
14264,PRAMEF8,False,False,False,False,False
14265,LIPF,True,False,False,False,False
14266,DAOA,True,False,False,False,False
14267,ZNF804B,True,False,False,False,False
14268,KBTBD3,True,False,False,False,False
14269,YBEY,True,True,True,True,True
14270,CLN8,True,True,True,True,True
14271,PLCXD1,True,True,True,True,True
14272,NXPH4,True,False,False,False,False
14273,CACNB4,True,False,False,True,False
14274,IFNL1,True,False,False,False,False
14275,TRAPPC6B,True,True,True,True,True
14276,PGBD4,True,False,False,False,True
14277,CDY2A,False,False,False,False,False
14278,NPLOC4,True,True,True,True,True
14279,OTOL1,True,False,False,False,False
14280,KCNK4,True,False,False,False,False
14281,TEX19,True,False,False,False,False
14282,TSHZ2,True,False,False,False,False
14283,CAPN12,True,False,False,False,False
14284,EXOC7,True,True,True,True,True
14285,KPNA2,True,True,True,True,True
14286,XKRX,True,False,False,False,False
14287,BGN,True,False,False,False,False
14288,CEP97,True,True,True,False,True
14289,LHFPL1,True,False,False,False,False
14290,FES,True,True,False,True,True
14291,GLRX5,True,True,True,True,True
14292,FAM104B,True,True,True,True,True
14293,TBPL2,True,False,False,False,False
14294,MXRA7,True,True,True,True,True
14295,LIMK2,True,True,True,True,True
14296,MFSD5,True,True,True,True,True
14297,RNASE10,True,False,False,False,False
14298,ADI1,True,True,True,True,True
14299,RWDD4,True,True,True,True,True
14300,SPNS3,True,False,False,False,True
14301,CLEC4G,True,False,False,False,False
14302,SATB1,True,False,False,False,True
14303,NXPH3,True,False,False,False,False
14304,CSF1R,True,False,False,False,False
14305,EPHB3,True,False,False,False,False
14306,VCX,False,False,False,False,False
14307,ACTL10,True,False,False,False,False
14308,EPGN,True,False,False,False,False
14309,KRTAP11-1,True,False,False,False,False
14310,SNORC,True,False,False,True,False
14311,HS3ST4,True,False,False,False,False
14312,TRAK1,True,True,True,True,True
14313,TSPAN10,True,False,True,False,False
14314,OR2V2,True,False,False,False,False
14315,PLCB1,True,True,True,True,True
14316,SKA2,True,True,True,True,True
14317,RXFP3,True,False,False,False,False
14318,OR10G7,True,False,False,False,False
14319,NDN,True,False,False,False,True
14320,CCDC172,True,False,False,False,False
14321,OR4Q3,True,False,False,False,False
14322,NTM,True,False,True,False,False
14323,TTC3,True,True,True,True,True
14324,KCNB2,True,False,False,False,False
14325,PPP1R27,True,False,False,False,False
14326,BRICD5,True,False,False,False,False
14327,GALR2,True,False,False,False,False
14328,RESP18,True,False,False,False,False
14329,IGIP,True,False,False,False,False
14330,TSKU,True,False,True,True,False
14331,CMC4,True,True,True,True,True
14332,ANXA2,True,True,True,True,True
14333,RGS6,True,False,False,False,False
14334,HOXB4,True,True,False,False,True
14335,SLC35D3,True,False,False,False,False
14336,PAQR7,True,False,False,True,False
14337,PAPPA,True,False,True,False,False
14338,MAFA,True,False,False,False,False
14339,NGRN,True,True,True,True,True
14340,GRID1,True,False,False,False,False
14341,HCAR2,False,False,False,False,False
14342,CCDC87,True,False,False,False,False
14343,GSTA5,True,False,False,False,False
14344,C1orf116,True,False,False,False,False
14345,MAGEB17,True,False,False,False,False
14346,CRIP2,True,False,True,True,False
14347,DDX28,True,True,True,True,True
14348,KRTAP13-2,True,False,False,False,False
14349,ACBD3,True,True,True,True,True
14350,C16orf72,True,True,True,True,True
14351,PLCXD3,True,False,False,False,False
14352,VMO1,True,False,False,False,False
14353,OR4F15,True,False,False,False,False
14354,ALG12,True,True,True,True,True
14355,LCK,True,False,False,True,True
14356,GALNT9,True,False,False,False,False
14357,COL18A1,True,True,False,True,False
14358,RBM10,True,True,True,True,True
14359,ADGRG3,True,False,False,False,False
14360,GLUD2,False,False,False,False,False
14361,TMEM95,True,False,False,False,False
14362,TCHHL1,True,False,False,False,False
14363,RGS7,True,False,False,False,False
14364,SLC25A18,True,False,False,False,False
14365,ZNF721,True,True,True,True,True
14366,TCEAL7,True,False,False,False,False
14367,C11orf54,True,True,True,True,True
14368,CEP63,True,True,True,True,True
14369,WFDC10B,True,False,False,False,False
14370,SRPRA,True,True,True,True,True
14371,OTOP3,True,False,False,False,False
14372,EWSR1,True,True,True,True,True
14373,ODF3L1,True,False,False,False,False
14374,HMGN4,True,True,True,True,True
14375,SPATA13,True,False,False,True,True
14376,GJC1,True,True,True,False,True
14377,SOX1,True,True,False,False,False
14378,CNOT10,True,True,True,True,True
14379,AC135068.1,False,False,False,False,False
14380,MTA1,True,True,True,True,True
14381,ZNF662,True,False,False,False,False
14382,CADM1,True,False,False,True,False
14383,ZNF320,True,False,False,False,False
14384,C12orf60,True,False,False,False,False
14385,PYCR1,True,True,True,True,True
14386,NAA38,True,True,True,True,True
14387,SPNS2,True,False,False,False,False
14388,MCEMP1,True,False,False,False,False
14389,AP2A2,True,True,True,True,True
14390,SLC8A1,True,False,True,False,False
14391,OR1G1,True,False,False,False,False
14392,SLC25A21,True,True,False,False,False
14393,OTOP2,True,False,False,False,False
14394,CYLC1,True,False,False,False,False
14395,PCP4,True,False,False,False,False
14396,ABAT,True,False,False,True,False
14397,SLC25A10,True,True,True,True,True
14398,CAMK1D,True,False,True,False,True
14399,LYSMD4,True,False,False,False,False
14400,WBP2NL,True,False,False,False,False
14401,IGSF5,True,False,False,False,False
14402,NKX2-5,True,False,True,False,False
14403,GAS6,True,True,True,False,False
14404,FREM3,True,False,False,False,False
14405,NEB,True,False,False,False,False
14406,BEGAIN,True,False,False,False,False
14407,GPC6,True,False,True,True,False
14408,ARHGEF37,True,False,False,False,False
14409,FAM43B,True,False,False,False,False
14410,CSMD1,True,False,False,False,False
14411,CALHM3,True,False,False,False,False
14412,PTGDR2,True,False,False,False,False
14413,CEP57L1,False,True,True,True,True
14414,RIPPLY3,True,False,False,False,False
14415,GPR19,True,False,False,False,False
14416,GJD3,True,False,False,False,False
14417,RABIF,True,True,True,True,True
14418,TMEM119,True,False,False,False,False
14419,FANCF,True,True,False,True,True
14420,CALN1,True,False,False,False,False
14421,SMDT1,True,True,True,True,True
14422,GABRR3,True,False,False,False,False
14423,C2CD4C,True,False,False,False,False
14424,CHST6,True,False,False,False,False
14425,POTEC,False,False,False,False,False
14426,RUVBL2,True,True,True,True,True
14427,GDPGP1,True,False,False,False,False
14428,CTNNA3,True,False,False,False,False
14429,PRR36,True,False,False,False,True
14430,PTTG1IP,True,True,True,True,True
14431,DDX41,True,True,True,True,True
14432,ABHD16B,True,False,False,False,False
14433,OR52E8,True,False,False,False,False
14434,CCDC60,True,False,False,False,False
14435,PLGLB1,False,False,False,False,False
14436,DAZAP2,True,True,True,True,True
14437,CCBE1,True,False,True,False,False
14438,SELENOF,True,True,True,True,True
14439,OR5P2,True,False,False,False,False
14440,FAM9A,True,False,False,False,False
14441,TMEM121B,True,False,False,False,False
14442,ZNF623,True,False,False,False,True
14443,OR2T34,True,False,False,False,False
14444,OR52L1,True,False,False,False,False
14445,EPHA10,True,False,False,False,False
14446,SPDYE4,True,False,False,False,False
14447,CCDC125,True,True,True,True,True
14448,REC114,True,False,False,False,False
14449,BCOR,True,True,True,True,True
14450,JRKL,True,False,True,True,True
14451,CABCOCO1,True,False,False,False,True
14452,GBP6,True,False,False,False,False
14453,KIAA2026,True,False,True,True,True
14454,OVCH2,True,False,False,False,False
14455,SYNDIG1L,True,False,False,False,False
14456,FHL3,True,True,True,True,True
14457,OR56A4,True,False,False,False,False
14458,PMCH,True,False,False,False,False
14459,TMEM89,True,False,False,False,False
14460,C19orf71,True,False,False,False,False
14461,CCDC159,True,False,False,False,True
14462,RIPK4,True,False,False,False,False
14463,LRIT3,True,False,False,False,False
14464,SF3A3,True,True,True,True,True
14465,TFDP3,True,False,False,False,False
14466,TRIM61,True,False,False,False,False
14467,GRIN2A,True,False,False,False,False
14468,URAD,True,False,False,False,False
14469,GTF2H2C,True,True,False,True,True
14470,ASB7,True,False,False,True,True
14471,SH2D7,True,False,False,False,False
14472,TREX2,True,False,False,False,False
14473,GPR132,True,False,False,False,False
14474,MX2,True,False,False,True,False
14475,EP400,True,True,True,True,True
14476,MEX3B,True,True,False,False,False
14477,TENT5C,True,False,False,False,True
14478,COA5,True,True,True,True,True
14479,UTP11,True,True,True,True,True
14480,PSMG1,True,True,True,True,True
14481,PRR14L,True,True,True,True,True
14482,KLRC4,True,False,False,False,False
14483,ACSM5,True,False,False,False,False
14484,C10orf120,True,False,False,False,False
14485,IZUMO1R,True,False,False,False,False
14486,SERHL2,True,False,False,False,False
14487,PCBP3,True,False,False,False,False
14488,PGPEP1L,True,False,False,False,False
14489,SETD3,True,True,True,True,True
14490,TNFAIP8L3,True,False,False,False,False
14491,ZNRF3,True,False,False,True,False
14492,FBXL7,True,False,False,False,False
14493,TANGO2,True,True,True,True,True
14494,SFXN4,True,True,True,True,True
14495,GKN2,True,False,False,False,False
14496,FAM167B,True,False,False,False,False
14497,ZNF438,True,False,False,False,True
14498,HMCES,True,True,True,True,True
14499,CCR3,True,False,False,False,False
14500,DGCR6,False,False,False,False,False
14501,PRR32,True,False,False,False,False
14502,RP1L1,True,False,False,False,False
14503,KRTAP8-1,True,False,False,False,False
14504,C11orf88,True,False,False,False,False
14505,ZNF530,True,False,False,False,True
14506,NDUFB1,True,True,True,True,True
14507,MARCH11,True,False,False,False,False
14508,KLHL25,True,False,False,False,False
14509,TAFA1,True,False,False,False,False
14510,TRMT12,True,True,False,False,True
14511,PSG9,True,False,False,False,False
14512,GPR1,True,False,True,False,False
14513,BMP8A,True,False,False,False,False
14514,ALYREF,True,True,True,True,True
14515,RFLNB,True,True,True,True,True
14516,EFHC2,True,True,False,False,False
14517,NOG,True,False,False,False,False
14518,MRGPRX2,True,False,False,False,False
14519,UPP1,True,False,True,True,False
14520,OR4N4,False,False,False,False,False
14521,IFNL2,True,False,False,False,False
14522,OPCML,True,False,False,False,False
14523,TRIM52,True,True,True,True,True
14524,LHFPL6,True,False,True,False,False
14525,CMTM4,True,True,True,True,False
14526,TMEM50A,True,True,True,True,True
14527,NPBWR1,True,False,False,False,False
14528,FIGLA,True,False,False,False,False
14529,ASCL2,True,True,False,False,False
14530,TBK1,True,True,True,True,True
14531,CBX6,True,True,True,True,True
14532,MACC1,True,False,False,False,False
14533,ACSM2A,True,False,False,False,False
14534,TBL3,True,True,True,True,True
14535,ACP7,True,False,False,False,False
14536,KREMEN1,True,False,False,True,True
14537,TRAIP,True,True,False,True,True
14538,CHEK2,True,True,False,True,True
14539,FOXL2,True,True,False,False,False
14540,AIFM3,True,False,False,True,False
14541,KCTD16,True,False,False,False,False
14542,B3GALT5,True,False,False,False,False
14543,ZNF703,True,False,True,True,False
14544,SLC35F3,True,False,False,False,False
14545,KCTD8,True,False,False,False,False
14546,DOCK8-AS1,True,False,False,False,False
14547,ELOA3,True,False,False,False,False
14548,EMILIN3,True,False,False,False,False
14549,OLFML1,True,False,False,False,False
14550,FAM162B,True,False,False,False,False
14551,RBM12B,True,True,True,True,True
14552,CCR4,True,False,False,False,False
14553,LIN9,True,True,True,True,True
14554,BTBD9,True,False,False,False,False
14555,NUDT14,True,True,True,True,True
14556,ANKRD45,True,False,False,False,False
14557,MAATS1,True,False,False,False,False
14558,PNMA3,True,False,False,False,False
14559,GPR39,True,False,False,False,False
14560,FAM3B,True,False,False,True,False
14561,ZNF730,True,False,False,False,False
14562,KIRREL1,True,False,True,False,True
14563,IQGAP3,True,False,True,False,False
14564,CNGA2,True,False,False,False,False
14565,TOB2,True,True,True,True,True
14566,SCN5A,True,False,False,False,False
14567,ARSI,True,False,False,True,False
14568,UTY,True,False,False,False,True
14569,SRARP,True,False,False,True,False
14570,TTC32,True,True,True,True,True
14571,LRRC55,True,False,False,False,False
14572,SH2D1A,True,False,False,False,True
14573,PRKX,True,True,True,False,True
14574,KMT5A,True,True,True,True,True
14575,KCNH8,True,False,False,False,False
14576,SMTN,True,True,True,True,False
14577,NPW,True,True,False,True,False
14578,PP2D1,True,False,False,False,False
14579,COA3,True,True,True,True,True
14580,NPB,True,False,False,False,False
14581,ST6GALNAC3,True,False,False,False,False
14582,ACTG1,True,True,True,True,True
14583,TMPRSS2,True,False,False,False,False
14584,DENND5A,True,True,True,True,True
14585,OR2T10,True,False,False,False,False
14586,KRTAP20-2,True,False,False,False,False
14587,VPS33B,True,False,False,False,False
14588,TBX1,True,True,False,False,False
14589,ADAP2,True,False,False,False,False
14590,UQCR10,True,True,True,True,True
14591,FAM120C,True,False,True,True,True
14592,TRIML1,True,False,False,False,False
14593,CLDN5,True,False,False,False,False
14594,NIPSNAP1,True,True,True,True,True
14595,OR4F6,True,False,False,False,False
14596,CNTN2,True,False,False,False,False
14597,SPRR4,True,False,False,False,False
14598,LRTOMT,False,False,False,False,False
14599,OR10J5,True,False,False,False,False
14600,KCNQ3,True,False,False,False,False
14601,ADRA2C,True,False,False,False,False
14602,NR2C2AP,True,True,True,True,True
14603,C1QTNF12,True,False,False,False,False
14604,CRELD2,True,True,True,True,True
14605,OR1D2,True,False,False,False,False
14606,SCFD2,True,True,True,False,True
14607,UBE2F,True,True,True,True,True
14608,KCNJ12,False,False,False,False,False
14609,GPR173,True,False,False,False,False
14610,PPP1R2,False,True,True,True,True
14611,TSPYL2,True,False,True,True,True
14612,GOLGA6L4,False,False,False,False,False
14613,PGP,True,True,True,True,True
14614,SNRNP35,True,True,True,True,True
14615,DGAT2L6,True,False,False,False,False
14616,IRAK1,True,True,True,True,True
14617,CMSS1,True,True,True,True,True
14618,OLIG1,True,False,False,False,False
14619,PCDH9,True,False,True,False,True
14620,ACOT1,True,False,False,False,False
14621,OAF,True,False,True,True,True
14622,ALDH1A3,True,False,True,False,False
14623,CDR1,True,False,False,False,False
14624,KCNK12,True,False,False,False,False
14625,POU6F1,True,False,False,False,False
14626,DEFB108B,True,False,False,False,False
14627,TM2D3,True,True,True,True,True
14628,TSSC4,True,True,True,True,True
14629,TACSTD2,True,False,False,False,False
14630,CLECL1,True,False,False,False,False
14631,SIX6,True,False,False,False,True
14632,PRKD1,True,False,False,False,False
14633,CCSER1,True,False,False,False,False
14634,ZDHHC23,True,False,False,True,True
14635,MROH7,True,False,False,False,False
14636,S100A7A,False,False,False,False,False
14637,SRPK3,True,False,False,False,False
14638,GDF3,True,False,False,False,False
14639,IQCF2,True,False,False,False,False
14640,SLIT3,True,False,True,False,False
14641,EFNA5,True,False,False,False,False
14642,MRGPRE,True,False,False,False,False
14643,KRTAP19-1,True,False,False,False,False
14644,HIST1H1B,True,True,True,True,True
14645,SPATA32,True,False,False,False,False
14646,PKP3,True,True,False,True,False
14647,MAP7D2,True,False,False,True,False
14648,CSF1,True,False,True,False,False
14649,COLEC10,True,False,False,False,False
14650,ACTRT3,True,False,False,False,False
14651,PLA2G6,True,False,False,False,False
14652,MAML2,True,False,True,True,False
14653,PABPC1L2B,False,False,False,False,False
14654,A3GALT2,True,False,False,False,False
14655,OR4N5,True,False,False,False,False
14656,SS18L1,True,True,False,True,True
14657,KCND2,True,False,False,False,False
14658,TOP1MT,True,True,False,True,True
14659,COPB2,True,True,True,True,True
14660,LRRC19,True,False,False,False,False
14661,THAP7,True,True,True,True,True
14662,KNTC1,True,True,True,True,True
14663,CCR10,True,True,False,False,False
14664,NCMAP,True,False,False,False,False
14665,BPIFC,True,False,False,False,False
14666,WDR27,True,True,False,True,False
14667,TXNRD2,True,True,True,True,True
14668,C1QTNF8,True,False,False,False,False
14669,OR56A3,True,False,False,False,False
14670,FOXO4,True,False,False,False,False
14671,POU3F2,True,False,False,False,True
14672,PTP4A3,True,True,False,False,False
14673,FOXD4L1,False,False,False,False,False
14674,TMEM255B,True,False,True,False,False
14675,PROS1,True,True,True,True,False
14676,GAST,True,False,False,False,False
14677,NUTM1,True,False,False,False,False
14678,HDDC3,True,True,True,True,True
14679,BEX5,True,False,False,False,True
14680,ZFP1,True,False,False,False,True
14681,CEND1,True,False,False,False,False
14682,C6orf58,True,False,False,False,False
14683,DHRS7C,True,False,False,False,False
14684,DUSP8,True,False,False,True,False
14685,SOCS3,True,False,False,False,False
14686,SPEM2,True,False,False,False,False
14687,SLITRK6,True,False,False,False,False
14688,PIWIL3,True,False,False,False,False
14689,LPAR5,True,False,False,False,False
14690,XPOT,True,True,True,True,True
14691,TMEM173,True,True,True,False,True
14692,PDE4B,True,False,False,False,False
14693,TAFA3,True,False,False,False,False
14694,C14orf180,True,False,False,False,False
14695,SNN,True,False,False,False,True
14696,KCNH7,True,False,False,False,False
14697,NELL2,True,False,False,False,False
14698,KRBA2,True,False,False,False,False
14699,MED12,True,True,False,True,True
14700,ZNF93,True,False,False,False,False
14701,SEPTIN9,True,True,True,True,True
14702,PRSS55,True,False,False,False,False
14703,ODF4,True,False,False,False,False
14704,FOXD4L4,False,False,False,False,False
14705,CDCA2,True,True,True,True,True
14706,RALYL,True,False,False,False,False
14707,AMER1,True,False,False,False,False
14708,ZBTB40,True,True,True,True,True
14709,HIST2H2BE,True,False,False,False,False
14710,CLDN6,True,True,False,True,False
14711,SEPTIN5,True,True,False,False,False
14712,EIF4ENIF1,True,True,True,True,True
14713,LRRC26,True,False,False,False,False
14714,SERINC4,True,False,False,False,False
14715,RNLS,True,False,False,False,False
14716,KRTAP6-1,True,False,False,False,False
14717,APOBR,True,True,False,False,False
14718,FAM110C,True,False,False,True,True
14719,DDX53,True,False,False,False,False
14720,ATL3,True,True,True,False,True
14721,NDUFA12,True,True,True,True,True
14722,SMIM10,True,True,True,False,False
14723,TCTE3,True,False,False,False,False
14724,UBE2G2,True,True,True,True,True
14725,OSBP2,True,False,False,False,False
14726,TRARG1,True,False,False,False,False
14727,PRR23B,True,False,False,False,False
14728,ZBTB7C,True,False,False,False,False
14729,APOO,True,True,True,True,True
14730,PRR16,True,False,True,False,False
14731,TMED9,True,True,True,True,True
14732,DRD1,True,False,False,False,False
14733,TMEM186,True,True,True,True,True
14734,SDR42E1,True,False,False,False,False
14735,RBM33,True,True,True,True,True
14736,ARMCX2,True,False,True,False,False
14737,BTBD6,True,False,True,False,True
14738,SRY,True,False,False,False,False
14739,H1FX,True,True,True,True,True
14740,RBM43,True,True,False,False,False
14741,SUMO3,True,True,True,True,True
14742,IMMP2L,True,True,True,True,True
14743,TCEAL2,True,False,False,False,False
14744,CLCNKB,True,False,False,False,False
14745,JAG2,True,True,False,False,False
14746,FMNL1,True,True,False,False,True
14747,NUTM2A,True,False,False,False,False
14748,PTRHD1,True,True,True,True,True
14749,LCN12,True,False,False,False,False
14750,OR6A2,True,False,False,False,False
14751,WT1,True,True,False,True,False
14752,ZFP90,True,False,True,True,True
14753,AQP12A,True,False,False,False,False
14754,FAM227A,True,False,False,False,True
14755,OR6C70,True,False,False,False,False
14756,MUC6,True,False,False,False,False
14757,NOC4L,True,True,True,True,True
14758,USP18,True,False,False,True,True
14759,NDUFA6,True,True,True,True,True
14760,CHRM5,True,False,False,False,False
14761,SORCS2,True,False,False,False,False
14762,TMEM121,True,False,False,True,False
14763,TMEM106A,True,False,False,True,True
14764,SIVA1,True,True,True,True,True
14765,BRI3BP,True,True,True,True,True
14766,IFNE,True,False,False,False,False
14767,SLC22A10,True,False,False,False,False
14768,DGAT1,True,True,True,True,True
14769,RFX6,True,False,False,False,False
14770,ROBO2,True,False,False,False,False
14771,AP3M1,True,True,True,True,True
14772,F8,True,False,False,False,False
14773,NT5C1B,True,False,False,False,False
14774,CA13,True,False,False,False,False
14775,UBOX5,True,False,False,True,False
14776,MAFF,True,False,True,True,False
14777,BRF1,True,False,True,True,True
14778,LRRC14B,True,False,False,False,False
14779,SEMA4B,True,False,True,False,False
14780,MROH2A,True,False,False,False,False
14781,SPDYE16,False,False,False,False,False
14782,CIB1,True,True,True,True,True
14783,ANKS1B,True,False,False,False,False
14784,NELFA,True,True,True,True,True
14785,SLC24A3,True,False,False,False,False
14786,SGCZ,True,False,False,False,False
14787,EFCAB10,True,False,False,False,False
14788,C5orf47,True,False,False,False,False
14789,KRT76,True,False,False,False,False
14790,FLRT2,True,False,False,False,False
14791,INTS5,True,True,True,True,True
14792,MANEAL,True,True,True,True,False
14793,ADSSL1,True,False,False,True,False
14794,ANO9,True,False,False,True,False
14795,FAF1,True,True,True,True,True
14796,MYADML2,True,False,False,False,False
14797,FAM43A,True,False,False,False,False
14798,NSMCE3,True,True,True,True,True
14799,HSF1,True,True,True,True,True
14800,C6orf120,True,True,True,True,True
14801,PURA,True,True,True,True,True
14802,INPP5J,True,False,False,False,False
14803,NPY2R,True,False,False,False,False
14804,MIXL1,True,False,False,True,False
14805,MFSD6L,True,False,False,False,False
14806,LRRC37B,True,False,False,False,True
14807,DDX51,True,True,True,True,True
14808,AQP12B,False,False,False,False,False
14809,ZNF479,False,False,False,False,False
14810,SIGIRR,True,True,True,False,True
14811,NRBP2,True,False,True,False,False
14812,PRSS57,True,True,False,False,False
14813,IFITM2,True,True,True,True,True
14814,TNFAIP2,True,True,False,False,False
14815,ZNF445,True,True,True,True,True
14816,PGBD2,True,True,False,False,False
14817,TCEAL9,True,True,True,True,True
14818,MC2R,True,False,False,False,False
14819,RAB11B,True,True,True,True,True
14820,PRMT3,True,True,True,True,True
14821,PRPF39,True,True,True,True,True
14822,MAGEA11,True,False,False,False,False
14823,PPIL6,True,False,False,False,False
14824,ZNF74,True,True,False,False,True
14825,KIAA0825,True,False,False,False,False
14826,UBALD2,True,True,True,True,True
14827,TEX33,True,False,False,False,False
14828,CDNF,True,False,False,False,False
14829,NOTUM,True,True,False,True,False
14830,KLHL33,True,False,False,False,False
14831,RBM11,True,False,False,False,False
14832,GALNT17,True,False,False,False,False
14833,ZBTB37,True,True,True,True,True
14834,NUPR2,True,False,False,False,False
14835,IL3RA,True,False,False,False,False
14836,SPPL2C,True,False,False,False,False
14837,CCDC137,True,True,True,True,True
14838,SFTPA2,False,False,False,False,False
14839,RGPD2,False,False,False,False,False
14840,ARL15,True,True,False,True,False
14841,C12orf56,True,False,False,False,False
14842,SCN10A,True,False,False,False,False
14843,SOCS1,True,True,False,False,False
14844,TCN2,True,False,False,False,False
14845,GAS2L1,True,True,True,True,True
14846,ATP6V0A2,True,True,True,True,True
14847,PRKN,True,False,False,False,False
14848,TEDC1,True,True,True,True,True
14849,HS6ST3,True,False,False,False,False
14850,HGS,True,True,True,True,True
14851,TNFAIP8L1,True,True,True,True,True
14852,OR2V1,True,False,False,False,False
14853,RAD51D,True,True,True,True,True
14854,OR7A17,True,False,False,False,False
14855,MAPK11,True,False,False,False,False
14856,SP140L,True,False,True,False,True
14857,TARSL2,True,True,True,True,True
14858,SMYD3,True,True,True,True,True
14859,METTL7A,True,False,False,True,False
14860,IFNLR1,True,False,False,False,False
14861,SH3BGR,True,False,False,False,False
14862,FAM174B,True,False,False,False,False
14863,FAM47A,True,False,False,False,False
14864,ZSWIM9,True,False,False,False,False
14865,KPNA7,True,False,False,False,False
14866,TMEM179B,True,True,True,True,True
14867,GPRIN3,True,False,False,False,False
14868,KRT6B,True,False,False,False,False
14869,PARPBP,True,True,True,True,True
14870,STAC3,True,True,False,False,False
14871,ROR1,True,False,True,False,False
14872,MUC1,True,False,False,False,False
14873,FAAP100,True,True,True,True,True
14874,IRF7,True,False,False,False,False
14875,L3MBTL1,True,False,False,True,False
14876,BRCC3,True,True,True,True,True
14877,SV2B,True,False,False,False,False
14878,FAM131C,True,False,False,False,False
14879,LMNTD2,True,False,False,True,False
14880,SPATA45,True,False,False,False,False
14881,PDE6G,True,False,False,False,False
14882,PRKG1,True,False,False,False,False
14883,NR2F2,True,True,True,True,False
14884,DLK1,True,False,False,True,False
14885,TLCD2,True,False,False,False,False
14886,LSAMP,True,False,False,False,True
14887,AHNAK2,True,False,True,False,False
14888,OLFML2A,True,False,False,False,False
14889,SP1,True,True,True,True,True
14890,SPATA8,True,False,False,False,False
14891,DBX2,True,False,False,False,False
14892,INKA1,True,False,False,False,False
14893,PDIA2,True,False,False,False,False
14894,PCGF3,True,True,True,True,True
14895,LMLN,True,False,True,False,True
14896,P4HB,True,True,True,True,True
14897,PSMD13,True,True,True,True,True
14898,PBX1,True,False,True,False,False
14899,NDUFA4L2,True,False,False,False,False
14900,SHC4,True,False,False,False,False
14901,KRT79,True,False,False,False,False
14902,ZFP36L1,True,True,True,True,True
14903,UBE2L3,True,True,True,True,True
14904,NTF3,True,False,False,False,False
14905,BRWD1,True,True,True,True,True
14906,SMIM23,True,False,False,False,False
14907,PMEL,True,False,False,False,False
14908,SYN3,True,False,False,False,False
14909,POU3F1,True,False,False,False,False
14910,SNAI3,True,False,False,False,False
14911,ZBTB3,True,False,False,False,False
14912,MORN5,True,False,False,False,False
14913,PRAME,True,True,False,False,True
14914,C6orf201,True,False,False,False,False
14915,MYBL1,True,False,True,False,True
14916,MOSMO,True,True,True,True,True
14917,DRG1,False,True,True,True,True
14918,ANKFY1,True,True,True,True,True
14919,YTHDF3,True,True,True,True,True
14920,ZNF696,True,True,False,False,True
14921,ADARB2,True,False,False,False,False
14922,NRG3,True,False,False,False,False
14923,SRL,True,False,False,False,False
14924,C11orf87,True,False,False,False,False
14925,IFIT1,True,False,False,False,False
14926,CXorf38,True,True,True,True,True
14927,CLDN24,True,False,False,False,False
14928,KCNQ5,True,True,False,False,False
14929,ADAMTSL5,True,False,False,False,False
14930,SPATA31A6,True,False,False,False,False
14931,MORF4L1,True,True,True,True,True
14932,NLRP9,True,False,False,False,False
14933,WDR53,True,False,False,False,True
14934,DMWD,True,True,True,True,True
14935,SLC52A2,True,True,True,True,True
14936,PIGP,True,True,True,True,True
14937,IKZF1,True,True,False,False,True
14938,PCYT2,True,True,True,True,True
14939,NAT8L,True,True,False,False,True
14940,OR6C76,True,False,False,False,False
14941,NPAP1,True,False,False,False,False
14942,BCAP31,True,True,True,True,True
14943,ARL17A,False,True,True,True,True
14944,GNB1L,True,True,False,True,True
14945,DNAH14,True,True,True,True,True
14946,CCDC190,True,False,False,False,False
14947,EVI2B,True,False,False,False,True
14948,TMEM210,True,False,False,False,False
14949,ZNF829,True,False,False,False,False
14950,TMPRSS11B,True,False,False,False,False
14951,THNSL1,True,False,False,True,True
14952,TRIM69,True,False,False,False,True
14953,ATP6V0C,True,True,True,True,True
14954,IFITM1,True,True,False,False,False
14955,PRSS38,True,False,False,False,False
14956,LAMP1,True,True,True,True,True
14957,FFAR3,True,False,False,False,False
14958,C16orf54,True,False,False,False,True
14959,KLHDC8B,True,True,False,True,False
14960,KLHL34,True,False,False,False,False
14961,SETD4,True,True,True,True,True
14962,PTCH1,True,False,False,False,False
14963,RTN4RL1,True,False,False,False,False
14964,OR4C46,True,False,False,False,False
14965,CALHM1,True,False,False,False,False
14966,KRTAP5-5,True,False,False,False,False
14967,NKAIN3,True,False,False,False,False
14968,RNPC3,True,True,True,True,True
14969,ZNF267,True,True,True,True,True
14970,IRS2,True,False,True,False,False
14971,C7orf61,True,False,False,False,False
14972,FAM186A,True,False,False,False,False
14973,SHOX,True,False,False,False,False
14974,LCE3A,True,False,False,False,False
14975,BICD2,True,True,True,True,True
14976,LCE3E,True,False,False,False,False
14977,CCIN,True,False,False,False,False
14978,TMLHE,True,True,False,True,True
14979,GRK1,True,False,False,False,False
14980,DEFB128,True,False,False,False,False
14981,SLITRK2,True,False,False,False,False
14982,PLK5,True,False,False,False,False
14983,RASA3,True,True,True,False,True
14984,LRCH3,True,True,True,True,True
14985,LEMD1,True,False,False,False,False
14986,ATP4B,True,False,False,False,False
14987,NDUFA13,True,True,True,True,True
14988,ZNF566,True,True,False,True,True
14989,ZNF529,True,True,False,False,True
14990,ZNF284,True,False,False,False,False
14991,HTR3E,True,False,False,False,False
14992,DLEU7,True,False,False,False,False
14993,KRT73,True,False,False,False,False
14994,TAL2,True,False,False,False,False
14995,AIDA,True,True,True,True,True
14996,C15orf41,True,True,False,True,True
14997,CD300LF,True,False,False,False,False
14998,ZPBP2,True,False,False,False,False
14999,KRT5,True,False,False,False,False
15000,GSAP,True,False,False,True,False
15001,HTR3D,True,False,False,False,False
15002,OR4F5,False,False,False,False,False
15003,AGBL4,True,False,False,False,False
15004,ARGFX,True,False,False,False,False
15005,CYP2R1,True,False,False,False,True
15006,LRRC70,False,False,False,False,False
15007,ANKRD46,True,True,False,True,True
15008,PIP5K1C,True,True,True,True,True
15009,OR5D14,True,False,False,False,False
15010,CYP4F2,True,False,False,False,False
15011,TEX38,True,False,False,False,False
15012,OR5D18,True,False,False,False,False
15013,ZBTB6,True,False,False,False,True
15014,C2orf76,True,False,True,False,True
15015,TAS2R42,True,False,False,False,False
15016,POLR3C,True,True,True,True,True
15017,PRR30,True,False,False,False,False
15018,DEFB131A,False,False,False,False,False
15019,UBL4B,True,False,False,False,False
15020,WWOX,True,True,False,True,True
15021,CYP4Z1,True,False,False,False,False
15022,CCDC84,True,True,True,True,True
15023,BCL9L,True,False,True,True,False
15024,POLR1D,True,True,True,True,True
15025,KIF18B,True,True,False,True,True
15026,ZNRF1,True,True,True,True,True
15027,FFAR4,True,False,False,False,False
15028,BPIFB3,True,False,False,False,False
15029,BPIFB4,True,False,False,False,False
15030,SAPCD2,True,True,True,True,True
15031,EDARADD,True,False,False,False,False
15032,SLC51B,True,False,False,True,False
15033,CYP4F12,True,False,False,False,False
15034,MARC1,True,False,False,True,False
15035,LCE5A,True,False,False,False,False
15036,SOWAHB,True,False,False,False,False
15037,BLOC1S4,True,True,True,True,True
15038,KLHL32,True,False,False,False,False
15039,MRTFB,True,True,True,True,True
15040,BTLA,True,False,False,False,False
15041,ZNF17,True,False,False,False,False
15042,KDM4D,True,False,False,False,False
15043,GPAT2,True,False,False,False,False
15044,TOR3A,True,True,True,True,True
15045,PABPC1L2A,True,False,False,False,False
15046,GABRA5,True,False,False,False,False
15047,PPP1CC,True,True,True,True,True
15048,ZNF555,True,False,False,False,False
15049,OR10T2,True,False,False,False,False
15050,NAP1L3,True,False,False,False,False
15051,PRELID2,True,True,True,True,False
15052,BACE1,True,False,True,True,False
15053,RGS9BP,True,False,False,False,False
15054,TMEM212,True,False,False,False,False
15055,SLC36A3,True,False,False,False,False
15056,SLC36A2,True,False,False,False,False
15057,THBS2,True,False,False,False,False
15058,RXRA,True,True,True,True,True
15059,ANKRD37,True,False,True,True,False
15060,NUDT17,True,False,False,False,False
15061,MINAR2,True,False,False,False,False
15062,ZNF75D,True,False,False,False,False
15063,CYP4X1,True,False,False,False,False
15064,KRT26,True,False,False,False,False
15065,KRT10,True,True,True,True,True
15066,GOLGA8R,True,False,False,False,False
15067,CD300E,True,False,False,False,False
15068,CCDC30,True,False,False,False,False
15069,NKRF,True,True,True,True,True
15070,GLDN,True,False,False,False,False
15071,FCAR,True,False,False,False,False
15072,KPNA4,True,True,True,True,True
15073,TRDN,True,False,False,False,False
15074,OR6P1,True,False,False,False,False
15075,KRT3,True,False,False,False,False
15076,ZNF501,True,False,False,False,False
15077,ZNF197,True,True,True,False,True
15078,SPATA12,True,False,False,False,False
15079,TMPRSS12,True,False,False,False,False
15080,FAM228A,True,False,False,False,False
15081,DEFB132,True,False,False,False,False
15082,NAP1L2,True,False,False,False,False
15083,GNG2,True,False,False,False,True
15084,BTN3A2,True,True,True,False,True
15085,AKAP14,True,False,False,False,False
15086,PCLO,True,False,False,False,False
15087,KLK12,True,False,False,False,False
15088,RGS7BP,True,False,False,False,False
15089,INSIG1,True,True,True,False,True
15090,ZNF396,True,False,False,False,False
15091,TMEM222,True,True,True,True,True
15092,OR9Q1,True,False,False,False,False
15093,CLCNKA,True,False,False,False,False
15094,OR9Q2,True,False,False,False,False
15095,ARHGAP30,True,False,False,False,True
15096,SEPTIN10,True,False,True,True,False
15097,FAM86B1,False,False,False,False,False
15098,CYP4F8,True,False,False,False,False
15099,CYP4F3,True,False,False,True,False
15100,SMYD4,True,True,True,True,True
15101,FOXD2,True,False,False,False,False
15102,GPATCH8,True,True,True,True,True
15103,CEACAM19,True,False,False,False,False
15104,NF2,True,True,True,True,True
15105,SMIM29,True,True,True,True,True
15106,SPATC1,True,False,False,False,False
15107,UBE2H,True,True,True,True,True
15108,HPDL,True,False,False,False,False
15109,KATNA1,True,True,True,True,True
15110,FSD2,True,False,False,False,False
15111,ARAP1,True,True,False,True,True
15112,KIF24,True,False,False,False,False
15113,PDE2A,True,False,False,False,False
15114,CARMIL3,True,False,False,False,False
15115,PRG2,True,True,False,False,False
15116,PRR5,True,True,False,True,True
15117,ZFP91,True,True,True,True,True
15118,C17orf58,True,True,True,True,True
15119,BCDIN3D,True,False,False,False,True
15120,MAGEE2,True,False,False,False,False
15121,CYP27C1,True,False,True,False,False
15122,LYRM7,True,True,True,True,True
15123,CFAP73,True,False,False,False,False
15124,CCDC73,True,False,False,False,False
15125,BCR,True,True,True,True,True
15126,OR10H1,True,False,False,False,False
15127,MPPED1,True,False,False,False,False
15128,FOXI2,True,False,False,False,False
15129,SPIN4,True,True,False,False,False
15130,ZNF732,True,False,False,False,False
15131,SPIN2B,True,False,False,True,True
15132,SPATA31D3,True,False,False,False,False
15133,FOXE3,True,False,False,False,False
15134,HYAL3,True,True,False,True,False
15135,KCNK18,True,False,False,False,False
15136,IFNA10,False,False,False,False,False
15137,VSIG10L,True,False,False,True,False
15138,CXCR3,True,False,False,False,False
15139,ZNF397,True,True,True,True,True
15140,ZSCAN30,True,True,True,False,True
15141,TPCN1,True,False,True,True,False
15142,LILRB4,True,False,False,False,False
15143,TNFRSF4,True,False,False,False,True
15144,KRT16,True,False,False,False,False
15145,HEXIM1,True,True,True,True,True
15146,SELENOV,True,False,False,False,False
15147,LCE1A,True,False,False,False,False
15148,KRT14,True,False,False,False,False
15149,TRABD2A,True,False,False,False,False
15150,KRTAP17-1,True,False,False,False,False
15151,PDZD7,True,False,False,False,False
15152,POFUT2,True,False,True,True,False
15153,QRFPR,True,False,False,False,False
15154,MAPT,True,True,False,True,True
15155,ERCC6L,True,True,True,False,True
15156,OR13F1,True,False,False,False,False
15157,OR5D3P,True,False,False,False,False
15158,TMEM17,True,False,False,False,False
15159,TNFRSF18,True,False,False,False,False
15160,FGF3,True,False,False,False,False
15161,C1QL4,True,False,False,False,False
15162,RTN4RL2,True,False,False,True,False
15163,ZDHHC17,True,True,True,True,True
15164,SERPINA11,True,False,False,True,False
15165,ZNF395,True,False,True,False,False
15166,ZACN,True,False,False,False,False
15167,KRTAP22-1,True,False,False,False,False
15168,KRTAP19-6,True,False,False,False,False
15169,KRTAP6-2,True,False,False,False,False
15170,OR13C8,True,False,False,False,False
15171,PPARA,True,True,False,True,True
15172,TMEM232,True,False,False,False,False
15173,KRTAP19-2,True,False,False,False,False
15174,KRTAP19-4,True,False,False,False,False
15175,KRTAP15-1,True,False,False,False,False
15176,KRTAP13-4,True,False,False,False,False
15177,FAM183A,True,False,False,False,False
15178,EFCAB6,True,False,False,False,False
15179,KRTAP19-5,True,False,False,False,False
15180,KRTAP23-1,True,False,False,False,False
15181,KANK3,True,False,False,False,False
15182,EMID1,True,False,False,False,False
15183,ACTL7A,True,False,False,False,False
15184,KRTAP21-1,True,False,False,False,False
15185,RHD,True,False,False,False,False
15186,ESPN,True,False,False,True,False
15187,PNLIPRP1,True,False,False,False,False
15188,PTRH1,True,True,True,True,True
15189,KRTAP21-2,True,False,False,False,False
15190,SAMD7,True,False,False,False,False
15191,GPR141,True,False,False,False,False
15192,TMPRSS6,True,False,False,True,False
15193,CYP4A11,True,False,False,False,False
15194,TMEM216,True,False,False,True,False
15195,TMPRSS11A,True,False,False,False,False
15196,TMEM262,True,False,False,False,False
15197,C3orf70,True,False,False,False,False
15198,TEAD1,True,True,True,True,True
15199,OR2AK2,True,False,False,False,False
15200,PLCD1,True,False,False,False,False
15201,CCK,True,False,False,False,False
15202,ENTPD5,True,False,False,True,True
15203,MITF,True,True,True,False,False
15204,HEATR4,True,False,False,False,False
15205,LILRA5,True,False,False,False,False
15206,CMC1,True,True,True,True,True
15207,SLIT1,True,False,False,False,True
15208,LYPD6,True,False,False,False,False
15209,AKR1C1,False,False,False,True,False
15210,VSTM2B,True,False,False,False,False
15211,FOXD3,True,False,False,False,False
15212,SPATA21,True,False,False,True,False
15213,RNF220,True,True,True,True,True
15214,ANGPTL5,True,False,False,False,False
15215,SHTN1,True,True,True,True,True
15216,H1FNT,True,False,False,False,False
15217,LCE4A,True,False,False,False,False
15218,LCE2A,True,False,False,False,False
15219,KRTAP12-1,True,False,False,False,False
15220,LCE2C,True,False,False,False,False
15221,AL162231.1,True,False,False,False,False
15222,ZNF546,True,False,False,False,True
15223,TSPYL4,True,True,True,True,True
15224,MT1X,True,True,True,True,True
15225,GCNT1,True,False,True,False,False
15226,LCE2D,False,False,False,False,False
15227,SESTD1,True,False,True,True,True
15228,LCE3B,False,False,False,False,False
15229,FNBP1,True,True,True,True,True
15230,DYNC2H1,True,False,True,False,True
15231,KRT12,True,False,False,False,False
15232,BCAM,True,False,False,True,False
15233,RSBN1L,True,True,True,True,True
15234,NPSR1,True,False,False,False,False
15235,WDR86,True,False,False,False,False
15236,FAM9C,True,False,False,False,False
15237,KRTAP9-8,True,False,False,False,False
15238,CIDEC,True,False,False,True,False
15239,DCC,True,False,False,False,False
15240,TAF9B,True,True,True,True,True
15241,PCDHB13,True,False,False,False,False
15242,MAGI2,True,False,False,True,False
15243,LUZP2,True,False,True,False,False
15244,LHFPL3,True,False,False,False,False
15245,CHP1,True,True,True,True,True
15246,FPR3,True,False,False,False,False
15247,C11orf96,True,False,False,False,True
15248,KCNJ11,True,False,False,False,False
15249,CDHR4,True,False,False,False,False
15250,COL4A1,True,False,True,False,False
15251,C12orf74,True,False,False,False,False
15252,GJA4,True,False,False,False,False
15253,HYPM,True,False,False,False,False
15254,HSPA14,True,True,True,True,True
15255,ATP13A5,True,False,False,False,False
15256,SIRT7,True,True,True,True,True
15257,PRR27,True,False,False,False,False
15258,IFT140,True,False,False,False,False
15259,PRAMEF10,True,False,False,False,False
15260,AGMO,True,False,False,False,False
15261,SBK2,True,False,False,False,False
15262,CYP26C1,True,False,False,False,False
15263,TLR5,True,False,False,False,False
15264,USP7,True,True,True,True,True
15265,NANOS3,True,False,False,False,False
15266,FOXD4L3,False,False,False,False,False
15267,NHLRC1,True,False,False,False,False
15268,DPPA3,True,False,False,False,False
15269,COX8C,True,False,False,False,False
15270,PLEKHN1,True,False,True,True,False
15271,ZNF385C,True,False,False,False,False
15272,MAGEH1,True,False,False,False,False
15273,TET3,True,True,False,True,True
15274,ZNF286A,True,True,True,True,True
15275,ISG15,True,True,True,True,True
15276,EXD3,True,False,False,True,False
15277,OR5W2,True,False,False,False,False
15278,MYMK,True,False,False,False,False
15279,C17orf97,True,False,False,False,True
15280,ZKSCAN4,True,True,False,False,False
15281,DHRS4L2,False,True,True,True,True
15282,SAMD11,True,False,False,False,False
15283,PERM1,True,False,False,False,False
15284,VMAC,True,False,False,False,False
15285,C5orf52,True,False,False,False,False
15286,HAPLN4,True,False,False,False,False
15287,ERC2,True,False,False,False,False
15288,B3GLCT,True,False,True,False,False
15289,SPRY4,True,False,False,True,False
15290,ERAS,True,False,False,False,False
15291,TRPV2,True,True,False,True,True
15292,AMTN,True,False,True,False,False
15293,EZHIP,True,False,False,False,False
15294,C2orf88,True,True,False,True,False
15295,OR2T27,True,False,False,False,False
15296,TMEM203,True,True,True,True,True
15297,SLC18A3,True,False,False,False,False
15298,KBTBD12,True,False,False,False,False
15299,THSD4,True,False,True,False,False
15300,DNAJB13,True,False,False,False,False
15301,GABRD,True,False,False,False,False
15302,NHEJ1,True,True,False,True,True
15303,FANCA,True,True,True,True,True
15304,SECISBP2,True,True,True,True,True
15305,OR52B6,True,False,False,False,False
15306,C9orf153,True,False,False,False,False
15307,SSX7,False,False,False,False,False
15308,ADH1A,True,False,False,False,False
15309,SEMA4D,True,False,False,False,True
15310,KRTAP10-8,True,False,False,False,False
15311,LIN28B,True,True,False,True,False
15312,DIPK1C,True,False,False,False,False
15313,DNAH17,True,False,False,True,False
15314,MCRS1,True,True,True,True,True
15315,TMEM72,True,False,False,False,False
15316,FANCM,True,True,True,True,True
15317,FAM205C,True,False,False,False,False
15318,ZNF70,True,False,False,False,False
15319,CARD9,True,False,False,True,False
15320,PEAR1,True,False,False,False,False
15321,ZFP69B,True,False,False,False,True
15322,TMEM202,True,False,False,False,False
15323,SOWAHD,True,False,False,False,False
15324,ZFP69,True,False,False,False,False
15325,HELT,True,False,False,False,False
15326,RTL4,True,False,False,False,False
15327,TMEM220,True,False,False,False,False
15328,C2orf78,True,False,False,False,False
15329,HIST1H1C,True,True,True,True,True
15330,PLSCR3,True,False,True,True,False
15331,EIF4EBP1,True,True,True,True,True
15332,P2RX2,True,False,False,False,False
15333,ASCL4,True,False,False,False,False
15334,OR6C75,True,False,False,False,False
15335,CCDC157,True,False,False,False,False
15336,TTC24,True,False,False,False,False
15337,FAM122A,True,True,True,True,True
15338,PALM3,True,False,False,False,False
15339,GFRAL,True,False,False,False,False
15340,FYB2,True,False,False,False,False
15341,SHISA7,True,False,False,False,False
15342,LRRC74B,True,False,False,False,False
15343,DMBT1,True,False,False,False,False
15344,CLEC17A,True,False,False,False,False
15345,LCN10,True,False,False,False,False
15346,C2orf66,True,False,False,False,False
15347,OVCH1,True,False,False,False,False
15348,CYHR1,True,True,True,True,True
15349,COL14A1,True,False,False,False,False
15350,DNER,True,False,True,False,False
15351,CPSF4L,True,False,False,False,False
15352,KLHL17,True,True,False,False,False
15353,ZCCHC13,True,False,False,False,False
15354,PLA2G2C,True,False,False,False,False
15355,ZSCAN23,True,False,False,False,False
15356,RINL,True,False,False,True,True
15357,C17orf99,True,False,False,False,False
15358,OR7D2,True,False,False,False,False
15359,TPRG1,True,False,False,False,False
15360,MORN2,True,True,True,True,True
15361,RTP5,True,False,False,False,False
15362,S100A3,True,False,False,True,False
15363,UBQLN2,True,True,True,True,True
15364,RILPL1,True,True,True,True,False
15365,C19orf67,True,False,False,False,False
15366,ZNF490,True,False,False,False,False
15367,CLCN1,True,False,False,False,False
15368,NRN1L,True,False,False,False,False
15369,NWD1,True,False,False,False,False
15370,ARL4C,True,False,True,False,True
15371,RNF133,True,False,False,False,False
15372,TMEM221,True,False,False,False,False
15373,TREML4,True,False,False,False,False
15374,RAB42,True,False,False,True,False
15375,WNT7B,True,False,False,False,False
15376,C11orf95,True,False,False,False,False
15377,SCGB1C1,False,False,False,False,False
15378,PRSS45P,True,False,False,False,False
15379,PLA2G4E,True,False,False,False,False
15380,GPR89B,True,False,False,False,False
15381,MESP2,True,False,False,False,False
15382,FAM25A,False,False,False,False,False
15383,EYS,True,False,False,False,False
15384,C6orf132,True,False,False,True,False
15385,OR2AG2,True,False,False,False,False
15386,MAPK12,True,True,True,True,True
15387,TMEM215,True,False,False,False,False
15388,NUTM2G,False,False,False,False,False
15389,COL4A5,True,True,True,False,False
15390,KRTAP10-6,False,False,False,False,False
15391,AGRN,True,False,True,True,False
15392,NHS,True,False,False,False,False
15393,OTOG,True,False,False,False,False
15394,FAM166A,True,False,False,False,False
15395,TMPPE,True,False,False,False,False
15396,ZNF626,True,False,False,False,False
15397,HEPACAM2,True,False,False,False,False
15398,SMTNL2,True,False,False,False,False
15399,ZC3H6,True,False,True,False,True
15400,LAMTOR4,True,True,True,True,True
15401,PRKAR1B,True,True,True,True,True
15402,NUTM2B,False,False,False,False,False
15403,NCR3LG1,True,True,False,True,True
15404,DCUN1D3,True,False,False,True,False
15405,POTEE,False,False,False,False,False
15406,ZNF793,True,False,False,False,False
15407,TUBB4B,True,True,True,True,True
15408,AGAP4,False,False,False,True,False
15409,COMMD6,True,True,True,True,True
15410,PLA2G2A,True,False,False,True,False
15411,IL17REL,True,False,False,False,False
15412,HYKK,True,False,False,False,True
15413,OR7A5,True,False,False,False,False
15414,C15orf62,True,False,False,False,False
15415,RUFY4,True,False,False,False,False
15416,ZNF383,True,False,False,False,True
15417,HES4,True,True,True,True,True
15418,IGFL1,True,False,False,False,False
15419,ZNF669,True,True,False,True,True
15420,PEAK3,True,False,False,False,False
15421,LRRIQ4,True,False,False,False,False
15422,CENPP,True,True,False,False,True
15423,PLSCR1,True,True,True,True,True
15424,C3orf62,True,False,False,False,True
15425,ENO4,True,False,False,False,False
15426,ZNF559,True,False,False,False,True
15427,SBK1,True,False,False,False,True
15428,OR6C6,True,False,False,False,False
15429,BSPH1,True,False,False,False,False
15430,SLC38A3,True,False,False,True,False
15431,OR6N2,True,False,False,False,False
15432,GTF2F2,True,True,True,True,True
15433,FAM92A,False,True,True,True,True
15434,FOCAD,True,False,True,True,True
15435,PRR19,True,False,False,False,False
15436,ZP3,True,False,False,False,False
15437,C10orf99,True,False,False,False,False
15438,H3F3C,True,False,False,False,False
15439,IFNA2,True,False,False,False,False
15440,JAKMIP3,True,False,False,False,False
15441,PPP3R2,True,False,False,False,False
15442,PDCD1,True,False,False,False,False
15443,CLEC2A,True,False,False,False,False
15444,TCTEX1D4,True,False,False,False,False
15445,SELL,True,False,False,False,True
15446,MAGEB5,True,False,False,False,False
15447,CHM,True,True,True,True,True
15448,NANOS2,True,False,False,False,False
15449,BLOC1S5,True,True,True,True,True
15450,CERKL,True,False,False,False,False
15451,IER5L,True,False,True,True,False
15452,H2AFX,True,True,True,True,True
15453,INSC,True,False,False,False,False
15454,SERPINA5,True,False,False,True,False
15455,C19orf54,True,True,False,True,False
15456,NCCRP1,True,False,False,False,False
15457,KRTDAP,True,False,False,False,False
15458,COL25A1,True,False,False,False,False
15459,FAM83G,True,False,False,True,False
15460,CFAP77,True,False,False,False,False
15461,SRSF10,True,True,True,True,True
15462,HBA2,True,False,False,False,False
15463,DUSP28,True,False,False,True,True
15464,CCDC9B,True,False,True,False,False
15465,NBR1,True,True,True,True,True
15466,OR2G6,True,False,False,False,False
15467,RALGAPA2,True,True,False,True,True
15468,NDOR1,True,False,False,False,False
15469,FBLL1,True,False,False,False,False
15470,NKAIN2,True,False,False,False,False
15471,KRTAP1-1,True,False,False,False,False
15472,PAQR9,True,False,False,False,False
15473,CLEC20A,True,False,False,False,False
15474,CFAP54,True,False,False,False,False
15475,CLN3,True,True,True,True,True
15476,FAM72B,False,False,False,False,False
15477,ASAH2,True,False,False,False,False
15478,SUMO2,True,True,True,True,True
15479,NANOS1,True,False,False,False,False
15480,HMX3,True,True,False,False,True
15481,IGFL3,True,False,False,False,False
15482,GOLGA8M,True,False,False,False,False
15483,ZNF177,True,False,False,False,False
15484,RTL6,True,False,True,False,True
15485,DPYD,True,False,True,False,True
15486,S100A16,True,False,True,True,False
15487,PTAR1,True,True,True,True,True
15488,CC2D2B,True,False,False,False,False
15489,RNASE9,True,False,False,False,False
15490,SAXO2,True,False,False,False,False
15491,RHCE,True,False,False,False,False
15492,C2orf80,True,False,False,False,False
15493,IDO2,True,False,False,False,False
15494,PARVB,True,True,True,False,False
15495,SLC4A5,True,False,False,False,False
15496,UROS,True,True,True,True,True
15497,OR56A5,True,False,False,False,False
15498,KRTAP24-1,True,False,False,False,False
15499,ZDHHC9,True,False,True,True,False
15500,ZBED6CL,True,True,False,False,False
15501,QRFP,True,False,False,False,False
15502,DUPD1,True,False,False,False,False
15503,SMIM15,True,True,True,True,True
15504,OSTN,True,False,False,False,False
15505,VWC2,True,False,False,False,False
15506,FAM221A,True,False,False,False,True
15507,TMEM120B,True,True,True,True,True
15508,FSIP2,True,False,False,False,False
15509,RBM34,True,False,False,False,False
15510,NOXA1,True,False,False,False,False
15511,TMEM198,True,False,False,True,False
15512,BCL2L15,True,False,False,False,False
15513,FZD9,True,False,False,False,False
15514,SPRED3,True,False,True,False,False
15515,OPTC,True,False,False,False,False
15516,PLET1,True,False,False,False,False
15517,ADRB3,True,False,False,False,False
15518,SKOR1,True,False,False,False,False
15519,CATSPER4,True,False,False,False,False
15520,PRELP,True,False,False,False,False
15521,PLA2G2E,True,False,False,False,False
15522,ZNF548,True,False,False,False,True
15523,MTF1,True,True,True,True,True
15524,TMCO2,True,False,False,False,False
15525,SHISA6,True,False,False,False,False
15526,TMEM201,True,False,False,True,True
15527,NHLRC3,True,True,True,True,True
15528,HMX2,True,False,False,False,False
15529,SNTN,True,False,False,False,False
15530,ZDHHC11,False,False,False,False,False
15531,CALHM6,True,False,False,False,False
15532,CNR2,True,False,False,False,True
15533,SLX4,True,False,False,False,False
15534,GLRA4,True,False,False,False,False
15535,ENTPD8,True,False,False,False,False
15536,BEND4,True,False,False,False,True
15537,FAM78B,True,False,False,False,False
15538,ZNF563,True,False,False,True,False
15539,TMC3,True,False,False,False,False
15540,FBF1,True,False,False,False,True
15541,KLRG2,True,False,False,False,False
15542,ASTL,True,False,False,False,False
15543,MSL1,True,True,True,True,True
15544,AC099489.1,True,False,False,False,False
15545,LRRK2,True,False,False,False,False
15546,BSX,True,False,False,False,False
15547,GJB3,True,False,False,False,False
15548,INSYN2A,True,False,False,False,False
15549,TRMT2B,True,False,False,False,True
15550,HACD4,True,False,False,False,True
15551,CFAP126,True,False,False,False,False
15552,NYX,True,False,False,False,False
15553,FAM120AOS,True,True,True,True,True
15554,UTS2B,True,False,False,False,False
15555,C9orf152,True,False,False,False,False
15556,NOC2L,True,True,True,True,True
15557,MSANTD1,True,False,False,False,False
15558,AADACL3,True,False,False,False,False
15559,NELFB,True,True,True,True,True
15560,SLC15A5,True,False,False,False,False
15561,LIPI,True,False,False,False,False
15562,LRRC66,True,False,False,False,False
15563,ZNF292,True,True,True,True,True
15564,HUS1B,True,False,False,False,False
15565,KCTD21,True,False,False,False,False
15566,SBSN,True,False,False,False,False
15567,ADAT2,True,True,False,True,True
15568,KIR2DL4,False,False,False,False,False
15569,MAGEB16,True,False,False,False,False
15570,VHLL,True,False,False,False,False
15571,DUSP21,True,False,False,False,False
15572,ZNF567,True,True,True,False,True
15573,NDUFA4,True,True,True,True,True
15574,ANKDD1B,True,False,False,False,False
15575,ALKBH2,True,True,True,True,True
15576,RNFT1,True,True,False,True,True
15577,CGB5,False,False,False,False,False
15578,RELN,True,True,False,False,False
15579,FAM111B,True,False,True,True,True
15580,APOD,True,False,False,False,False
15581,H1F0,True,False,False,True,True
15582,LITAF,True,True,True,True,False
15583,VSTM1,True,False,False,False,False
15584,TMEM120A,True,False,True,True,True
15585,ARID2,True,True,True,True,True
15586,SF3B3,True,True,True,True,True
15587,PRSS48,True,False,False,False,False
15588,IL1RAPL2,True,False,False,False,False
15589,BLOC1S3,True,False,False,False,False
15590,SP6,True,False,False,False,False
15591,ANKRD34B,True,False,False,False,False
15592,PLAC9,True,False,True,False,False
15593,FAM47B,True,False,False,False,False
15594,NKAPL,True,False,False,False,False
15595,FSCB,True,False,False,False,False
15596,CLDN4,True,False,False,True,False
15597,ZNF573,True,False,False,False,False
15598,FAM47E,True,False,False,False,False
15599,JPT1,True,True,True,True,True
15600,ZNF527,True,False,False,False,False
15601,ZAR1L,True,False,False,False,False
15602,KRTAP10-12,False,False,False,False,False
15603,S100A13,True,True,True,True,False
15604,ZNF33A,True,True,True,True,True
15605,OR14I1,True,False,False,False,False
15606,KRT77,True,False,False,False,False
15607,PCDH18,True,False,False,False,False
15608,DCAF8L2,True,False,False,False,False
15609,ZNF600,True,False,False,False,False
15610,BTBD8,True,False,False,False,False
15611,MAOA,True,False,False,True,False
15612,C15orf61,True,True,True,True,True
15613,NUGGC,True,False,False,False,False
15614,TSPYL1,True,True,True,True,True
15615,SPANXN3,True,False,False,False,False
15616,TRIM64B,True,False,False,False,False
15617,PNRC2,True,True,True,True,True
15618,DRICH1,True,False,False,False,False
15619,GJB5,True,False,False,False,False
15620,FHIT,True,True,False,True,False
15621,ALKAL2,True,False,False,False,False
15622,ZKSCAN3,True,False,False,False,False
15623,FOXR2,True,False,False,False,False
15624,RRP7A,True,True,True,True,True
15625,LIN54,True,True,True,True,True
15626,FAM53B,True,False,False,True,True
15627,FAM180A,True,False,False,False,False
15628,BNIP5,True,False,False,False,False
15629,SPANXN4,True,False,False,False,False
15630,S100A14,True,False,False,True,False
15631,KAZN,True,False,False,True,False
15632,SLC35E2B,False,True,False,True,True
15633,TOGARAM2,True,False,False,False,False
15634,SPATA31D4,False,False,False,False,False
15635,NEMP2,True,False,False,False,True
15636,ALG1L,True,False,False,False,False
15637,KIAA0408,True,False,False,False,False
15638,GSPT2,True,False,True,False,True
15639,TBC1D28,True,False,False,False,False
15640,C8orf76,True,True,True,True,True
15641,CXCL17,True,False,False,False,False
15642,OTUD6A,True,False,False,False,False
15643,MMP23B,True,False,False,False,False
15644,SH2D5,True,False,False,False,False
15645,ZFP92,True,False,False,False,False
15646,NCR1,True,False,False,False,False
15647,RASSF10,True,False,False,False,False
15648,GJB4,True,False,False,False,False
15649,OR2L13,True,False,False,False,False
15650,BLOC1S2,True,True,True,True,True
15651,SYCP2,True,True,False,False,True
15652,ZNF724,True,True,False,True,True
15653,IL1RAP,True,False,False,True,False
15654,PTPRT,True,False,False,False,False
15655,MYBPC1,True,False,False,False,False
15656,PAX5,True,False,False,False,False
15657,OR5K4,True,False,False,False,False
15658,OR6M1,True,False,False,False,False
15659,SPOCK3,True,False,False,False,False
15660,ZNF676,True,False,False,False,False
15661,ZNF699,True,False,True,False,True
15662,TDRD7,True,False,False,True,True
15663,CCDC189,True,False,False,False,False
15664,OR8A1,True,False,False,False,False
15665,KIAA0895L,True,False,False,False,True
15666,VN1R2,True,False,False,False,False
15667,MYT1,True,False,False,False,False
15668,SERPINA3,True,False,False,True,False
15669,AKR1C3,True,False,False,True,False
15670,SPATS2L,True,False,True,True,False
15671,ZNF250,True,False,False,False,False
15672,WDSUB1,True,False,True,True,True
15673,ZNF79,True,False,False,False,False
15674,S100A4,True,True,False,True,True
15675,PLEKHG4,True,False,False,False,True
15676,KRTAP4-3,True,False,False,False,False
15677,FAT4,True,False,True,False,False
15678,KIF19,True,False,False,False,False
15679,OR6K2,True,False,False,False,False
15680,ZNF681,True,True,False,False,False
15681,ACADSB,True,True,True,True,True
15682,STK40,True,True,True,True,True
15683,OR10J1,True,False,False,False,False
15684,TMEM63A,True,True,True,True,True
15685,CTSE,True,False,False,False,False
15686,SEMA4A,True,False,False,False,False
15687,HRCT1,True,False,False,False,False
15688,MPHOSPH8,True,True,True,True,True
15689,GREB1,True,False,False,True,False
15690,SIRPB2,True,False,False,False,False
15691,ZNF766,True,True,True,True,True
15692,RYR1,True,False,False,False,False
15693,SRGAP3,True,False,False,False,True
15694,KRTAP5-3,True,False,False,False,False
15695,FAM217B,True,True,True,True,True
15696,SULT1C3,True,False,False,False,False
15697,TUBB,True,True,True,True,True
15698,LCOR,True,True,True,True,True
15699,SUPT5H,True,True,True,True,True
15700,XPNPEP3,True,True,True,True,True
15701,OR2T2,True,False,False,False,False
15702,OR2C3,True,False,False,False,False
15703,ZNF107,True,True,True,False,True
15704,OR10S1,True,False,False,False,False
15705,SFTA2,True,False,False,False,False
15706,PPIA,True,True,True,True,True
15707,ZNF471,True,False,False,False,False
15708,ZNF836,True,False,False,False,False
15709,ZNF493,True,True,False,False,False
15710,GTF2IRD2,False,False,False,True,False
15711,GRM7,True,False,False,False,False
15712,SUPT3H,True,True,True,True,True
15713,BECN2,True,False,False,False,False
15714,NIF3L1,True,True,True,True,True
15715,ATP2A1,True,False,False,False,False
15716,IARS,True,True,True,True,True
15717,MFSD14C,False,True,True,True,True
15718,POM121,True,True,True,True,True
15719,ZBTB44,True,True,True,True,True
15720,GIMAP5,True,False,False,False,True
15721,STK31,True,False,False,False,False
15722,CGB7,False,False,False,False,False
15723,NLGN3,True,False,False,False,False
15724,OR8D1,True,False,False,False,False
15725,ADH7,True,False,False,False,False
15726,ZKSCAN7,True,False,False,False,False
15727,ZNF729,True,False,False,False,False
15728,CD55,True,True,True,True,True
15729,CPNE4,True,False,False,False,False
15730,ZNF565,True,False,False,False,False
15731,NTNG2,True,False,False,False,False
15732,ELAVL3,True,False,False,False,False
15733,WDR5,True,True,True,True,True
15734,LONP1,True,True,True,True,True
15735,TRRAP,True,True,True,True,True
15736,NUDT11,True,False,False,False,True
15737,SRGAP2B,False,False,True,True,False
15738,FUT4,True,False,False,False,True
15739,ASB13,True,False,False,True,False
15740,SLC35F1,True,False,False,False,False
15741,ZNF34,True,False,False,False,False
15742,ZNF781,True,False,False,False,False
15743,ZNF140,True,False,False,True,False
15744,INCA1,True,False,False,False,False
15745,ZNF774,True,False,False,False,False
15746,PTPN1,True,True,True,True,True
15747,EVL,True,True,True,True,True
15748,SPANXD,True,False,False,False,False
15749,THEM5,True,False,False,False,False
15750,NOXO1,True,False,False,False,False
15751,EPHB4,True,False,True,True,False
15752,PRTN3,True,False,False,False,False
15753,ZNF765,True,False,False,False,True
15754,ZNF124,True,True,False,True,True
15755,XRCC6,True,True,True,True,True
15756,S100A5,True,False,False,False,False
15757,C20orf204,True,False,False,True,False
15758,PPP1R26,True,False,False,True,False
15759,NBPF4,False,False,False,False,False
15760,TSC22D2,True,True,True,True,True
15761,CRYBA4,True,False,False,False,False
15762,ASMT,True,False,False,False,False
15763,NPIPB15,True,False,False,False,False
15764,ZNF569,True,False,False,False,True
15765,ARMCX4,True,False,False,False,False
15766,YRDC,True,True,True,True,True
15767,ZNF777,True,True,True,True,True
15768,PIK3R4,True,True,True,True,True
15769,ZNF775,True,True,False,True,True
15770,ZNF605,True,False,True,True,True
15771,TRAPPC2,False,True,True,True,True
15772,RFX8,True,False,False,False,False
15773,MYL6B,True,True,True,True,True
15774,ZNF799,True,False,False,False,False
15775,FGF16,True,False,False,False,False
15776,SIAH1,True,True,True,True,True
15777,GK2,True,False,False,False,False
15778,C20orf96,True,True,False,True,True
15779,ESRRG,True,False,False,False,False
15780,IPO4,True,True,True,True,True
15781,NCOR2,True,True,True,True,True
15782,SULT1A1,True,False,False,True,True
15783,ARL9,True,False,False,False,False
15784,PRPF40A,True,True,True,True,True
15785,GDAP2,True,True,True,True,True
15786,TCEAL3,True,False,True,False,False
15787,ANAPC7,True,True,True,True,True
15788,TPK1,True,False,False,False,False
15789,SLC6A9,True,False,False,False,False
15790,AFAP1,True,False,True,False,True
15791,MYO18A,True,True,True,True,True
15792,OR2T3,False,False,False,False,False
15793,SPTSSB,True,False,False,False,False
15794,BORCS6,True,False,False,True,True
15795,MAN2A2,True,True,False,True,True
15796,MME,True,False,True,False,False
15797,CCDC196,True,False,False,False,False
15798,CACNA1H,True,False,False,True,False
15799,SULF2,True,False,False,True,False
15800,HBG2,False,True,False,False,False
15801,LAMA2,True,False,False,False,False
15802,PFN3,True,False,False,False,False
15803,PLXNB2,True,False,True,True,False
15804,OR5AC2,True,False,False,False,False
15805,AJAP1,True,False,False,False,False
15806,XRCC2,True,True,True,True,True
15807,MYO6,True,True,True,True,False
15808,MRTFA,True,True,True,True,True
15809,MBD3L2B,True,False,False,False,False
15810,HDAC2,True,True,True,True,True
15811,ZNF782,True,False,False,False,True
15812,SLC22A25,True,False,False,False,False
15813,POTEF,False,False,False,False,False
15814,MMP1,True,False,False,False,False
15815,ADH1B,True,False,False,False,False
15816,UGT2B15,False,False,False,False,False
15817,TCF4,True,True,True,False,True
15818,WNK3,True,False,True,False,False
15819,SDHAF3,True,True,True,True,True
15820,HRH1,True,False,True,False,False
15821,RABL6,True,True,True,True,True
15822,ZNF136,True,False,False,False,True
15823,ZKSCAN5,True,True,True,True,True
15824,ZNF502,True,False,False,False,False
15825,TRAPPC4,True,True,True,True,True
15826,TTC30B,True,False,False,False,False
15827,SLC30A10,True,False,False,False,False
15828,TECPR2,True,False,True,True,False
15829,TLR7,True,False,False,False,False
15830,FAM180B,True,False,False,False,False
15831,ZFP62,True,False,True,False,True
15832,ERI2,True,True,True,True,False
15833,TOMM7,True,True,True,True,True
15834,HSH2D,True,False,False,False,False
15835,TRPV1,True,False,False,False,False
15836,ZNF33B,True,True,True,True,True
15837,ZNF512B,True,True,True,True,True
15838,AMZ2,True,True,True,True,True
15839,ZNF431,True,True,True,True,True
15840,ALKAL1,True,False,False,False,False
15841,NF1,True,True,True,True,True
15842,VKORC1L1,True,True,True,True,True
15843,ZNF418,True,False,False,False,False
15844,DAPK1,True,True,True,True,False
15845,LCE1B,True,False,False,False,False
15846,COL27A1,True,False,False,True,False
15847,GM2A,True,True,False,True,True
15848,HIST1H2AI,True,False,False,False,False
15849,CLPSL2,True,False,False,False,False
15850,S100A2,True,False,True,True,False
15851,ZNF700,True,True,False,False,True
15852,POU3F4,True,False,False,False,False
15853,OR14A16,True,False,False,False,False
15854,CD47,True,True,True,False,True
15855,OR52K1,True,False,False,False,False
15856,TLE1,True,False,True,True,True
15857,MAML3,True,False,False,False,False
15858,HIST1H2AG,True,True,False,False,True
15859,STRN3,True,True,True,True,True
15860,ZNF239,True,False,False,False,False
15861,SPINK14,True,False,False,False,False
15862,SPRR2B,True,False,False,False,False
15863,CHRNG,True,False,False,False,False
15864,ZSCAN16,True,False,False,False,False
15865,MVB12B,True,False,False,True,True
15866,ILRUN,True,True,True,True,True
15867,OR11G2,True,False,False,False,False
15868,POTEI,False,False,False,False,False
15869,ADA,True,True,False,True,True
15870,ARID5A,True,True,True,True,True
15871,PATE2,True,False,False,False,False
15872,PPTC7,True,True,True,True,True
15873,KRT39,True,False,False,False,False
15874,TOMM20L,True,False,False,False,False
15875,RGPD4,True,False,False,False,False
15876,NHLRC2,True,True,True,True,True
15877,ZFP28,True,False,False,False,False
15878,KIAA1211L,True,False,False,False,False
15879,CBWD3,False,False,False,True,False
15880,SCN8A,True,False,True,False,True
15881,LAMB3,True,False,False,False,False
15882,HIST3H2BB,True,False,False,False,False
15883,TEX43,True,False,False,False,False
15884,KPNA5,True,True,True,True,True
15885,ANKRD36B,False,False,False,False,True
15886,ARHGEF12,True,True,True,True,True
15887,HCAR1,True,False,False,False,False
15888,PDLIM7,True,True,True,True,True
15889,FLNA,True,True,True,True,True
15890,TMEM26,True,False,False,False,False
15891,SRGAP1,True,False,True,True,False
15892,FAM3C,True,True,True,True,True
15893,NOP9,True,True,False,True,True
15894,OR2T4,True,False,False,False,False
15895,ZNF705A,True,False,False,False,False
15896,SLC39A10,True,True,True,True,True
15897,CASP4,True,False,True,True,False
15898,AP2A1,True,True,True,True,True
15899,ZNF585A,True,False,True,True,False
15900,FUT11,True,True,True,True,False
15901,SMIM10L2B,True,False,False,False,False
15902,ANXA4,True,True,True,True,True
15903,LAGE3,True,True,True,True,True
15904,WDR5B,True,False,False,False,False
15905,FAM163B,True,False,False,False,False
15906,WDR45,True,True,True,True,True
15907,METTL9,True,True,True,True,True
15908,ZNF138,True,True,True,False,True
15909,ZNF429,True,True,False,False,True
15910,ZNF470,True,False,False,False,False
15911,SERTAD1,True,True,True,True,False
15912,ZNF100,True,True,False,False,True
15913,CXorf40B,False,False,True,True,True
15914,ZNF398,True,True,False,True,True
15915,ZSCAN25,True,False,False,False,True
15916,ANXA6,True,True,True,True,True
15917,ZNF441,True,False,False,False,False
15918,GMFB,True,True,True,True,True
15919,SIGLEC15,True,False,False,False,False
15920,ZNF420,True,False,False,False,True
15921,ZNF763,True,False,False,False,False
15922,ZMYM1,True,True,True,True,True
15923,DTHD1,True,False,False,False,False
15924,HIST1H4C,True,True,True,True,True
15925,ZSCAN26,True,False,True,False,False
15926,MAFG,True,True,True,True,True
15927,ARRDC1,True,True,True,True,True
15928,KIAA1671,True,False,True,True,False
15929,KRT35,True,False,False,False,False
15930,IGF2R,True,True,True,True,True
15931,LCE1C,True,False,False,False,False
15932,GAL3ST4,True,False,False,False,False
15933,DYNC1H1,True,True,True,True,True
15934,SLC6A17,True,False,False,False,False
15935,IFNL3,False,False,False,False,False
15936,PCBP2,True,True,True,True,True
15937,ZGPAT,True,True,True,True,True
15938,SLC25A29,True,True,True,True,True
15939,PGAP1,True,False,True,True,True
15940,SRC,True,False,False,True,False
15941,ZNF679,True,False,False,False,False
15942,ZNF682,True,False,False,False,False
15943,OR8B8,True,False,False,False,False
15944,ZNF772,True,False,False,False,False
15945,ZNF257,True,False,False,False,False
15946,PCNX3,True,True,True,True,True
15947,ADAM32,True,False,False,False,False
15948,ACSL5,True,False,False,True,False
15949,LRRC8B,True,True,False,True,True
15950,ABCB8,True,True,True,True,True
15951,HIST1H3J,False,False,False,False,False
15952,SND1,True,True,True,True,True
15953,ZNF785,True,True,False,False,False
15954,SULT1A2,True,False,False,True,False
15955,PSMD12,True,True,True,True,True
15956,MAGEA6,True,True,False,False,False
15957,ADGRA1,True,False,False,False,False
15958,PIWIL2,True,False,False,False,False
15959,NOL4L,True,True,True,True,True
15960,CYSRT1,True,False,False,True,False
15961,SLC22A4,True,False,False,False,False
15962,ZSCAN5B,True,False,False,False,False
15963,ENTPD4,True,True,True,True,True
15964,C1D,False,True,True,True,True
15965,TBC1D9B,True,True,True,True,True
15966,HIST1H4J,True,False,False,False,False
15967,SLC2A7,True,False,False,False,False
15968,FAM110D,True,False,False,False,False
15969,SERPINA1,True,False,False,True,False
15970,TPSB2,False,False,False,False,False
15971,KANK2,True,False,True,True,False
15972,C6orf141,True,False,False,False,False
15973,GTF2E2,True,True,True,True,True
15974,IL27,True,False,False,False,False
15975,GUCA2A,True,False,False,False,False
15976,RAD54B,True,False,False,False,True
15977,ZNF165,True,False,False,True,False
15978,SYNGAP1,True,False,False,False,True
15979,FITM2,True,False,False,True,False
15980,BLM,True,True,True,True,True
15981,ZNF720,True,True,True,True,True
15982,OR10D3,True,False,False,False,False
15983,DDI2,True,True,True,True,True
15984,SVIL,True,False,True,True,True
15985,TRIM33,True,True,True,True,True
15986,LRP10,True,True,True,True,True
15987,PELI1,True,False,False,True,True
15988,ZNF655,True,True,True,True,True
15989,LYPD2,True,False,False,False,False
15990,UAP1L1,True,False,False,True,False
15991,ZNF98,True,False,False,False,False
15992,FBXL22,True,False,False,True,False
15993,ZNF786,True,False,False,False,False
15994,ZNF517,True,False,False,False,False
15995,S100A7L2,True,False,False,False,False
15996,ZNF675,True,True,True,False,True
15997,SLC22A5,True,False,False,False,False
15998,DACT3,True,False,False,False,False
15999,ADARB1,True,True,False,True,True
16000,ZNF860,True,False,False,False,False
16001,HTT,True,True,True,True,True
16002,OR6N1,True,False,False,False,False
16003,C5AR1,True,False,False,False,False
16004,DIO3,True,False,False,False,False
16005,CYP2B6,True,False,False,True,False
16006,DCHS2,True,False,False,False,False
16007,VEPH1,True,False,True,False,False
16008,FABP12,True,False,False,False,False
16009,SHPK,True,False,False,True,False
16010,OR51D1,True,False,False,False,False
16011,IPP,True,True,True,True,True
16012,OPALIN,True,False,False,False,False
16013,OR13G1,True,False,False,False,False
16014,MAP3K5,True,False,True,False,False
16015,OGDHL,True,False,False,False,False
16016,CYP2F1,True,False,False,False,False
16017,GSTK1,True,True,True,True,True
16018,HNRNPAB,True,True,True,True,True
16019,OR2L5,True,False,False,False,False
16020,STMN3,True,True,False,True,True
16021,PDGFA,True,False,False,True,False
16022,GYPE,True,True,False,False,False
16023,COL13A1,True,False,True,False,False
16024,SPN,True,True,False,False,True
16025,ZNF695,True,True,False,False,True
16026,PCDHB11,True,False,False,False,False
16027,ZNF628,True,False,False,True,False
16028,GALP,True,False,False,False,False
16029,SLC2A10,True,False,False,True,False
16030,ZNF665,True,False,False,False,False
16031,RPF2,True,True,True,True,True
16032,SLC28A3,True,False,False,False,False
16033,FAM177B,True,False,False,False,False
16034,MIB2,True,True,True,True,True
16035,OR6Y1,True,False,False,False,False
16036,MYO5A,True,False,True,False,True
16037,GZMM,True,False,False,False,False
16038,ATG7,True,True,True,True,True
16039,SIPA1L1,True,False,True,True,True
16040,TTC30A,True,False,False,False,False
16041,SSPO,True,False,False,False,False
16042,ELANE,True,False,False,False,False
16043,RAB40C,True,False,False,True,False
16044,PIGN,True,True,True,True,True
16045,COL4A6,True,False,False,False,False
16046,ZNF624,True,False,False,False,False
16047,HHLA3,True,True,False,False,False
16048,HOXA4,True,False,False,True,False
16049,TOPORS,True,True,True,True,True
16050,BCO2,True,False,False,False,False
16051,KCNMB2,True,False,False,False,False
16052,ENTPD6,True,True,True,True,True
16053,DMBX1,True,False,False,False,False
16054,OR11L1,True,False,False,False,False
16055,ENPP1,True,False,True,True,False
16056,CCDC154,True,False,False,False,False
16057,FAR1,True,True,True,False,True
16058,CPLANE1,True,False,True,True,True
16059,ZNF841,True,False,False,False,False
16060,MFAP5,True,False,False,False,False
16061,ZNF615,False,False,False,False,False
16062,CXorf40A,True,False,False,False,False
16063,CDC42SE1,True,True,True,True,True
16064,MPEG1,True,False,False,False,False
16065,SERPINB2,True,False,True,False,False
16066,DPP4,True,False,False,True,False
16067,SERPINB13,True,False,False,False,False
16068,PDCD1LG2,True,False,False,False,False
16069,ZNF433,True,False,False,False,False
16070,CCER1,True,False,False,False,False
16071,DNAH10,True,False,False,False,False
16072,SLC22A24,True,False,False,False,False
16073,OR51C1P,True,False,False,False,False
16074,KRTAP26-1,True,False,False,False,False
16075,SPTAN1,True,True,True,True,True
16076,NMB,True,False,True,True,True
16077,PARVA,True,False,True,True,False
16078,KLHL14,True,False,False,True,False
16079,OR6C74,True,False,False,False,False
16080,FAM114A1,True,False,True,True,False
16081,RPE,True,True,True,True,True
16082,ZNF460,True,False,False,True,True
16083,CR1L,True,True,False,False,False
16084,PHF2,True,False,False,False,True
16085,C14orf178,False,False,False,False,False
16086,SCGB1D4,True,False,False,False,False
16087,PSAP,True,True,True,True,True
16088,S100A10,True,True,True,True,True
16089,CFAP43,True,False,False,False,False
16090,HOXC6,True,False,False,False,False
16091,TXNRD3,True,False,False,True,True
16092,CFD,True,True,False,True,True
16093,STPG3,True,False,False,False,False
16094,MAP1LC3C,True,False,False,False,False
16095,MCMBP,True,True,True,True,True
16096,EME2,True,False,False,False,False
16097,KLHDC1,True,False,False,False,False
16098,ZNF81,False,False,False,False,False
16099,TAF13,True,True,True,True,True
16100,ZNF780A,True,True,False,False,False
16101,ATAD3A,True,True,True,True,True
16102,OR5B17,True,False,False,False,False
16103,OR52M1,True,False,False,False,False
16104,FAM118B,True,True,True,True,True
16105,ZNF461,True,False,False,False,False
16106,CCDC180,True,False,False,False,False
16107,SLC9A8,True,False,False,False,False
16108,OCLN,True,False,False,True,False
16109,CFAP299,True,False,False,False,False
16110,HIST4H4,True,False,False,False,False
16111,CYP2A13,True,False,False,False,False
16112,ZNF181,True,False,False,False,True
16113,OR8G1,True,False,False,False,False
16114,INKA2,True,False,False,True,False
16115,ZNF44,True,False,False,True,True
16116,GPAA1,True,True,True,True,True
16117,ADAMTSL2,True,False,False,False,False
16118,SGTB,True,True,True,True,True
16119,ZNF790,True,False,False,False,False
16120,PRB3,True,False,False,False,False
16121,FAM49A,True,False,False,False,False
16122,MYO1C,True,True,True,True,False
16123,NKIRAS1,True,True,True,True,False
16124,OR1S2,True,False,False,False,False
16125,UGT2B17,True,False,False,False,False
16126,MEIG1,True,False,False,False,False
16127,SLC22A12,True,False,False,False,False
16128,KIF13B,True,False,True,True,True
16129,NRAP,True,False,False,False,False
16130,ADH5,True,True,True,True,True
16131,SLC22A6,True,False,False,False,False
16132,TEAD4,True,True,True,True,False
16133,SPG7,True,True,True,True,True
16134,HRNR,True,False,False,False,False
16135,IFNA1,True,False,False,False,False
16136,HES5,True,False,False,False,False
16137,ZNF677,True,False,False,False,False
16138,ERO1A,True,True,True,True,True
16139,ZNF823,True,False,False,False,False
16140,ZNF311,True,False,False,False,False
16141,ZNF347,True,False,False,False,False
16142,OR5H2,True,False,False,False,False
16143,PLCG2,True,True,True,False,True
16144,FCHSD1,True,False,False,False,False
16145,ZNF71,True,False,False,False,True
16146,AADACL2,True,False,False,False,False
16147,S100A6,True,False,True,True,False
16148,DNM3,True,False,False,False,False
16149,ZNF121,True,True,True,True,True
16150,MPZL1,True,True,True,True,True
16151,VPS13A,True,True,True,True,True
16152,MBP,True,False,True,True,True
16153,AKAP17A,True,True,True,True,True
16154,ELOVL2,True,True,False,True,False
16155,LEKR1,True,False,False,False,False
16156,C1orf122,True,True,True,True,True
16157,CLEC9A,True,False,False,False,False
16158,KEL,True,True,False,False,False
16159,NOL8,True,True,True,True,True
16160,IRAK4,True,True,True,True,True
16161,CCDC151,True,False,False,False,False
16162,DLGAP2,True,False,False,False,False
16163,ENTPD7,True,False,True,True,False
16164,FCGR1B,True,False,False,False,False
16165,ZNF335,True,False,False,True,True
16166,ZNF560,True,False,False,False,False
16167,TUBA3C,True,False,False,False,False
16168,ZNF273,True,True,False,False,True
16169,ZNF84,True,True,True,True,True
16170,MAK16,True,True,True,True,True
16171,ZNF667,True,False,True,False,False
16172,AVPR1B,True,False,False,False,False
16173,SIRPA,True,False,True,False,False
16174,GRK6,True,True,True,True,True
16175,PRIM1,True,True,True,True,True
16176,MARCH5,True,True,True,True,True
16177,POTEH,False,False,False,False,False
16178,AKR1B10,True,False,False,True,False
16179,SULT1C4,True,False,False,False,False
16180,CYP2A7,True,False,False,False,False
16181,ZBTB14,True,False,False,False,True
16182,KRTAP9-9,True,False,False,False,False
16183,CD2AP,True,True,True,True,True
16184,NUP62CL,True,False,False,False,False
16185,SFI1,True,True,True,True,True
16186,KRTAP4-6,True,False,False,False,False
16187,TMPRSS11F,True,False,False,False,False
16188,ZNF649,True,False,False,False,False
16189,ADH4,True,False,False,False,False
16190,OR2T6,True,False,False,False,False
16191,ZNF248,True,True,True,True,True
16192,CHSY3,True,False,False,False,False
16193,TOR4A,True,True,True,True,False
16194,LPAR1,True,False,True,False,False
16195,MB,True,False,False,False,False
16196,OR2L3,True,False,False,False,False
16197,HIBCH,True,True,True,True,True
16198,ZNF544,True,True,True,False,False
16199,TMEM229B,True,False,False,False,False
16200,SOWAHC,True,False,False,True,False
16201,ZNF770,True,True,True,True,True
16202,HMGN5,True,True,False,False,True
16203,MIER1,True,True,True,True,True
16204,MAN1A2,True,True,True,True,True
16205,SVIP,True,True,True,True,True
16206,ZNF251,True,False,False,False,True
16207,DDRGK1,True,True,True,True,True
16208,FAM47C,True,False,False,False,False
16209,TFDP1,True,True,True,True,True
16210,CLEC4C,True,False,False,False,False
16211,ZNF607,True,False,False,False,False
16212,BPIFA1,True,False,False,False,False
16213,ZNF334,True,False,False,False,False
16214,HSD17B11,True,True,True,True,True
16215,SZT2,True,True,True,True,True
16216,SULT1C2,True,False,False,False,False
16217,ZXDA,True,False,False,False,False
16218,CACNA1E,True,False,False,False,False
16219,QRICH1,True,True,True,True,True
16220,CSF2RA,True,False,False,False,False
16221,FKBP1C,True,False,False,False,False
16222,DDX42,True,True,True,True,True
16223,SLC29A3,True,False,False,True,False
16224,STYX,True,True,True,True,True
16225,UBL5,True,True,True,True,True
16226,HELZ,True,True,True,True,True
16227,TMEM116,True,True,False,True,True
16228,KRTAP4-5,True,False,False,False,False
16229,UCKL1,True,True,True,True,True
16230,OR5B21,True,False,False,False,False
16231,CARD11,True,False,False,False,False
16232,ZNF485,True,False,False,False,False
16233,PEG3,True,False,False,True,False
16234,SDAD1,True,True,True,True,True
16235,ZKSCAN8,True,True,True,True,True
16236,PHETA1,True,False,False,True,False
16237,TMEM239,True,False,False,False,False
16238,HYLS1,True,True,False,False,False
16239,MYL4,True,True,False,False,False
16240,ZNF442,True,False,False,False,False
16241,ZNF813,True,False,False,False,False
16242,HOXC4,True,False,False,False,False
16243,DCAF12L2,True,False,False,False,False
16244,PIM3,True,True,True,True,True
16245,GET3,True,True,True,True,True
16246,ASPH,True,False,True,True,True
16247,SPRED2,True,True,True,True,True
16248,WWP2,True,False,False,True,True
16249,GFPT1,True,True,True,True,True
16250,UVRAG,True,True,True,True,True
16251,KRTAP13-1,True,False,False,False,False
16252,ZNF26,True,True,True,True,True
16253,TMEM207,True,False,False,False,False
16254,ITSN2,True,True,True,True,True
16255,NTRK1,True,True,False,False,False
16256,OGA,True,True,True,True,True
16257,MT1F,True,True,False,False,False
16258,TCAF1,True,True,True,True,True
16259,ZNF69,True,False,False,False,False
16260,TXNRD1,True,True,True,True,True
16261,NRARP,True,True,False,True,False
16262,ZNF583,True,False,False,False,True
16263,KRTAP4-1,True,False,False,False,False
16264,CCT8L2,True,False,False,False,False
16265,ZNF568,True,False,False,False,False
16266,ZXDB,True,False,False,False,False
16267,ZNF480,True,True,True,True,True
16268,ZNF587,True,True,True,True,True
16269,TPM2,True,False,True,False,False
16270,RTP2,True,False,False,False,False
16271,SH3BGRL2,True,False,False,True,False
16272,ZNF808,True,False,False,False,False
16273,ANKRD35,True,False,False,False,False
16274,B3GNT6,True,False,False,False,False
16275,YTHDF2,True,True,True,True,True
16276,TMA16,True,True,True,True,True
16277,ATL1,True,False,False,False,False
16278,CNGA1,True,False,False,False,False
16279,MAFK,True,False,True,True,True
16280,ARMH1,True,False,False,False,False
16281,ZNF43,True,False,False,False,True
16282,GPN1,True,True,True,True,True
16283,PLN,True,False,False,False,False
16284,C2CD4A,True,False,False,False,False
16285,ZNF28,True,True,False,False,False
16286,ITGBL1,True,False,True,False,False
16287,ZNF511,True,True,True,True,True
16288,ZNF627,True,False,False,False,False
16289,KCNRG,True,False,False,False,False
16290,WDHD1,True,True,True,True,True
16291,ZNF789,True,True,False,True,True
16292,CTNND1,True,True,True,True,False
16293,DDX39B,True,True,True,True,True
16294,SLC34A3,True,False,False,False,False
16295,RD3,True,False,False,False,False
16296,SPANXC,False,False,False,False,False
16297,SH2D1B,True,False,False,False,False
16298,ARC,True,False,False,False,False
16299,NUDT16,True,True,True,True,False
16300,TLK1,True,True,True,True,True
16301,LRBA,True,True,True,True,True
16302,ZNF536,True,False,False,False,False
16303,MMP17,True,False,False,False,False
16304,OR2M2,False,False,False,False,False
16305,BAZ1A,True,True,True,True,True
16306,AKR1C4,True,False,False,False,False
16307,COPS8,True,True,True,True,True
16308,CCDC69,True,True,False,True,False
16309,MDM4,True,True,True,True,True
16310,RYR2,True,False,False,False,False
16311,ZNF534,True,False,False,False,False
16312,KLHL9,True,False,True,True,False
16313,FAM3D,True,False,False,False,False
16314,NCOA6,True,True,True,True,True
16315,STK39,True,True,True,True,True
16316,TAT,True,False,False,False,False
16317,C6orf89,True,True,True,True,True
16318,CALM1,True,True,True,True,True
16319,TAFA2,True,True,False,False,False
16320,OR10G6,True,False,False,False,False
16321,TTC37,True,True,True,True,True
16322,OR5BS1P,True,False,False,False,False
16323,TUSC1,True,False,False,False,False
16324,MAGEA1,True,False,False,False,False
16325,PAPSS2,True,False,True,False,False
16326,SLC9A6,True,False,False,False,False
16327,FAN1,True,True,True,True,True
16328,ABCA4,True,False,False,False,False
16329,EIF1AY,True,False,False,True,True
16330,MT-ND6,True,True,True,True,True
16331,IPO9,True,True,True,True,True
16332,GPX6,True,False,False,False,False
16333,CEP290,True,True,True,True,True
16334,MT-CO2,True,True,True,True,True
16335,GLMP,True,True,True,True,True
16336,TOGARAM1,True,True,True,True,False
16337,DLL1,True,False,False,False,False
16338,ANKRD13B,True,False,False,False,False
16339,ECI2,True,True,True,True,True
16340,UNC13B,True,False,False,True,True
16341,TEX45,True,False,False,False,False
16342,MT-CYB,True,True,True,True,True
16343,LDB1,True,True,True,True,True
16344,PPP1R14C,True,False,False,False,False
16345,CTR9,True,True,True,True,True
16346,SMOC1,True,False,False,False,False
16347,F5,True,False,False,True,False
16348,MSRB1,True,True,True,True,True
16349,LRRTM3,True,False,False,False,False
16350,ZNF652,True,True,True,True,True
16351,SMURF1,True,True,True,True,True
16352,SLC5A3,True,True,True,True,True
16353,GPATCH3,True,True,False,True,True
16354,CDC42BPB,True,True,True,True,False
16355,OXCT2,True,False,False,False,False
16356,COLGALT2,True,True,False,True,False
16357,EPS8L3,True,False,False,True,False
16358,EGFL6,True,False,False,False,False
16359,MT-ND2,True,True,True,True,True
16360,SYCP1,True,False,False,False,False
16361,APCDD1L,True,False,False,False,False
16362,RCSD1,True,True,False,False,True
16363,RASSF9,True,False,False,False,False
16364,FAM169A,True,False,False,True,True
16365,ZNF830,True,True,True,True,True
16366,GRIN3A,True,False,False,False,False
16367,MT-ND5,True,True,True,True,True
16368,MUC2,True,False,False,False,False
16369,CNOT7,True,True,True,True,True
16370,TMEM184B,True,False,True,True,True
16371,MTOR,True,True,True,True,True
16372,SCAMP5,True,False,False,True,False
16373,ZNF521,True,False,False,False,True
16374,ALPK2,True,False,False,True,False
16375,BRINP2,True,False,False,False,False
16376,MAGEB3,True,False,False,False,False
16377,LRIG2,True,True,True,True,True
16378,MT-CO1,False,True,True,True,True
16379,PNP,True,True,True,True,True
16380,PAX9,True,False,False,False,False
16381,LRRC10,True,False,False,False,False
16382,GK,False,False,False,True,False
16383,FOXJ3,True,True,True,True,True
16384,ZNF358,True,True,True,True,False
16385,SFT2D1,True,True,True,True,True
16386,CD247,True,False,False,False,True
16387,GRM3,True,False,False,False,False
16388,CHAMP1,True,True,True,True,True
16389,INPP5F,True,False,True,True,True
16390,ARHGAP11A,True,True,True,True,True
16391,SUCNR1,True,False,False,False,False
16392,SELENOM,True,False,True,False,False
16393,UBE2J1,True,True,True,True,True
16394,GJC2,True,False,False,False,False
16395,OPA1,True,True,True,True,True
16396,DENND4B,True,True,True,True,True
16397,RYR3,True,False,False,False,False
16398,ZNF277,True,True,True,True,True
16399,MT-ND3,True,True,True,True,True
16400,KTI12,True,True,True,True,True
16401,DUSP27,True,False,False,False,False
16402,SELENOT,True,True,True,True,True
16403,ARHGEF15,True,False,False,False,False
16404,TOX,True,False,False,False,True
16405,CES1,True,False,False,False,False
16406,CD3E,True,False,False,False,True
16407,RUSC2,True,False,True,False,False
16408,C1orf68,True,False,False,False,False
16409,FICD,True,False,True,False,False
16410,OSTC,True,True,True,True,True
16411,R3HDM4,True,True,True,True,True
16412,TSEN15,True,True,True,True,True
16413,LTN1,True,True,True,True,True
16414,RUNDC1,True,True,True,True,True
16415,CCDC152,True,False,True,False,True
16416,STKLD1,True,False,False,False,False
16417,GRK5,True,False,False,True,False
16418,TYW1,True,True,True,True,True
16419,DCAF12,True,True,True,True,True
16420,SFMBT2,True,True,False,False,True
16421,ASB12,True,False,False,False,False
16422,PNMA5,True,False,False,False,False
16423,ITPRIPL1,True,False,False,True,True
16424,MT-ND4,True,True,True,True,True
16425,SMC5,True,True,True,True,True
16426,MT-ND1,True,True,True,True,True
16427,DCAF12L1,True,False,False,False,False
16428,PRMT6,True,True,True,True,True
16429,SHISA4,True,False,True,False,False
16430,CIPC,True,False,False,False,True
16431,CAPZA2,True,True,True,True,True
16432,MT-ATP6,True,True,True,True,True
16433,TOP1,True,True,True,True,True
16434,PRC1,True,True,True,True,True
16435,MAP3K3,True,True,True,True,True
16436,L1CAM,True,False,False,False,False
16437,SREBF2,True,True,False,True,True
16438,C1orf174,True,True,True,True,True
16439,POU3F3,True,False,False,False,False
16440,RASGEF1A,True,False,False,False,False
16441,SPOUT1,True,True,True,True,True
16442,DZIP3,True,False,True,True,True
16443,KIAA0753,True,False,True,True,True
16444,DCLRE1A,True,True,True,True,True
16445,ATG9A,True,True,True,True,False
16446,NOS1AP,True,False,False,True,False
16447,CSAG1,True,True,False,False,False
16448,APRT,True,True,True,True,True
16449,GPRASP1,True,False,False,False,False
16450,TBKBP1,True,False,False,False,False
16451,MAGEE1,True,False,False,False,False
16452,CCDC167,True,True,True,True,True
16453,MT-CO3,True,True,True,True,True
16454,ZFP2,True,False,False,False,False
16455,SOWAHA,True,False,False,False,False
16456,L3MBTL3,True,False,False,False,True
16457,DMD,True,False,True,True,False
16458,MFAP3L,True,False,False,False,False
16459,NAGA,True,True,False,True,False
16460,SMG5,True,True,True,True,True
16461,KIF1BP,True,True,True,True,True
16462,TGM2,True,False,True,True,False
16463,ARMCX6,True,True,True,True,True
16464,PJA2,True,True,True,True,True
16465,RORB,True,False,False,False,True
16466,SGMS1,True,True,False,True,False
16467,OR10R2,True,False,False,False,False
16468,OR10Z1,True,False,False,False,False
16469,INF2,True,True,True,True,True
16470,IQANK1,True,False,False,False,False
16471,GP1BB,True,True,False,False,False
16472,OR2T5,False,False,False,False,False
16473,OR2L2,True,False,False,False,False
16474,EFCAB2,True,True,True,True,False
16475,COX20,True,True,True,True,True
16476,CHML,True,True,True,True,True
16477,STUM,True,False,False,False,False
16478,TCP10,False,False,False,False,False
16479,CAPN8,True,False,False,False,False
16480,TATDN3,True,True,True,True,True
16481,CR1,True,False,False,False,False
16482,RAET1G,True,False,False,False,False
16483,C1orf53,True,False,True,True,False
16484,SAMD5,True,False,False,False,False
16485,TEDDM1,True,False,False,False,False
16486,GJE1,True,False,False,False,False
16487,ECT2L,True,False,False,False,False
16488,METTL11B,True,False,False,False,False
16489,FCGR3A,True,False,False,False,False
16490,TMEM244,True,False,False,False,False
16491,OR6K3,True,False,False,False,False
16492,CENPW,True,True,True,True,True
16493,SPRN,True,False,False,False,False
16494,FAM229B,True,True,True,True,True
16495,FANK1,True,False,False,False,False
16496,LOR,True,False,False,False,False
16497,PRR9,True,False,False,False,False
16498,LELP1,True,False,False,False,False
16499,SPRR2E,True,False,False,False,False
16500,KPRP,True,False,False,False,False
16501,EEF1AKMT2,True,True,True,True,True
16502,FAM24A,True,False,False,False,False
16503,DDO,True,False,False,False,False
16504,PLPP4,True,False,True,False,False
16505,PNLIPRP3,True,False,False,False,False
16506,HSD3B1,True,False,False,False,False
16507,HSD3B2,True,False,False,False,False
16508,RBM20,True,False,False,False,False
16509,SMIM9,True,False,False,False,False
16510,C6orf163,True,False,False,False,False
16511,RIPPLY2,True,False,False,False,False
16512,GDI1,True,True,True,True,True
16513,PCMTD2,True,True,True,True,True
16514,SOX18,True,True,False,True,False
16515,LIME1,True,False,False,True,True
16516,OOEP,True,False,False,False,False
16517,KHDC3L,True,False,False,False,False
16518,DPPA5,True,False,False,False,False
16519,C1orf146,True,False,False,False,False
16520,SPANXN1,True,False,False,False,False
16521,CXorf66,True,False,False,False,False
16522,C10orf62,True,False,False,False,False
16523,SAMD13,True,False,False,False,False
16524,RTL8A,True,True,True,False,True
16525,CCDC160,True,False,False,False,False
16526,C1orf141,True,False,False,False,False
16527,EFCAB7,True,False,False,False,True
16528,DEFB110,True,False,False,False,False
16529,GLYATL3,True,False,False,False,False
16530,LDLRAD1,True,False,False,True,False
16531,RHOXF2B,True,True,False,False,False
16532,ZYG11A,True,True,False,False,False
16533,LCN8,True,False,False,False,False
16534,C1orf185,True,False,False,False,False
16535,GLT6D1,True,False,False,False,False
16536,IFIT1B,True,False,False,False,False
16537,CT83,True,False,False,False,False
16538,LIPN,True,False,False,False,False
16539,LIPK,True,False,False,False,False
16540,LIPJ,True,False,False,False,False
16541,TRPC5OS,True,False,False,False,False
16542,LRIT2,True,False,False,False,False
16543,LRRC73,True,False,False,False,False
16544,FOXO6,True,False,False,False,False
16545,TCEAL5,True,False,False,False,False
16546,SYS1,True,True,True,True,True
16547,TCEAL6,True,False,False,False,False
16548,INPP5B,True,True,False,False,True
16549,RPA4,True,False,False,False,False
16550,NEU4,True,False,False,True,False
16551,MAFB,True,False,False,False,False
16552,TRAF3IP1,True,True,True,True,True
16553,CHIC1,True,False,False,False,False
16554,GIGYF2,True,True,True,True,True
16555,C2orf72,True,False,False,True,False
16556,RUFY2,True,True,True,True,True
16557,NHSL2,True,False,False,False,False
16558,PHACTR4,True,True,True,True,True
16559,CLPSL1,True,False,False,False,False
16560,ASAH2B,False,False,False,False,False
16561,ZDHHC18,True,True,False,True,True
16562,TMEM273,True,True,False,False,False
16563,CXorf65,True,False,False,False,False
16564,AGAP9,False,False,False,False,False
16565,GPRIN2,True,False,False,False,False
16566,SYT15,False,False,False,False,False
16567,MACO1,True,True,True,True,True
16568,PTPN20,True,False,False,False,False
16569,GDF5OS,True,False,False,False,False
16570,ZDBF2,True,False,True,False,False
16571,TXNDC8,True,False,False,False,False
16572,AWAT1,True,False,False,False,False
16573,DAXX,True,True,True,True,True
16574,BMPR2,True,True,True,True,True
16575,TCEA3,True,False,False,True,False
16576,PFDN6,True,True,True,True,True
16577,RING1,True,True,True,True,True
16578,HSD17B8,True,False,False,True,True
16579,RXRB,True,True,True,True,True
16580,OXLD1,True,True,True,True,True
16581,OR13C3,True,False,False,False,False
16582,COL11A2,True,False,False,False,False
16583,BRD2,True,True,True,True,True
16584,COL5A2,True,False,True,False,False
16585,PSMB8,True,False,True,True,True
16586,TAP2,True,False,True,False,True
16587,SPIN3,True,False,False,False,False
16588,NBDY,True,True,True,True,True
16589,TMEM235,True,False,False,False,False
16590,PAGE3,True,False,False,False,False
16591,BTNL2,True,False,False,False,False
16592,COL15A1,True,False,False,False,False
16593,TSBP1,True,False,False,False,False
16594,TMEM225,True,False,False,False,False
16595,PBX2,True,True,True,True,True
16596,AGER,True,False,False,False,False
16597,RNF5,True,True,True,True,True
16598,AGPAT1,True,True,True,True,True
16599,PJVK,True,False,False,False,False
16600,PRRT1,True,False,False,False,False
16601,FKBPL,True,True,False,True,True
16602,SMIM5,True,False,False,False,False
16603,ERICH2,True,False,False,False,False
16604,SP5,True,False,False,True,False
16605,STK19,True,True,True,True,True
16606,CD300LD,True,False,False,False,False
16607,BTBD17,True,False,False,False,False
16608,DXO,True,True,False,True,True
16609,SKIV2L,True,True,True,True,True
16610,C9orf129,True,False,False,False,False
16611,NELFE,True,True,True,True,True
16612,NXPE2,True,False,False,False,False
16613,SPANXN5,True,False,False,False,False
16614,ZBTB12,True,False,False,False,False
16615,EHMT2,True,True,True,True,True
16616,LAYN,True,False,True,False,False
16617,SLC44A4,True,False,False,True,False
16618,NEU1,True,True,True,True,True
16619,SNHG32,True,True,True,True,True
16620,HSPA1B,True,True,True,True,False
16621,HSPA1A,True,True,True,True,False
16622,HSPA1L,True,False,False,False,False
16623,LSM2,True,True,True,True,True
16624,VARS,True,True,True,True,True
16625,VWA7,True,False,False,False,False
16626,CARD16,True,False,False,False,False
16627,MBD5,True,True,True,True,True
16628,MSH5,True,False,False,False,True
16629,CSHL1,True,False,False,False,False
16630,MPIG6B,True,True,False,False,False
16631,LY6G6C,True,False,False,False,False
16632,LY6G6F,True,False,False,False,False
16633,ABHD16A,True,True,True,True,True
16634,LY6G5C,True,False,False,False,False
16635,CSNK2B,True,True,True,True,True
16636,GPANK1,True,True,True,True,True
16637,C6orf47,True,True,True,True,True
16638,FAM155A,True,False,True,False,False
16639,APOM,True,False,False,True,False
16640,TRIM49C,False,False,False,False,False
16641,TRIM64,False,False,False,False,False
16642,BAG6,True,True,True,True,True
16643,PRRC2A,True,True,True,True,True
16644,AIF1,True,True,False,False,True
16645,NCR3,True,False,False,False,False
16646,PRAMEF20,True,False,False,False,False
16647,PRAMEF17,False,False,False,False,False
16648,PRAMEF19,True,False,False,False,False
16649,PRAMEF14,True,False,False,False,False
16650,LST1,True,True,False,False,True
16651,NFKBIL1,True,True,True,True,True
16652,PRAMEF15,True,False,False,False,False
16653,PRAMEF9,False,False,False,False,False
16654,PRAMEF7,False,False,False,False,False
16655,MCCD1,True,False,False,False,False
16656,ZNF814,True,False,False,False,False
16657,MICB,True,True,False,True,True
16658,AADACL4,True,False,False,False,False
16659,ZNF551,True,False,False,False,True
16660,MICA,True,False,True,True,False
16661,ZNF805,True,False,False,False,True
16662,POU5F1,True,False,False,False,False
16663,ZSCAN5C,True,False,False,False,False
16664,CCHCR1,True,True,True,True,True
16665,PSORS1C2,True,False,False,False,False
16666,CDSN,True,False,False,False,False
16667,PSORS1C1,True,False,False,False,False
16668,C6orf15,True,False,False,False,False
16669,MUC21,True,False,False,False,False
16670,DEFB121,True,False,False,False,False
16671,DHX16,True,True,True,True,True
16672,C6orf136,True,True,True,True,True
16673,PPP1R10,True,True,True,True,True
16674,KRTAP5-11,False,False,False,False,False
16675,KRTAP5-10,True,False,False,False,False
16676,ABCF1,True,True,True,True,True
16677,PRR3,True,True,True,True,True
16678,DDR1,True,False,True,True,False
16679,LRCOL1,True,False,False,False,False
16680,GNL1,True,True,True,True,True
16681,DPRX,True,False,False,False,False
16682,TRIM39,True,False,False,False,False
16683,ZNF468,True,False,False,False,False
16684,TRIM15,True,False,False,True,False
16685,ZNF616,True,False,False,False,False
16686,FOXB2,True,False,False,False,False
16687,TRIM10,True,False,False,False,False
16688,TRIM40,True,False,False,False,False
16689,TRIM31,True,False,False,False,False
16690,RNF39,True,False,False,False,False
16691,PPP1R11,True,True,True,True,True
16692,DISP3,True,False,False,False,False
16693,RACK1,True,True,True,True,True
16694,TBC1D8,True,False,False,True,False
16695,NMS,True,False,False,False,False
16696,ZFP57,True,False,False,False,False
16697,ASPDH,True,False,False,False,False
16698,MOG,True,False,False,False,False
16699,OR2H2,True,False,False,False,False
16700,CBY3,True,False,False,False,False
16701,C5orf60,True,False,False,False,False
16702,C9orf57,True,False,False,False,False
16703,IL31,True,False,False,False,False
16704,AKT1S1,True,True,True,True,True
16705,GABBR1,True,False,False,False,False
16706,MIR1915HG,True,False,False,True,False
16707,MAS1L,True,False,False,False,False
16708,OR2H1,True,False,False,False,False
16709,OR11A1,True,False,False,False,False
16710,OR14J1,True,False,False,False,False
16711,OR2J2,True,False,False,False,False
16712,OR2J3,True,False,False,False,False
16713,OR2J1,False,False,False,False,False
16714,OR2B3,True,False,False,False,False
16715,OR2W1,True,False,False,False,False
16716,SPDYC,True,True,False,False,False
16717,C9orf135,True,False,False,False,False
16718,TRIM27,True,True,True,True,True
16719,MALRD1,True,False,False,False,False
16720,RANBP17,True,False,False,False,False
16721,INSYN2B,True,False,True,False,False
16722,FOXD4L5,True,False,False,False,False
16723,TTC25,True,False,False,False,False
16724,MROH6,True,False,False,False,False
16725,ATXN2,True,True,True,True,True
16726,DCTN1,True,True,True,True,True
16727,SPATA31A1,True,False,False,False,False
16728,PNMA8B,True,False,False,False,False
16729,TCTN1,True,True,True,True,True
16730,FAM216A,True,True,True,True,True
16731,ZBTB48,True,True,False,True,True
16732,IGFL2,True,False,False,False,False
16733,IGFL4,True,False,False,False,False
16734,KRTAP9-3,True,False,False,False,False
16735,KRTAP4-8,False,False,False,False,False
16736,GPR20,True,False,False,False,False
16737,KRTAP1-4,True,False,False,False,False
16738,KRT40,True,False,False,False,False
16739,KRT25,True,False,False,False,False
16740,MZT1,True,True,True,True,True
16741,SPINK9,True,False,False,False,False
16742,LRRC3C,True,False,False,False,False
16743,ZNF155,True,False,False,False,False
16744,UQCC3,True,True,True,True,True
16745,FBXO48,True,False,False,False,True
16746,GRXCR2,True,False,False,False,False
16747,FAM221B,True,False,False,False,False
16748,CD177,True,False,False,False,False
16749,PSG5,True,False,False,False,False
16750,ZNF783,True,False,False,False,True
16751,ZNF425,True,False,False,False,False
16752,LRRC10B,True,False,False,False,False
16753,FBXO47,True,False,False,False,False
16754,C12orf73,True,True,True,True,True
16755,PCDHGA1,True,False,False,False,False
16756,PCDHA9,True,False,False,False,False
16757,PCDHA8,True,False,False,False,False
16758,PCDHA7,True,False,False,False,False
16759,PCDHA5,True,False,False,False,False
16760,PCDHA4,True,False,False,False,False
16761,PCDHA2,True,False,False,False,False
16762,PCDHA1,True,False,False,False,False
16763,TRIM13,True,True,True,True,True
16764,ERICH4,True,False,False,False,False
16765,MS4A13,True,False,False,False,False
16766,PRSS1,True,False,False,False,False
16767,SPIRE2,True,False,False,True,False
16768,AARD,True,False,False,False,False
16769,PABPN1L,True,False,False,False,False
16770,OR5D16,True,False,False,False,False
16771,OR5L2,True,False,False,False,False
16772,SLFN12L,True,False,False,False,False
16773,CLLU1OS,True,False,False,False,False
16774,SLC35B4,True,True,True,True,True
16775,LGALS7,False,False,False,False,False
16776,SYCE1L,True,False,False,False,False
16777,TMEM231,True,False,False,False,False
16778,FAM71F2,True,False,False,False,False
16779,C2orf91,True,False,False,False,False
16780,CCNI2,True,False,False,False,False
16781,TMEM240,True,False,False,False,False
16782,FRG2,True,False,False,False,False
16783,FAM205A,True,False,False,False,False
16784,CDKL4,True,False,False,False,False
16785,TMEM88B,True,False,False,False,False
16786,ACCSL,True,False,False,False,False
16787,C4orf47,True,False,False,False,False
16788,TRIQK,True,False,True,True,True
16789,SDHAF1,True,True,True,True,True
16790,ARID3C,True,False,False,False,False
16791,PSENEN,True,True,True,True,True
16792,C11orf91,True,False,False,False,False
16793,FABP9,True,False,False,False,False
16794,ZBTB10,True,True,False,True,True
16795,C4orf46,True,True,True,True,True
16796,SCGB2B2,True,False,False,False,False
16797,CCDC144NL,False,False,False,False,False
16798,LGR4,True,True,True,True,False
16799,PSMB10,True,True,True,True,True
16800,VIT,True,False,False,False,False
16801,E2F4,True,True,True,True,True
16802,PDE7A,True,True,True,True,True
16803,TMEM170B,True,False,False,False,True
16804,MUC12,True,False,False,False,False
16805,CTXN3,True,False,False,False,False
16806,MGAT4D,True,False,False,False,False
16807,SNX2,True,True,True,True,True
16808,SAP25,True,False,False,False,False
16809,NT5M,True,False,False,False,True
16810,SARNP,True,True,True,True,True
16811,OR6C68,True,False,False,False,False
16812,OR6C65,True,False,False,False,False
16813,OR6C3,True,False,False,False,False
16814,OR6C1,True,False,False,False,False
16815,ADGRG1,True,False,False,True,False
16816,TECPR1,True,False,True,True,True
16817,MT1H,True,False,False,False,False
16818,SLCO6A1,True,False,False,False,False
16819,MT1A,True,False,False,False,False
16820,INSYN1,True,False,False,False,False
16821,MT1M,True,False,True,False,False
16822,CFI,True,False,False,True,False
16823,SAMD9,True,False,False,False,True
16824,KRT6A,True,False,False,False,False
16825,CNEP1R1,True,False,False,True,True
16826,KRT81,False,False,True,False,False
16827,EXOC3L4,True,False,False,True,False
16828,KRTAP12-3,True,False,False,False,False
16829,IZUMO3,True,False,False,False,False
16830,KRTAP10-2,True,False,False,False,False
16831,TP53TG3D,False,False,False,False,False
16832,ATP6AP1L,True,False,False,False,True
16833,CCDC85C,True,False,True,True,False
16834,OR52J3,True,False,False,False,False
16835,OR51A2,True,False,False,False,False
16836,OR51A4,True,False,False,False,False
16837,C2CD4B,True,False,False,False,False
16838,RGL3,True,False,False,False,False
16839,NAP1L4,True,True,True,True,True
16840,TMSB4X,True,True,True,False,True
16841,TMEM256,True,True,True,True,True
16842,C9orf92,True,False,False,False,False
16843,CPT1B,True,False,False,False,False
16844,HMGN1,True,True,True,True,True
16845,MUC19,True,False,False,False,False
16846,DENND6B,True,False,False,False,False
16847,EIF3CL,False,False,False,False,False
16848,LCMT1,True,True,True,True,True
16849,MFSD2B,True,False,False,False,False
16850,VCX3B,False,False,False,False,False
16851,CDPF1,True,False,False,False,True
16852,HTN3,True,False,False,False,False
16853,LIN52,True,False,False,True,True
16854,ARSH,True,False,False,False,False
16855,ACOT6,True,False,False,False,False
16856,TECRL,True,False,False,False,False
16857,DPF3,True,False,False,False,True
16858,MANSC4,True,False,False,False,False
16859,C17orf107,True,False,False,False,False
16860,ITSN1,True,True,True,True,True
16861,ITPRIPL2,True,False,True,True,False
16862,DENND1C,True,False,False,False,True
16863,CRLF2,True,False,False,False,False
16864,CRYZL1,True,True,True,True,True
16865,C5orf51,True,True,True,True,True
16866,GAGE1,True,False,False,False,False
16867,ARRDC5,True,False,False,False,False
16868,CYS1,True,False,False,False,False
16869,PLPP6,True,False,False,True,False
16870,KLRC2,False,False,False,False,False
16871,KLRC3,True,False,False,False,False
16872,C16orf96,True,False,False,False,False
16873,GMNC,True,False,False,False,False
16874,TTC23L,True,False,False,False,False
16875,CLEC6A,True,False,False,False,False
16876,C22orf42,True,False,False,False,False
16877,NANOGNB,True,False,False,False,False
16878,LRRC72,True,False,False,False,False
16879,C1QTNF9B,False,False,False,False,False
16880,KRTAP5-6,True,False,False,False,False
16881,KRTAP5-2,True,False,False,False,False
16882,KRTAP5-1,True,False,False,False,False
16883,DEFB134,True,False,False,False,False
16884,DEFB135,True,False,False,False,False
16885,DEFB136,True,False,False,False,False
16886,BHLHA9,True,False,False,False,False
16887,ZNF316,True,True,False,False,True
16888,ONECUT3,True,False,False,False,False
16889,CEMP1,True,False,False,False,False
16890,OLIG2,True,False,False,False,False
16891,RNPS1,True,True,True,True,True
16892,DAZ2,True,False,False,False,False
16893,NYNRIN,True,False,False,False,False
16894,DNAJC19,False,True,True,True,True
16895,IFITM5,True,False,False,False,False
16896,SMIM21,True,False,False,False,False
16897,C18orf63,True,False,False,False,False
16898,DOK6,True,False,False,True,False
16899,JPT2,True,True,True,True,True
16900,TMEM211,True,False,False,False,False
16901,SERPINB11,True,False,False,False,False
16902,SERPINB4,True,False,False,False,False
16903,SERPINB5,True,False,False,False,False
16904,ZDHHC11B,True,False,False,False,False
16905,KRTAP19-8,True,False,False,False,False
16906,KRTAP20-3,True,False,False,False,False
16907,KRTAP20-4,True,False,False,False,False
16908,KRTAP22-2,True,False,False,False,False
16909,KRTAP27-1,True,False,False,False,False
16910,CFAP99,True,False,False,False,False
16911,GOLGA8O,True,False,False,False,False
16912,TMEM191C,False,False,False,True,False
16913,RNASE13,True,False,False,False,False
16914,HBA1,False,True,False,False,False
16915,HBM,True,False,False,False,False
16916,ELOA2,True,False,False,False,False
16917,ATP10A,True,False,False,True,False
16918,ANKUB1,True,False,False,False,False
16919,TSSK2,True,False,False,False,False
16920,PRR23A,True,False,False,False,False
16921,FOXL2NB,True,False,False,False,False
16922,COL6A6,True,False,False,False,False
16923,RAB12,True,False,True,True,False
16924,LRRC30,True,False,False,False,False
16925,TMEM200C,True,False,False,False,False
16926,OR10C1,True,False,False,False,False
16927,HACD2,True,False,True,True,True
16928,CFAP44,True,False,False,False,False
16929,CD200R1L,True,False,False,False,False
16930,LNP1,True,False,False,False,False
16931,OR5K3,True,False,False,False,False
16932,VGLL3,True,False,True,False,False
16933,TRIM71,True,True,False,True,False
16934,ZCWPW2,True,False,False,False,False
16935,ANKRD28,True,True,True,True,True
16936,COLQ,True,False,False,False,False
16937,METTL6,True,True,True,True,True
16938,XKR4,True,False,False,False,False
16939,GPX3,True,False,False,True,False
16940,DIO2,True,False,True,False,False
16941,SELENOH,True,True,True,False,True
16942,DIO1,True,False,False,True,False
16943,STK38L,True,True,True,True,True
16944,SACM1L,True,True,True,True,True
16945,TSN,True,True,True,True,True
16946,SLC48A1,True,True,True,True,True
16947,IGKC,True,False,False,False,False
16948,IGLC1,True,False,False,False,False
16949,IGLC2,False,False,False,False,False
16950,IGLC3,False,False,False,False,False
16951,IGLC7,True,False,False,False,False
16952,TRGJP2,True,False,False,False,False
16953,TRGC1,True,False,False,False,False
16954,TRGJP1,True,False,False,False,False
16955,TRBC1,True,False,False,False,True
16956,TRBC2,True,False,False,False,True
16957,TRDC,True,False,False,False,False
16958,IGHA2,True,False,False,False,False
16959,IGHE,True,False,False,False,False
16960,IGHG2,False,False,False,False,False
16961,IGHA1,False,False,False,False,False
16962,IGHG1,True,False,False,False,False
16963,IGHG3,False,False,False,False,False
16964,IGHD,True,False,False,False,False
16965,IGHM,True,False,False,False,False
16966,TSSK1B,True,False,False,False,False
16967,PRR22,True,False,False,False,False
16968,TAS2R50,True,False,False,False,False
16969,TAS2R14,True,False,False,False,False
16970,KRTAP16-1,True,False,False,False,False
16971,KRTAP29-1,True,False,False,False,False
16972,KRTAP9-6,False,False,False,False,False
16973,CTAGE1,True,False,False,False,False
16974,LINC02693,True,False,True,True,True
16975,KRTAP4-11,True,False,False,False,False
16976,KRTAP4-9,False,False,False,False,False
16977,KRTAP2-3,True,False,True,False,False
16978,RTL8B,True,False,False,False,False
16979,OR2A42,False,False,False,False,False
16980,RNF208,True,True,False,True,True
16981,KRTAP3-3,True,False,False,False,False
16982,KRTAP3-2,True,False,False,False,False
16983,KRTAP3-1,True,False,False,False,False
16984,MT-ND4L,True,True,True,True,True
16985,MAP10,True,False,False,False,False
16986,KRTAP12-4,True,False,False,False,False
16987,KRTAP10-3,True,False,False,False,False
16988,KRTAP6-3,True,False,False,False,False
16989,POU5F1B,True,False,False,False,False
16990,ZNF580,True,True,True,True,True
16991,ZNF611,False,True,False,False,True
16992,KLK9,True,False,False,False,False
16993,SYT3,True,False,False,False,False
16994,NUP62,True,True,True,True,True
16995,DENND1B,True,True,True,False,True
16996,SFT2D2,True,True,True,True,True
16997,FGFR1OP,True,True,True,True,True
16998,SCAF8,True,True,True,True,True
16999,CFAP45,True,False,False,False,False
17000,ACKR1,True,False,False,False,False
17001,ZNF254,True,True,True,False,True
17002,TCTEX1D2,True,True,True,True,True
17003,CRYGS,True,False,False,False,False
17004,CRIP1,True,False,False,True,True
17005,KLHL23,True,True,True,True,True
17006,LINGO4,True,False,False,False,False
17007,FAM24B,True,True,False,True,True
17008,TRIM59,True,True,True,False,True
17009,MLLT11,True,True,True,True,True
17010,ASIC3,True,False,False,False,False
17011,GIMAP1,True,False,False,False,True
17012,CCDC183,True,False,False,True,False
17013,ARHGEF35,True,False,False,False,False
17014,OR2F1,True,False,False,False,False
17015,CSH2,True,False,False,False,False
17016,DNLZ,True,False,False,False,False
17017,TCL1B,True,False,False,False,False
17018,SUPT4H1,True,True,True,True,True
17019,TSGA13,True,False,False,False,False
17020,NRAS,True,True,True,True,True
17021,LTC4S,True,False,False,False,False
17022,ANKRD39,True,True,True,True,True
17023,QTRT1,True,True,True,True,True
17024,CHUK,True,True,True,True,True
17025,MXD3,True,True,True,True,True
17026,GSTM2,True,False,False,False,False
17027,COG8,True,True,True,True,True
17028,ARHGAP19,True,True,True,True,True
17029,HAUS7,False,False,False,True,False
17030,LCAT,True,False,False,True,False
17031,MAGEA12,True,True,False,False,False
17032,PVRIG,False,False,False,False,False
17033,KRTAP4-12,True,False,False,False,False
17034,KRTAP2-4,True,False,False,False,False
17035,GPC2,True,False,False,False,True
17036,KRT222,True,False,False,False,False
17037,SIPA1,True,True,False,True,True
17038,ERV3-1,False,True,True,True,True
17039,SYNJ2BP,True,True,True,True,True
17040,ARL2,True,True,True,True,True
17041,TTLL13P,True,False,False,False,False
17042,GBP7,True,False,False,False,False
17043,RBMXL1,True,True,True,True,True
17044,SRA1,True,True,True,True,True
17045,STIMATE,True,False,True,True,True
17046,DNAJC9,True,True,True,True,True
17047,C8orf82,True,True,True,True,True
17048,CPLX3,True,False,False,False,False
17049,VDAC1,True,True,True,True,True
17050,ZBTB9,True,False,False,False,False
17051,TMX2,True,True,True,True,True
17052,HEXA,True,True,True,True,True
17053,NDUFS3,True,True,True,True,True
17054,LEPROT,True,True,True,True,True
17055,LBH,True,False,True,False,True
17056,ADAT3,True,False,False,False,False
17057,PPP1CB,True,True,True,True,True
17058,GPSM3,True,True,False,False,True
17059,LAT,True,False,False,False,True
17060,NCKIPSD,True,False,True,True,False
17061,ATF6B,True,True,True,True,True
17062,S1PR3,True,False,False,False,True
17063,SLC35F6,True,True,True,True,True
17064,FAM209B,True,False,False,False,False
17065,CLIC1,True,True,True,True,True
17066,DDAH2,True,True,True,True,True
17067,UGT2B11,True,False,False,False,False
17068,ATP6V1G2,True,False,False,False,False
17069,ZNF134,True,False,False,False,True
17070,GTF2H4,True,True,True,True,True
17071,ZNF888,True,False,False,False,False
17072,ZNF845,False,False,False,False,False
17073,KLRK1,True,False,False,False,False
17074,EMP2,True,False,True,True,False
17075,KCTD11,True,False,False,False,False
17076,UBD,True,False,False,True,False
17077,PPM1N,True,True,False,False,False
17078,CEACAM16,True,False,False,False,False
17079,SLC23A3,True,False,False,False,False
17080,LTB4R,True,True,False,False,True
17081,LTB4R2,True,False,False,False,False
17082,DNASE1,True,False,False,True,True
17083,MDP1,True,True,True,True,True
17084,LEUTX,True,False,False,False,False
17085,CSNK1E,True,True,True,True,True
17086,CCL27,True,False,False,False,False
17087,IRF9,True,False,True,False,False
17088,GALT,True,False,False,True,True
17089,HBE1,False,False,False,False,False
17090,HBG1,True,True,False,False,False
17091,CLDN9,True,False,False,False,False
17092,ITGA1,True,False,True,True,False
17093,NUDT19,True,True,True,True,False
17094,ZNF726,False,False,False,False,False
17095,ZNF99,True,False,False,False,False
17096,TAX1BP3,True,False,True,True,True
17097,AP1G2,True,True,False,True,True
17098,ZNF90,True,False,False,False,False
17099,NAXD,True,True,True,True,True
17100,TM6SF2,True,False,False,False,False
17101,MEF2B,True,False,False,True,False
17102,GANC,True,False,False,True,False
17103,TTLL3,True,True,False,True,True
17104,REPIN1,True,True,True,True,True
17105,ZNF891,True,True,False,True,True
17106,IFNA7,True,False,False,False,False
17107,SMIM7,True,True,True,True,True
17108,FBXO16,True,False,False,False,False
17109,TSPAN4,True,True,True,True,True
17110,CPNE1,True,True,True,True,True
17111,ARL16,True,True,True,True,True
17112,SMCO1,True,False,False,False,False
17113,WEE2,True,False,False,False,False
17114,MAGEB1,True,False,False,False,False
17115,LYRM4,True,True,True,True,True
17116,MYCBP,True,True,True,True,True
17117,TMEM213,True,False,False,False,False
17118,PRCD,True,False,False,False,False
17119,ALG3,True,True,True,True,True
17120,SH3D21,True,True,True,False,False
17121,SMIM30,True,True,True,True,True
17122,C19orf38,True,False,False,False,False
17123,IQCJ,True,False,False,False,False
17124,C17orf67,True,False,False,False,True
17125,MINDY4B,True,False,False,False,False
17126,FIS1,True,True,True,True,True
17127,ANG,True,False,False,True,False
17128,SCART1,True,False,False,False,False
17129,NPS,True,False,False,False,False
17130,COLCA2,True,False,False,True,False
17131,C3orf56,True,False,False,False,False
17132,FOXI3,True,False,False,False,False
17133,SOGA3,True,False,False,False,False
17134,NEURL1B,True,False,False,False,False
17135,EFCAB9,True,False,False,False,False
17136,HAUS3,True,True,True,True,True
17137,VSTM5,True,False,False,False,False
17138,LCNL1,True,False,False,False,False
17139,BBIP1,True,True,True,True,True
17140,TRIM77,True,False,False,False,False
17141,GNAT3,True,False,False,False,False
17142,AS3MT,True,False,False,True,False
17143,PLIN5,True,False,False,False,False
17144,SEC14L6,True,False,False,False,False
17145,SPINK13,True,False,False,False,False
17146,HIGD1C,True,False,False,False,False
17147,NOTO,True,False,False,False,False
17148,PPME1,True,True,True,True,True
17149,KRTAP2-2,False,False,False,False,False
17150,STARD10,True,False,True,True,True
17151,ZNF705E,False,False,False,False,False
17152,NUTM2D,False,False,False,False,False
17153,CPEB1,True,True,False,False,False
17154,EML6,True,False,False,False,False
17155,DEFB113,False,False,False,False,False
17156,DEFB133,True,False,False,False,False
17157,ZNF727,True,False,False,False,False
17158,B3GNT10,True,False,False,False,False
17159,ZSWIM8,True,True,True,True,True
17160,IQCF5,True,False,False,False,False
17161,IQCF6,True,False,False,False,False
17162,C10orf105,True,False,False,False,False
17163,ARHGEF33,True,False,False,False,False
17164,C12orf71,True,False,False,False,False
17165,IFRD2,True,True,True,True,True
17166,CAPN14,True,False,False,False,False
17167,ZBED1,True,True,True,True,True
17168,AL096814.1,False,False,False,False,False
17169,TOMM6,True,True,True,True,True
17170,HNRNPUL2,True,True,True,True,True
17171,CSKMT,True,True,True,True,False
17172,MS4A18,True,False,False,False,False
17173,MS4A4E,True,False,False,False,False
17174,FER1L6,True,False,False,False,False
17175,CDRT15L2,True,False,False,False,False
17176,MTCP1,True,False,False,False,False
17177,RAD51AP2,True,False,False,False,False
17178,EVPLL,False,False,False,False,False
17179,DCDC2C,True,False,False,False,False
17180,SMTNL1,True,False,False,False,False
17181,TRIM64C,True,False,False,False,False
17182,PNMA6E,True,False,False,False,False
17183,SPATA31D1,True,False,False,False,False
17184,ZSWIM7,True,True,True,True,True
17185,GPR33,True,False,False,False,False
17186,ARHGEF28,True,False,True,True,False
17187,TBC1D26,False,False,False,False,False
17188,LRRC69,True,False,False,False,False
17189,CRPPA,True,False,False,False,False
17190,GSG1L2,True,False,False,False,False
17191,ACSM4,True,False,False,False,False
17192,RTL10,True,True,True,True,True
17193,COL28A1,True,False,False,False,False
17194,PHB2,True,True,True,True,True
17195,TCP11X2,False,False,False,False,False
17196,NEURL4,True,False,False,False,False
17197,GRID2IP,True,False,False,False,False
17198,UBXN2B,True,True,True,True,True
17199,C16orf90,True,False,False,False,False
17200,PRSS41,True,False,False,False,False
17201,NLRP2B,True,False,False,False,False
17202,MUC5AC,True,False,False,False,False
17203,MSMP,True,False,False,False,False
17204,GOLGA6B,False,False,False,False,False
17205,FAM166B,True,False,False,False,False
17206,PEX26,True,True,True,True,True
17207,GRXCR1,True,False,False,False,False
17208,C5orf49,True,False,False,False,False
17209,UBE2QL1,True,False,False,False,False
17210,FASTKD5,True,True,True,True,True
17211,GOLGA8B,True,True,False,True,True
17212,KCNU1,True,False,False,False,False
17213,HOMEZ,True,True,False,False,True
17214,GAGE10,True,False,False,False,False
17215,RNF212B,True,False,False,False,False
17216,DDX3X,True,True,True,True,True
17217,VPS16,True,True,True,True,True
17218,ZNF705D,False,False,False,False,False
17219,ZNF705B,False,False,False,False,False
17220,ZNF705G,True,False,False,False,False
17221,MYL5,True,False,True,False,False
17222,SCRT2,True,False,False,False,False
17223,ZNF407,True,False,True,True,True
17224,NPEPL1,True,False,True,False,False
17225,KRTAP10-1,True,False,False,False,False
17226,SKOR2,True,False,False,False,False
17227,SIAH3,True,False,False,False,False
17228,EFCAB8,True,False,False,False,False
17229,DEFB116,True,False,False,False,False
17230,DEFB115,True,False,False,False,False
17231,GAB4,True,False,False,False,False
17232,C20orf202,True,False,False,False,False
17233,HMX1,True,False,False,False,False
17234,GCGR,True,False,False,False,False
17235,CELA2B,True,False,False,False,False
17236,TMEM242,True,True,True,True,True
17237,TMEM167B,True,True,True,True,True
17238,FAM72D,False,False,False,False,False
17239,TNFRSF25,True,False,False,False,False
17240,SLC35E2A,False,False,False,False,True
17241,ZC3H11B,False,False,False,False,False
17242,TSTD1,True,False,False,False,True
17243,RPTN,True,False,False,False,False
17244,CYB5RL,True,True,False,False,True
17245,LACTBL1,True,False,False,False,False
17246,C1orf167,True,False,False,False,False
17247,ATAD3C,True,False,False,True,False
17248,IFI30,True,True,False,True,False
17249,IGSF23,True,False,False,False,False
17250,FAM240C,True,False,False,False,False
17251,CCDC7,True,False,False,False,False
17252,FNIP1,True,True,True,True,True
17253,SP9,True,False,False,False,False
17254,SYCE3,True,False,False,False,False
17255,CKLF,True,True,True,True,True
17256,PAM16,True,True,True,True,True
17257,CDC14C,True,False,False,False,False
17258,TENM3,True,False,True,False,False
17259,CEBPZOS,True,True,True,True,True
17260,TDRD15,True,False,False,False,False
17261,PAPOLB,True,False,False,False,False
17262,ZNF579,True,True,True,True,True
17263,CELA3B,True,False,False,False,False
17264,RNASEK,True,True,True,True,True
17265,CATSPERZ,True,False,False,False,False
17266,TAFA5,True,False,False,True,False
17267,NBPF1,True,True,True,True,True
17268,UMAD1,True,True,True,True,True
17269,PPP1R3G,True,False,False,False,False
17270,FAM228B,True,False,True,False,False
17271,LINGO3,True,False,False,False,False
17272,ZGLP1,True,False,False,False,False
17273,VAMP2,True,True,True,True,True
17274,TRIM51GP,True,False,False,False,False
17275,OR6B1,True,False,False,False,False
17276,EBF2,True,False,False,False,False
17277,C6orf226,True,False,True,True,False
17278,PPP3R1,True,True,True,True,True
17279,PSG3,True,False,False,False,False
17280,FANCG,True,True,True,True,True
17281,OR2A5,True,False,False,False,False
17282,KRTAP10-9,False,False,False,False,False
17283,AP4M1,True,False,True,True,True
17284,OR4A5,True,False,False,False,False
17285,C2orf16,True,False,False,False,False
17286,KRTAP1-5,True,False,False,False,False
17287,OR2A12,True,False,False,False,False
17288,KRTAP10-10,True,False,False,False,False
17289,KRTAP12-2,True,False,False,False,False
17290,PLXNA4,True,False,False,False,False
17291,MAGEA3,False,True,False,False,False
17292,CEBPD,True,True,False,True,False
17293,PSG7,True,False,False,False,False
17294,KRTAP1-3,True,False,False,False,False
17295,OR3A2,True,False,False,False,False
17296,ARIH2OS,True,False,False,False,False
17297,ZBED8,True,False,False,False,False
17298,HMSD,True,False,False,False,False
17299,OR1C1,True,False,False,False,False
17300,NPTXR,True,False,False,True,False
17301,POM121L12,True,False,False,False,False
17302,FAM200A,True,True,False,True,True
17303,OR2F2,True,False,False,False,False
17304,PPP2R2A,True,True,True,True,True
17305,C19orf73,True,False,False,False,False
17306,ZNF880,True,False,False,False,False
17307,TRIM16,True,False,True,False,True
17308,OR6X1,True,False,False,False,False
17309,HEPN1,True,False,False,True,False
17310,OR2A25,True,False,False,False,False
17311,TAS2R40,True,False,False,False,False
17312,OR2A14,True,False,False,False,False
17313,TIGD1,True,False,False,True,True
17314,FXYD7,True,False,False,False,False
17315,XKR9,True,False,False,False,False
17316,OR4C12,True,False,False,False,False
17317,SLC12A8,True,False,False,False,False
17318,APOL6,True,False,False,False,True
17319,FADS3,True,True,True,True,True
17320,OR2A1,False,False,False,False,False
17321,OR4E2,True,False,False,False,False
17322,CCNL2,True,True,True,True,True
17323,UBA52,True,True,True,True,True
17324,MYBPHL,True,False,False,False,False
17325,PPT2,True,True,False,True,True
17326,OR2A2,True,False,False,False,False
17327,ZNF630,True,False,False,False,False
17328,TIAF1,True,False,False,False,False
17329,OR52B4,True,False,False,False,False
17330,BTBD19,True,False,False,False,False
17331,FAM185A,True,False,False,False,False
17332,RAB6C,False,False,False,False,False
17333,PSMB11,True,False,False,False,False
17334,POTEM,True,False,False,False,False
17335,POTEJ,False,False,False,False,False
17336,DCDC2B,True,False,False,False,False
17337,C10orf55,True,False,False,False,False
17338,TRIM49D1,False,False,False,False,False
17339,USP17L2,True,False,False,False,False
17340,EXOSC6,True,True,True,True,True
17341,VPS52,True,True,True,True,True
17342,CDRT15,True,False,False,False,False
17343,ZNF844,True,False,False,False,False
17344,USP17L15,True,False,False,False,False
17345,CKMT1A,False,False,False,False,False
17346,TINCR,True,False,False,False,False
17347,HBD,True,True,False,False,False
17348,ZNF735,False,False,False,False,False
17349,RFPL4A,True,False,False,False,False
17350,C1GALT1C1L,True,False,False,False,False
17351,CERS1,True,False,False,False,False
17352,CPTP,True,False,True,True,False
17353,CENPVL3,True,False,False,False,False
17354,PRR29,True,False,False,False,False
17355,C4B,True,False,False,False,False
17356,ADM5,True,False,False,False,False
17357,ATXN1L,True,True,False,True,True
17358,SMIM13,True,True,True,True,True
17359,GPX5,True,False,False,False,False
17360,NDUFAF8,True,True,True,True,True
17361,PRRT4,True,False,False,False,False
17362,PPP4R3C,True,False,False,False,False
17363,PNMA6F,True,False,False,False,False
17364,PVALEF,True,False,False,False,False
17365,PLEKHM1,True,False,True,True,True
17366,USP17L3,False,False,False,False,False
17367,CT62,True,False,False,False,False
17368,MKRN2OS,True,False,False,False,False
17369,Z82206.1,True,False,False,False,True
17370,C2CD4D,True,False,False,False,False
17371,ZNF469,True,False,False,False,False
17372,MCRIP1,True,True,True,True,True
17373,SLC26A6,True,True,False,True,False
17374,OR6V1,True,False,False,False,False
17375,DEFB131B,True,False,False,False,False
17376,FAM229A,True,False,False,False,False
17377,ERCC6,True,True,True,True,True
17378,FRG2B,False,False,False,False,False
17379,NOL7,True,True,True,True,True
17380,C5orf67,True,False,False,False,False
17381,NTF4,True,False,False,False,False
17382,ELFN1,True,False,False,False,False
17383,PIGBOS1,True,True,True,True,True
17384,CT47A6,False,False,False,False,False
17385,FTCDNL1,True,False,False,False,False
17386,TEX22,True,False,False,False,False
17387,OR52I2,True,False,False,False,False
17388,CROCC2,True,False,False,False,False
17389,DCAF8L1,True,False,False,False,False
17390,USP17L7,True,False,False,False,False
17391,TMEM185B,True,True,True,True,True
17392,AC138647.1,True,False,False,False,False
17393,KIF4B,True,False,False,False,False
17394,AC013470.2,True,False,False,False,False
17395,HSBP1L1,True,False,True,True,False
17396,SRRM5,True,False,False,False,False
17397,FAM30A,True,False,False,False,False
17398,PGAM4,False,False,False,False,False
17399,C13orf42,True,False,False,False,False
17400,ERVMER34-1,True,False,False,False,False
17401,RBMY1J,False,False,False,False,False
17402,LTA,True,False,False,False,False
17403,C14orf132,True,False,False,False,False
17404,WDR46,True,True,True,True,True
17405,ANHX,True,False,False,False,False
17406,ZNF717,True,False,False,False,False
17407,TRGC2,True,False,False,False,False
17408,SPANXB1,True,False,False,False,False
17409,KLLN,True,False,False,False,False
17410,PARG,True,True,True,True,True
17411,AKR1B15,True,False,False,False,False
17412,SCAMP4,True,True,True,True,True
17413,LTB,True,False,False,False,False
17414,RD3L,True,False,False,False,False
17415,TEX46,True,False,False,False,False
17416,MRLN,True,False,False,False,False
17417,POLR2J2,False,False,False,False,False
17418,BOD1L2,True,False,False,False,False
17419,IFNA14,True,False,False,False,False
17420,OR2M3,True,False,False,False,False
17421,ORM2,True,False,False,True,False
17422,FAM174C,True,True,True,True,True
17423,OST4,True,True,True,True,True
17424,C2orf92,True,False,False,False,False
17425,VN1R4,True,False,False,False,False
17426,NUTM2E,True,False,False,False,False
17427,FNDC10,True,True,False,False,True
17428,CLDN25,True,False,False,False,False
17429,PROB1,True,False,False,False,False
17430,ARL17B,False,False,False,False,True
17431,DHFR,True,True,True,True,True
17432,SAPCD1,True,False,False,False,False
17433,PGA4,False,False,False,False,False
17434,RFPL4AL1,True,False,False,False,False
17435,ORM1,True,False,False,True,False
17436,SFTA3,True,False,False,False,False
17437,SPINK8,True,False,False,False,False
17438,PATL2,True,False,False,False,False
17439,NKX1-2,True,False,False,False,False
17440,PRAC2,True,False,False,False,False
17441,AL121578.2,True,False,False,False,False
17442,ZNF492,True,False,False,False,False
17443,ZNF688,True,False,True,True,True
17444,PET100,True,True,True,True,True
17445,PGA3,False,False,False,False,False
17446,GK3P,True,False,False,False,False
17447,FAM90A26,True,False,False,False,False
17448,PRPS1L1,True,False,False,False,False
17449,IQCF3,False,False,False,False,False
17450,TEX53,True,False,False,False,False
17451,ANKRD66,True,False,False,False,False
17452,ACBD6,True,True,True,True,True
17453,SSU72P8,True,False,False,False,False
17454,OR5H6,True,False,False,False,False
17455,SPDYE21P,False,False,False,False,False
17456,ANKRD18B,True,False,False,False,False
17457,PPP5D1,True,False,False,False,False
17458,MBD3L2,False,False,False,False,False
17459,USP17L1,True,False,False,False,False
17460,CCDC192,True,False,False,False,False
17461,TEX48,True,False,False,False,False
17462,AC011005.1,True,False,False,False,False
17463,PRB4,True,False,False,False,False
17464,SETSIP,False,False,False,False,False
17465,ANKRD63,True,False,False,False,False
17466,YY2,True,False,False,False,False
17467,STMND1,True,False,False,False,False
17468,HSBP1,True,True,True,True,True
17469,OR5H1,False,False,False,False,False
17470,PLSCR5,True,False,False,False,False
17471,CFAP97D1,True,False,False,False,False
17472,SBK3,True,False,False,False,False
17473,USP17L10,False,False,False,False,False
17474,TSPAN19,True,False,False,False,False
17475,AKAIN1,True,False,False,False,False
17476,CYP21A2,True,False,False,False,False
17477,OR5K2,True,False,False,False,False
17478,PSG1,False,False,False,False,False
17479,TAPBP,True,True,True,True,True
17480,PPP1R2B,False,False,False,False,False
17481,MAGEB6B,True,False,False,False,False
17482,ZBED9,True,False,False,False,False
17483,TMEM253,True,False,False,False,False
17484,TMA7,True,True,True,True,True
17485,TEX50,True,False,False,False,False
17486,MCTS1,True,True,True,True,True
17487,DYTN,True,False,False,False,False
17488,ASCL5,True,False,False,False,False
17489,TMEM114,True,False,False,False,False
17490,KRTAP25-1,True,False,False,False,False
17491,OR52I1,True,False,False,False,False
17492,OR5K1,True,False,False,False,False
17493,SMIM26,True,True,True,True,True
17494,USP17L13,False,False,False,False,False
17495,PRAMEF6,True,False,False,False,False
17496,AJM1,True,False,False,False,False
17497,KANTR,True,False,False,False,True
17498,GOLGA8N,False,False,False,False,False
17499,TNF,True,False,False,False,False
17500,PET117,True,True,True,True,True
17501,LYRM9,True,False,False,False,False
17502,PHGR1,True,False,False,False,False
17503,RAB6D,False,False,False,False,False
17504,RNF224,True,False,False,False,False
17505,OR5H15,True,False,False,False,False
17506,BTBD18,True,False,False,False,False
17507,TMEM238,True,True,False,False,True
17508,TWIST2,True,False,True,False,False
17509,PIRT,True,False,False,False,False
17510,PRR23C,True,False,False,False,False
17511,MYCNOS,True,False,False,False,False
17512,AC092835.1,True,False,False,False,False
17513,IFNA13,False,False,False,False,False
17514,HIST1H2BN,True,True,False,True,True
17515,CTXN2,True,False,False,False,False
17516,UQCRHL,True,True,False,False,True
17517,PAGE2,True,False,False,False,False
17518,TRIM26,True,True,True,True,True
17519,TMEM229A,True,False,False,False,False
17520,ZNF879,True,False,False,False,False
17521,CCDC188,True,False,False,False,False
17522,KBTBD13,True,False,False,False,False
17523,ZNF736,True,True,False,False,True
17524,PINLYP,True,False,False,False,True
17525,CLDN34,True,False,False,False,False
17526,C5orf58,True,False,False,False,False
17527,FAM133B,True,True,True,True,True
17528,OR10G8,True,False,False,False,False
17529,MCIDAS,True,False,False,False,False
17530,JRK,True,True,True,True,True
17531,NPIPB2,True,False,False,False,False
17532,C11orf94,True,False,False,False,False
17533,IQCM,True,False,False,False,False
17534,IFNA17,False,False,False,False,False
17535,APOC2,True,False,False,True,False
17536,SHISA8,True,False,False,False,False
17537,C19orf81,True,True,False,False,True
17538,ANKRD65,True,False,False,True,False
17539,BRD3OS,True,False,True,False,True
17540,ZSCAN31,True,False,False,False,False
17541,FAM237A,True,False,False,False,False
17542,C12orf75,True,False,True,True,True
17543,SMIM1,True,True,False,True,False
17544,HGH1,True,True,True,True,True
17545,PPP1R3E,True,True,False,False,True
17546,KDM4E,True,False,False,False,False
17547,RAMACL,True,False,False,False,False
17548,RPEL1,True,False,False,False,False
17549,SPAAR,True,False,False,False,False
17550,SMIM27,True,True,True,True,True
17551,NFAM1,True,False,False,False,False
17552,NKX1-1,True,False,False,False,False
17553,RNF148,True,False,False,False,False
17554,AL109810.2,True,False,False,False,False
17555,ANKRD34C,True,False,False,False,False
17556,MFRP,True,False,False,False,False
17557,KIAA0040,True,False,False,False,False
17558,B3GALT4,True,False,False,False,False
17559,LCE6A,True,False,False,False,False
17560,PNMA6A,True,False,False,False,False
17561,PATE3,True,False,False,False,False
17562,OR5H14,True,False,False,False,False
17563,ZBTB22,True,False,False,False,False
17564,USP17L4,False,False,False,False,False
17565,CLEC2L,True,True,False,False,False
17566,ZBED5,True,True,True,True,True
17567,SLFN14,True,False,False,False,False
17568,PPIAL4G,True,False,False,False,False
17569,CCDC200,True,False,False,False,False
17570,SLC35G4,False,False,False,False,False
17571,TAS2R39,True,False,False,False,False
17572,UBE2L5,True,False,False,False,False
17573,CT47B1,True,False,False,False,False
17574,AL354761.1,True,False,False,False,False
17575,ZNF853,True,False,False,False,False
17576,IFNA4,True,False,False,False,False
17577,ARHGEF38,True,False,False,False,False
17578,CTAGE9,False,False,False,False,False
17579,AL391650.1,True,False,False,False,False
17580,C3orf84,True,False,False,False,False
17581,OR10G9,False,False,False,False,False
17582,USP17L8,False,False,False,False,False
17583,TAAR9,True,False,False,False,False
17584,C4orf51,True,False,False,False,False
17585,B3GNT9,True,False,True,False,False
17586,CDKN2AIPNL,True,True,True,True,True
17587,MBD3L5,False,False,False,False,False
17588,CKMT1B,False,False,False,False,False
17589,RNF223,True,False,False,False,False
17590,PATE4,True,False,False,False,False
17591,AL445989.1,False,False,False,False,False
17592,OR4A47,True,False,False,False,False
17593,PRSS56,True,False,False,False,False
17594,ZNF737,True,False,False,False,False
17595,RGL2,True,True,True,True,False
17596,BHMG1,True,False,False,False,False
17597,C10orf143,True,False,False,False,False
17598,SHISA9,True,False,False,False,False
17599,OR7E24,True,False,False,False,False
17600,TEX51,True,False,False,False,False
17601,KIFC1,True,True,True,True,True
17602,C2orf74,True,False,True,True,False
17603,IRGM,True,False,False,False,False
17604,PRAMEF33,False,False,False,False,False
17605,FAM200B,True,True,True,True,True
17606,OR2I1P,True,False,False,False,False
17607,LRRC37A2,True,False,False,False,True
17608,MPC1L,True,False,False,False,False
17609,ETDA,False,False,False,False,False
17610,TMEM250,True,True,True,True,True
17611,PAGE2B,False,False,False,False,False
17612,TXNDC5,True,True,True,True,True
17613,CASTOR1,True,False,False,False,True
17614,RNF103,True,False,True,True,False
17615,RBM14,True,True,True,True,True
17616,ALKBH6,True,True,False,True,True
17617,ASB14,True,False,False,False,False
17618,PCDHA13,True,False,False,False,False
17619,KLHL41,True,False,False,False,False
17620,CASTOR3,True,False,False,True,True
17621,PRR20G,True,False,False,False,False
17622,MEIKIN,True,False,False,False,False
17623,NME1,True,True,True,True,True
17624,TNFSF12,True,False,False,True,False
17625,CDRT4,True,False,False,False,False
17626,APOBEC3G,True,False,False,False,False
17627,TLR9,True,False,False,False,False
17628,WBP1,True,True,True,True,True
17629,PRAMEF11,True,False,False,False,False
17630,DEFA3,True,False,False,False,False
17631,KRTAP9-2,False,False,False,False,False
17632,C1orf226,True,False,False,True,False
17633,ADSL,True,True,True,True,True
17634,AC104389.5,True,False,False,False,False
17635,LILRA4,True,False,False,False,False
17636,LILRA2,True,False,False,False,False
17637,TEX35,True,False,False,False,False
17638,AMY2B,False,False,False,False,False
17639,STRIT1,True,False,False,False,False
17640,LY6G5B,True,False,False,False,False
17641,PSMB9,True,False,True,False,True
17642,PCDHGC3,True,False,False,False,False
17643,SMKR1,True,False,False,False,True
17644,UGT1A5,True,False,False,False,False
17645,COX19,True,True,True,True,True
17646,ACAD11,True,False,True,True,False
17647,PPIL3,True,True,True,True,True
17648,LCE1F,False,False,False,False,False
17649,KIR3DL2,False,False,False,False,False
17650,KRTAP13-3,True,False,False,False,False
17651,TNFRSF13B,True,False,False,False,False
17652,L1TD1,True,False,False,False,False
17653,AQP1,True,False,False,False,False
17654,C1QTNF9,True,False,False,False,False
17655,ISY1,True,True,True,True,True
17656,PNMA2,True,False,True,False,True
17657,LRRD1,True,False,False,False,False
17658,KRBOX1,True,False,False,False,False
17659,PCDHGC5,True,False,False,False,False
17660,ARHGEF25,True,False,False,False,False
17661,TMEM189,True,True,True,True,True
17662,RDH14,True,True,True,True,True
17663,KRTAP4-7,False,False,False,False,False
17664,PLCXD2,True,False,False,True,False
17665,MIF,True,True,True,True,True
17666,NSUN6,True,True,False,True,True
17667,UGT1A9,True,False,False,False,False
17668,KRTAP10-5,True,False,False,False,False
17669,YAE1,True,True,True,True,True
17670,OR14A2,True,False,False,False,False
17671,AC115220.1,True,False,False,False,False
17672,TDGF1,True,False,False,False,False
17673,C3orf85,True,False,False,False,False
17674,KRTAP5-8,True,False,False,False,False
17675,KRTAP4-16,True,False,False,False,False
17676,CRCP,True,True,True,True,True
17677,CDRT1,True,False,False,False,False
17678,PDXP,True,True,True,True,True
17679,RPP21,True,True,True,True,True
17680,CD302,True,True,False,True,False
17681,EGFL8,True,True,False,False,False
17682,ATP5MF,True,True,True,True,True
17683,ARHGAP8,True,False,False,False,False
17684,ARPC4,True,True,True,True,True
17685,CORT,True,False,False,True,False
17686,KRTAP9-4,False,False,False,False,False
17687,KRTAP5-4,False,False,False,False,False
17688,UGT1A1,True,False,False,False,False
17689,INMT,True,False,False,False,False
17690,ARPC1A,True,True,True,True,True
17691,TMEFF1,True,True,False,False,True
17692,SPRR2A,True,False,False,False,False
17693,ATP5PO,True,True,True,True,True
17694,PLEKHO2,True,False,False,False,False
17695,C8orf58,True,False,True,False,False
17696,PISD,True,True,True,True,True
17697,HOGA1,True,False,False,True,False
17698,PI4KA,True,True,True,True,True
17699,KIR3DL3,False,False,False,False,False
17700,HYPK,False,False,False,False,False
17701,AMACR,True,False,True,True,True
17702,MTFP1,True,True,True,True,True
17703,MDFIC2,True,False,False,False,False
17704,ARHGDIG,True,True,False,False,False
17705,TCP10L,True,False,False,False,False
17706,PSG2,True,False,False,False,False
17707,ARFGAP3,True,True,True,True,True
17708,BGLAP,True,False,False,True,False
17709,C22orf39,True,True,True,True,True
17710,PEG10,True,False,True,True,False
17711,UGT1A8,True,False,False,False,False
17712,EIF6,True,True,True,True,True
17713,RBMY1E,False,False,False,False,False
17714,GTF2A1L,False,False,False,False,False
17715,ARPIN,True,False,True,True,False
17716,UGT1A10,True,False,False,False,False
17717,SERPINB10,True,False,False,False,False
17718,DECR2,False,False,True,True,True
17719,GNG10,True,True,True,True,True
17720,CCDC169,True,False,False,False,False
17721,RTL5,True,False,False,False,False
17722,AP5Z1,True,True,False,True,True
17723,ZNF709,True,False,False,False,False
17724,STRC,True,False,False,False,False
17725,EIF4EBP3,True,False,False,True,True
17726,PRAMEF4,False,False,False,False,False
17727,PSG11,False,False,False,False,False
17728,UGT1A3,True,False,False,False,False
17729,PSG4,True,False,False,False,False
17730,MICAL3,True,True,True,True,True
17731,STON1,True,False,False,False,False
17732,PRAF2,True,False,True,False,True
17733,VSIG8,True,False,False,False,False
17734,STMP1,True,True,True,True,True
17735,KCTD7,True,False,False,False,False
17736,EFNA4,True,False,True,True,True
17737,TICAM2,True,False,True,False,False
17738,C4orf48,True,True,True,True,True
17739,NAA80,True,True,False,False,False
17740,AMY2A,True,False,False,False,False
17741,KRTAP10-11,True,False,False,False,False
17742,TNFRSF6B,True,False,False,False,False
17743,WFDC6,True,False,False,False,False
17744,UPK3B,True,False,False,False,False
17745,IL10RB,True,True,True,True,True
17746,CFB,True,False,False,True,False
17747,ZNF487,False,False,False,True,False
17748,WDR92,True,True,True,True,True
17749,NME2,True,True,True,True,True
17750,PLA2G4B,True,False,False,False,False
17751,LEFTY1,True,False,False,False,False
17752,CFAP57,True,False,False,False,False
17753,TTC4,True,True,True,True,True
17754,OR5V1,True,False,False,False,False
17755,TMEM35B,True,True,True,True,True
17756,APOBEC3D,True,False,False,False,False
17757,TUBA4B,True,False,False,True,False
17758,ZNF512,True,True,True,True,True
17759,GSTA1,True,False,False,False,False
17760,RTL9,True,False,False,False,False
17761,ACY1,True,True,True,True,True
17762,NFS1,True,True,True,True,True
17763,MT1HL1,True,False,False,False,False
17764,KRTAP19-3,True,False,False,False,False
17765,DDOST,True,True,True,True,True
17766,TMEM199,True,True,True,True,True
17767,LCE3C,False,False,False,False,False
17768,GSTA2,True,False,False,False,False
17769,SPRR2F,True,False,False,False,False
17770,P2RY11,True,False,False,False,False
17771,TMEM141,True,True,True,True,True
17772,TMEM225B,True,False,False,False,False
17773,GMCL2,True,False,False,False,False
17774,IFITM10,True,False,True,False,False
17775,DBNDD2,True,True,True,True,True
17776,LY6G6D,True,False,False,False,False
17777,KRTAP19-7,True,False,False,False,False
17778,RBMY1D,False,False,False,False,False
17779,ETV5,True,True,True,True,False
17780,KRTAP5-7,True,False,False,False,False
17781,RBM12,True,True,True,True,True
17782,UGT1A4,True,False,False,False,False
17783,ERVFRD-1,True,False,False,False,False
17784,LILRA6,True,False,False,False,False
17785,SCARF2,True,False,False,False,False
17786,APOBEC3C,True,True,False,True,False
17787,KRTAP4-2,True,False,False,False,False
17788,RAD21L1,True,False,False,False,False
17789,CCDC13,True,False,False,False,False
17790,ASPRV1,True,False,False,False,False
17791,OR2AE1,True,False,False,False,False
17792,KRTAP20-1,True,False,False,False,False
17793,UBE2V1,True,True,True,True,True
17794,PTCHD4,True,False,False,True,False
17795,HBB,True,False,False,False,False
17796,CRYBB2,True,False,False,False,False
17797,N4BP2L2,True,True,True,True,True
17798,ZNF585B,True,False,False,False,False
17799,CEBPA,True,False,False,True,False
17800,H2AFJ,True,False,True,True,False
17801,UBAP1L,True,False,False,False,False
17802,PGAM5,True,True,True,True,True
17803,ZCCHC3,True,True,True,True,True
17804,SPTY2D1OS,True,False,False,False,False
17805,TWF2,True,True,True,True,True
17806,MARS2,True,False,False,False,True
17807,USP51,True,True,False,False,False
17808,BCKDHA,True,True,True,True,True
17809,INSL3,True,False,False,False,False
17810,MARCOL,True,False,False,False,False
17811,ADH1C,True,False,False,False,False
17812,APELA,True,False,False,False,False
17813,CDK11B,True,True,True,True,True
17814,PCDHAC1,True,False,False,False,False
17815,TARM1,True,False,False,False,False
17816,POU5F2,True,False,False,False,False
17817,PCP4L1,True,False,False,False,False
17818,ABHD14A,True,True,True,True,True
17819,CCDC153,True,False,False,False,False
17820,C4orf54,True,False,False,False,False
17821,ACTN3,True,False,False,False,False
17822,AC187653.1,True,False,False,False,False
17823,SMIM31,True,False,False,False,False
17824,FMN1,True,False,False,False,False
17825,HAUS5,True,True,False,True,True
17826,TAF11L12,True,False,False,False,False
17827,PCDHA11,True,False,False,False,False
17828,ATP5MGL,True,False,False,False,False
17829,TMEM150C,True,False,False,False,False
17830,NAIP,False,False,False,False,False
17831,ZNF324B,True,False,False,False,False
17832,SPATS1,True,False,False,False,False
17833,CLRN2,True,False,False,False,False
17834,LINC02218,True,False,False,False,False
17835,THEGL,True,False,False,False,False
17836,ZNF564,True,False,False,False,True
17837,FER1L5,True,False,False,False,False
17838,ECSCR,True,False,False,False,False
17839,HS3ST5,True,False,False,False,False
17840,LGALS16,True,False,False,False,False
17841,PDCD6,True,True,True,True,True
17842,GOLGA8K,False,False,False,False,False
17843,TERB1,True,False,False,False,False
17844,TMEM158,True,True,True,False,False
17845,YJEFN3,True,False,False,True,False
17846,PCDHA10,True,False,False,False,False
17847,PTTG2,True,False,False,False,False
17848,GIMD1,True,False,False,False,False
17849,TRMT9B,True,False,False,False,False
17850,ZNF718,True,False,True,False,False
17851,SMIM20,True,True,True,True,True
17852,GYPB,False,True,False,False,False
17853,TUNAR,True,False,False,False,False
17854,TRIM75P,True,False,False,False,False
17855,KIAA1210,True,False,False,False,False
17856,CHCHD10,True,True,False,True,True
17857,FAM218A,True,False,False,False,False
17858,CDK3,True,False,False,False,False
17859,GPR162,True,False,False,False,False
17860,ATP6V1E2,True,False,False,False,False
17861,GLI4,True,True,True,True,True
17862,REELD1,True,False,False,False,False
17863,P3R3URF,True,False,False,False,False
17864,SELENOP,True,True,False,True,False
17865,TAF11L14,True,False,False,False,False
17866,PRODH2,True,False,False,True,False
17867,AC010255.3,True,False,False,False,False
17868,EXOC1L,True,False,False,False,False
17869,USP17L18,False,False,False,False,False
17870,USP17L23,False,False,False,False,False
17871,ZNF674,True,False,False,False,False
17872,ZNF345,True,False,False,False,False
17873,RFPL4B,True,False,False,False,False
17874,SHANK3,True,False,False,False,False
17875,ZNF550,True,False,False,False,False
17876,DCANP1,False,False,False,False,False
17877,FOXD1,True,False,True,False,False
17878,PRB1,True,False,False,False,False
17879,PCDHA12,True,False,False,False,False
17880,PTX4,True,False,False,False,False
17881,OC90,True,False,False,False,False
17882,RGS21,True,False,False,False,False
17883,PCDHGA12,True,False,False,False,False
17884,C8orf88,True,True,True,False,False
17885,SHLD3,True,False,False,False,False
17886,CCDC71L,True,True,True,False,True
17887,HOXA10,True,False,False,False,False
17888,TMEM200B,True,False,False,False,False
17889,PCDHGB6,True,False,False,False,False
17890,SERPINE3,True,False,False,False,False
17891,C1orf210,True,False,False,True,False
17892,TRNP1,True,False,True,True,False
17893,SMIM18,True,False,False,False,False
17894,PCDHGA5,True,False,False,False,False
17895,NACA2,False,False,False,False,False
17896,PCDHGA7,True,False,False,False,False
17897,PYDC2,True,False,False,False,False
17898,SLC10A5,True,False,False,False,False
17899,PRSS51,True,False,False,False,False
17900,ALG11,True,True,False,True,True
17901,ATXN7L3B,True,True,True,True,True
17902,PRKDC,True,True,True,True,True
17903,PCDHGA6,True,False,False,False,False
17904,PCDHGA8,True,False,False,False,False
17905,ETV3L,True,False,False,False,False
17906,PCDHGA10,True,False,False,False,False
17907,PCDHGA11,True,False,False,False,False
17908,PCDHGB2,True,False,False,False,False
17909,CLDN23,True,False,False,False,False
17910,ZNF260,True,True,True,True,True
17911,LYN,True,True,True,True,False
17912,PINX1,True,True,True,True,True
17913,PCDHGB7,True,False,False,False,False
17914,CD8B2,True,False,False,False,False
17915,NPIPB11,False,False,False,False,False
17916,PCDHGA3,True,False,False,False,False
17917,LRRC24,True,False,False,False,False
17918,SIGLEC14,True,False,False,False,False
17919,PBOV1,True,False,False,False,False
17920,OR4D10,True,False,False,False,False
17921,AP002495.1,True,False,False,False,True
17922,CHMP4A,True,True,True,True,True
17923,SIGLEC12,True,False,False,False,False
17924,PABPC4L,True,False,False,False,False
17925,OMP,True,False,False,False,False
17926,MAGEL2,True,False,False,False,False
17927,CSNK2A3,False,False,False,False,False
17928,ARMS2,True,False,False,False,False
17929,INS,True,False,False,False,False
17930,RTL1,True,False,False,False,False
17931,FPGT,True,False,False,False,False
17932,MEX3A,True,True,False,True,True
17933,OR10G4,True,False,False,False,False
17934,EEF1G,True,True,True,True,True
17935,SLC22A18AS,True,False,False,False,False
17936,OR5M10,True,False,False,False,False
17937,MPV17L2,True,True,True,True,True
17938,BORCS8,True,True,True,True,True
17939,DPP3,True,True,True,True,True
17940,KRTAP5-9,True,False,False,False,False
17941,BRK1,True,True,True,True,True
17942,UBTFL1,False,False,False,False,False
17943,OR5M1,True,False,False,False,False
17944,CHMP1B,True,True,True,True,True
17945,EID3,True,False,False,True,False
17946,GLYATL1B,True,False,False,False,False
17947,CCDC166,True,False,False,False,False
17948,NANOGP8,True,False,False,False,False
17949,CARD17,True,False,False,False,False
17950,OR5M11,True,False,False,False,False
17951,SMIM35,True,False,False,False,False
17952,OR8G5,True,False,False,False,False
17953,EID1,True,True,True,False,True
17954,OR52B2,True,False,False,False,False
17955,NOX5,True,False,False,False,False
17956,CCDC179,True,False,False,False,False
17957,TAS2R43,False,False,False,False,False
17958,OOSP4B,True,False,False,False,False
17959,HCAR3,True,False,False,True,False
17960,PCDHA3,True,False,False,False,False
17961,EBLN2,True,False,False,False,True
17962,CARD18,True,False,False,False,False
17963,POLR2M,False,True,True,True,True
17964,LY6G6E,True,False,False,False,False
17965,FDXACB1,True,False,False,False,True
17966,OR10G2,True,False,False,False,False
17967,RAB44,True,False,False,False,False
17968,TRIL,True,False,False,False,False
17969,OR4D2,True,False,False,False,False
17970,OR6J1,True,False,False,False,False
17971,TIFAB,True,False,False,False,False
17972,KDM4F,True,False,False,False,False
17973,CYP2A6,True,False,False,False,False
17974,AL590560.2,True,False,False,False,False
17975,CTSO,True,False,False,False,False
17976,COA8,True,True,True,True,True
17977,TRAPPC2B,False,True,True,True,True
17978,DNAAF4,True,False,True,False,False
17979,ZNF432,True,False,False,False,False
17980,SMLR1,True,False,False,True,False
17981,TAS2R30,True,False,False,False,False
17982,ZNF10,True,False,False,True,False
17983,ZNF486,True,False,False,False,False
17984,SMIM3,True,False,True,True,True
17985,HMBS,True,True,True,True,True
17986,ZNF225,True,False,False,False,False
17987,ASIC5,True,False,False,False,False
17988,TAS2R31,False,False,False,False,False
17989,DND1,True,False,False,False,False
17990,SALL3,True,False,False,False,False
17991,POLG2,True,True,False,True,True
17992,SMIM10L1,True,True,True,True,True
17993,OR13A1,True,False,False,False,False
17994,CLEC12B,True,False,False,False,False
17995,ZNF350,True,False,False,False,False
17996,PGA5,True,False,False,False,False
17997,STH,True,False,False,False,False
17998,ZNF253,True,False,False,False,False
17999,KLRF2,True,False,False,False,False
18000,C17orf100,True,False,False,False,False
18001,CAPNS2,True,False,False,False,False
18002,SLC5A8,True,False,False,False,False
18003,KHDC1L,False,False,False,False,False
18004,GPR142,True,False,False,False,False
18005,HP,True,False,False,True,False
18006,C11orf97,True,False,False,False,False
18007,DENND11,True,False,False,False,True
18008,LSM14A,True,True,True,True,True
18009,NHLRC4,True,False,False,False,False
18010,OR11H12,False,False,False,False,False
18011,TAS2R38,True,False,False,False,False
18012,GATC,True,True,True,True,True
18013,ZBED6,False,False,False,False,False
18014,MGAM,True,False,False,False,False
18015,FNTB,True,False,False,True,False
18016,ZNF878,True,False,False,False,False
18017,ZNF625,True,False,False,False,False
18018,GALNT4,True,False,True,True,False
18019,INAFM1,True,True,False,True,False
18020,CNPY2,True,True,True,True,True
18021,MGAM2,True,False,False,False,False
18022,CUX1,True,True,True,True,True
18023,TEN1,True,True,True,True,True
18024,TEX49,True,False,False,False,False
18025,OR9A4,True,False,False,False,False
18026,PRSS58,True,False,False,False,False
18027,CLEC5A,True,False,False,False,False
18028,CHURC1,True,True,True,True,True
18029,C17orf49,True,True,True,True,True
18030,RTEL1,True,False,False,True,False
18031,ZNF578,True,False,False,False,False
18032,PDF,True,False,False,False,False
18033,RNASE12,True,False,False,False,False
18034,OR11H2,False,False,False,False,False
18035,AC005726.1,False,False,False,False,False
18036,SPESP1,True,False,False,False,False
18037,TRIM34,True,False,True,False,True
18038,C20orf141,True,False,False,False,False
18039,OR4C13,True,False,False,False,False
18040,RNASE4,True,False,True,True,False
18041,MC1R,True,False,False,True,False
18042,DUXA,True,False,False,False,False
18043,CEP95,True,True,True,True,True
18044,TUBB3,True,False,True,True,True
18045,TMEM179,True,False,False,False,False
18046,TSPY1,False,False,False,False,False
18047,SMIM6,True,False,False,True,False
18048,ITGB3,True,False,False,False,False
18049,SLC35G6,False,False,False,False,False
18050,INAFM2,True,False,False,False,False
18051,GH1,True,False,False,False,False
18052,CTXND1,True,False,False,False,False
18053,UBE2Q2L,False,False,False,False,False
18054,BLID,True,False,False,False,False
18055,SLC22A31,True,False,False,True,False
18056,LYPD8,True,False,False,False,False
18057,AL845331.2,True,False,False,False,False
18058,RBM15B,True,True,True,True,True
18059,TGFBR3L,True,False,True,False,True
18060,HOXB7,True,True,False,False,True
18061,SPDYE6,True,False,False,False,False
18062,CCDC187,True,False,False,False,False
18063,FRRS1L,True,False,False,False,False
18064,ARMH2,True,False,False,False,False
18065,MRC1,True,False,False,False,False
18066,HSPB9,True,False,False,False,False
18067,SCX,True,False,False,False,False
18068,C16orf95,True,True,True,True,True
18069,KCNJ18,True,False,False,False,False
18070,ANKRD20A1,False,False,False,False,False
18071,TLE7,True,False,False,False,False
18072,SERTM2,True,False,False,False,False
18073,XKR7,True,False,False,False,False
18074,CCPG1,True,True,True,True,False
18075,TMEM178B,True,False,False,False,False
18076,EPPK1,True,False,False,True,False
18077,CLEC19A,True,False,False,False,False
18078,BOP1,True,True,True,True,True
18079,MUC22,True,False,False,False,False
18080,FIGNL2,True,False,False,False,False
18081,AC010325.1,True,False,False,False,False
18082,PECAM1,True,False,False,False,True
18083,TUBB8,True,False,False,False,False
18084,TMEM249,True,False,False,False,False
18085,TPBGL,True,False,False,False,False
18086,GAN,True,False,False,True,True
18087,GOLGA6L7,True,False,False,False,False
18088,C15orf65,True,False,False,False,False
18089,LY6L,True,False,False,False,False
18090,SCRT1,True,False,False,False,False
18091,HPR,True,False,False,False,False
18092,TCF24,True,False,False,False,False
18093,GOLGA8H,False,False,False,False,False
18094,MIA,True,False,False,False,False
18095,SMIM36,True,False,False,False,False
18096,PCDHGA9,True,False,False,False,False
18097,GFY,True,False,False,False,False
18098,AC233723.1,True,False,False,False,False
18099,MYMX,True,False,False,False,False
18100,CORO7,True,True,False,True,True
18101,MMP12,True,False,False,False,False
18102,CCER2,True,False,False,False,False
18103,SMIM28,True,False,False,False,False
18104,OR1D5,True,False,False,False,False
18105,SPON1,True,False,False,False,False
18106,OVCA2,False,False,False,False,False
18107,C19orf84,True,False,False,False,False
18108,CCNQ,True,True,True,True,True
18109,GTF2I,True,True,True,True,True
18110,ZNF234,True,False,False,False,False
18111,MYZAP,True,False,False,False,False
18112,DPEP2NB,True,False,False,False,False
18113,AC119396.1,True,False,False,False,False
18114,PPIAL4A,True,False,False,False,False
18115,TMEM238L,True,False,False,False,False
18116,SRSF8,True,True,True,True,True
18117,FAM72C,False,False,False,False,False
18118,IKBKE,True,False,False,False,True
18119,MSMB,True,False,False,False,False
18120,GDF2,True,False,False,False,False
18121,LINC00672,True,False,False,False,False
18122,NBPF11,True,False,False,False,False
18123,RHEX,True,False,False,False,False
18124,AKR1C8P,True,False,False,False,False
18125,ANXA8L1,False,False,False,False,False
18126,DYNLL2,True,True,True,True,True
18127,MYH4,True,False,False,False,False
18128,OTUD7B,True,True,True,True,False
18129,GJA5,True,False,False,False,False
18130,ANXA8,True,False,False,False,False
18131,RBP3,True,False,False,False,False
18132,RBM8A,True,True,True,True,True
18133,TIMM23,True,True,True,True,True
18134,RNF115,True,True,True,True,True
18135,ZNF488,True,False,False,False,False
18136,SEC22B,True,True,True,True,True
18137,FSBP,False,False,False,False,False
18138,TXNIP,True,True,True,True,False
18139,SRGAP2,False,True,True,True,True
18140,BAHCC1,True,True,False,True,True
18141,RASSF5,True,True,False,False,True
18142,STRADA,True,True,True,True,True
18143,KLF14,True,False,False,False,False
18144,NBPF15,False,False,False,False,False
18145,NCOA4,True,True,True,True,True
18146,GDF10,True,False,False,False,False
18147,MYO15B,True,False,False,True,False
18148,AC011195.2,True,False,False,False,False
18149,FXYD1,True,False,False,True,False
18150,AARSD1,True,True,True,True,True
18151,ZNF850,True,False,False,False,False
18152,PTGES3L,True,False,False,False,False
18153,AC090360.1,True,False,False,False,False
18154,LCN6,True,False,False,False,False
18155,C17orf113,True,False,False,False,False
18156,UPK3BL1,False,True,True,True,True
18157,APOC4,True,False,False,False,False
18158,ZNF285,True,False,False,False,False
18159,S1PR2,True,False,False,False,False
18160,CGB1,False,False,False,False,False
18161,FDX2,True,True,True,True,True
18162,ZNF224,True,True,False,False,True
18163,EDDM13,True,False,False,False,False
18164,SMIM22,True,False,False,False,False
18165,LIN37,True,False,True,True,True
18166,NDUFA7,True,True,True,True,True
18167,CCDC177,True,False,False,False,False
18168,MAGEA9B,True,False,False,False,False
18169,ERFL,True,False,False,False,False
18170,NBPF12,False,False,False,False,False
18171,GABRQ,True,False,False,False,False
18172,SLC6A14,True,False,False,True,False
18173,SMIM17,True,False,False,False,False
18174,OPN1MW,False,False,False,False,False
18175,ARL14EPL,True,False,False,False,False
18176,TCP11X1,False,False,False,False,False
18177,SCGB1C2,True,False,False,False,False
18178,TEX13A,True,False,False,False,False
18179,CTAG1A,False,False,False,False,False
18180,AC008687.4,True,False,False,False,False
18181,ZNF723,True,False,False,False,False
18182,AC106774.4,True,False,False,False,False
18183,ERVV-2,True,False,False,False,False
18184,SPANXN2,True,False,False,False,False
18185,CALR3,True,False,False,False,False
18186,ZNF728,True,False,False,False,False
18187,TRABD2B,True,False,False,False,False
18188,FBXO17,True,True,True,True,False
18189,MAGIX,True,False,False,False,False
18190,IKBKG,True,False,True,True,True
18191,ZNF587B,True,True,False,True,True
18192,SPIB,True,False,False,False,False
18193,NXF2,False,False,False,False,False
18194,OPN1MW3,False,False,False,False,False
18195,NXF2B,False,False,False,False,False
18196,H3.Y,True,False,False,False,False
18197,ERVV-1,True,False,False,False,False
18198,TMEM185A,True,False,False,True,True
18199,ZIM2,True,False,False,False,False
18200,CCDC194,True,False,False,False,False
18201,SLC25A53,True,False,False,False,False
18202,RNF225,False,False,False,False,False
18203,EGLN2,True,True,True,True,True
18204,MEI4,True,False,False,False,False
18205,TERC,True,False,False,False,False
18206,NCBP2AS2,True,True,True,True,True
18207,PPIAL4H,False,False,False,False,False
18208,HEATR9,True,False,False,False,False
18209,PRAMEF5,False,False,False,False,False
18210,TAF15,True,True,True,True,True
18211,GAS2L2,True,False,False,False,False
18212,C17orf50,True,False,False,False,False
18213,RASL10B,True,False,False,False,False
18214,CTAGE15,False,False,False,False,False
18215,UGT2A2,True,False,False,False,False
18216,SRXN1,True,False,True,True,False
18217,CTAGE6,False,False,False,False,False
18218,NBPF19,True,False,False,False,False
18219,MMP28,True,False,False,False,False
18220,CCL5,True,False,False,False,False
18221,LIX1L,True,True,True,True,True
18222,MILR1,True,False,False,False,False
18223,SMIM32,True,False,False,False,False
18224,ANKRD34A,True,False,False,False,False
18225,GTF2H5,True,True,True,True,True
18226,NUDT3,True,True,True,True,True
18227,KMT2B,True,True,True,True,True
18228,POM121C,True,True,True,True,True
18229,CD24,True,False,False,True,False
18230,CFAP206,True,False,False,False,False
18231,MUSTN1,True,False,False,False,False
18232,ZNF595,True,True,False,False,False
18233,DOC2B,True,False,False,False,False
18234,PCDHB16,True,False,False,False,False
18235,KRTAP10-7,True,False,False,False,False
18236,DCP1A,True,True,True,True,True
18237,ATP6V1FNB,True,False,False,False,False
18238,C2orf15,True,False,False,True,False
18239,GRIN2B,True,False,False,False,False
18240,LYPD4,True,False,False,False,False
18241,NBPF26,False,False,False,False,False
18242,TMEM271,True,False,False,False,False
18243,ZBTB8B,True,False,False,False,False
18244,FOXD4L6,True,False,False,False,False
18245,AGBL1,True,False,False,False,False
18246,CWC25,True,True,True,True,True
18247,EPOP,True,False,False,True,True
18248,HIST1H2BM,False,False,False,False,False
18249,LHX1,True,False,False,False,False
18250,CYFIP1,True,True,True,True,True
18251,CEACAM20,True,False,False,False,False
18252,HIST1H2BG,True,True,False,False,False
18253,USP27X,True,False,False,False,False
18254,TAF9,True,True,True,True,True
18255,NOL12,True,True,True,True,True
18256,GOLGA6L1,False,False,False,False,False
18257,HIST1H3G,True,False,False,False,True
18258,CASTOR2,True,False,False,True,True
18259,OR4M2,False,False,False,False,False
18260,NATD1,True,False,False,False,False
18261,H2AFB1,False,False,False,False,False
18262,ANTXRL,True,False,False,False,False
18263,SOCS7,True,False,False,True,True
18264,GGTLC3,False,False,False,False,False
18265,ADRA2B,True,False,False,False,False
18266,ZNF658,True,False,False,False,False
18267,TMEM269,True,False,False,False,False
18268,TPTE,True,False,False,False,False
18269,C8orf89,True,False,False,False,False
18270,RCC1L,True,True,True,True,False
18271,SEBOX,True,False,False,False,False
18272,DGKK,True,False,False,True,False
18273,RIMBP3B,True,False,False,False,False
18274,CCL23,True,False,False,False,False
18275,ELOA3D,False,False,False,False,False
18276,KRTAP7-1,True,False,False,False,False
18277,HIST1H3E,True,False,False,False,False
18278,PRAMEF27,True,False,False,False,False
18279,TBC1D3B,True,False,False,False,False
18280,PANO1,True,False,False,False,False
18281,HIST1H2AH,False,True,True,False,True
18282,ZNF280B,True,True,False,False,True
18283,MLLT6,True,True,True,True,True
18284,PPP4R3B,True,True,True,True,True
18285,SYNRG,True,True,True,True,True
18286,NUDT18,True,False,False,False,False
18287,ZNF2,True,False,False,False,False
18288,CCL16,True,False,False,True,False
18289,LENG9,True,False,False,False,False
18290,HIST1H2AK,True,False,False,False,False
18291,CCL4,True,False,False,False,False
18292,PRAG1,True,False,False,True,False
18293,C7orf77,True,False,False,False,False
18294,HIST1H3I,False,False,False,False,False
18295,CCL18,True,False,False,False,False
18296,FCGBP,True,False,False,False,False
18297,HNF1B,True,False,False,False,False
18298,FP565260.1,True,False,False,False,False
18299,C17orf98,True,False,False,False,False
18300,GRIFIN,True,False,False,False,False
18301,XKR5,True,False,False,False,False
18302,HIST1H4G,True,False,False,False,False
18303,AATF,True,True,True,True,True
18304,HIST1H2BH,True,True,False,False,False
18305,CCL15,True,False,False,True,False
18306,LYZL6,True,False,False,False,False
18307,HNRNPCL2,True,False,False,False,False
18308,RIMBP3,False,False,False,False,False
18309,ARHGAP23,True,False,True,False,False
18310,TUBGCP5,True,True,True,True,True
18311,PRSS2,False,False,False,False,False
18312,SPATA31A3,False,False,False,False,False
18313,SIK1B,False,False,False,False,False
18314,DUSP14,True,True,True,True,True
18315,SPATA31A7,True,False,False,False,False
18316,UHRF1,True,True,True,True,True
18317,ORAI1,True,True,True,True,True
18318,CCL4L2,True,False,False,False,False
18319,CRYAA2,False,False,False,False,False
18320,CCL3L1,False,False,False,False,False
18321,OR13C2,True,False,False,False,False
18322,HIST1H4I,True,False,False,False,False
18323,PIK3R6,True,False,False,False,False
18324,TADA2A,True,True,True,False,True
18325,OR4E1,True,False,False,False,False
18326,KCNE1B,False,False,False,False,False
18327,PIP4K2B,True,True,True,True,True
18328,CCL14,True,False,False,False,False
18329,HIST1H2BB,True,False,False,False,False
18330,SPATA31A5,True,False,False,False,False
18331,RAB7B,True,False,False,False,False
18332,DACH1,True,False,False,False,False
18333,PADI6,True,False,False,False,False
18334,GSTT4,True,False,False,False,False
18335,HIST1H4E,True,False,False,False,False
18336,HNRNPCL3,False,False,False,False,False
18337,HIST1H2AE,True,False,False,False,False
18338,TYW1B,True,False,False,False,False
18339,PIGW,True,True,True,True,True
18340,F8A1,True,False,True,True,True
18341,PCGF2,True,True,True,True,True
18342,C10orf142,True,False,False,False,False
18343,GOLGA6L6,True,False,False,False,False
18344,SRCIN1,True,False,False,False,False
18345,GPR179,True,False,False,False,False
18346,MARCKS,True,False,True,True,False
18347,ZNF670,True,True,False,True,True
18348,PKD1L3,True,False,False,False,False
18349,GPIHBP1,True,False,False,False,False
18350,PNMA8C,True,False,False,False,False
18351,AL772284.2,True,False,False,False,False
18352,OR13C5,True,False,False,False,False
18353,NEFL,True,False,False,False,False
18354,CCL3,True,False,False,False,False
18355,AC007906.2,True,False,False,False,False
18356,TRAC,True,False,False,False,True
18357,PSMB3,True,True,True,True,True
18358,GOLGA6L22,False,False,False,False,False
18359,SRD5A2,True,False,False,False,False
18360,OR52E5,True,False,False,False,False
18361,CISD3,True,True,True,True,True
18362,RDM1,True,False,False,False,True
18363,DDX52,True,True,True,True,True
18364,TEX28,False,False,False,False,False
18365,ZNF8,True,True,False,False,True
18366,SSTR3,True,False,False,False,False
18367,MYO19,True,True,True,True,True
18368,GGNBP2,True,True,True,True,True
18369,ZNF229,True,False,False,False,False
18370,C17orf78,True,False,False,False,False
18371,POTEB3,False,False,False,False,False
18372,DHRS11,True,True,False,True,True
18373,ACACA,True,True,True,True,True
18374,TMEM191B,False,False,False,True,False
18375,NR2E3,True,False,False,False,False
18376,TBC1D3E,True,False,False,False,False
18377,C11orf98,False,False,False,False,False
18378,MRM1,True,True,False,True,False
18379,ELOA3B,False,False,False,False,False
18380,IQCA1L,True,False,False,False,False
18381,HIST1H4B,True,False,False,False,False
18382,AC236972.4,False,False,False,False,False
18383,HIST1H3H,True,True,False,False,False
18384,OR51G1,True,False,False,False,False
18385,OR2S2,True,False,False,False,False
18386,OR10A6,True,False,False,False,False
18387,OR6Q1,True,False,False,False,False
18388,OR10X1,True,False,False,False,False
18389,OR8D2,True,False,False,False,False
18390,PRAMEF13,True,False,False,False,False
18391,OR2L8,False,False,False,False,False
18392,OR52R1,True,False,False,False,False
18393,OR2T11,True,False,False,False,False
18394,OR5L1,True,False,False,False,False
18395,AC135068.3,False,False,False,False,False
18396,OR2AG1,True,False,False,False,False
18397,OR4C16,True,False,False,False,False
18398,OR5D13,True,False,False,False,False
18399,PRAMEF18,True,False,False,False,False
18400,OR5R1,True,False,False,False,False
18401,OR51F1,True,False,False,False,False
18402,GATD3B,False,True,False,True,False
18403,OR8B4,True,False,False,False,False
18404,OR1B1,True,False,False,False,False
18405,PCDH20,True,False,False,False,False
18406,OR1S1,True,False,False,False,False
18407,OR12D2,True,False,False,False,False
18408,OR8K3,True,False,False,False,False
18409,FP565260.6,False,False,False,False,False
18410,CCDC163,True,False,False,False,False
18411,PAGR1,True,True,True,True,True
18412,TMEM272,True,False,False,False,False
18413,BLACAT1,True,False,False,False,False
18414,TMEM265,True,False,False,False,False
18415,TEX13D,True,False,False,False,False
18416,ADORA3,True,False,False,False,False
18417,DUXB,True,False,False,False,False
18418,TEX13C,True,False,False,False,False
18419,C1orf232,True,False,False,False,False
18420,TMEM275,True,False,False,False,False
18421,KLF18,True,False,False,False,False
18422,LBHD2,True,False,False,False,False
18423,C13orf46,True,False,False,False,False
18424,AL353572.3,True,False,False,False,False
18425,SPRR5,True,False,False,False,False
18426,CCDC201,True,False,False,False,False
18427,FAM237B,True,False,False,False,False
18428,TEX54,True,False,False,False,False
18429,SMIM33,True,False,False,False,False
18430,TEX52,True,False,False,False,False
18431,CTXND2,True,False,False,False,False
18432,FAM240B,True,False,False,False,False
18433,CFAP97D2,True,False,False,False,False
18434,CNTNAP3C,False,False,False,False,False
18435,CCDC195,True,False,False,False,False
18436,CSNKA2IP,True,False,False,False,False
18437,SPEM3,True,False,False,False,False
18438,HSFX4,True,False,False,False,False
18439,FAM240A,True,False,False,False,False
18440,LITAFD,True,False,False,False,False
18441,PRRT1B,True,False,False,False,False
18442,AC021072.1,True,False,False,False,False
18443,C19orf85,True,False,False,False,False
18444,FAM169B,True,False,False,False,False
18445,BX276092.9,True,False,False,False,False
18446,EXOC3L2,True,True,False,False,False
18447,ETDC,True,False,False,False,False
18448,LMLN2,True,False,False,False,False
18449,MYOCOS,True,False,False,False,False
18450,HSFX3,True,False,False,False,False
18451,VSIG10L2,True,False,False,False,False
18452,TAF11L11,True,False,False,False,False
18453,CPHXL,True,False,False,False,False
18454,PMIS2,True,False,False,False,False
18455,TAF11L13,True,False,False,False,False
18456,PRR33,True,False,False,False,False
18457,TAF11L8,True,False,False,False,False
18458,GNG14,True,False,False,False,False
18459,TAF11L9,False,False,False,False,False
18460,SLURP2,True,False,False,False,False
18461,TAF11L6,True,False,False,False,False
18462,AL451007.3,True,False,False,False,False
18463,SCO2,True,True,True,True,True
18464,TAF11L4,True,False,False,False,False
18465,SSU72P2,False,False,False,False,False
18466,C2orf81,True,False,False,False,False
18467,TAF11L2,False,False,False,False,False
18468,AL032819.3,True,False,False,False,False
18469,SSU72P7,False,False,False,False,False
18470,TAF11L3,False,False,False,False,False
18471,AC025287.4,True,False,False,False,False
18472,THSD8,True,False,False,False,False
18473,SSU72P3,False,False,False,False,False
18474,OR8B3,False,False,False,False,False
18475,SCYGR4,True,False,False,False,False
18476,SCYGR8,True,False,False,False,False
18477,AC005551.1,True,False,False,False,False
18478,OR8B2,True,False,False,False,False
18479,AC092442.1,False,False,False,False,False
18480,AC073111.4,True,False,False,False,True
18481,TMEM247,True,False,False,False,False
18482,SCYGR3,False,False,False,False,False
18483,SMIM38,True,False,False,False,False
18484,OR8S1,True,False,False,False,False
18485,C12orf81,True,False,False,False,False
18486,EEF1AKMT4,True,True,True,True,True
18487,TBCE,False,False,False,True,True
18488,AC132217.2,True,False,False,False,False
18489,SMIM41,True,False,False,False,False
18490,AC008397.1,True,False,False,False,False
18491,GCSAML-AS1,False,False,False,False,False
18492,AP000812.4,False,False,False,False,False
18493,CCDC39,True,False,False,False,False
18494,OOSP1,True,False,False,False,False
18495,ARHGAP11B,True,False,False,False,False
18496,AC048338.2,False,False,False,False,False
18497,BX255925.3,True,True,False,True,False
18498,OOSP4A,True,False,False,False,False
18499,AC091057.6,False,False,False,False,False
18500,AC004593.3,True,False,False,False,False
18501,OOSP3,True,False,False,False,False
18502,AL160269.1,True,False,False,False,False
18503,AC025283.2,True,False,False,False,False
18504,POLR2J3,False,True,True,True,True
18505,ZNF883,True,False,False,False,False
18506,AC021097.2,True,False,False,False,False
18507,AC067752.1,True,False,False,False,False
18508,AL445238.1,True,False,False,False,False
18509,AC134684.8,False,False,False,False,False
18510,AC134684.9,False,False,False,False,False
18511,AC084121.9,False,False,False,False,False
18512,AC113348.1,True,False,False,False,False
18513,AC084121.12,False,False,False,False,False
18514,AC072022.2,True,False,False,False,False
18515,AL162596.1,True,False,False,False,False
18516,AC084121.13,False,False,False,False,False
18517,AC134684.11,False,False,False,False,False
18518,AL135905.2,True,False,False,False,False
18519,NOTCH2NLB,False,False,False,False,False
18520,GGT1,True,False,False,False,False
18521,SPEGNB,True,False,False,False,False
18522,AP000552.4,True,False,False,False,False
18523,AC253572.1,False,False,False,False,False
18524,AL603764.2,True,False,False,False,False
18525,DERPC,True,False,False,False,False
18526,AC023490.5,False,False,False,False,False
18527,NOTCH2NLC,False,False,False,False,False
18528,AC007244.1,False,False,False,False,False
18529,GABARAPL2,False,True,True,True,True
18530,SLC39A4,False,True,True,True,True
18531,TKT,False,True,True,True,True
18532,PRH1,False,True,True,True,True
