context,source_target,source_target_id,target,target_mapping,cells
H1,AASS,,AASS,literal_official_id_unresolved,1376
H1,ACAT2,,ACAT2,literal_official_id_unresolved,1765
H1,ACLY,,ACLY,literal_official_id_unresolved,1026
H1,ACTN1,,ACTN1,literal_official_id_unresolved,1278
H1,ACVR1B,,ACVR1B,literal_official_id_unresolved,1400
H1,ADNP,,ADNP,literal_official_id_unresolved,291
H1,AKT2,,AKT2,literal_official_id_unresolved,938
H1,ANKZF1,,ANKZF1,literal_official_id_unresolved,1063
H1,ANTXR1,,ANTXR1,literal_official_id_unresolved,1448
H1,ANXA6,,ANXA6,literal_official_id_unresolved,2496
H1,APOE,,APOE,literal_official_id_unresolved,1798
H1,ARID1A,,ARID1A,literal_official_id_unresolved,1256
H1,ARID3A,,ARID3A,literal_official_id_unresolved,1447
H1,ARPC2,,ARPC2,literal_official_id_unresolved,980
H1,ASF1A,,ASF1A,literal_official_id_unresolved,537
H1,ATF4,,ATF4,literal_official_id_unresolved,570
H1,ATM,,ATM,literal_official_id_unresolved,455
H1,ATP1B1,,ATP1B1,literal_official_id_unresolved,2121
H1,ATP6V0B,,ATP6V0B,literal_official_id_unresolved,245
H1,ATP6V0C,,ATP6V0C,literal_official_id_unresolved,33
H1,BECN1,,BECN1,literal_official_id_unresolved,349
H1,BIRC2,,BIRC2,literal_official_id_unresolved,1116
H1,BRD9,,BRD9,literal_official_id_unresolved,67
H1,BRPF1,,BRPF1,literal_official_id_unresolved,366
H1,C1QBP,,C1QBP,literal_official_id_unresolved,711
H1,CALM3,,CALM3,literal_official_id_unresolved,681
H1,CAMSAP2,,CAMSAP2,literal_official_id_unresolved,1750
H1,CASP2,,CASP2,literal_official_id_unresolved,1590
H1,CASP3,,CASP3,literal_official_id_unresolved,1037
H1,CAST,,CAST,literal_official_id_unresolved,2252
H1,CD276,,CD276,literal_official_id_unresolved,1552
H1,CDC25B,,CDC25B,literal_official_id_unresolved,913
H1,CDCA2,,CDCA2,literal_official_id_unresolved,1717
H1,CENPB,,CENPB,literal_official_id_unresolved,1379
H1,CENPO,,CENPO,literal_official_id_unresolved,1193
H1,CHMP3,,CHMP3,literal_official_id_unresolved,1168
H1,CLDN6,,CLDN6,literal_official_id_unresolved,864
H1,CLDN7,,CLDN7,literal_official_id_unresolved,1303
H1,CNN3,,CNN3,literal_official_id_unresolved,2496
H1,COASY,,COASY,literal_official_id_unresolved,1937
H1,COL6A1,,COL6A1,literal_official_id_unresolved,1744
H1,COX4I1,,COX4I1,literal_official_id_unresolved,1058
H1,COX6C,,COX6C,literal_official_id_unresolved,1025
H1,CREG1,,CREG1,literal_official_id_unresolved,1703
H1,CREM,,CREM,literal_official_id_unresolved,2247
H1,CSK,,CSK,literal_official_id_unresolved,1572
H1,CSNK1E,,CSNK1E,literal_official_id_unresolved,1139
H1,CTBP2,,CTBP2,literal_official_id_unresolved,538
H1,CTNNB1,,CTNNB1,literal_official_id_unresolved,1652
H1,CTSV,,CTSV,literal_official_id_unresolved,1989
H1,CXCL12,,CXCL12,literal_official_id_unresolved,1201
H1,CYCS,,CYCS,literal_official_id_unresolved,770
H1,CYFIP1,,CYFIP1,literal_official_id_unresolved,2040
H1,DAXX,,DAXX,literal_official_id_unresolved,1332
H1,DCK,,DCK,literal_official_id_unresolved,1737
H1,DHCR24,,DHCR24,literal_official_id_unresolved,1420
H1,DHX36,,DHX36,literal_official_id_unresolved,1392
H1,DHX9,,DHX9,literal_official_id_unresolved,273
H1,DLG5,,DLG5,literal_official_id_unresolved,864
H1,DNAJA3,,DNAJA3,literal_official_id_unresolved,65
H1,DNMT1,,DNMT1,literal_official_id_unresolved,893
H1,DOT1L,,DOT1L,literal_official_id_unresolved,1484
H1,DPF2,,DPF2,literal_official_id_unresolved,1144
H1,DPH2,,DPH2,literal_official_id_unresolved,670
H1,DZIP3,,DZIP3,literal_official_id_unresolved,447
H1,EHMT1,,EHMT1,literal_official_id_unresolved,1601
H1,EHMT2,,EHMT2,literal_official_id_unresolved,1499
H1,EID2,,EID2,literal_official_id_unresolved,1167
H1,EIF3H,,EIF3H,literal_official_id_unresolved,323
H1,EIF4B,,EIF4B,literal_official_id_unresolved,1585
H1,ELAC2,,ELAC2,literal_official_id_unresolved,184
H1,EP300,,EP300,literal_official_id_unresolved,2217
H1,EPB41L2,,EPB41L2,literal_official_id_unresolved,219
H1,EPHB4,,EPHB4,literal_official_id_unresolved,241
H1,EPHX1,,EPHX1,literal_official_id_unresolved,1042
H1,ETV4,,ETV4,literal_official_id_unresolved,263
H1,EWSR1,,EWSR1,literal_official_id_unresolved,538
H1,FDPS,,FDPS,literal_official_id_unresolved,154
H1,FGFR1,,FGFR1,literal_official_id_unresolved,1061
H1,FIBP,,FIBP,literal_official_id_unresolved,2094
H1,FOXH1,,FOXH1,literal_official_id_unresolved,1967
H1,FUBP1,,FUBP1,literal_official_id_unresolved,288
H1,GNG12,,GNG12,literal_official_id_unresolved,677
H1,GRB10,,GRB10,literal_official_id_unresolved,4074
H1,GSK3B,,GSK3B,literal_official_id_unresolved,1059
H1,GSTZ1,,GSTZ1,literal_official_id_unresolved,1077
H1,GULP1,,GULP1,literal_official_id_unresolved,1065
H1,HAT1,,HAT1,literal_official_id_unresolved,1025
H1,HAX1,,HAX1,literal_official_id_unresolved,780
H1,HDAC3,,HDAC3,literal_official_id_unresolved,504
H1,HDAC8,,HDAC8,literal_official_id_unresolved,1204
H1,HDGF,,HDGF,literal_official_id_unresolved,3271
H1,HIRA,,HIRA,literal_official_id_unresolved,3407
H1,HMGB2,,HMGB2,literal_official_id_unresolved,1487
H1,HMGCR,,HMGCR,literal_official_id_unresolved,843
H1,HMGCS1,,HMGCS1,literal_official_id_unresolved,910
H1,HMGN1,,HMGN1,literal_official_id_unresolved,2004
H1,HMGXB4,,HMGXB4,literal_official_id_unresolved,1594
H1,HSBP1,,HSBP1,literal_official_id_unresolved,166
H1,HSP90B1,,HSP90B1,literal_official_id_unresolved,503
H1,HTATSF1,,HTATSF1,literal_official_id_unresolved,892
H1,IDE,,IDE,literal_official_id_unresolved,2248
H1,IGF1R,,IGF1R,literal_official_id_unresolved,2056
H1,IGF2R,,IGF2R,literal_official_id_unresolved,3109
H1,IKBKG,,IKBKG,literal_official_id_unresolved,790
H1,INO80B,,INO80B,literal_official_id_unresolved,170
H1,INSIG1,,INSIG1,literal_official_id_unresolved,1363
H1,IRF3,,IRF3,literal_official_id_unresolved,985
H1,ITGAV,,ITGAV,literal_official_id_unresolved,2034
H1,JAZF1,,JAZF1,literal_official_id_unresolved,709
H1,JMJD1C,,JMJD1C,literal_official_id_unresolved,438
H1,JMJD8,,JMJD8,literal_official_id_unresolved,767
H1,KAT2A,,KAT2A,literal_official_id_unresolved,2120
H1,KDM1A,,KDM1A,literal_official_id_unresolved,352
H1,KDM2B,,KDM2B,literal_official_id_unresolved,2142
H1,KDR,,KDR,literal_official_id_unresolved,2056
H1,KIF1B,,KIF1B,literal_official_id_unresolved,2407
H1,KIF20A,,KIF20A,literal_official_id_unresolved,183
H1,KLF10,,KLF10,literal_official_id_unresolved,1932
H1,KLHDC2,,KLHDC2,literal_official_id_unresolved,1763
H1,KRT18,,KRT18,literal_official_id_unresolved,1602
H1,LAD1,,LAD1,literal_official_id_unresolved,1361
H1,LAP3,,LAP3,literal_official_id_unresolved,703
H1,LBR,,LBR,literal_official_id_unresolved,930
H1,LRPPRC,,LRPPRC,literal_official_id_unresolved,1053
H1,LTBR,,LTBR,literal_official_id_unresolved,1206
H1,LZTR1,,LZTR1,literal_official_id_unresolved,1381
H1,MAP1B,,MAP1B,literal_official_id_unresolved,784
H1,MAP3K7,,MAP3K7,literal_official_id_unresolved,2019
H1,MAPKAPK2,,MAPKAPK2,literal_official_id_unresolved,2196
H1,MAST2,,MAST2,literal_official_id_unresolved,1029
H1,MAT2A,,MAT2A,literal_official_id_unresolved,1428
H1,MAU2,,MAU2,literal_official_id_unresolved,1021
H1,MAX,,MAX,literal_official_id_unresolved,161
H1,MBTPS1,,MBTPS1,literal_official_id_unresolved,626
H1,MED1,,MED1,literal_official_id_unresolved,407
H1,MED12,,MED12,literal_official_id_unresolved,2766
H1,MED13,,MED13,literal_official_id_unresolved,2787
H1,MED13L,,MED13L,literal_official_id_unresolved,2469
H1,MED15,,MED15,literal_official_id_unresolved,3637
H1,MED19,,MED19,literal_official_id_unresolved,1511
H1,MED23,,MED23,literal_official_id_unresolved,955
H1,MED24,,MED24,literal_official_id_unresolved,455
H1,MED25,,MED25,literal_official_id_unresolved,2028
H1,METTL14,,METTL14,literal_official_id_unresolved,468
H1,METTL17,,METTL17,literal_official_id_unresolved,790
H1,METTL3,,METTL3,literal_official_id_unresolved,498
H1,MFSD10,,MFSD10,literal_official_id_unresolved,2300
H1,MGST1,,MGST1,literal_official_id_unresolved,2096
H1,MKI67,,MKI67,literal_official_id_unresolved,968
H1,MLLT1,,MLLT1,literal_official_id_unresolved,1629
H1,MORN2,,MORN2,literal_official_id_unresolved,1987
H1,MPC2,,MPC2,literal_official_id_unresolved,992
H1,MTA1,,MTA1,literal_official_id_unresolved,1434
H1,MTFR1,,MTFR1,literal_official_id_unresolved,1787
H1,NCAPH2,,NCAPH2,literal_official_id_unresolved,98
H1,NCK2,,NCK2,literal_official_id_unresolved,2929
H1,NCKAP1,,NCKAP1,literal_official_id_unresolved,1056
H1,NDUFB4,,NDUFB4,literal_official_id_unresolved,1413
H1,NDUFB6,,NDUFB6,literal_official_id_unresolved,863
H1,NDUFB9,,NDUFB9,literal_official_id_unresolved,1059
H1,NDUFC2,,NDUFC2,literal_official_id_unresolved,1595
H1,NEK2,,NEK2,literal_official_id_unresolved,1523
H1,NELFE,,NELFE,literal_official_id_unresolved,67
H1,NFATC3,,NFATC3,literal_official_id_unresolved,1050
H1,NFE2L1,,NFE2L1,literal_official_id_unresolved,926
H1,NFX1,,NFX1,literal_official_id_unresolved,1530
H1,NGRN,,NGRN,literal_official_id_unresolved,1548
H1,NISCH,,NISCH,literal_official_id_unresolved,2101
H1,NIT1,,NIT1,literal_official_id_unresolved,1287
H1,NRAS,,NRAS,literal_official_id_unresolved,1172
H1,NREP,,NREP,literal_official_id_unresolved,352
H1,NSDHL,,NSDHL,literal_official_id_unresolved,374
H1,NUDT9,,NUDT9,literal_official_id_unresolved,2484
H1,OAZ1,,OAZ1,literal_official_id_unresolved,813
H1,OSTC,,OSTC,literal_official_id_unresolved,159
H1,OXA1L,,OXA1L,literal_official_id_unresolved,63
H1,OXCT1,,OXCT1,literal_official_id_unresolved,740
H1,PACSIN3,,PACSIN3,literal_official_id_unresolved,2101
H1,PAGR1,,PAGR1,literal_official_id_unresolved,1953
H1,PAXIP1,,PAXIP1,literal_official_id_unresolved,1644
H1,PBX1,,PBX1,literal_official_id_unresolved,2313
H1,PBX3,,PBX3,literal_official_id_unresolved,1196
H1,PCCB,,PCCB,literal_official_id_unresolved,2751
H1,PGAM1,,PGAM1,literal_official_id_unresolved,972
H1,PHF10,,PHF10,literal_official_id_unresolved,450
H1,PHF12,,PHF12,literal_official_id_unresolved,2069
H1,PHF14,,PHF14,literal_official_id_unresolved,899
H1,PIAS1,,PIAS1,literal_official_id_unresolved,1123
H1,PLAGL2,,PLAGL2,literal_official_id_unresolved,3642
H1,PLCB3,,PLCB3,literal_official_id_unresolved,1110
H1,PMEL,,PMEL,literal_official_id_unresolved,356
H1,PMS1,,PMS1,literal_official_id_unresolved,1100
H1,POLB,,POLB,literal_official_id_unresolved,1905
H1,PPP2R3C,,PPP2R3C,literal_official_id_unresolved,624
H1,PRCP,,PRCP,literal_official_id_unresolved,4331
H1,PRDM14,,PRDM14,literal_official_id_unresolved,359
H1,PRR12,,PRR12,literal_official_id_unresolved,1286
H1,PSME1,,PSME1,literal_official_id_unresolved,1065
H1,PSMG1,,PSMG1,literal_official_id_unresolved,139
H1,PTPN1,,PTPN1,literal_official_id_unresolved,2195
H1,RAB3B,,RAB3B,literal_official_id_unresolved,594
H1,RAF1,,RAF1,literal_official_id_unresolved,791
H1,RBPJ,,RBPJ,literal_official_id_unresolved,710
H1,RFX5,,RFX5,literal_official_id_unresolved,919
H1,RNF2,,RNF2,literal_official_id_unresolved,1844
H1,RNF20,,RNF20,literal_official_id_unresolved,47
H1,RNF40,,RNF40,literal_official_id_unresolved,150
H1,RRM1,,RRM1,literal_official_id_unresolved,638
H1,RRM2,,RRM2,literal_official_id_unresolved,1881
H1,SAFB,,SAFB,literal_official_id_unresolved,827
H1,SAFB2,,SAFB2,literal_official_id_unresolved,2144
H1,SALL4,,SALL4,literal_official_id_unresolved,180
H1,SBDS,,SBDS,literal_official_id_unresolved,916
H1,SCCPDH,,SCCPDH,literal_official_id_unresolved,1300
H1,SDC1,,SDC1,literal_official_id_unresolved,215
H1,SEC62,,SEC62,literal_official_id_unresolved,286
H1,SET,,SET,literal_official_id_unresolved,1225
H1,SETDB1,,SETDB1,literal_official_id_unresolved,1044
H1,SH3BP4,,SH3BP4,literal_official_id_unresolved,2925
H1,SHPRH,,SHPRH,literal_official_id_unresolved,241
H1,SIN3B,,SIN3B,literal_official_id_unresolved,586
H1,SIX4,,SIX4,literal_official_id_unresolved,642
H1,SLC25A3,,SLC25A3,literal_official_id_unresolved,805
H1,SLC39A6,,SLC39A6,literal_official_id_unresolved,178
H1,SLC5A6,,SLC5A6,literal_official_id_unresolved,677
H1,SLIRP,,SLIRP,literal_official_id_unresolved,2000
H1,SMAGP,,SMAGP,literal_official_id_unresolved,788
H1,SMARCA4,,SMARCA4,literal_official_id_unresolved,1015
H1,SMARCA5,,SMARCA5,literal_official_id_unresolved,1795
H1,SMARCB1,,SMARCB1,literal_official_id_unresolved,1706
H1,SMARCE1,,SMARCE1,literal_official_id_unresolved,597
H1,SNCA,,SNCA,literal_official_id_unresolved,386
H1,SOX2,,SOX2,literal_official_id_unresolved,806
H1,SOX4,,SOX4,literal_official_id_unresolved,3343
H1,SRC,,SRC,literal_official_id_unresolved,2403
H1,SSBP1,,SSBP1,literal_official_id_unresolved,905
H1,STAG2,,STAG2,literal_official_id_unresolved,1573
H1,STAT1,,STAT1,literal_official_id_unresolved,2493
H1,STAT6,,STAT6,literal_official_id_unresolved,858
H1,STRAP,,STRAP,literal_official_id_unresolved,644
H1,STUB1,,STUB1,literal_official_id_unresolved,2615
H1,STX4,,STX4,literal_official_id_unresolved,1249
H1,STXBP1,,STXBP1,literal_official_id_unresolved,3751
H1,SUPT4H1,,SUPT4H1,literal_official_id_unresolved,364
H1,SUPV3L1,,SUPV3L1,literal_official_id_unresolved,339
H1,SV2A,,SV2A,literal_official_id_unresolved,580
H1,TADA1,,TADA1,literal_official_id_unresolved,4035
H1,TAF11,,TAF11,literal_official_id_unresolved,257
H1,TAF13,,TAF13,literal_official_id_unresolved,138
H1,TARBP2,,TARBP2,literal_official_id_unresolved,2032
H1,TAZ,,TAZ,literal_official_id_unresolved,749
H1,TCF3,,TCF3,literal_official_id_unresolved,1343
H1,TCF7L2,,TCF7L2,literal_official_id_unresolved,484
H1,TET1,,TET1,literal_official_id_unresolved,2428
H1,TFAM,,TFAM,literal_official_id_unresolved,1105
H1,TGFBR2,,TGFBR2,literal_official_id_unresolved,1474
H1,THAP11,,THAP11,literal_official_id_unresolved,807
H1,THY1,,THY1,literal_official_id_unresolved,1104
H1,TMBIM6,,TMBIM6,literal_official_id_unresolved,505
H1,TMSB10,,TMSB10,literal_official_id_unresolved,872
H1,TMSB4X,,TMSB4X,literal_official_id_unresolved,4760
H1,TNFRSF12A,,TNFRSF12A,literal_official_id_unresolved,1725
H1,TOR1A,,TOR1A,literal_official_id_unresolved,1640
H1,TRAFD1,,TRAFD1,literal_official_id_unresolved,1627
H1,TRAM2,,TRAM2,literal_official_id_unresolved,1756
H1,TRAPPC6A,,TRAPPC6A,literal_official_id_unresolved,589
H1,TSC22D4,,TSC22D4,literal_official_id_unresolved,1970
H1,TSFM,,TSFM,literal_official_id_unresolved,1364
H1,TSKU,,TSKU,literal_official_id_unresolved,886
H1,TUSC3,,TUSC3,literal_official_id_unresolved,1287
H1,TWF2,,TWF2,literal_official_id_unresolved,1008
H1,TXNDC9,,TXNDC9,literal_official_id_unresolved,514
H1,UBE3C,,UBE3C,literal_official_id_unresolved,1590
H1,UGDH,,UGDH,literal_official_id_unresolved,1474
H1,UGP2,,UGP2,literal_official_id_unresolved,2027
H1,UQCRB,,UQCRB,literal_official_id_unresolved,959
H1,UQCRQ,,UQCRQ,literal_official_id_unresolved,1161
H1,USF2,,USF2,literal_official_id_unresolved,1207
H1,USP22,,USP22,literal_official_id_unresolved,2491
H1,VCL,,VCL,literal_official_id_unresolved,894
H1,WAC,,WAC,literal_official_id_unresolved,267
H1,WFS1,,WFS1,literal_official_id_unresolved,2043
H1,WSB2,,WSB2,literal_official_id_unresolved,712
H1,XRCC4,,XRCC4,literal_official_id_unresolved,591
H1,ZBTB39,,ZBTB39,literal_official_id_unresolved,417
H1,ZFP62,,ZFP62,literal_official_id_unresolved,204
H1,ZNF107,,ZNF107,literal_official_id_unresolved,1527
H1,ZNF286A,,ZNF286A,literal_official_id_unresolved,1059
H1,ZNF32,,ZNF32,literal_official_id_unresolved,699
H1,ZNF426,,ZNF426,literal_official_id_unresolved,1132
H1,ZNF562,,ZNF562,literal_official_id_unresolved,418
H1,ZNF581,,ZNF581,literal_official_id_unresolved,2502
H1,ZNF593,,ZNF593,literal_official_id_unresolved,797
H1,ZNF598,,ZNF598,literal_official_id_unresolved,255
H1,ZNF664,,ZNF664,literal_official_id_unresolved,2318
H1,ZNF714,,ZNF714,literal_official_id_unresolved,852
H1,ZNF850,,ZNF850,literal_official_id_unresolved,1305
H1,ZNF92,,ZNF92,literal_official_id_unresolved,886
H1,ZRSR2,,ZRSR2,literal_official_id_unresolved,76
H1,non-targeting,,non-targeting,control,38176
K562,A1BG,ENSG00000121410,A1BG,unique_hgnc_bridge,387
K562,AAAS,ENSG00000094914,AAAS,literal_official,411
K562,AACS,ENSG00000081760,AACS,literal_official,176
K562,AAGAB,ENSG00000103591,AAGAB,literal_official,99
K562,AAK1,ENSG00000115977,AAK1,literal_official,240
K562,AAMDC,ENSG00000087884,AAMDC,literal_official,195
K562,AAMP,ENSG00000127837,AAMP,literal_official,157
K562,AAR2,ENSG00000131043,AAR2,literal_official,93
K562,AARS,ENSG00000090861,AARS,literal_official,46
K562,AARS2,ENSG00000124608,AARS2,literal_official,358
K562,AARSD1,ENSG00000266967,AARSD1,literal_official,367
K562,AASDH,ENSG00000157426,AASDH,literal_official,85
K562,AASDHPPT,ENSG00000149313,AASDHPPT,literal_official,177
K562,AATF,ENSG00000275700,AATF,literal_official,182
K562,ABCA7,ENSG00000064687,ABCA7,literal_official,708
K562,ABCA8,ENSG00000141338,ABCA8,literal_official,46
K562,ABCB10,ENSG00000135776,ABCB10,literal_official,38
K562,ABCB6,ENSG00000115657,ABCB6,literal_official,235
K562,ABCB7,ENSG00000131269,ABCB7,literal_official,244
K562,ABCB8,ENSG00000197150,ABCB8,literal_official,88
K562,ABCB9,ENSG00000150967,ABCB9,literal_official,532
K562,ABCC1,ENSG00000103222,ABCC1,literal_official,201
K562,ABCC10,ENSG00000124574,ABCC10,unique_hgnc_bridge,131
K562,ABCC4,ENSG00000125257,ABCC4,literal_official,170
K562,ABCC5,ENSG00000114770,ABCC5,literal_official,306
K562,ABCD3,ENSG00000117528,ABCD3,literal_official,207
K562,ABCD4,ENSG00000119688,ABCD4,literal_official,117
K562,ABCE1,ENSG00000164163,ABCE1,literal_official,120
K562,ABCF1,ENSG00000204574,ABCF1,literal_official,490
K562,ABCF2,ENSG00000033050,ABCF2,literal_official,217
K562,ABCF3,ENSG00000161204,ABCF3,literal_official,260
K562,ABCG1,ENSG00000160179,ABCG1,literal_official,294
K562,ABHD10,ENSG00000144827,ABHD10,literal_official,148
K562,ABHD11,ENSG00000106077,ABHD11,literal_official,155
K562,ABHD12,ENSG00000100997,ABHD12,literal_official,233
K562,ABHD13,ENSG00000139826,ABHD13,literal_official,113
K562,ABHD14A,ENSG00000248487,ABHD14A,literal_official,210
K562,ABHD14B,ENSG00000114779,ABHD14B,literal_official,802
K562,ABHD16A,ENSG00000204427,ABHD16A,literal_official,223
K562,ABHD17A,ENSG00000129968,ABHD17A,literal_official,250
K562,ABHD17B,ENSG00000107362,ABHD17B,literal_official,58
K562,ABHD2,ENSG00000140526,ABHD2,literal_official,229
K562,ABHD3,ENSG00000158201,ABHD3,literal_official,50
K562,ABHD5,ENSG00000011198,ABHD5,literal_official,143
K562,ABHD6,ENSG00000163686,ABHD6,literal_official,295
K562,ABHD8,ENSG00000127220,ABHD8,literal_official,192
K562,ABI1,ENSG00000136754,ABI1,literal_official,85
K562,ABI2,ENSG00000138443,ABI2,literal_official,179
K562,ABITRAM,ENSG00000119328,ABITRAM,literal_official,225
K562,ABL1,ENSG00000097007,ABL1,literal_official,226
K562,ABL2,ENSG00000143322,ABL2,literal_official,460
K562,ABO,ENSG00000175164,ABO,literal_official,553
K562,ABR,ENSG00000159842,ABR,literal_official,66
K562,ABRACL,ENSG00000146386,ABRACL,literal_official,224
K562,ABRAXAS1,ENSG00000163322,ABRAXAS1,literal_official,230
K562,ABRAXAS2,ENSG00000165660,ABRAXAS2,literal_official,201
K562,ABT1,ENSG00000146109,ABT1,literal_official,202
K562,AC015871.1,ENSG00000180953,AC015871.1,literal_official,229
K562,AC118549.1,ENSG00000036549,AC118549.1,literal_official,158
K562,ACAA1,ENSG00000060971,ACAA1,literal_official,249
K562,ACAA2,ENSG00000167315,ACAA2,literal_official,204
K562,ACACA,ENSG00000278540,ACACA,literal_official,166
K562,ACAD10,ENSG00000111271,ACAD10,literal_official,141
K562,ACAD8,ENSG00000151498,ACAD8,literal_official,208
K562,ACAD9,ENSG00000177646,ACAD9,literal_official,131
K562,ACADM,ENSG00000117054,ACADM,literal_official,127
K562,ACADS,ENSG00000122971,ACADS,literal_official,103
K562,ACADSB,ENSG00000196177,ACADSB,literal_official,216
K562,ACADVL,ENSG00000072778,ACADVL,literal_official,268
K562,ACAP2,ENSG00000114331,ACAP2,literal_official,160
K562,ACAP3,ENSG00000131584,ACAP3,literal_official,179
K562,ACAT1,ENSG00000075239,ACAT1,literal_official,213
K562,ACAT2,ENSG00000120437,ACAT2,literal_official,152
K562,ACBD3,ENSG00000182827,ACBD3,literal_official,237
K562,ACBD5,ENSG00000107897,ACBD5,literal_official,238
K562,ACBD6,ENSG00000230124,ACBD6,literal_official,214
K562,ACCS,ENSG00000110455,ACCS,literal_official,110
K562,ACD,ENSG00000102977,ACD,literal_official,153
K562,ACER3,ENSG00000078124,ACER3,literal_official,311
K562,ACIN1,ENSG00000100813,ACIN1,literal_official,355
K562,ACLY,ENSG00000131473,ACLY,literal_official,90
K562,ACO1,ENSG00000122729,ACO1,literal_official,157
K562,ACO2,ENSG00000100412,ACO2,literal_official,155
K562,ACOT12,ENSG00000172497,ACOT12,literal_official,422
K562,ACOT13,ENSG00000112304,ACOT13,literal_official,147
K562,ACOT7,ENSG00000097021,ACOT7,literal_official,348
K562,ACOT8,ENSG00000101473,ACOT8,literal_official,119
K562,ACOT9,ENSG00000123130,ACOT9,literal_official,247
K562,ACOX1,ENSG00000161533,ACOX1,literal_official,178
K562,ACP1,ENSG00000143727,ACP1,literal_official,49
K562,ACP2,ENSG00000134575,ACP2,literal_official,57
K562,ACP5,ENSG00000102575,ACP5,literal_official,363
K562,ACSF3,ENSG00000176715,ACSF3,literal_official,89
K562,ACSL1,ENSG00000151726,ACSL1,literal_official,406
K562,ACSL3,ENSG00000123983,ACSL3,literal_official,130
K562,ACSL4,ENSG00000068366,ACSL4,literal_official,93
K562,ACSM3,ENSG00000005187,ACSM3,literal_official,75
K562,ACSS2,ENSG00000131069,ACSS2,literal_official,132
K562,ACTB,ENSG00000075624,ACTB,literal_official,363
K562,ACTG1,ENSG00000184009,ACTG1,literal_official,19
K562,ACTL6A,ENSG00000136518,ACTL6A,literal_official,62
K562,ACTN1,ENSG00000072110,ACTN1,literal_official,273
K562,ACTN4,ENSG00000130402,ACTN4,literal_official,305
K562,ACTR10,ENSG00000131966,ACTR10,literal_official,99
K562,ACTR1A,ENSG00000138107,ACTR1A,literal_official,451
K562,ACTR1B,ENSG00000115073,ACTR1B,literal_official,517
K562,ACTR2,ENSG00000138071,ACTR2,literal_official,498
K562,ACTR3,ENSG00000115091,ACTR3,literal_official,261
K562,ACTR3B,ENSG00000133627,ACTR3B,literal_official,117
K562,ACTR3C,ENSG00000106526,ACTR3C,literal_official,122
K562,ACTR5,ENSG00000101442,ACTR5,literal_official,50
K562,ACTR6,ENSG00000075089,ACTR6,literal_official,184
K562,ACTR8,ENSG00000113812,ACTR8,literal_official,408
K562,ACVR1B,ENSG00000135503,ACVR1B,literal_official,212
K562,ACVR2B,ENSG00000114739,ACVR2B,literal_official,115
K562,ACY1,ENSG00000243989,ACY1,literal_official,70
K562,ACYP1,ENSG00000119640,ACYP1,literal_official,236
K562,ACYP2,ENSG00000170634,ACYP2,literal_official,85
K562,ADA,ENSG00000196839,ADA,literal_official,173
K562,ADAL,ENSG00000168803,ADAL,literal_official,119
K562,ADAM10,ENSG00000137845,ADAM10,literal_official,84
K562,ADAM15,ENSG00000143537,ADAM15,literal_official,117
K562,ADAM17,ENSG00000151694,ADAM17,literal_official,258
K562,ADAM9,ENSG00000168615,ADAM9,literal_official,214
K562,ADAMTS14,ENSG00000138316,ADAMTS14,literal_official,140
K562,ADAMTS3,ENSG00000156140,ADAMTS3,literal_official,135
K562,ADAMTSL4,ENSG00000143382,ADAMTSL4,literal_official,101
K562,ADAR,ENSG00000160710,ADAR,literal_official,394
K562,ADARB1,ENSG00000197381,ADARB1,literal_official,374
K562,ADAT1,ENSG00000065457,ADAT1,literal_official,192
K562,ADAT2,ENSG00000189007,ADAT2,literal_official,175
K562,ADAT3,ENSG00000213638,ADAT3,literal_official,318
K562,ADCK2,ENSG00000133597,ADCK2,literal_official,309
K562,ADCK5,ENSG00000173137,ADCK5,literal_official,81
K562,ADCY3,ENSG00000138031,ADCY3,literal_official,262
K562,ADCY7,ENSG00000121281,ADCY7,literal_official,60
K562,ADD1,ENSG00000087274,ADD1,literal_official,280
K562,ADD2,ENSG00000075340,ADD2,literal_official,210
K562,ADD3,ENSG00000148700,ADD3,literal_official,207
K562,ADH5,ENSG00000197894,ADH5,literal_official,171
K562,ADI1,ENSG00000182551,ADI1,literal_official,100
K562,ADIPOR1,ENSG00000159346,ADIPOR1,literal_official,143
K562,ADIPOR2,ENSG00000006831,ADIPOR2,literal_official,241
K562,ADK,ENSG00000156110,ADK,literal_official,219
K562,ADNP,ENSG00000101126,ADNP,literal_official,156
K562,ADNP2,ENSG00000101544,ADNP2,literal_official,87
K562,ADO,ENSG00000181915,ADO,literal_official,150
K562,ADORA2B,ENSG00000170425,ADORA2B,literal_official,174
K562,ADPGK,ENSG00000159322,ADPGK,literal_official,93
K562,ADPRHL2,ENSG00000116863,ADPRHL2,literal_official,151
K562,ADRM1,ENSG00000130706,ADRM1,literal_official,403
K562,ADSL,ENSG00000239900,ADSL,literal_official,255
K562,ADSS,ENSG00000035687,ADSS,literal_official,87
K562,ADTRP,ENSG00000111863,ADTRP,literal_official,141
K562,AEBP1,ENSG00000106624,AEBP1,literal_official,255
K562,AEBP2,ENSG00000139154,AEBP2,literal_official,167
K562,AEN,ENSG00000181026,AEN,literal_official,321
K562,AFF1,ENSG00000172493,AFF1,literal_official,142
K562,AFF4,ENSG00000072364,AFF4,literal_official,154
K562,AFG3L2,ENSG00000141385,AFG3L2,literal_official,26
K562,AFMID,ENSG00000183077,AFMID,unique_hgnc_bridge,88
K562,AFTPH,ENSG00000119844,AFTPH,literal_official,156
K562,AGA,ENSG00000038002,AGA,literal_official,30
K562,AGAP1,ENSG00000157985,AGAP1,literal_official,105
K562,AGAP3,ENSG00000133612,AGAP3,literal_official,90
K562,AGBL5,ENSG00000084693,AGBL5,literal_official,372
K562,AGFG1,ENSG00000173744,AGFG1,literal_official,243
K562,AGFG2,ENSG00000106351,AGFG2,literal_official,293
K562,AGGF1,ENSG00000164252,AGGF1,literal_official,189
K562,AGK,ENSG00000006530,AGK,literal_official,90
K562,AGL,ENSG00000162688,AGL,literal_official,166
K562,AGO1,ENSG00000092847,AGO1,literal_official,165
K562,AGO2,ENSG00000123908,AGO2,literal_official,42
K562,AGO3,ENSG00000126070,AGO3,literal_official,188
K562,AGPAT1,ENSG00000204310,AGPAT1,literal_official,261
K562,AGPAT2,ENSG00000169692,AGPAT2,literal_official,115
K562,AGPAT3,ENSG00000160216,AGPAT3,literal_official,163
K562,AGPAT4,ENSG00000026652,AGPAT4,literal_official,207
K562,AGPAT5,ENSG00000155189,AGPAT5,literal_official,97
K562,AGPS,ENSG00000018510,AGPS,literal_official,163
K562,AGRN,ENSG00000188157,AGRN,literal_official,126
K562,AGTRAP,ENSG00000177674,AGTRAP,literal_official,47
K562,AHCTF1,ENSG00000153207,AHCTF1,literal_official,584
K562,AHCY,ENSG00000101444,AHCY,literal_official,198
K562,AHCYL1,ENSG00000168710,AHCYL1,literal_official,314
K562,AHDC1,ENSG00000126705,AHDC1,literal_official,170
K562,AHI1,ENSG00000135541,AHI1,literal_official,120
K562,AHNAK,ENSG00000124942,AHNAK,literal_official,531
K562,AHR,ENSG00000106546,AHR,literal_official,128
K562,AHRR,ENSG00000063438,AHRR,literal_official,145
K562,AHSA1,ENSG00000100591,AHSA1,literal_official,73
K562,AHSA2,nan,AHSA2P,unique_hgnc_bridge,236
K562,AHSP,ENSG00000169877,AHSP,literal_official,132
K562,AIDA,ENSG00000186063,AIDA,literal_official,244
K562,AIF1,ENSG00000204472,AIF1,literal_official,251
K562,AIFM1,ENSG00000156709,AIFM1,literal_official,150
K562,AIFM2,ENSG00000042286,AIFM2,literal_official,172
K562,AIG1,ENSG00000146416,AIG1,literal_official,106
K562,AIMP1,ENSG00000164022,AIMP1,literal_official,283
K562,AIMP2,ENSG00000106305,AIMP2,literal_official,182
K562,AIP,ENSG00000110711,AIP,literal_official,34
K562,AIRE,ENSG00000160224,AIRE,literal_official,155
K562,AK1,ENSG00000106992,AK1,literal_official,201
K562,AK2,ENSG00000004455,AK2,unique_hgnc_bridge,210
K562,AK3,ENSG00000147853,AK3,literal_official,184
K562,AK4,ENSG00000162433,AK4,literal_official,173
K562,AKAP1,ENSG00000121057,AKAP1,literal_official,126
K562,AKAP11,ENSG00000023516,AKAP11,literal_official,84
K562,AKAP13,ENSG00000170776,AKAP13,literal_official,259
K562,AKAP17A,ENSG00000197976,AKAP17A,literal_official,81
K562,AKAP8,ENSG00000105127,AKAP8,literal_official,184
K562,AKAP8L,ENSG00000011243,AKAP8L,literal_official,139
K562,AKAP9,ENSG00000127914,AKAP9,literal_official,156
K562,AKIP1,ENSG00000166452,AKIP1,literal_official,87
K562,AKIRIN1,ENSG00000174574,AKIRIN1,literal_official,126
K562,AKIRIN2,ENSG00000135334,AKIRIN2,literal_official,277
K562,AKNA,ENSG00000106948,AKNA,literal_official,417
K562,AKR1A1,ENSG00000117448,AKR1A1,literal_official,76
K562,AKR1C1,ENSG00000187134,AKR1C1,literal_official,122
K562,AKR1C2,ENSG00000151632,AKR1C2,literal_official,208
K562,AKR1E2,ENSG00000165568,AKR1E2,literal_official,182
K562,AKR7A2,ENSG00000053371,AKR7A2,literal_official,254
K562,AKT1,ENSG00000142208,AKT1,literal_official,228
K562,AKT1S1,ENSG00000204673,AKT1S1,literal_official,193
K562,AKT2,ENSG00000105221,AKT2,literal_official,105
K562,ALAD,ENSG00000148218,ALAD,literal_official,222
K562,ALAS1,ENSG00000023330,ALAS1,literal_official,108
K562,ALAS2,ENSG00000158578,ALAS2,literal_official,47
K562,ALDH16A1,ENSG00000161618,ALDH16A1,literal_official,78
K562,ALDH18A1,ENSG00000059573,ALDH18A1,literal_official,195
K562,ALDH1A1,ENSG00000165092,ALDH1A1,literal_official,173
K562,ALDH1A2,ENSG00000128918,ALDH1A2,literal_official,202
K562,ALDH1B1,ENSG00000137124,ALDH1B1,literal_official,269
K562,ALDH2,ENSG00000111275,ALDH2,literal_official,276
K562,ALDH4A1,ENSG00000159423,ALDH4A1,literal_official,229
K562,ALDH5A1,ENSG00000112294,ALDH5A1,literal_official,201
K562,ALDH9A1,ENSG00000143149,ALDH9A1,literal_official,201
K562,ALDOA,ENSG00000149925,ALDOA,unique_hgnc_bridge,133
K562,ALDOC,ENSG00000109107,ALDOC,literal_official,71
K562,ALG1,ENSG00000033011,ALG1,literal_official,182
K562,ALG11,ENSG00000253710,ALG11,literal_official,277
K562,ALG12,ENSG00000182858,ALG12,literal_official,168
K562,ALG13,ENSG00000101901,ALG13,literal_official,327
K562,ALG14,ENSG00000172339,ALG14,literal_official,285
K562,ALG1L,ENSG00000189366,ALG1L,literal_official,378
K562,ALG2,ENSG00000119523,ALG2,literal_official,372
K562,ALG3,ENSG00000214160,ALG3,literal_official,183
K562,ALG5,ENSG00000120697,ALG5,literal_official,224
K562,ALG6,ENSG00000088035,ALG6,literal_official,248
K562,ALG8,ENSG00000159063,ALG8,literal_official,139
K562,ALG9,ENSG00000086848,ALG9,literal_official,97
K562,ALKBH2,ENSG00000189046,ALKBH2,literal_official,164
K562,ALKBH3,ENSG00000166199,ALKBH3,literal_official,252
K562,ALKBH4,ENSG00000160993,ALKBH4,literal_official,145
K562,ALKBH5,ENSG00000091542,ALKBH5,literal_official,143
K562,ALKBH6,ENSG00000239382,ALKBH6,literal_official,178
K562,ALKBH7,ENSG00000125652,ALKBH7,literal_official,274
K562,ALKBH8,ENSG00000137760,ALKBH8,literal_official,245
K562,ALMS1,ENSG00000116127,ALMS1,literal_official,171
K562,ALS2,ENSG00000003393,ALS2,literal_official,50
K562,ALX1,ENSG00000180318,ALX1,literal_official,76
K562,ALX3,ENSG00000156150,ALX3,literal_official,129
K562,ALX4,ENSG00000052850,ALX4,literal_official,262
K562,ALYREF,ENSG00000183684,ALYREF,literal_official,312
K562,AMBRA1,ENSG00000110497,AMBRA1,literal_official,249
K562,AMD1,ENSG00000123505,AMD1,literal_official,29
K562,AMDHD2,ENSG00000162066,AMDHD2,literal_official,133
K562,AMFR,ENSG00000159461,AMFR,literal_official,292
K562,AMH,ENSG00000104899,AMH,literal_official,280
K562,AMHR2,ENSG00000135409,AMHR2,literal_official,184
K562,AMMECR1,ENSG00000101935,AMMECR1,literal_official,205
K562,AMN1,ENSG00000151743,AMN1,literal_official,98
K562,AMOTL1,ENSG00000166025,AMOTL1,literal_official,99
K562,AMPD2,ENSG00000116337,AMPD2,literal_official,616
K562,AMPD3,ENSG00000133805,AMPD3,literal_official,85
K562,AMZ2,ENSG00000196704,AMZ2,literal_official,228
K562,ANAPC1,ENSG00000153107,ANAPC1,literal_official,114
K562,ANAPC10,ENSG00000164162,ANAPC10,literal_official,15
K562,ANAPC11,ENSG00000141552,ANAPC11,literal_official,195
K562,ANAPC13,ENSG00000129055,ANAPC13,literal_official,257
K562,ANAPC15,ENSG00000110200,ANAPC15,literal_official,1091
K562,ANAPC16,ENSG00000166295,ANAPC16,literal_official,110
K562,ANAPC2,ENSG00000176248,ANAPC2,literal_official,166
K562,ANAPC4,ENSG00000053900,ANAPC4,literal_official,12
K562,ANAPC5,ENSG00000089053,ANAPC5,literal_official,45
K562,ANAPC7,ENSG00000196510,ANAPC7,literal_official,160
K562,ANGEL2,ENSG00000174606,ANGEL2,literal_official,110
K562,ANGPT1,ENSG00000154188,ANGPT1,literal_official,185
K562,ANHX,ENSG00000227059,ANHX,literal_official,210
K562,ANK1,ENSG00000029534,ANK1,literal_official,99
K562,ANK3,ENSG00000151150,ANK3,literal_official,48
K562,ANKFY1,ENSG00000185722,ANKFY1,literal_official,220
K562,ANKHD1,ENSG00000131503,ANKHD1,literal_official,191
K562,ANKIB1,ENSG00000001629,ANKIB1,literal_official,67
K562,ANKLE1,ENSG00000160117,ANKLE1,literal_official,85
K562,ANKLE2,ENSG00000176915,ANKLE2,literal_official,288
K562,ANKMY1,ENSG00000144504,ANKMY1,literal_official,162
K562,ANKMY2,ENSG00000106524,ANKMY2,literal_official,173
K562,ANKRA2,ENSG00000164331,ANKRA2,literal_official,123
K562,ANKRD10,ENSG00000088448,ANKRD10,literal_official,163
K562,ANKRD11,ENSG00000167522,ANKRD11,literal_official,563
K562,ANKRD12,ENSG00000101745,ANKRD12,literal_official,206
K562,ANKRD13A,ENSG00000076513,ANKRD13A,literal_official,59
K562,ANKRD13B,ENSG00000198720,ANKRD13B,literal_official,495
K562,ANKRD13C,ENSG00000118454,ANKRD13C,literal_official,132
K562,ANKRD13D,ENSG00000172932,ANKRD13D,literal_official,337
K562,ANKRD16,ENSG00000134461,ANKRD16,literal_official,131
K562,ANKRD17,ENSG00000132466,ANKRD17,literal_official,77
K562,ANKRD26,ENSG00000107890,ANKRD26,literal_official,229
K562,ANKRD27,ENSG00000105186,ANKRD27,literal_official,245
K562,ANKRD28,ENSG00000206560,ANKRD28,literal_official,79
K562,ANKRD33B,ENSG00000164236,ANKRD33B,literal_official,237
K562,ANKRD36,ENSG00000135976,ANKRD36,literal_official,153
K562,ANKRD36C,ENSG00000174501,ANKRD36C,literal_official,103
K562,ANKRD39,ENSG00000213337,ANKRD39,literal_official,78
K562,ANKRD40,ENSG00000154945,ANKRD40,literal_official,346
K562,ANKRD46,ENSG00000186106,ANKRD46,literal_official,362
K562,ANKRD49,ENSG00000168876,ANKRD49,literal_official,311
K562,ANKRD52,ENSG00000139645,ANKRD52,literal_official,13
K562,ANKRD54,ENSG00000100124,ANKRD54,literal_official,82
K562,ANKRD9,ENSG00000156381,ANKRD9,literal_official,142
K562,ANKS1A,ENSG00000064999,ANKS1A,literal_official,89
K562,ANKS3,ENSG00000168096,ANKS3,literal_official,210
K562,ANKS6,ENSG00000165138,ANKS6,literal_official,220
K562,ANKZF1,ENSG00000163516,ANKZF1,literal_official,252
K562,ANLN,ENSG00000011426,ANLN,literal_official,166
K562,ANO10,ENSG00000160746,ANO10,literal_official,241
K562,ANO6,ENSG00000177119,ANO6,literal_official,134
K562,ANP32A,ENSG00000140350,ANP32A,literal_official,95
K562,ANP32B,ENSG00000136938,ANP32B,literal_official,260
K562,ANP32E,ENSG00000143401,ANP32E,literal_official,154
K562,ANTKMT,ENSG00000103254,ANTKMT,literal_official,211
K562,ANTXR2,ENSG00000163297,ANTXR2,literal_official,171
K562,ANXA1,ENSG00000135046,ANXA1,literal_official,119
K562,ANXA11,ENSG00000122359,ANXA11,literal_official,133
K562,ANXA2,ENSG00000182718,ANXA2,literal_official,221
K562,ANXA2R,ENSG00000177721,ANXA2R,literal_official,100
K562,ANXA3,ENSG00000138772,ANXA3,literal_official,217
K562,ANXA4,ENSG00000196975,ANXA4,literal_official,126
K562,ANXA5,ENSG00000164111,ANXA5,literal_official,264
K562,ANXA6,ENSG00000197043,ANXA6,literal_official,238
K562,ANXA7,ENSG00000138279,ANXA7,literal_official,159
K562,AOPEP,ENSG00000148120,AOPEP,unique_hgnc_bridge,140
K562,AP1AR,ENSG00000138660,AP1AR,literal_official,241
K562,AP1B1,ENSG00000100280,AP1B1,literal_official,443
K562,AP1G1,ENSG00000166747,AP1G1,literal_official,169
K562,AP1G2,ENSG00000213983,AP1G2,literal_official,236
K562,AP1M1,ENSG00000072958,AP1M1,literal_official,211
K562,AP1S1,ENSG00000106367,AP1S1,literal_official,158
K562,AP1S2,ENSG00000182287,AP1S2,literal_official,179
K562,AP2A1,ENSG00000196961,AP2A1,literal_official,90
K562,AP2A2,ENSG00000183020,AP2A2,literal_official,193
K562,AP2B1,ENSG00000006125,AP2B1,literal_official,228
K562,AP2M1,ENSG00000161203,AP2M1,literal_official,572
K562,AP2S1,ENSG00000042753,AP2S1,literal_official,169
K562,AP3B1,ENSG00000132842,AP3B1,literal_official,206
K562,AP3D1,ENSG00000065000,AP3D1,literal_official,102
K562,AP3M1,ENSG00000185009,AP3M1,literal_official,85
K562,AP3M2,ENSG00000070718,AP3M2,literal_official,184
K562,AP3S1,ENSG00000177879,AP3S1,literal_official,318
K562,AP3S2,ENSG00000157823,AP3S2,literal_official,157
K562,AP4B1,ENSG00000134262,AP4B1,literal_official,122
K562,AP4M1,ENSG00000221838,AP4M1,literal_official,134
K562,AP4S1,ENSG00000100478,AP4S1,literal_official,90
K562,AP5B1,ENSG00000254470,AP5B1,unique_hgnc_bridge,74
K562,AP5M1,ENSG00000053770,AP5M1,literal_official,208
K562,AP5S1,ENSG00000125843,AP5S1,literal_official,130
K562,AP5Z1,ENSG00000242802,AP5Z1,literal_official,234
K562,APAF1,ENSG00000120868,APAF1,literal_official,261
K562,APBA2,ENSG00000034053,APBA2,literal_official,246
K562,APBA3,ENSG00000011132,APBA3,unique_hgnc_bridge,288
K562,APBB3,ENSG00000113108,APBB3,literal_official,63
K562,APC,ENSG00000134982,APC,literal_official,361
K562,APEH,ENSG00000164062,APEH,literal_official,84
K562,APEX1,ENSG00000100823,APEX1,literal_official,206
K562,APEX2,ENSG00000169188,APEX2,literal_official,94
K562,APH1A,ENSG00000117362,APH1A,literal_official,166
K562,APH1B,ENSG00000138613,APH1B,literal_official,185
K562,API5,ENSG00000166181,API5,literal_official,206
K562,APIP,ENSG00000149089,APIP,literal_official,188
K562,APLP1,ENSG00000105290,APLP1,literal_official,176
K562,APLP2,ENSG00000084234,APLP2,literal_official,242
K562,APMAP,ENSG00000101474,APMAP,literal_official,217
K562,APOBEC3B,ENSG00000179750,APOBEC3B,literal_official,187
K562,APOBEC3C,ENSG00000244509,APOBEC3C,literal_official,224
K562,APOBEC3G,ENSG00000239713,APOBEC3G,literal_official,291
K562,APOBR,ENSG00000184730,APOBR,literal_official,178
K562,APOC1,ENSG00000130208,APOC1,literal_official,265
K562,APOE,ENSG00000130203,APOE,literal_official,129
K562,APOL2,ENSG00000128335,APOL2,literal_official,176
K562,APOM,ENSG00000204444,APOM,literal_official,160
K562,APOO,ENSG00000184831,APOO,literal_official,144
K562,APOOL,ENSG00000155008,APOOL,literal_official,115
K562,APPBP2,ENSG00000062725,APPBP2,literal_official,103
K562,APPL1,ENSG00000157500,APPL1,literal_official,117
K562,APRT,ENSG00000198931,APRT,literal_official,119
K562,APTX,ENSG00000137074,APTX,literal_official,248
K562,AQP10,ENSG00000143595,AQP10,literal_official,161
K562,AQP3,ENSG00000165272,AQP3,literal_official,292
K562,AQP7,ENSG00000165269,AQP7,literal_official,260
K562,AQR,ENSG00000021776,AQR,literal_official,19
K562,AR,ENSG00000169083,AR,literal_official,117
K562,ARAF,ENSG00000078061,ARAF,literal_official,222
K562,ARAP1,ENSG00000186635,ARAP1,literal_official,286
K562,ARCN1,ENSG00000095139,ARCN1,literal_official,253
K562,AREG,ENSG00000109321,AREG,literal_official,105
K562,AREL1,ENSG00000119682,AREL1,literal_official,154
K562,ARF1,ENSG00000143761,ARF1,literal_official,174
K562,ARF3,ENSG00000134287,ARF3,literal_official,268
K562,ARF4,ENSG00000168374,ARF4,literal_official,194
K562,ARF5,ENSG00000004059,ARF5,literal_official,452
K562,ARF6,ENSG00000165527,ARF6,literal_official,357
K562,ARFGAP1,ENSG00000101199,ARFGAP1,literal_official,260
K562,ARFGAP2,ENSG00000149182,ARFGAP2,literal_official,160
K562,ARFGAP3,ENSG00000242247,ARFGAP3,literal_official,73
K562,ARFGEF1,ENSG00000066777,ARFGEF1,literal_official,243
K562,ARFGEF2,ENSG00000124198,ARFGEF2,literal_official,23
K562,ARFIP1,ENSG00000164144,ARFIP1,literal_official,221
K562,ARFIP2,ENSG00000132254,ARFIP2,literal_official,87
K562,ARFRP1,ENSG00000101246,ARFRP1,literal_official,391
K562,ARG2,ENSG00000081181,ARG2,literal_official,150
K562,ARGFX,ENSG00000186103,ARGFX,literal_official,187
K562,ARGLU1,ENSG00000134884,ARGLU1,literal_official,673
K562,ARHGAP1,ENSG00000175220,ARHGAP1,literal_official,153
K562,ARHGAP11A,ENSG00000198826,ARHGAP11A,literal_official,109
K562,ARHGAP11B,ENSG00000284906,ARHGAP11B,literal_official_id_unresolved,443
K562,ARHGAP12,ENSG00000165322,ARHGAP12,literal_official,167
K562,ARHGAP17,ENSG00000140750,ARHGAP17,literal_official,88
K562,ARHGAP18,ENSG00000146376,ARHGAP18,literal_official,154
K562,ARHGAP19,ENSG00000213390,ARHGAP19,literal_official,105
K562,ARHGAP21,ENSG00000107863,ARHGAP21,literal_official,321
K562,ARHGAP22,ENSG00000128805,ARHGAP22,literal_official,198
K562,ARHGAP24,ENSG00000138639,ARHGAP24,literal_official,173
K562,ARHGAP25,ENSG00000163219,ARHGAP25,literal_official,171
K562,ARHGAP35,ENSG00000160007,ARHGAP35,literal_official,181
K562,ARHGAP4,ENSG00000089820,ARHGAP4,literal_official,322
K562,ARHGAP45,ENSG00000180448,ARHGAP45,literal_official,149
K562,ARHGAP5,ENSG00000100852,ARHGAP5,literal_official,332
K562,ARHGAP6,ENSG00000047648,ARHGAP6,literal_official,164
K562,ARHGDIA,ENSG00000141522,ARHGDIA,literal_official,179
K562,ARHGDIB,ENSG00000111348,ARHGDIB,literal_official,219
K562,ARHGEF1,ENSG00000076928,ARHGEF1,literal_official,607
K562,ARHGEF10,ENSG00000104728,ARHGEF10,literal_official,350
K562,ARHGEF11,ENSG00000132694,ARHGEF11,literal_official,164
K562,ARHGEF12,ENSG00000196914,ARHGEF12,literal_official,262
K562,ARHGEF18,ENSG00000104880,ARHGEF18,literal_official,321
K562,ARHGEF2,ENSG00000116584,ARHGEF2,literal_official,132
K562,ARHGEF25,ENSG00000240771,ARHGEF25,literal_official,211
K562,ARHGEF39,ENSG00000137135,ARHGEF39,literal_official,219
K562,ARHGEF6,ENSG00000129675,ARHGEF6,literal_official,76
K562,ARHGEF7,ENSG00000102606,ARHGEF7,literal_official,202
K562,ARHGEF9,ENSG00000131089,ARHGEF9,literal_official,82
K562,ARID1A,ENSG00000117713,ARID1A,literal_official,271
K562,ARID1B,ENSG00000049618,ARID1B,literal_official,480
K562,ARID2,ENSG00000189079,ARID2,literal_official,200
K562,ARID3A,ENSG00000116017,ARID3A,literal_official,54
K562,ARID3B,ENSG00000179361,ARID3B,literal_official,274
K562,ARID3C,ENSG00000205143,ARID3C,literal_official,203
K562,ARID4A,ENSG00000032219,ARID4A,literal_official,251
K562,ARID4B,ENSG00000054267,ARID4B,literal_official,66
K562,ARID5A,ENSG00000196843,ARID5A,literal_official,222
K562,ARID5B,ENSG00000150347,ARID5B,literal_official,260
K562,ARIH1,ENSG00000166233,ARIH1,literal_official,91
K562,ARIH2,ENSG00000177479,ARIH2,literal_official,129
K562,ARL1,ENSG00000120805,ARL1,literal_official,117
K562,ARL11,ENSG00000152213,ARL11,literal_official,192
K562,ARL13B,ENSG00000169379,ARL13B,literal_official,129
K562,ARL14EP,ENSG00000152219,ARL14EP,literal_official,233
K562,ARL15,ENSG00000185305,ARL15,literal_official,254
K562,ARL16,ENSG00000214087,ARL16,literal_official,203
K562,ARL17A,ENSG00000185829,ARL17A,literal_official,212
K562,ARL2,ENSG00000213465,ARL2,literal_official,26
K562,ARL2BP,ENSG00000102931,ARL2BP,literal_official,398
K562,ARL3,ENSG00000138175,ARL3,literal_official,221
K562,ARL4A,ENSG00000122644,ARL4A,literal_official,209
K562,ARL4D,ENSG00000175906,ARL4D,literal_official,333
K562,ARL5A,ENSG00000162980,ARL5A,literal_official,88
K562,ARL5B,ENSG00000165997,ARL5B,literal_official,189
K562,ARL6IP1,ENSG00000170540,ARL6IP1,literal_official,305
K562,ARL6IP4,ENSG00000182196,ARL6IP4,literal_official,137
K562,ARL6IP5,ENSG00000144746,ARL6IP5,literal_official,179
K562,ARL6IP6,ENSG00000177917,ARL6IP6,literal_official,211
K562,ARL8A,ENSG00000143862,ARL8A,literal_official,215
K562,ARL8B,ENSG00000134108,ARL8B,literal_official,227
K562,ARMC1,ENSG00000104442,ARMC1,literal_official,211
K562,ARMC10,ENSG00000170632,ARMC10,literal_official,204
K562,ARMC5,ENSG00000140691,ARMC5,literal_official,204
K562,ARMC6,ENSG00000105676,ARMC6,literal_official,132
K562,ARMC7,ENSG00000125449,ARMC7,literal_official,169
K562,ARMC8,ENSG00000114098,ARMC8,literal_official,182
K562,ARMCX3,ENSG00000102401,ARMCX3,literal_official,196
K562,ARMCX5,ENSG00000125962,ARMCX5,literal_official,134
K562,ARMCX6,ENSG00000198960,ARMCX6,literal_official,215
K562,ARNT,ENSG00000143437,ARNT,literal_official,95
K562,ARNT2,ENSG00000172379,ARNT2,literal_official,115
K562,ARNTL,ENSG00000133794,ARNTL,literal_official,265
K562,ARNTL2,ENSG00000029153,ARNTL2,literal_official,310
K562,ARPC1A,ENSG00000241685,ARPC1A,literal_official,229
K562,ARPC1B,ENSG00000130429,ARPC1B,literal_official,77
K562,ARPC2,ENSG00000163466,ARPC2,literal_official,483
K562,ARPC3,ENSG00000111229,ARPC3,literal_official,342
K562,ARPC4,ENSG00000241553,ARPC4,literal_official,381
K562,ARPC4-TTLL3,nan,ARPC4-TTLL3,unique_hgnc_bridge,355
K562,ARPC5,ENSG00000162704,ARPC5,literal_official,172
K562,ARPC5L,ENSG00000136950,ARPC5L,literal_official,257
K562,ARPP19,ENSG00000128989,ARPP19,literal_official,239
K562,ARRB1,ENSG00000137486,ARRB1,literal_official,55
K562,ARRB2,ENSG00000141480,ARRB2,literal_official,81
K562,ARRDC1,ENSG00000197070,ARRDC1,literal_official,244
K562,ARRDC2,ENSG00000105643,ARRDC2,literal_official,386
K562,ARRDC3,ENSG00000113369,ARRDC3,literal_official,129
K562,ARRDC4,ENSG00000140450,ARRDC4,literal_official,266
K562,ARSK,ENSG00000164291,ARSK,literal_official,158
K562,ARV1,ENSG00000173409,ARV1,literal_official,179
K562,ARVCF,ENSG00000099889,ARVCF,literal_official,445
K562,ARX,ENSG00000004848,ARX,literal_official,439
K562,ASAH1,ENSG00000104763,ASAH1,literal_official,208
K562,ASAH2B,ENSG00000204147,ASAH2B,literal_official,217
K562,ASAP1,ENSG00000153317,ASAP1,literal_official,251
K562,ASAP3,ENSG00000088280,ASAP3,literal_official,221
K562,ASB1,ENSG00000065802,ASB1,literal_official,283
K562,ASB13,ENSG00000196372,ASB13,literal_official,659
K562,ASB3,ENSG00000115239,ASB3,literal_official,245
K562,ASB6,ENSG00000148331,ASB6,literal_official,112
K562,ASB7,ENSG00000183475,ASB7,literal_official,34
K562,ASB8,ENSG00000177981,ASB8,literal_official,10
K562,ASCC1,ENSG00000138303,ASCC1,literal_official,103
K562,ASCC2,ENSG00000100325,ASCC2,literal_official,182
K562,ASCC3,ENSG00000112249,ASCC3,literal_official,128
K562,ASCL1,ENSG00000139352,ASCL1,literal_official,227
K562,ASCL2,ENSG00000183734,ASCL2,literal_official,186
K562,ASCL3,ENSG00000176009,ASCL3,literal_official,39
K562,ASCL4,ENSG00000187855,ASCL4,literal_official,142
K562,ASCL5,ENSG00000232237,ASCL5,literal_official,89
K562,ASF1A,ENSG00000111875,ASF1A,literal_official,200
K562,ASF1B,ENSG00000105011,ASF1B,literal_official,680
K562,ASH1L,ENSG00000116539,ASH1L,literal_official,306
K562,ASH2L,ENSG00000129691,ASH2L,literal_official,66
K562,ASIC4,ENSG00000072182,ASIC4,literal_official,293
K562,ASL,ENSG00000126522,ASL,literal_official,110
K562,ASMTL,ENSG00000169093,ASMTL,literal_official,79
K562,ASNS,ENSG00000070669,ASNS,unique_hgnc_bridge,144
K562,ASNSD1,ENSG00000138381,ASNSD1,literal_official,240
K562,ASPH,ENSG00000198363,ASPH,literal_official,224
K562,ASPM,ENSG00000066279,ASPM,literal_official,286
K562,ASPSCR1,ENSG00000169696,ASPSCR1,literal_official,131
K562,ASRGL1,ENSG00000162174,ASRGL1,literal_official,287
K562,ASXL1,ENSG00000171456,ASXL1,literal_official,307
K562,ASXL2,ENSG00000143970,ASXL2,literal_official,249
K562,ATAD1,ENSG00000138138,ATAD1,literal_official,157
K562,ATAD2,ENSG00000156802,ATAD2,literal_official,67
K562,ATAD2B,ENSG00000119778,ATAD2B,literal_official,164
K562,ATAD3A,ENSG00000197785,ATAD3A,literal_official,72
K562,ATAD3B,ENSG00000160072,ATAD3B,literal_official,75
K562,ATAD5,ENSG00000176208,ATAD5,literal_official,181
K562,ATE1,ENSG00000107669,ATE1,literal_official,226
K562,ATF1,ENSG00000123268,ATF1,literal_official,348
K562,ATF2,ENSG00000115966,ATF2,literal_official,188
K562,ATF3,ENSG00000162772,ATF3,literal_official,310
K562,ATF4,ENSG00000128272,ATF4,literal_official,103
K562,ATF5,ENSG00000169136,ATF5,literal_official,50
K562,ATF6,ENSG00000118217,ATF6,literal_official,127
K562,ATF6B,ENSG00000213676,ATF6B,literal_official,194
K562,ATF7,ENSG00000170653,ATF7,literal_official,28
K562,ATF7IP,ENSG00000171681,ATF7IP,literal_official,333
K562,ATF7IP2,ENSG00000166669,ATF7IP2,literal_official,163
K562,ATG10,ENSG00000152348,ATG10,literal_official,144
K562,ATG12,ENSG00000145782,ATG12,literal_official,44
K562,ATG13,ENSG00000175224,ATG13,literal_official,134
K562,ATG16L1,ENSG00000085978,ATG16L1,literal_official,100
K562,ATG2A,ENSG00000110046,ATG2A,literal_official,120
K562,ATG2B,ENSG00000066739,ATG2B,literal_official,79
K562,ATG3,ENSG00000144848,ATG3,literal_official,193
K562,ATG4A,ENSG00000101844,ATG4A,literal_official,118
K562,ATG4B,ENSG00000168397,ATG4B,literal_official,187
K562,ATG4C,ENSG00000125703,ATG4C,literal_official,173
K562,ATG4D,ENSG00000130734,ATG4D,literal_official,133
K562,ATG5,ENSG00000057663,ATG5,literal_official,180
K562,ATG7,ENSG00000197548,ATG7,literal_official,281
K562,ATG9A,ENSG00000198925,ATG9A,literal_official,147
K562,ATIC,ENSG00000138363,ATIC,literal_official,74
K562,ATL2,ENSG00000119787,ATL2,literal_official,157
K562,ATL3,ENSG00000184743,ATL3,literal_official,168
K562,ATM,ENSG00000149311,ATM,literal_official,157
K562,ATMIN,ENSG00000166454,ATMIN,literal_official,144
K562,ATN1,ENSG00000111676,ATN1,literal_official,192
K562,ATOH1,ENSG00000172238,ATOH1,literal_official,193
K562,ATOH7,ENSG00000179774,ATOH7,literal_official,113
K562,ATOH8,ENSG00000168874,ATOH8,literal_official,241
K562,ATOX1,ENSG00000177556,ATOX1,literal_official,128
K562,ATP11A,ENSG00000068650,ATP11A,literal_official,271
K562,ATP11B,ENSG00000058063,ATP11B,literal_official,193
K562,ATP11C,ENSG00000101974,ATP11C,literal_official,47
K562,ATP13A1,ENSG00000105726,ATP13A1,literal_official,74
K562,ATP13A2,ENSG00000159363,ATP13A2,literal_official,382
K562,ATP13A3,ENSG00000133657,ATP13A3,literal_official,122
K562,ATP1A1,ENSG00000163399,ATP1A1,literal_official,118
K562,ATP1B3,ENSG00000069849,ATP1B3,literal_official,133
K562,ATP23,ENSG00000166896,ATP23,literal_official,184
K562,ATP2A2,ENSG00000174437,ATP2A2,literal_official,297
K562,ATP2A3,ENSG00000074370,ATP2A3,literal_official,166
K562,ATP2B1,ENSG00000070961,ATP2B1,literal_official,148
K562,ATP2B4,ENSG00000058668,ATP2B4,literal_official,71
K562,ATP2C1,ENSG00000017260,ATP2C1,literal_official,91
K562,ATP5F1A,ENSG00000152234,ATP5F1A,literal_official,175
K562,ATP5F1B,ENSG00000110955,ATP5F1B,literal_official,98
K562,ATP5F1C,ENSG00000165629,ATP5F1C,literal_official,73
K562,ATP5F1D,ENSG00000099624,ATP5F1D,literal_official,159
K562,ATP5F1E,ENSG00000124172,ATP5F1E,literal_official,25
K562,ATP5IF1,ENSG00000130770,ATP5IF1,literal_official,108
K562,ATP5MC1,ENSG00000159199,ATP5MC1,literal_official,294
K562,ATP5MC2,ENSG00000135390,ATP5MC2,literal_official,112
K562,ATP5MC3,ENSG00000154518,ATP5MC3,literal_official,133
K562,ATP5MD,ENSG00000173915,ATP5MD,literal_official,86
K562,ATP5ME,ENSG00000169020,ATP5ME,literal_official,183
K562,ATP5MF,ENSG00000241468,ATP5MF,literal_official,375
K562,ATP5MG,ENSG00000167283,ATP5MG,literal_official,92
K562,ATP5MPL,ENSG00000156411,ATP5MPL,literal_official,34
K562,ATP5PB,ENSG00000116459,ATP5PB,literal_official,36
K562,ATP5PD,ENSG00000167863,ATP5PD,literal_official,110
K562,ATP5PF,ENSG00000154723,ATP5PF,literal_official,115
K562,ATP5PO,ENSG00000241837,ATP5PO,literal_official,215
K562,ATP6AP1,ENSG00000071553,ATP6AP1,literal_official,170
K562,ATP6AP2,ENSG00000182220,ATP6AP2,literal_official,384
K562,ATP6V0A1,ENSG00000033627,ATP6V0A1,literal_official,133
K562,ATP6V0A2,ENSG00000185344,ATP6V0A2,literal_official,108
K562,ATP6V0B,ENSG00000117410,ATP6V0B,literal_official,294
K562,ATP6V0C,ENSG00000185883,ATP6V0C,literal_official,42
K562,ATP6V0D1,ENSG00000159720,ATP6V0D1,literal_official,198
K562,ATP6V0E1,ENSG00000113732,ATP6V0E1,literal_official,197
K562,ATP6V0E2,ENSG00000171130,ATP6V0E2,literal_official,86
K562,ATP6V1A,ENSG00000114573,ATP6V1A,literal_official,29
K562,ATP6V1B2,ENSG00000147416,ATP6V1B2,literal_official,169
K562,ATP6V1C1,ENSG00000155097,ATP6V1C1,literal_official,93
K562,ATP6V1D,ENSG00000100554,ATP6V1D,literal_official,337
K562,ATP6V1E1,ENSG00000131100,ATP6V1E1,literal_official,283
K562,ATP6V1E2,ENSG00000250565,ATP6V1E2,literal_official,278
K562,ATP6V1F,ENSG00000128524,ATP6V1F,literal_official,100
K562,ATP6V1G1,ENSG00000136888,ATP6V1G1,literal_official,190
K562,ATP6V1H,ENSG00000047249,ATP6V1H,literal_official,147
K562,ATP7A,ENSG00000165240,ATP7A,literal_official,213
K562,ATP7B,ENSG00000123191,ATP7B,literal_official,103
K562,ATP8B2,ENSG00000143515,ATP8B2,literal_official,189
K562,ATP9B,ENSG00000166377,ATP9B,literal_official,177
K562,ATPAF1,ENSG00000123472,ATPAF1,literal_official,148
K562,ATPAF2,ENSG00000171953,ATPAF2,literal_official,264
K562,ATPSCKMT,ENSG00000150756,ATPSCKMT,literal_official,70
K562,ATR,ENSG00000175054,ATR,literal_official,78
K562,ATRAID,ENSG00000138085,ATRAID,literal_official,144
K562,ATRIP,ENSG00000164053,ATRIP,literal_official,164
K562,ATRX,ENSG00000085224,ATRX,literal_official,413
K562,ATXN10,ENSG00000130638,ATXN10,literal_official,75
K562,ATXN1L,ENSG00000224470,ATXN1L,literal_official,109
K562,ATXN2,ENSG00000204842,ATXN2,literal_official,121
K562,ATXN2L,ENSG00000168488,ATXN2L,literal_official,139
K562,ATXN3,ENSG00000066427,ATXN3,literal_official,342
K562,ATXN7,ENSG00000163635,ATXN7,literal_official,481
K562,ATXN7L1,ENSG00000146776,ATXN7L1,literal_official,165
K562,ATXN7L3,ENSG00000087152,ATXN7L3,literal_official,318
K562,ATXN7L3B,ENSG00000253719,ATXN7L3B,literal_official,132
K562,AUH,ENSG00000148090,AUH,literal_official,144
K562,AUNIP,ENSG00000127423,AUNIP,literal_official,262
K562,AUP1,ENSG00000115307,AUP1,literal_official,238
K562,AURKA,ENSG00000087586,AURKA,literal_official,24
K562,AURKAIP1,ENSG00000175756,AURKAIP1,literal_official,129
K562,AURKB,ENSG00000178999,AURKB,literal_official,40
K562,AVEN,ENSG00000169857,AVEN,literal_official,152
K562,AVL9,ENSG00000105778,AVL9,literal_official,310
K562,AVPI1,ENSG00000119986,AVPI1,literal_official,201
K562,AXIN1,ENSG00000103126,AXIN1,literal_official,124
K562,AXL,ENSG00000167601,AXL,literal_official,236
K562,AZI2,ENSG00000163512,AZI2,literal_official,159
K562,AZIN1,ENSG00000155096,AZIN1,literal_official,31
K562,B2M,ENSG00000166710,B2M,literal_official,277
K562,B3GALNT2,ENSG00000162885,B3GALNT2,literal_official,185
K562,B3GALT6,ENSG00000176022,B3GALT6,literal_official,261
K562,B3GAT3,ENSG00000149541,B3GAT3,literal_official,213
K562,B3GNT2,ENSG00000170340,B3GNT2,literal_official,163
K562,B3GNT5,ENSG00000176597,B3GNT5,literal_official,62
K562,B3GNTL1,ENSG00000175711,B3GNTL1,literal_official,217
K562,B4GALNT1,ENSG00000135454,B4GALNT1,literal_official,39
K562,B4GALNT4,ENSG00000182272,B4GALNT4,literal_official,304
K562,B4GALT1,ENSG00000086062,B4GALT1,literal_official,140
K562,B4GALT2,ENSG00000117411,B4GALT2,literal_official,219
K562,B4GALT3,ENSG00000158850,B4GALT3,literal_official,173
K562,B4GALT4,ENSG00000121578,B4GALT4,literal_official,287
K562,B4GALT5,ENSG00000158470,B4GALT5,literal_official,179
K562,B4GALT7,ENSG00000027847,B4GALT7,literal_official,146
K562,B9D1,ENSG00000108641,B9D1,literal_official,182
K562,B9D2,ENSG00000123810,B9D2,literal_official,94
K562,BABAM1,ENSG00000105393,BABAM1,literal_official,171
K562,BABAM2,ENSG00000158019,BABAM2,literal_official,112
K562,BACH1,ENSG00000156273,BACH1,literal_official,192
K562,BACH2,ENSG00000112182,BACH2,literal_official,318
K562,BAD,ENSG00000002330,BAD,literal_official,361
K562,BAG1,ENSG00000107262,BAG1,literal_official,196
K562,BAG2,ENSG00000112208,BAG2,literal_official,93
K562,BAG3,ENSG00000151929,BAG3,literal_official,333
K562,BAG4,ENSG00000156735,BAG4,literal_official,161
K562,BAG5,ENSG00000166170,BAG5,literal_official,78
K562,BAG6,ENSG00000204463,BAG6,literal_official,199
K562,BAHCC1,ENSG00000266074,BAHCC1,literal_official,256
K562,BAHD1,ENSG00000140320,BAHD1,literal_official,316
K562,BAIAP2,ENSG00000175866,BAIAP2,literal_official,363
K562,BAIAP2L1,ENSG00000006453,BAIAP2L1,literal_official,193
K562,BAK1,ENSG00000030110,BAK1,literal_official,92
K562,BAMBI,ENSG00000095739,BAMBI,literal_official,107
K562,BANF1,ENSG00000175334,BANF1,literal_official,287
K562,BANP,ENSG00000172530,BANP,literal_official,238
K562,BAP1,ENSG00000163930,BAP1,literal_official,371
K562,BARD1,ENSG00000138376,BARD1,literal_official,328
K562,BARHL1,ENSG00000125492,BARHL1,literal_official,120
K562,BARHL2,ENSG00000143032,BARHL2,literal_official,193
K562,BARX1,ENSG00000131668,BARX1,literal_official,119
K562,BARX2,ENSG00000043039,BARX2,literal_official,135
K562,BATF,ENSG00000156127,BATF,literal_official,235
K562,BATF2,ENSG00000168062,BATF2,literal_official,196
K562,BATF3,ENSG00000123685,BATF3,literal_official,194
K562,BAX,ENSG00000087088,BAX,literal_official,382
K562,BAZ1A,ENSG00000198604,BAZ1A,literal_official,202
K562,BAZ1B,ENSG00000009954,BAZ1B,literal_official,224
K562,BAZ2A,ENSG00000076108,BAZ2A,literal_official,341
K562,BAZ2B,ENSG00000123636,BAZ2B,literal_official,389
K562,BBC3,ENSG00000105327,BBC3,literal_official,145
K562,BBIP1,ENSG00000214413,BBIP1,literal_official,231
K562,BBS1,ENSG00000174483,BBS1,literal_official,142
K562,BBS2,ENSG00000125124,BBS2,literal_official,318
K562,BBS4,ENSG00000140463,BBS4,literal_official,233
K562,BBS7,ENSG00000138686,BBS7,literal_official,276
K562,BBX,ENSG00000114439,BBX,literal_official,196
K562,BCAP29,ENSG00000075790,BCAP29,literal_official,54
K562,BCAP31,ENSG00000185825,BCAP31,literal_official,211
K562,BCAR1,ENSG00000050820,BCAR1,literal_official,535
K562,BCAS2,ENSG00000116752,BCAS2,literal_official,119
K562,BCAT1,ENSG00000060982,BCAT1,literal_official,165
K562,BCAT2,ENSG00000105552,BCAT2,literal_official,126
K562,BCCIP,ENSG00000107949,BCCIP,literal_official,52
K562,BCKDHA,ENSG00000248098,BCKDHA,literal_official,266
K562,BCKDHB,ENSG00000083123,BCKDHB,literal_official,114
K562,BCKDK,ENSG00000103507,BCKDK,literal_official,293
K562,BCL10,ENSG00000142867,BCL10,literal_official,236
K562,BCL11A,ENSG00000119866,BCL11A,literal_official,138
K562,BCL11B,ENSG00000127152,BCL11B,literal_official,152
K562,BCL2L1,ENSG00000171552,BCL2L1,literal_official,375
K562,BCL2L11,ENSG00000153094,BCL2L11,literal_official,252
K562,BCL2L12,ENSG00000126453,BCL2L12,literal_official,121
K562,BCL2L13,ENSG00000099968,BCL2L13,literal_official,198
K562,BCL2L2,ENSG00000129473,BCL2L2,literal_official,186
K562,BCL6,ENSG00000113916,BCL6,literal_official,155
K562,BCL6B,ENSG00000161940,BCL6B,literal_official,149
K562,BCL7A,ENSG00000110987,BCL7A,literal_official,220
K562,BCL7B,ENSG00000106635,BCL7B,literal_official,46
K562,BCL7C,ENSG00000099385,BCL7C,literal_official,119
K562,BCLAF1,ENSG00000029363,BCLAF1,literal_official,144
K562,BCOR,ENSG00000183337,BCOR,literal_official,225
K562,BCORL1,ENSG00000085185,BCORL1,literal_official,212
K562,BCR,ENSG00000186716,BCR,literal_official,261
K562,BCS1L,ENSG00000074582,BCS1L,literal_official,209
K562,BDH2,ENSG00000164039,BDH2,literal_official,141
K562,BDP1,ENSG00000145734,BDP1,literal_official,184
K562,BECN1,ENSG00000126581,BECN1,literal_official,130
K562,BEND6,ENSG00000151917,BEND6,literal_official,186
K562,BEST1,ENSG00000167995,BEST1,literal_official,529
K562,BET1,ENSG00000105829,BET1,literal_official,94
K562,BET1L,ENSG00000177951,BET1L,literal_official,311
K562,BEX2,ENSG00000133134,BEX2,literal_official,179
K562,BEX4,ENSG00000102409,BEX4,literal_official,79
K562,BFAR,ENSG00000103429,BFAR,literal_official,218
K562,BGLAP,ENSG00000242252,BGLAP,literal_official,91
K562,BHLHA15,ENSG00000180535,BHLHA15,literal_official,161
K562,BHLHA9,ENSG00000205899,BHLHA9,literal_official,300
K562,BHLHE22,ENSG00000180828,BHLHE22,literal_official,212
K562,BHLHE23,ENSG00000125533,BHLHE23,literal_official,218
K562,BHLHE40,ENSG00000134107,BHLHE40,literal_official,424
K562,BHLHE41,ENSG00000123095,BHLHE41,literal_official,93
K562,BICD1,ENSG00000151746,BICD1,literal_official,340
K562,BICD2,ENSG00000185963,BICD2,literal_official,312
K562,BID,ENSG00000015475,BID,literal_official,185
K562,BIN3,ENSG00000147439,BIN3,literal_official,223
K562,BIRC2,ENSG00000110330,BIRC2,literal_official,270
K562,BIRC5,ENSG00000089685,BIRC5,literal_official,41
K562,BIRC6,ENSG00000115760,BIRC6,literal_official,230
K562,BIVM,ENSG00000134897,BIVM,literal_official,320
K562,BLCAP,ENSG00000166619,BLCAP,literal_official,231
K562,BLM,ENSG00000197299,BLM,literal_official,106
K562,BLMH,ENSG00000108578,BLMH,literal_official,311
K562,BLOC1S1,ENSG00000135441,BLOC1S1,literal_official,76
K562,BLOC1S2,ENSG00000196072,BLOC1S2,literal_official,70
K562,BLOC1S3,ENSG00000189114,BLOC1S3,literal_official,412
K562,BLOC1S4,ENSG00000186222,BLOC1S4,literal_official,131
K562,BLOC1S5,ENSG00000188428,BLOC1S5,literal_official,304
K562,BLOC1S6,ENSG00000104164,BLOC1S6,literal_official,157
K562,BLVRA,ENSG00000106605,BLVRA,literal_official,264
K562,BLVRB,ENSG00000090013,BLVRB,literal_official,267
K562,BLZF1,ENSG00000117475,BLZF1,literal_official,278
K562,BMI1,ENSG00000168283,BMI1,literal_official,220
K562,BMP1,ENSG00000168487,BMP1,literal_official,157
K562,BMP2K,ENSG00000138756,BMP2K,literal_official,80
K562,BMPR2,ENSG00000204217,BMPR2,literal_official,197
K562,BMS1,ENSG00000165733,BMS1,literal_official,23
K562,BNC1,ENSG00000169594,BNC1,literal_official,130
K562,BNC2,ENSG00000173068,BNC2,literal_official,136
K562,BNIP1,ENSG00000113734,BNIP1,literal_official,170
K562,BNIP2,ENSG00000140299,BNIP2,literal_official,292
K562,BNIP3,ENSG00000176171,BNIP3,unique_hgnc_bridge,135
K562,BNIP3L,ENSG00000104765,BNIP3L,literal_official,575
K562,BOD1,ENSG00000145919,BOD1,literal_official,126
K562,BOD1L1,ENSG00000038219,BOD1L1,literal_official,434
K562,BOLA1,ENSG00000178096,BOLA1,literal_official,323
K562,BOLA2,ENSG00000183336,BOLA2,unique_hgnc_bridge,307
K562,BOLA3,ENSG00000163170,BOLA3,literal_official,216
K562,BOP1,ENSG00000261236,BOP1,literal_official,492
K562,BORA,ENSG00000136122,BORA,literal_official,63
K562,BPGM,ENSG00000172331,BPGM,literal_official,167
K562,BPHL,ENSG00000137274,BPHL,literal_official,31
K562,BPNT1,ENSG00000162813,BPNT1,literal_official,133
K562,BPTF,ENSG00000171634,BPTF,literal_official,104
K562,BRAF,ENSG00000157764,BRAF,literal_official,161
K562,BRAP,ENSG00000089234,BRAP,literal_official,198
K562,BRAT1,ENSG00000106009,BRAT1,literal_official,395
K562,BRCA1,ENSG00000012048,BRCA1,literal_official,197
K562,BRCA2,ENSG00000139618,BRCA2,literal_official,360
K562,BRCC3,ENSG00000185515,BRCC3,literal_official,373
K562,BRD1,ENSG00000100425,BRD1,literal_official,246
K562,BRD2,ENSG00000204256,BRD2,literal_official,169
K562,BRD3,ENSG00000169925,BRD3,literal_official,227
K562,BRD4,ENSG00000141867,BRD4,literal_official,239
K562,BRD7,ENSG00000166164,BRD7,literal_official,115
K562,BRD8,ENSG00000112983,BRD8,literal_official,127
K562,BRD9,ENSG00000028310,BRD9,literal_official,76
K562,BRF1,ENSG00000185024,BRF1,literal_official,269
K562,BRF2,ENSG00000104221,BRF2,literal_official,376
K562,BRI3,ENSG00000164713,BRI3,literal_official,146
K562,BRI3BP,ENSG00000184992,BRI3BP,literal_official,386
K562,BRIP1,ENSG00000136492,BRIP1,literal_official,308
K562,BRIX1,ENSG00000113460,BRIX1,literal_official,116
K562,BRK1,ENSG00000254999,BRK1,literal_official,391
K562,BRMS1,ENSG00000174744,BRMS1,literal_official,101
K562,BRMS1L,ENSG00000100916,BRMS1L,literal_official,128
K562,BROX,ENSG00000162819,BROX,literal_official,72
K562,BRPF1,ENSG00000156983,BRPF1,literal_official,230
K562,BRPF3,ENSG00000096070,BRPF3,literal_official,166
K562,BRWD1,ENSG00000185658,BRWD1,literal_official,189
K562,BRWD3,ENSG00000165288,BRWD3,literal_official,80
K562,BSCL2,ENSG00000168000,BSCL2,literal_official,362
K562,BSDC1,ENSG00000160058,BSDC1,literal_official,74
K562,BSG,ENSG00000172270,BSG,literal_official,226
K562,BST2,ENSG00000130303,BST2,literal_official,77
K562,BSX,ENSG00000188909,BSX,literal_official,275
K562,BTAF1,ENSG00000095564,BTAF1,literal_official,161
K562,BTBD1,ENSG00000064726,BTBD1,literal_official,159
K562,BTBD10,ENSG00000148925,BTBD10,literal_official,242
K562,BTBD2,ENSG00000133243,BTBD2,literal_official,213
K562,BTBD3,ENSG00000132640,BTBD3,literal_official,123
K562,BTBD7,ENSG00000011114,BTBD7,literal_official,139
K562,BTF3,ENSG00000145741,BTF3,literal_official,83
K562,BTF3L4,ENSG00000134717,BTF3L4,literal_official,340
K562,BTG1,ENSG00000133639,BTG1,literal_official,342
K562,BTG2,ENSG00000159388,BTG2,literal_official,163
K562,BTG3,ENSG00000154640,BTG3,literal_official,177
K562,BTK,ENSG00000010671,BTK,literal_official,175
K562,BTN2A1,ENSG00000112763,BTN2A1,literal_official,70
K562,BTN2A2,ENSG00000124508,BTN2A2,literal_official,60
K562,BTN3A2,ENSG00000186470,BTN3A2,literal_official,101
K562,BTNL9,ENSG00000165810,BTNL9,unique_hgnc_bridge,285
K562,BUB1,ENSG00000169679,BUB1,literal_official,676
K562,BUB1B,ENSG00000156970,BUB1B,literal_official,234
K562,BUB3,ENSG00000154473,BUB3,literal_official,278
K562,BUD13,ENSG00000137656,BUD13,literal_official,122
K562,BUD23,ENSG00000071462,BUD23,literal_official,73
K562,BUD31,ENSG00000106245,BUD31,literal_official,52
K562,BYSL,ENSG00000112578,BYSL,literal_official,120
K562,BZW1,ENSG00000082153,BZW1,literal_official,138
K562,BZW2,ENSG00000136261,BZW2,literal_official,274
K562,C10orf88,ENSG00000119965,C10orf88,literal_official,73
K562,C11orf1,ENSG00000137720,C11orf1,literal_official,171
K562,C11orf24,ENSG00000171067,C11orf24,literal_official,193
K562,C11orf49,ENSG00000149179,C11orf49,literal_official,206
K562,C11orf54,ENSG00000182919,C11orf54,literal_official,133
K562,C11orf58,ENSG00000110696,C11orf58,literal_official,283
K562,C11orf68,ENSG00000175573,C11orf68,literal_official,229
K562,C11orf71,ENSG00000180425,C11orf71,literal_official,123
K562,C11orf74,ENSG00000166352,C11orf74,literal_official,17
K562,C11orf80,ENSG00000173715,C11orf80,literal_official,164
K562,C11orf95,ENSG00000188070,C11orf95,literal_official,217
K562,C11orf96,ENSG00000187479,C11orf96,literal_official,266
K562,C12orf29,ENSG00000133641,C12orf29,literal_official,352
K562,C12orf4,ENSG00000047621,C12orf4,literal_official,258
K562,C12orf43,ENSG00000157895,C12orf43,literal_official,111
K562,C12orf45,ENSG00000151131,C12orf45,literal_official,108
K562,C12orf49,ENSG00000111412,C12orf49,literal_official,88
K562,C12orf57,ENSG00000111678,C12orf57,literal_official,113
K562,C12orf60,ENSG00000182993,C12orf60,literal_official,40
K562,C12orf65,ENSG00000130921,C12orf65,literal_official,105
K562,C12orf73,ENSG00000204954,C12orf73,literal_official,120
K562,C12orf76,ENSG00000174456,C12orf76,literal_official,165
K562,C14orf119,ENSG00000179933,C14orf119,literal_official,157
K562,C14orf178,ENSG00000197734,C14orf178,literal_official,87
K562,C14orf93,ENSG00000100802,C14orf93,literal_official,399
K562,C15orf39,ENSG00000167173,C15orf39,literal_official,124
K562,C15orf40,ENSG00000169609,C15orf40,literal_official,254
K562,C15orf41,ENSG00000186073,C15orf41,literal_official,181
K562,C15orf61,ENSG00000189227,C15orf61,literal_official,183
K562,C16orf58,ENSG00000140688,C16orf58,literal_official,53
K562,C16orf70,ENSG00000125149,C16orf70,literal_official,379
K562,C16orf72,ENSG00000182831,C16orf72,literal_official,338
K562,C16orf86,ENSG00000159761,C16orf86,literal_official,489
K562,C16orf87,ENSG00000155330,C16orf87,literal_official,261
K562,C16orf91,ENSG00000174109,C16orf91,literal_official,311
K562,C16orf95,ENSG00000260456,C16orf95,literal_official,125
K562,C17orf49,ENSG00000258315,C17orf49,literal_official,208
K562,C17orf53,ENSG00000125319,C17orf53,literal_official,168
K562,C17orf58,ENSG00000186665,C17orf58,literal_official,95
K562,C17orf75,ENSG00000108666,C17orf75,literal_official,363
K562,C17orf80,ENSG00000141219,C17orf80,literal_official,164
K562,C17orf99,ENSG00000187997,C17orf99,literal_official,159
K562,C18orf21,ENSG00000141428,C18orf21,literal_official,57
K562,C18orf25,ENSG00000152242,C18orf25,literal_official,313
K562,C18orf32,ENSG00000177576,C18orf32,literal_official,32
K562,C19orf12,ENSG00000131943,C19orf12,literal_official,196
K562,C19orf25,ENSG00000119559,C19orf25,literal_official,332
K562,C19orf47,ENSG00000160392,C19orf47,literal_official,283
K562,C19orf48,ENSG00000167747,C19orf48,literal_official,126
K562,C19orf53,ENSG00000104979,C19orf53,literal_official,363
K562,C19orf54,ENSG00000188493,C19orf54,literal_official,181
K562,C19orf73,ENSG00000221916,C19orf73,literal_official,101
K562,C19orf81,ENSG00000235034,C19orf81,literal_official,192
K562,C1D,ENSG00000197223,C1D,literal_official,361
K562,C1GALT1,ENSG00000106392,C1GALT1,literal_official,52
K562,C1GALT1C1,ENSG00000171155,C1GALT1C1,literal_official,195
K562,C1QBP,ENSG00000108561,C1QBP,literal_official,306
K562,C1QTNF4,ENSG00000172247,C1QTNF4,literal_official,446
K562,C1RL,ENSG00000139178,C1RL,literal_official,210
K562,C1orf109,ENSG00000116922,C1orf109,literal_official,561
K562,C1orf112,ENSG00000000460,C1orf112,literal_official,267
K562,C1orf122,ENSG00000197982,C1orf122,literal_official,64
K562,C1orf131,ENSG00000143633,C1orf131,literal_official,51
K562,C1orf159,ENSG00000131591,C1orf159,literal_official,199
K562,C1orf174,ENSG00000198912,C1orf174,literal_official,281
K562,C1orf198,ENSG00000119280,C1orf198,literal_official,350
K562,C1orf216,ENSG00000142686,C1orf216,literal_official,206
K562,C1orf35,ENSG00000143793,C1orf35,literal_official,217
K562,C1orf43,ENSG00000143612,C1orf43,literal_official,130
K562,C1orf50,ENSG00000164008,C1orf50,unique_hgnc_bridge,246
K562,C1orf52,ENSG00000162642,C1orf52,literal_official,352
K562,C1orf53,ENSG00000203724,C1orf53,literal_official,234
K562,C1orf56,ENSG00000143443,C1orf56,literal_official,91
K562,C1orf61,ENSG00000125462,C1orf61,literal_official,454
K562,C20orf203,ENSG00000198547,C20orf203,unique_hgnc_bridge,151
K562,C20orf27,ENSG00000101220,C20orf27,literal_official,162
K562,C20orf96,ENSG00000196476,C20orf96,literal_official,139
K562,C21orf58,ENSG00000160298,C21orf58,literal_official,306
K562,C21orf91,ENSG00000154642,C21orf91,literal_official,194
K562,C22orf39,ENSG00000242259,C22orf39,literal_official,445
K562,C22orf46,nan,C22orf46P,unique_hgnc_bridge,113
K562,C2CD2,ENSG00000157617,C2CD2,literal_official,73
K562,C2CD2L,ENSG00000172375,C2CD2L,literal_official,295
K562,C2CD3,ENSG00000168014,C2CD3,literal_official,26
K562,C2orf42,ENSG00000115998,C2orf42,literal_official,245
K562,C2orf49,ENSG00000135974,C2orf49,literal_official,201
K562,C2orf68,ENSG00000168887,C2orf68,literal_official,24
K562,C2orf69,ENSG00000178074,C2orf69,literal_official,227
K562,C2orf76,ENSG00000186132,C2orf76,literal_official,207
K562,C2orf88,ENSG00000187699,C2orf88,literal_official,237
K562,C3orf33,ENSG00000174928,C3orf33,literal_official,62
K562,C3orf38,ENSG00000179021,C3orf38,literal_official,249
K562,C4orf3,ENSG00000164096,C4orf3,literal_official,151
K562,C4orf33,ENSG00000151470,C4orf33,literal_official,235
K562,C4orf36,ENSG00000163633,C4orf36,literal_official,291
K562,C4orf46,ENSG00000205208,C4orf46,literal_official,151
K562,C4orf48,ENSG00000243449,C4orf48,literal_official,131
K562,C5orf15,ENSG00000113583,C5orf15,literal_official,231
K562,C5orf22,ENSG00000082213,C5orf22,literal_official,208
K562,C5orf24,ENSG00000181904,C5orf24,literal_official,112
K562,C5orf30,ENSG00000181751,C5orf30,literal_official,279
K562,C5orf34,ENSG00000172244,C5orf34,literal_official,101
K562,C5orf51,ENSG00000205765,C5orf51,literal_official,85
K562,C6orf120,ENSG00000185127,C6orf120,literal_official,213
K562,C6orf136,ENSG00000204564,C6orf136,literal_official,242
K562,C6orf15,ENSG00000204542,C6orf15,literal_official,389
K562,C6orf47,ENSG00000204439,C6orf47,literal_official,118
K562,C6orf52,ENSG00000137434,C6orf52,literal_official,232
K562,C6orf62,ENSG00000112308,C6orf62,literal_official,340
K562,C6orf89,ENSG00000198663,C6orf89,literal_official,253
K562,C7orf26,ENSG00000146576,C7orf26,literal_official,205
K562,C7orf50,ENSG00000146540,C7orf50,literal_official,194
K562,C8orf33,ENSG00000182307,C8orf33,literal_official,225
K562,C8orf44,nan,C8orf44,unique_hgnc_bridge,128
K562,C8orf76,ENSG00000189376,C8orf76,literal_official,115
K562,C8orf82,ENSG00000213563,C8orf82,literal_official,232
K562,C9orf16,ENSG00000171159,C9orf16,literal_official,561
K562,C9orf40,ENSG00000135045,C9orf40,literal_official,144
K562,C9orf64,ENSG00000165118,C9orf64,literal_official,188
K562,C9orf78,ENSG00000136819,C9orf78,literal_official,424
K562,C9orf85,ENSG00000155621,C9orf85,literal_official,243
K562,CA11,ENSG00000063180,CA11,literal_official,376
K562,CA5A,ENSG00000174990,CA5A,literal_official,482
K562,CA8,ENSG00000178538,CA8,literal_official,238
K562,CAAP1,ENSG00000120159,CAAP1,literal_official,15
K562,CAB39,ENSG00000135932,CAB39,literal_official,349
K562,CAB39L,ENSG00000102547,CAB39L,literal_official,327
K562,CABIN1,ENSG00000099991,CABIN1,literal_official,276
K562,CACNB3,ENSG00000167535,CACNB3,literal_official,911
K562,CACTIN,ENSG00000105298,CACTIN,literal_official,46
K562,CACUL1,ENSG00000151893,CACUL1,literal_official,228
K562,CACYBP,ENSG00000116161,CACYBP,unique_hgnc_bridge,246
K562,CAD,ENSG00000084774,CAD,literal_official,58
K562,CADM4,ENSG00000105767,CADM4,literal_official,845
K562,CALB1,ENSG00000104327,CALB1,literal_official,159
K562,CALCOCO1,ENSG00000012822,CALCOCO1,literal_official,50
K562,CALCOCO2,ENSG00000136436,CALCOCO2,literal_official,434
K562,CALM1,ENSG00000198668,CALM1,literal_official,317
K562,CALM2,ENSG00000143933,CALM2,literal_official,212
K562,CALM3,ENSG00000160014,CALM3,literal_official,74
K562,CALML4,ENSG00000129007,CALML4,literal_official,213
K562,CALR,ENSG00000179218,CALR,literal_official,190
K562,CALU,ENSG00000128595,CALU,literal_official,163
K562,CAMK1,ENSG00000134072,CAMK1,literal_official,253
K562,CAMK2G,ENSG00000148660,CAMK2G,literal_official,254
K562,CAMKK2,ENSG00000110931,CAMKK2,literal_official,16
K562,CAMKMT,ENSG00000143919,CAMKMT,literal_official,298
K562,CAMLG,ENSG00000164615,CAMLG,literal_official,155
K562,CAMSAP1,ENSG00000130559,CAMSAP1,literal_official,133
K562,CAMTA1,ENSG00000171735,CAMTA1,literal_official,173
K562,CAMTA2,ENSG00000108509,CAMTA2,literal_official,166
K562,CAND1,ENSG00000111530,CAND1,literal_official,59
K562,CANT1,ENSG00000171302,CANT1,literal_official,62
K562,CANX,ENSG00000127022,CANX,literal_official,377
K562,CAP1,ENSG00000131236,CAP1,literal_official,69
K562,CAPG,ENSG00000042493,CAPG,literal_official,281
K562,CAPN1,ENSG00000014216,CAPN1,literal_official,29
K562,CAPN10,ENSG00000142330,CAPN10,unique_hgnc_bridge,241
K562,CAPN15,ENSG00000103326,CAPN15,literal_official,86
K562,CAPN2,ENSG00000162909,CAPN2,literal_official,148
K562,CAPN7,ENSG00000131375,CAPN7,literal_official,267
K562,CAPNS1,ENSG00000126247,CAPNS1,literal_official,235
K562,CAPRIN1,ENSG00000135387,CAPRIN1,literal_official,44
K562,CAPZA1,ENSG00000116489,CAPZA1,literal_official,226
K562,CAPZA2,ENSG00000198898,CAPZA2,literal_official,88
K562,CAPZB,ENSG00000077549,CAPZB,literal_official,65
K562,CARD11,ENSG00000198286,CARD11,literal_official,282
K562,CARD8,ENSG00000105483,CARD8,literal_official,339
K562,CARD9,ENSG00000187796,CARD9,literal_official,136
K562,CARF,ENSG00000138380,CARF,literal_official,85
K562,CARHSP1,ENSG00000153048,CARHSP1,literal_official,86
K562,CARM1,ENSG00000142453,CARM1,literal_official,156
K562,CARMIL1,ENSG00000079691,CARMIL1,literal_official,24
K562,CARS,ENSG00000110619,CARS,literal_official,28
K562,CARS2,ENSG00000134905,CARS2,literal_official,197
K562,CASC3,ENSG00000108349,CASC3,literal_official,244
K562,CASC4,ENSG00000166734,CASC4,literal_official,53
K562,CASP10,ENSG00000003400,CASP10,literal_official,63
K562,CASP2,ENSG00000106144,CASP2,literal_official,156
K562,CASP3,ENSG00000164305,CASP3,literal_official,234
K562,CASP6,ENSG00000138794,CASP6,literal_official,372
K562,CASP7,ENSG00000165806,CASP7,literal_official,308
K562,CASP8,ENSG00000064012,CASP8,literal_official,178
K562,CASP8AP2,ENSG00000118412,CASP8AP2,literal_official,211
K562,CASP9,ENSG00000132906,CASP9,literal_official,71
K562,CASS4,ENSG00000087589,CASS4,literal_official,185
K562,CAST,ENSG00000153113,CAST,literal_official,137
K562,CASZ1,ENSG00000130940,CASZ1,literal_official,146
K562,CAT,ENSG00000121691,CAT,literal_official,220
K562,CAV2,ENSG00000105971,CAV2,literal_official,283
K562,CAVIN1,ENSG00000177469,CAVIN1,literal_official,259
K562,CBFA2T2,ENSG00000078699,CBFA2T2,literal_official,120
K562,CBFA2T3,ENSG00000129993,CBFA2T3,literal_official,305
K562,CBFB,ENSG00000067955,CBFB,literal_official,153
K562,CBL,ENSG00000110395,CBL,literal_official,206
K562,CBLL1,ENSG00000105879,CBLL1,literal_official,236
K562,CBLL2,ENSG00000175809,CBLL2,literal_official,42
K562,CBLN1,ENSG00000102924,CBLN1,literal_official,352
K562,CBR1,ENSG00000159228,CBR1,literal_official,216
K562,CBR4,ENSG00000145439,CBR4,literal_official,206
K562,CBS,ENSG00000160200,CBS,literal_official,229
K562,CBWD1,ENSG00000172785,CBWD1,literal_official,195
K562,CBX1,ENSG00000108468,CBX1,literal_official,309
K562,CBX2,ENSG00000173894,CBX2,literal_official,188
K562,CBX3,ENSG00000122565,CBX3,literal_official,32
K562,CBX4,ENSG00000141582,CBX4,literal_official,285
K562,CBX5,ENSG00000094916,CBX5,literal_official,171
K562,CBX6,ENSG00000183741,CBX6,literal_official,102
K562,CBX8,ENSG00000141570,CBX8,literal_official,159
K562,CBY1,ENSG00000100211,CBY1,literal_official,294
K562,CC2D1A,ENSG00000132024,CC2D1A,literal_official,220
K562,CC2D1B,ENSG00000154222,CC2D1B,literal_official,223
K562,CCAR1,ENSG00000060339,CCAR1,literal_official,167
K562,CCAR2,ENSG00000158941,CCAR2,literal_official,392
K562,CCDC106,ENSG00000173581,CCDC106,literal_official,366
K562,CCDC107,ENSG00000159884,CCDC107,literal_official,203
K562,CCDC112,ENSG00000164221,CCDC112,literal_official,91
K562,CCDC115,ENSG00000136710,CCDC115,literal_official,346
K562,CCDC116,ENSG00000161180,CCDC116,literal_official,167
K562,CCDC117,ENSG00000159873,CCDC117,literal_official,186
K562,CCDC12,ENSG00000160799,CCDC12,literal_official,311
K562,CCDC124,ENSG00000007080,CCDC124,literal_official,554
K562,CCDC125,ENSG00000183323,CCDC125,literal_official,215
K562,CCDC127,ENSG00000164366,CCDC127,literal_official,83
K562,CCDC130,ENSG00000104957,CCDC130,literal_official,276
K562,CCDC136,ENSG00000128596,CCDC136,literal_official,290
K562,CCDC137,ENSG00000185298,CCDC137,literal_official,280
K562,CCDC138,ENSG00000163006,CCDC138,literal_official,287
K562,CCDC14,ENSG00000175455,CCDC14,literal_official,185
K562,CCDC142,ENSG00000135637,CCDC142,literal_official,204
K562,CCDC144A,ENSG00000170160,CCDC144A,literal_official,294
K562,CCDC144NL,ENSG00000205212,CCDC144NL,literal_official,148
K562,CCDC150,ENSG00000144395,CCDC150,literal_official,168
K562,CCDC167,ENSG00000198937,CCDC167,literal_official,155
K562,CCDC169,ENSG00000242715,CCDC169,literal_official,218
K562,CCDC169-SOHLH2,nan,CCDC169-SOHLH2,unique_hgnc_bridge,229
K562,CCDC17,ENSG00000159588,CCDC17,literal_official,42
K562,CCDC174,ENSG00000154781,CCDC174,literal_official,98
K562,CCDC18,ENSG00000122483,CCDC18,literal_official,154
K562,CCDC22,ENSG00000101997,CCDC22,literal_official,124
K562,CCDC25,ENSG00000147419,CCDC25,literal_official,158
K562,CCDC28A,ENSG00000024862,CCDC28A,literal_official,296
K562,CCDC28B,ENSG00000160050,CCDC28B,literal_official,263
K562,CCDC32,ENSG00000128891,CCDC32,literal_official,161
K562,CCDC34,ENSG00000109881,CCDC34,literal_official,136
K562,CCDC43,ENSG00000180329,CCDC43,literal_official,79
K562,CCDC47,ENSG00000108588,CCDC47,literal_official,173
K562,CCDC50,ENSG00000152492,CCDC50,literal_official,168
K562,CCDC51,ENSG00000164051,CCDC51,literal_official,171
K562,CCDC57,ENSG00000176155,CCDC57,literal_official,302
K562,CCDC58,ENSG00000160124,CCDC58,literal_official,73
K562,CCDC59,ENSG00000133773,CCDC59,literal_official,186
K562,CCDC6,ENSG00000108091,CCDC6,literal_official,252
K562,CCDC61,ENSG00000104983,CCDC61,literal_official,208
K562,CCDC66,ENSG00000180376,CCDC66,literal_official,205
K562,CCDC69,ENSG00000198624,CCDC69,literal_official,46
K562,CCDC71,ENSG00000177352,CCDC71,literal_official,157
K562,CCDC71L,ENSG00000253276,CCDC71L,literal_official,211
K562,CCDC74A,ENSG00000163040,CCDC74A,literal_official,237
K562,CCDC77,ENSG00000120647,CCDC77,literal_official,320
K562,CCDC78,ENSG00000162004,CCDC78,literal_official,212
K562,CCDC8,ENSG00000169515,CCDC8,literal_official,179
K562,CCDC82,ENSG00000149231,CCDC82,literal_official,225
K562,CCDC84,ENSG00000186166,CCDC84,literal_official,48
K562,CCDC85B,ENSG00000175602,CCDC85B,literal_official,137
K562,CCDC85C,ENSG00000205476,CCDC85C,literal_official,169
K562,CCDC86,ENSG00000110104,CCDC86,literal_official,132
K562,CCDC88A,ENSG00000115355,CCDC88A,literal_official,163
K562,CCDC88B,ENSG00000168071,CCDC88B,literal_official,157
K562,CCDC88C,ENSG00000015133,CCDC88C,literal_official,226
K562,CCDC9,ENSG00000105321,CCDC9,literal_official,182
K562,CCDC90B,ENSG00000137500,CCDC90B,literal_official,41
K562,CCDC91,ENSG00000123106,CCDC91,literal_official,210
K562,CCDC92,ENSG00000119242,CCDC92,literal_official,265
K562,CCDC93,ENSG00000125633,CCDC93,literal_official,196
K562,CCDC97,ENSG00000142039,CCDC97,literal_official,116
K562,CCHCR1,ENSG00000204536,CCHCR1,literal_official,132
K562,CCM2,ENSG00000136280,CCM2,literal_official,243
K562,CCNA2,ENSG00000145386,CCNA2,literal_official,54
K562,CCNB1,ENSG00000134057,CCNB1,literal_official,445
K562,CCNB1IP1,ENSG00000100814,CCNB1IP1,literal_official,183
K562,CCNB2,ENSG00000157456,CCNB2,literal_official,65
K562,CCNC,ENSG00000112237,CCNC,literal_official,237
K562,CCND1,ENSG00000110092,CCND1,literal_official,312
K562,CCND2,ENSG00000118971,CCND2,literal_official,162
K562,CCND3,ENSG00000112576,CCND3,literal_official,138
K562,CCNDBP1,ENSG00000166946,CCNDBP1,literal_official,62
K562,CCNE1,ENSG00000105173,CCNE1,literal_official,181
K562,CCNE2,ENSG00000175305,CCNE2,literal_official,81
K562,CCNF,ENSG00000162063,CCNF,literal_official,309
K562,CCNG1,ENSG00000113328,CCNG1,literal_official,139
K562,CCNH,ENSG00000134480,CCNH,literal_official,96
K562,CCNI,ENSG00000118816,CCNI,literal_official,69
K562,CCNJ,ENSG00000107443,CCNJ,literal_official,44
K562,CCNK,ENSG00000090061,CCNK,literal_official,746
K562,CCNL1,ENSG00000163660,CCNL1,literal_official,427
K562,CCNL2,ENSG00000221978,CCNL2,literal_official,168
K562,CCNO,ENSG00000152669,CCNO,literal_official,176
K562,CCNQ,ENSG00000262919,CCNQ,literal_official,151
K562,CCNT1,ENSG00000129315,CCNT1,literal_official,168
K562,CCNT2,ENSG00000082258,CCNT2,literal_official,310
K562,CCNY,ENSG00000108100,CCNY,literal_official,329
K562,CCP110,ENSG00000103540,CCP110,literal_official,66
K562,CCPG1,ENSG00000260916,CCPG1,literal_official,302
K562,CCR10,ENSG00000184451,CCR10,literal_official,214
K562,CCS,ENSG00000173992,CCS,literal_official,137
K562,CCSAP,ENSG00000154429,CCSAP,literal_official,187
K562,CCSER2,ENSG00000107771,CCSER2,literal_official,163
K562,CCT2,ENSG00000166226,CCT2,literal_official,60
K562,CCT3,ENSG00000163468,CCT3,literal_official,82
K562,CCT4,ENSG00000115484,CCT4,literal_official,115
K562,CCT5,ENSG00000150753,CCT5,literal_official,50
K562,CCT6A,ENSG00000146731,CCT6A,literal_official,96
K562,CCT7,ENSG00000135624,CCT7,unique_hgnc_bridge,49
K562,CCT8,ENSG00000156261,CCT8,literal_official,79
K562,CCZ1,ENSG00000122674,CCZ1,literal_official,269
K562,CCZ1B,ENSG00000146574,CCZ1B,literal_official,164
K562,CD151,ENSG00000177697,CD151,literal_official,232
K562,CD164,ENSG00000135535,CD164,literal_official,295
K562,CD226,ENSG00000150637,CD226,literal_official,80
K562,CD24,ENSG00000272398,CD24,literal_official,253
K562,CD276,ENSG00000103855,CD276,literal_official,183
K562,CD2AP,ENSG00000198087,CD2AP,literal_official,133
K562,CD2BP2,ENSG00000169217,CD2BP2,literal_official,371
K562,CD320,ENSG00000167775,CD320,literal_official,148
K562,CD33,ENSG00000105383,CD33,literal_official,298
K562,CD3D,ENSG00000167286,CD3D,literal_official,200
K562,CD3EAP,ENSG00000117877,CD3EAP,literal_official,119
K562,CD46,ENSG00000117335,CD46,literal_official,88
K562,CD47,ENSG00000196776,CD47,literal_official,189
K562,CD52,ENSG00000169442,CD52,literal_official,128
K562,CD53,ENSG00000143119,CD53,literal_official,99
K562,CD55,ENSG00000196352,CD55,literal_official,284
K562,CD58,ENSG00000116815,CD58,literal_official,220
K562,CD59,ENSG00000085063,CD59,literal_official,321
K562,CD63,ENSG00000135404,CD63,literal_official,256
K562,CD68,ENSG00000129226,CD68,literal_official,174
K562,CD69,ENSG00000110848,CD69,literal_official,122
K562,CD7,ENSG00000173762,CD7,literal_official,110
K562,CD81,ENSG00000110651,CD81,literal_official,275
K562,CD8B,ENSG00000172116,CD8B,literal_official,209
K562,CD9,ENSG00000010278,CD9,literal_official,167
K562,CD99,ENSG00000002586,CD99,literal_official,115
K562,CD99L2,ENSG00000102181,CD99L2,literal_official,18
K562,CDADC1,ENSG00000102543,CDADC1,literal_official,177
K562,CDAN1,ENSG00000140326,CDAN1,literal_official,167
K562,CDC123,ENSG00000151465,CDC123,literal_official,249
K562,CDC14A,ENSG00000079335,CDC14A,literal_official,219
K562,CDC14B,ENSG00000081377,CDC14B,literal_official,266
K562,CDC16,ENSG00000130177,CDC16,literal_official,80
K562,CDC20,ENSG00000117399,CDC20,literal_official,126
K562,CDC23,ENSG00000094880,CDC23,literal_official,31
K562,CDC25A,ENSG00000164045,CDC25A,literal_official,215
K562,CDC25B,ENSG00000101224,CDC25B,literal_official,112
K562,CDC25C,ENSG00000158402,CDC25C,literal_official,143
K562,CDC26,ENSG00000176386,CDC26,literal_official,13
K562,CDC27,ENSG00000004897,CDC27,literal_official,340
K562,CDC34,ENSG00000099804,CDC34,literal_official,242
K562,CDC37,ENSG00000105401,CDC37,literal_official,373
K562,CDC40,ENSG00000168438,CDC40,literal_official,58
K562,CDC42,ENSG00000070831,CDC42,unique_hgnc_bridge,124
K562,CDC42BPA,ENSG00000143776,CDC42BPA,literal_official,235
K562,CDC42BPB,ENSG00000198752,CDC42BPB,literal_official,102
K562,CDC42EP1,ENSG00000128283,CDC42EP1,literal_official,244
K562,CDC42EP4,ENSG00000179604,CDC42EP4,literal_official,158
K562,CDC42SE1,ENSG00000197622,CDC42SE1,literal_official,130
K562,CDC42SE2,ENSG00000158985,CDC42SE2,literal_official,143
K562,CDC45,ENSG00000093009,CDC45,literal_official,164
K562,CDC5L,ENSG00000096401,CDC5L,literal_official,33
K562,CDC6,ENSG00000094804,CDC6,literal_official,117
K562,CDC7,ENSG00000097046,CDC7,literal_official,235
K562,CDC73,ENSG00000134371,CDC73,literal_official,102
K562,CDCA2,ENSG00000184661,CDCA2,literal_official,128
K562,CDCA3,ENSG00000111665,CDCA3,literal_official,91
K562,CDCA4,ENSG00000170779,CDCA4,literal_official,122
K562,CDCA5,ENSG00000146670,CDCA5,literal_official,123
K562,CDCA7,ENSG00000144354,CDCA7,literal_official,250
K562,CDCA7L,ENSG00000164649,CDCA7L,literal_official,101
K562,CDCA8,ENSG00000134690,CDCA8,literal_official,96
K562,CDIPT,ENSG00000103502,CDIPT,literal_official,470
K562,CDK1,ENSG00000170312,CDK1,literal_official,244
K562,CDK10,ENSG00000185324,CDK10,unique_hgnc_bridge,105
K562,CDK11A,ENSG00000008128,CDK11A,literal_official,432
K562,CDK11B,ENSG00000248333,CDK11B,literal_official,94
K562,CDK12,ENSG00000167258,CDK12,literal_official,58
K562,CDK13,ENSG00000065883,CDK13,literal_official,209
K562,CDK16,ENSG00000102225,CDK16,literal_official,189
K562,CDK17,ENSG00000059758,CDK17,literal_official,104
K562,CDK19,ENSG00000155111,CDK19,literal_official,115
K562,CDK2,ENSG00000123374,CDK2,literal_official,235
K562,CDK2AP1,ENSG00000111328,CDK2AP1,literal_official,364
K562,CDK2AP2,ENSG00000167797,CDK2AP2,literal_official,142
K562,CDK4,ENSG00000135446,CDK4,literal_official,105
K562,CDK5,ENSG00000164885,CDK5,literal_official,204
K562,CDK5RAP1,ENSG00000101391,CDK5RAP1,literal_official,143
K562,CDK5RAP2,ENSG00000136861,CDK5RAP2,literal_official,113
K562,CDK5RAP3,ENSG00000108465,CDK5RAP3,literal_official,243
K562,CDK6,ENSG00000105810,CDK6,literal_official,349
K562,CDK7,ENSG00000134058,CDK7,literal_official,30
K562,CDK8,ENSG00000132964,CDK8,literal_official,181
K562,CDK9,ENSG00000136807,CDK9,literal_official,337
K562,CDKAL1,ENSG00000145996,CDKAL1,literal_official,227
K562,CDKL1,ENSG00000100490,CDKL1,literal_official,152
K562,CDKN1B,ENSG00000111276,CDKN1B,literal_official,222
K562,CDKN1C,ENSG00000129757,CDKN1C,literal_official,153
K562,CDKN2AIP,ENSG00000168564,CDKN2AIP,literal_official,235
K562,CDKN2AIPNL,ENSG00000237190,CDKN2AIPNL,literal_official,149
K562,CDKN2C,ENSG00000123080,CDKN2C,literal_official,306
K562,CDKN2D,ENSG00000129355,CDKN2D,literal_official,239
K562,CDKN3,ENSG00000100526,CDKN3,literal_official,100
K562,CDPF1,ENSG00000205643,CDPF1,literal_official,393
K562,CDR2,ENSG00000140743,CDR2,literal_official,210
K562,CDR2L,ENSG00000109089,CDR2L,literal_official,43
K562,CDS2,ENSG00000101290,CDS2,literal_official,73
K562,CDT1,ENSG00000167513,CDT1,literal_official,16
K562,CDV3,ENSG00000091527,CDV3,literal_official,65
K562,CDX1,ENSG00000113722,CDX1,literal_official,171
K562,CDX2,ENSG00000165556,CDX2,literal_official,319
K562,CDX4,ENSG00000131264,CDX4,literal_official,160
K562,CDYL,ENSG00000153046,CDYL,literal_official,124
K562,CEBPA,ENSG00000245848,CEBPA,literal_official,89
K562,CEBPB,ENSG00000172216,CEBPB,literal_official,172
K562,CEBPD,ENSG00000221869,CEBPD,literal_official,179
K562,CEBPE,ENSG00000092067,CEBPE,literal_official,166
K562,CEBPG,ENSG00000153879,CEBPG,literal_official,57
K562,CEBPZ,ENSG00000115816,CEBPZ,literal_official,85
K562,CELF1,ENSG00000149187,CELF1,literal_official,210
K562,CELF2,ENSG00000048740,CELF2,literal_official,217
K562,CEMIP2,ENSG00000135048,CEMIP2,literal_official,244
K562,CENPA,ENSG00000115163,CENPA,literal_official,65
K562,CENPB,ENSG00000125817,CENPB,literal_official,228
K562,CENPBD1,ENSG00000177946,CENPBD1,literal_official,62
K562,CENPC,ENSG00000145241,CENPC,literal_official,99
K562,CENPE,ENSG00000138778,CENPE,literal_official,118
K562,CENPF,ENSG00000117724,CENPF,literal_official,184
K562,CENPH,ENSG00000153044,CENPH,literal_official,172
K562,CENPI,ENSG00000102384,CENPI,literal_official,31
K562,CENPJ,ENSG00000151849,CENPJ,literal_official,154
K562,CENPK,ENSG00000123219,CENPK,literal_official,73
K562,CENPL,ENSG00000120334,CENPL,literal_official,193
K562,CENPM,ENSG00000100162,CENPM,literal_official,58
K562,CENPN,ENSG00000166451,CENPN,literal_official,223
K562,CENPO,ENSG00000138092,CENPO,literal_official,197
K562,CENPP,ENSG00000188312,CENPP,literal_official,116
K562,CENPQ,ENSG00000031691,CENPQ,literal_official,170
K562,CENPS,ENSG00000175279,CENPS,literal_official,111
K562,CENPT,ENSG00000102901,CENPT,literal_official,92
K562,CENPV,ENSG00000166582,CENPV,literal_official,296
K562,CENPW,ENSG00000203760,CENPW,literal_official,92
K562,CEP104,ENSG00000116198,CEP104,literal_official,231
K562,CEP120,ENSG00000168944,CEP120,literal_official,218
K562,CEP135,ENSG00000174799,CEP135,literal_official,52
K562,CEP152,ENSG00000103995,CEP152,literal_official,289
K562,CEP164,ENSG00000110274,CEP164,literal_official,195
K562,CEP170,ENSG00000143702,CEP170,literal_official,165
K562,CEP19,ENSG00000174007,CEP19,literal_official,157
K562,CEP192,ENSG00000101639,CEP192,literal_official,129
K562,CEP250,ENSG00000126001,CEP250,literal_official,174
K562,CEP290,ENSG00000198707,CEP290,literal_official,151
K562,CEP350,ENSG00000135837,CEP350,literal_official,115
K562,CEP44,ENSG00000164118,CEP44,literal_official,202
K562,CEP55,ENSG00000138180,CEP55,literal_official,54
K562,CEP57,ENSG00000166037,CEP57,literal_official,107
K562,CEP57L1,ENSG00000183137,CEP57L1,literal_official,244
K562,CEP63,ENSG00000182923,CEP63,literal_official,60
K562,CEP68,ENSG00000011523,CEP68,literal_official,128
K562,CEP70,ENSG00000114107,CEP70,literal_official,314
K562,CEP72,ENSG00000112877,CEP72,literal_official,114
K562,CEP76,ENSG00000101624,CEP76,literal_official,261
K562,CEP78,ENSG00000148019,CEP78,literal_official,71
K562,CEP85,ENSG00000130695,CEP85,literal_official,274
K562,CEP85L,ENSG00000111860,CEP85L,literal_official,261
K562,CEP89,ENSG00000121289,CEP89,literal_official,212
K562,CEP95,ENSG00000258890,CEP95,literal_official,127
K562,CEP97,ENSG00000182504,CEP97,literal_official,332
K562,CEPT1,ENSG00000134255,CEPT1,literal_official,150
K562,CERCAM,ENSG00000167123,CERCAM,literal_official,404
K562,CERK,ENSG00000100422,CERK,literal_official,209
K562,CERS2,ENSG00000143418,CERS2,literal_official,162
K562,CERS4,ENSG00000090661,CERS4,literal_official,309
K562,CERS5,ENSG00000139624,CERS5,literal_official,47
K562,CERS6,ENSG00000172292,CERS6,literal_official,262
K562,CERT1,ENSG00000113163,CERT1,literal_official,126
K562,CES2,ENSG00000172831,CES2,literal_official,158
K562,CETN2,ENSG00000147400,CETN2,literal_official,208
K562,CETN3,ENSG00000153140,CETN3,literal_official,121
K562,CFAP298,ENSG00000159079,CFAP298,literal_official,164
K562,CFAP410,ENSG00000160226,CFAP410,literal_official,319
K562,CFD,ENSG00000197766,CFD,literal_official,125
K562,CFDP1,ENSG00000153774,CFDP1,literal_official,292
K562,CFH,ENSG00000000971,CFH,literal_official,21
K562,CFL1,ENSG00000172757,CFL1,literal_official,23
K562,CFL2,ENSG00000165410,CFL2,literal_official,127
K562,CFLAR,ENSG00000003402,CFLAR,literal_official,265
K562,CGGBP1,ENSG00000163320,CGGBP1,literal_official,296
K562,CHAC1,ENSG00000128965,CHAC1,literal_official,205
K562,CHAC2,ENSG00000143942,CHAC2,literal_official,175
K562,CHAF1A,ENSG00000167670,CHAF1A,literal_official,35
K562,CHAF1B,ENSG00000159259,CHAF1B,literal_official,86
K562,CHAMP1,ENSG00000198824,CHAMP1,literal_official,212
K562,CHCHD1,ENSG00000172586,CHCHD1,literal_official,169
K562,CHCHD10,ENSG00000250479,CHCHD10,literal_official,320
K562,CHCHD2,ENSG00000106153,CHCHD2,literal_official,163
K562,CHCHD3,ENSG00000106554,CHCHD3,literal_official,85
K562,CHCHD4,ENSG00000163528,CHCHD4,literal_official,138
K562,CHCHD5,ENSG00000125611,CHCHD5,literal_official,271
K562,CHCHD6,ENSG00000159685,CHCHD6,literal_official,195
K562,CHCHD7,ENSG00000170791,CHCHD7,literal_official,189
K562,CHD1,ENSG00000153922,CHD1,literal_official,74
K562,CHD1L,ENSG00000131778,CHD1L,unique_hgnc_bridge,188
K562,CHD2,ENSG00000173575,CHD2,literal_official,337
K562,CHD3,ENSG00000170004,CHD3,literal_official,174
K562,CHD4,ENSG00000111642,CHD4,literal_official,89
K562,CHD6,ENSG00000124177,CHD6,literal_official,185
K562,CHD7,ENSG00000171316,CHD7,literal_official,310
K562,CHD8,ENSG00000100888,CHD8,literal_official,237
K562,CHD9,ENSG00000177200,CHD9,literal_official,185
K562,CHDH,ENSG00000016391,CHDH,literal_official,165
K562,CHEK1,ENSG00000149554,CHEK1,literal_official,199
K562,CHEK2,ENSG00000183765,CHEK2,literal_official,94
K562,CHERP,ENSG00000085872,CHERP,literal_official,116
K562,CHFR,ENSG00000072609,CHFR,literal_official,90
K562,CHI3L2,ENSG00000064886,CHI3L2,literal_official,310
K562,CHIC2,ENSG00000109220,CHIC2,literal_official,67
K562,CHID1,ENSG00000177830,CHID1,literal_official,195
K562,CHKA,ENSG00000110721,CHKA,literal_official,277
K562,CHKB,ENSG00000100288,CHKB,literal_official,197
K562,CHM,ENSG00000188419,CHM,literal_official,207
K562,CHML,ENSG00000203668,CHML,literal_official,15
K562,CHMP1A,ENSG00000131165,CHMP1A,literal_official,151
K562,CHMP1B,ENSG00000255112,CHMP1B,literal_official,134
K562,CHMP2A,ENSG00000130724,CHMP2A,literal_official,75
K562,CHMP2B,ENSG00000083937,CHMP2B,literal_official,258
K562,CHMP3,ENSG00000115561,CHMP3,literal_official,51
K562,CHMP4A,ENSG00000254505,CHMP4A,literal_official,250
K562,CHMP4B,ENSG00000101421,CHMP4B,literal_official,224
K562,CHMP5,ENSG00000086065,CHMP5,literal_official,213
K562,CHMP6,ENSG00000176108,CHMP6,literal_official,207
K562,CHMP7,ENSG00000147457,CHMP7,literal_official,459
K562,CHORDC1,ENSG00000110172,CHORDC1,literal_official,552
K562,CHP1,ENSG00000187446,CHP1,literal_official,157
K562,CHPF,ENSG00000123989,CHPF,literal_official,798
K562,CHPF2,ENSG00000033100,CHPF2,literal_official,278
K562,CHPT1,ENSG00000111666,CHPT1,literal_official,209
K562,CHRAC1,ENSG00000104472,CHRAC1,literal_official,126
K562,CHRNA5,ENSG00000169684,CHRNA5,literal_official,272
K562,CHRNB1,ENSG00000170175,CHRNB1,literal_official,117
K562,CHST10,ENSG00000115526,CHST10,literal_official,213
K562,CHST11,ENSG00000171310,CHST11,literal_official,210
K562,CHST12,ENSG00000136213,CHST12,literal_official,210
K562,CHST2,ENSG00000175040,CHST2,literal_official,166
K562,CHSY1,ENSG00000131873,CHSY1,literal_official,207
K562,CHTF18,ENSG00000127586,CHTF18,literal_official,235
K562,CHTF8,ENSG00000168802,CHTF8,literal_official,55
K562,CHTOP,ENSG00000160679,CHTOP,literal_official,271
K562,CHUK,ENSG00000213341,CHUK,literal_official,181
K562,CHURC1,ENSG00000258289,CHURC1,literal_official,304
K562,CIAO1,ENSG00000144021,CIAO1,literal_official,621
K562,CIAO2A,ENSG00000166797,CIAO2A,literal_official,130
K562,CIAO2B,ENSG00000166595,CIAO2B,literal_official,298
K562,CIAO3,ENSG00000103245,CIAO3,literal_official,142
K562,CIAPIN1,ENSG00000005194,CIAPIN1,literal_official,211
K562,CIB1,ENSG00000185043,CIB1,literal_official,100
K562,CIB2,ENSG00000136425,CIB2,literal_official,111
K562,CIC,ENSG00000079432,CIC,literal_official,136
K562,CINP,ENSG00000100865,CINP,literal_official,102
K562,CIP2A,ENSG00000163507,CIP2A,literal_official,68
K562,CIR1,ENSG00000138433,CIR1,literal_official,137
K562,CIRBP,ENSG00000099622,CIRBP,literal_official,178
K562,CISD1,ENSG00000122873,CISD1,literal_official,195
K562,CISD2,ENSG00000145354,CISD2,literal_official,260
K562,CISD3,ENSG00000277972,CISD3,literal_official,178
K562,CISH,ENSG00000114737,CISH,literal_official,222
K562,CIT,ENSG00000122966,CIT,literal_official,42
K562,CITED1,ENSG00000125931,CITED1,literal_official,166
K562,CITED2,ENSG00000164442,CITED2,literal_official,333
K562,CIZ1,ENSG00000148337,CIZ1,literal_official,262
K562,CKAP2,ENSG00000136108,CKAP2,literal_official,194
K562,CKAP2L,ENSG00000169607,CKAP2L,literal_official,163
K562,CKAP5,ENSG00000175216,CKAP5,literal_official,411
K562,CKB,ENSG00000166165,CKB,literal_official,136
K562,CKLF,ENSG00000217555,CKLF,literal_official,185
K562,CKS2,ENSG00000123975,CKS2,literal_official,219
K562,CLASP1,ENSG00000074054,CLASP1,literal_official,70
K562,CLASP2,ENSG00000163539,CLASP2,literal_official,408
K562,CLASRP,ENSG00000104859,CLASRP,literal_official,235
K562,CLCA1,ENSG00000016490,CLCA1,literal_official,109
K562,CLCC1,ENSG00000121940,CLCC1,literal_official,131
K562,CLCN2,ENSG00000114859,CLCN2,literal_official,175
K562,CLCN3,ENSG00000109572,CLCN3,literal_official,236
K562,CLCN6,ENSG00000011021,CLCN6,literal_official,236
K562,CLCN7,ENSG00000103249,CLCN7,literal_official,203
K562,CLDN15,ENSG00000106404,CLDN15,literal_official,235
K562,CLDN6,ENSG00000184697,CLDN6,literal_official,101
K562,CLDN7,ENSG00000181885,CLDN7,literal_official,132
K562,CLDND1,ENSG00000080822,CLDND1,literal_official,243
K562,CLEC11A,ENSG00000105472,CLEC11A,literal_official,220
K562,CLEC16A,ENSG00000038532,CLEC16A,literal_official,235
K562,CLEC2B,ENSG00000110852,CLEC2B,literal_official,57
K562,CLEC2D,ENSG00000069493,CLEC2D,literal_official,58
K562,CLEC2L,ENSG00000236279,CLEC2L,literal_official,47
K562,CLHC1,ENSG00000162994,CLHC1,literal_official,47
K562,CLIC1,ENSG00000213719,CLIC1,literal_official,119
K562,CLIC2,ENSG00000155962,CLIC2,literal_official,140
K562,CLIC4,ENSG00000169504,CLIC4,literal_official,221
K562,CLINT1,ENSG00000113282,CLINT1,literal_official,373
K562,CLIP1,ENSG00000130779,CLIP1,literal_official,80
K562,CLK1,ENSG00000013441,CLK1,literal_official,227
K562,CLK2,ENSG00000176444,CLK2,literal_official,248
K562,CLK3,ENSG00000179335,CLK3,literal_official,360
K562,CLK4,ENSG00000113240,CLK4,literal_official,284
K562,CLN3,ENSG00000188603,CLN3,literal_official,237
K562,CLN5,ENSG00000102805,CLN5,literal_official,264
K562,CLN6,ENSG00000128973,CLN6,literal_official,231
K562,CLN8,ENSG00000182372,CLN8,literal_official,196
K562,CLNS1A,ENSG00000074201,CLNS1A,literal_official,51
K562,CLOCK,ENSG00000134852,CLOCK,literal_official,188
K562,CLP1,ENSG00000172409,CLP1,unique_hgnc_bridge,99
K562,CLPB,ENSG00000162129,CLPB,literal_official,229
K562,CLPP,ENSG00000125656,CLPP,literal_official,107
K562,CLPTM1,ENSG00000104853,CLPTM1,literal_official,234
K562,CLPTM1L,ENSG00000049656,CLPTM1L,literal_official,251
K562,CLPX,ENSG00000166855,CLPX,literal_official,150
K562,CLSPN,ENSG00000092853,CLSPN,literal_official,105
K562,CLSTN1,ENSG00000171603,CLSTN1,literal_official,172
K562,CLSTN3,ENSG00000139182,CLSTN3,literal_official,339
K562,CLTA,ENSG00000122705,CLTA,literal_official,235
K562,CLTB,ENSG00000175416,CLTB,literal_official,264
K562,CLTC,ENSG00000141367,CLTC,literal_official,174
K562,CLU,ENSG00000120885,CLU,literal_official,398
K562,CLUAP1,ENSG00000103351,CLUAP1,literal_official,103
K562,CLUH,ENSG00000132361,CLUH,literal_official,244
K562,CMAS,ENSG00000111726,CMAS,literal_official,85
K562,CMBL,ENSG00000164237,CMBL,literal_official,210
K562,CMC1,ENSG00000187118,CMC1,literal_official,236
K562,CMC2,ENSG00000103121,CMC2,literal_official,200
K562,CMC4,ENSG00000182712,CMC4,literal_official,280
K562,CMIP,ENSG00000153815,CMIP,literal_official,58
K562,CMPK1,ENSG00000162368,CMPK1,literal_official,518
K562,CMPK2,ENSG00000134326,CMPK2,literal_official,247
K562,CMSS1,ENSG00000184220,CMSS1,literal_official,224
K562,CMTM3,ENSG00000140931,CMTM3,literal_official,240
K562,CMTM4,ENSG00000183723,CMTM4,literal_official,178
K562,CMTM6,ENSG00000091317,CMTM6,literal_official,245
K562,CMTM7,ENSG00000153551,CMTM7,literal_official,147
K562,CMTR1,ENSG00000137200,CMTR1,literal_official,303
K562,CMTR2,ENSG00000180917,CMTR2,literal_official,140
K562,CNBD2,ENSG00000149646,CNBD2,unique_hgnc_bridge,134
K562,CNBP,ENSG00000169714,CNBP,literal_official,191
K562,CNDP2,ENSG00000133313,CNDP2,literal_official,337
K562,CNEP1R1,ENSG00000205423,CNEP1R1,literal_official,190
K562,CNIH1,ENSG00000100528,CNIH1,literal_official,87
K562,CNIH4,ENSG00000143771,CNIH4,literal_official,79
K562,CNN1,ENSG00000130176,CNN1,literal_official,432
K562,CNN2,ENSG00000064666,CNN2,literal_official,496
K562,CNNM3,ENSG00000168763,CNNM3,literal_official,357
K562,CNOT1,ENSG00000125107,CNOT1,literal_official,146
K562,CNOT10,ENSG00000182973,CNOT10,literal_official,271
K562,CNOT11,ENSG00000158435,CNOT11,literal_official,199
K562,CNOT2,ENSG00000111596,CNOT2,literal_official,111
K562,CNOT3,ENSG00000088038,CNOT3,literal_official,232
K562,CNOT4,ENSG00000080802,CNOT4,literal_official,70
K562,CNOT6,ENSG00000113300,CNOT6,literal_official,238
K562,CNOT6L,ENSG00000138767,CNOT6L,literal_official,106
K562,CNOT7,ENSG00000198791,CNOT7,literal_official,165
K562,CNOT8,ENSG00000155508,CNOT8,literal_official,243
K562,CNOT9,ENSG00000144580,CNOT9,literal_official,231
K562,CNP,ENSG00000173786,CNP,literal_official,165
K562,CNPPD1,ENSG00000115649,CNPPD1,literal_official,352
K562,CNPY2,ENSG00000257727,CNPY2,literal_official,154
K562,CNPY3,ENSG00000137161,CNPY3,literal_official,312
K562,CNST,ENSG00000162852,CNST,literal_official,249
K562,CNTRL,ENSG00000119397,CNTRL,literal_official,346
K562,CNTROB,ENSG00000170037,CNTROB,literal_official,336
K562,COA1,ENSG00000106603,COA1,literal_official,63
K562,COA3,ENSG00000183978,COA3,literal_official,86
K562,COA4,ENSG00000181924,COA4,literal_official,176
K562,COA5,ENSG00000183513,COA5,literal_official,406
K562,COA6,ENSG00000168275,COA6,literal_official,57
K562,COA8,ENSG00000256053,COA8,literal_official,350
K562,COASY,ENSG00000068120,COASY,literal_official,457
K562,COBL,ENSG00000106078,COBL,literal_official,561
K562,COCH,ENSG00000100473,COCH,literal_official,225
K562,COG1,ENSG00000166685,COG1,literal_official,66
K562,COG2,ENSG00000135775,COG2,literal_official,285
K562,COG3,ENSG00000136152,COG3,literal_official,37
K562,COG4,ENSG00000103051,COG4,literal_official,202
K562,COG5,ENSG00000164597,COG5,literal_official,133
K562,COG6,ENSG00000133103,COG6,literal_official,300
K562,COG7,ENSG00000168434,COG7,literal_official,94
K562,COG8,ENSG00000213380,COG8,literal_official,70
K562,COIL,ENSG00000121058,COIL,literal_official,148
K562,COL18A1,ENSG00000182871,COL18A1,literal_official,275
K562,COL2A1,ENSG00000139219,COL2A1,literal_official,121
K562,COLEC11,ENSG00000118004,COLEC11,literal_official,400
K562,COLGALT1,ENSG00000130309,COLGALT1,literal_official,190
K562,COLGALT2,ENSG00000198756,COLGALT2,literal_official,269
K562,COMMD1,ENSG00000173163,COMMD1,literal_official,241
K562,COMMD10,ENSG00000145781,COMMD10,literal_official,205
K562,COMMD2,ENSG00000114744,COMMD2,literal_official,165
K562,COMMD3,ENSG00000148444,COMMD3,literal_official,350
K562,COMMD4,ENSG00000140365,COMMD4,literal_official,201
K562,COMMD5,ENSG00000170619,COMMD5,literal_official,319
K562,COMMD6,ENSG00000188243,COMMD6,literal_official,419
K562,COMMD7,ENSG00000149600,COMMD7,literal_official,259
K562,COMMD8,ENSG00000169019,COMMD8,literal_official,157
K562,COMMD9,ENSG00000110442,COMMD9,literal_official,219
K562,COMT,ENSG00000093010,COMT,literal_official,67
K562,COMTD1,ENSG00000165644,COMTD1,literal_official,197
K562,COP1,ENSG00000143207,COP1,literal_official,72
K562,COPA,ENSG00000122218,COPA,literal_official,167
K562,COPB1,ENSG00000129083,COPB1,literal_official,64
K562,COPB2,ENSG00000184432,COPB2,literal_official,114
K562,COPE,ENSG00000105669,COPE,literal_official,167
K562,COPG1,ENSG00000181789,COPG1,literal_official,612
K562,COPG2,ENSG00000158623,COPG2,literal_official,274
K562,COPRS,ENSG00000172301,COPRS,literal_official,285
K562,COPS2,ENSG00000166200,COPS2,literal_official,67
K562,COPS3,ENSG00000141030,COPS3,literal_official,97
K562,COPS4,ENSG00000138663,COPS4,literal_official,243
K562,COPS5,ENSG00000121022,COPS5,literal_official,142
K562,COPS6,ENSG00000168090,COPS6,literal_official,203
K562,COPS7A,ENSG00000111652,COPS7A,literal_official,148
K562,COPS7B,ENSG00000144524,COPS7B,literal_official,139
K562,COPS8,ENSG00000198612,COPS8,literal_official,366
K562,COPS9,ENSG00000172428,COPS9,literal_official,104
K562,COPZ1,ENSG00000111481,COPZ1,literal_official,304
K562,COQ10A,ENSG00000135469,COQ10A,literal_official,83
K562,COQ10B,ENSG00000115520,COQ10B,literal_official,160
K562,COQ2,ENSG00000173085,COQ2,literal_official,148
K562,COQ3,ENSG00000132423,COQ3,literal_official,22
K562,COQ4,ENSG00000167113,COQ4,literal_official,335
K562,COQ5,ENSG00000110871,COQ5,literal_official,351
K562,COQ6,ENSG00000119723,COQ6,literal_official,138
K562,COQ7,ENSG00000167186,COQ7,literal_official,164
K562,COQ8A,ENSG00000163050,COQ8A,literal_official,687
K562,COQ8B,ENSG00000123815,COQ8B,literal_official,241
K562,COQ9,ENSG00000088682,COQ9,literal_official,301
K562,CORO1A,ENSG00000102879,CORO1A,literal_official,110
K562,CORO1B,ENSG00000172725,CORO1B,literal_official,462
K562,CORO1C,ENSG00000110880,CORO1C,literal_official,164
K562,CORO2A,ENSG00000106789,CORO2A,literal_official,187
K562,CORO7,ENSG00000262246,CORO7,literal_official,345
K562,COTL1,ENSG00000103187,COTL1,literal_official,131
K562,COX10,ENSG00000006695,COX10,literal_official,176
K562,COX11,ENSG00000166260,COX11,literal_official,150
K562,COX14,ENSG00000178449,COX14,literal_official,76
K562,COX15,ENSG00000014919,COX15,literal_official,162
K562,COX16,ENSG00000133983,COX16,literal_official,56
K562,COX17,ENSG00000138495,COX17,literal_official,288
K562,COX18,ENSG00000163626,COX18,literal_official,187
K562,COX19,ENSG00000240230,COX19,literal_official,17
K562,COX20,ENSG00000203667,COX20,literal_official,382
K562,COX4I1,ENSG00000131143,COX4I1,literal_official,145
K562,COX5A,ENSG00000178741,COX5A,unique_hgnc_bridge,124
K562,COX5B,ENSG00000135940,COX5B,literal_official,249
K562,COX6A1,ENSG00000111775,COX6A1,literal_official,187
K562,COX6B1,ENSG00000126267,COX6B1,literal_official,308
K562,COX6C,ENSG00000164919,COX6C,literal_official,174
K562,COX7A2,ENSG00000112695,COX7A2,literal_official,151
K562,COX7A2L,ENSG00000115944,COX7A2L,literal_official,227
K562,COX7B,ENSG00000131174,COX7B,literal_official,168
K562,COX7C,ENSG00000127184,COX7C,literal_official,225
K562,COX8A,ENSG00000176340,COX8A,literal_official,239
K562,CPAMD8,ENSG00000160111,CPAMD8,literal_official,474
K562,CPD,ENSG00000108582,CPD,literal_official,91
K562,CPEB1,ENSG00000214575,CPEB1,literal_official,183
K562,CPEB4,ENSG00000113742,CPEB4,literal_official,196
K562,CPED1,ENSG00000106034,CPED1,literal_official,119
K562,CPNE1,ENSG00000214078,CPNE1,literal_official,123
K562,CPNE2,ENSG00000140848,CPNE2,literal_official,303
K562,CPNE3,ENSG00000085719,CPNE3,literal_official,219
K562,CPNE7,ENSG00000178773,CPNE7,literal_official,237
K562,CPNE8,ENSG00000139117,CPNE8,literal_official,141
K562,CPOX,ENSG00000080819,CPOX,literal_official,218
K562,CPPED1,ENSG00000103381,CPPED1,literal_official,119
K562,CPQ,ENSG00000104324,CPQ,literal_official,252
K562,CPSF1,ENSG00000071894,CPSF1,literal_official,49
K562,CPSF2,ENSG00000165934,CPSF2,literal_official,28
K562,CPSF3,ENSG00000119203,CPSF3,literal_official,451
K562,CPSF4,ENSG00000160917,CPSF4,literal_official,78
K562,CPSF6,ENSG00000111605,CPSF6,literal_official,89
K562,CPSF7,ENSG00000149532,CPSF7,literal_official,211
K562,CPT1A,ENSG00000110090,CPT1A,literal_official,192
K562,CPT1C,ENSG00000169169,CPT1C,literal_official,235
K562,CPT2,ENSG00000157184,CPT2,literal_official,96
K562,CPVL,ENSG00000106066,CPVL,literal_official,137
K562,CPXCR1,ENSG00000147183,CPXCR1,literal_official,189
K562,CPXM1,ENSG00000088882,CPXM1,literal_official,88
K562,CR1L,ENSG00000197721,CR1L,literal_official,105
K562,CRADD,ENSG00000169372,CRADD,literal_official,102
K562,CRAT,ENSG00000095321,CRAT,literal_official,182
K562,CRBN,ENSG00000113851,CRBN,literal_official,178
K562,CRCP,ENSG00000241258,CRCP,literal_official,319
K562,CREB1,ENSG00000118260,CREB1,literal_official,198
K562,CREB3,ENSG00000107175,CREB3,literal_official,125
K562,CREB3L1,ENSG00000157613,CREB3L1,literal_official,145
K562,CREB3L2,ENSG00000182158,CREB3L2,literal_official,203
K562,CREB3L3,ENSG00000060566,CREB3L3,literal_official,43
K562,CREB3L4,ENSG00000143578,CREB3L4,literal_official,218
K562,CREB5,ENSG00000146592,CREB5,literal_official,365
K562,CREBBP,ENSG00000005339,CREBBP,literal_official,147
K562,CREBL2,ENSG00000111269,CREBL2,literal_official,322
K562,CREBZF,ENSG00000137504,CREBZF,literal_official,275
K562,CREG1,ENSG00000143162,CREG1,literal_official,277
K562,CRELD1,ENSG00000163703,CRELD1,literal_official,258
K562,CRELD2,ENSG00000184164,CRELD2,literal_official,142
K562,CREM,ENSG00000095794,CREM,literal_official,100
K562,CRIM1,ENSG00000150938,CRIM1,literal_official,27
K562,CRIPT,ENSG00000119878,CRIPT,literal_official,168
K562,CRK,ENSG00000167193,CRK,literal_official,442
K562,CRKL,ENSG00000099942,CRKL,literal_official,276
K562,CRLF3,ENSG00000176390,CRLF3,literal_official,89
K562,CRLS1,ENSG00000088766,CRLS1,literal_official,210
K562,CRNKL1,ENSG00000101343,CRNKL1,literal_official,194
K562,CRTAP,ENSG00000170275,CRTAP,literal_official,100
K562,CRTC2,ENSG00000160741,CRTC2,literal_official,250
K562,CRTC3,ENSG00000140577,CRTC3,literal_official,188
K562,CRX,ENSG00000105392,CRX,literal_official,255
K562,CRY1,ENSG00000008405,CRY1,literal_official,330
K562,CRY2,ENSG00000121671,CRY2,literal_official,305
K562,CRYAB,ENSG00000109846,CRYAB,literal_official,336
K562,CRYBG1,ENSG00000112297,CRYBG1,literal_official,208
K562,CRYM,ENSG00000103316,CRYM,literal_official,73
K562,CRYZ,ENSG00000116791,CRYZ,literal_official,153
K562,CRYZL1,ENSG00000205758,CRYZL1,literal_official,161
K562,CS,ENSG00000062485,CS,literal_official,495
K562,CSAD,ENSG00000139631,CSAD,literal_official,128
K562,CSAG1,ENSG00000198930,CSAG1,literal_official,106
K562,CSDE1,ENSG00000009307,CSDE1,literal_official,124
K562,CSE1L,ENSG00000124207,CSE1L,literal_official,139
K562,CSH2,ENSG00000213218,CSH2,literal_official,452
K562,CSK,ENSG00000103653,CSK,literal_official,150
K562,CSKMT,ENSG00000214756,CSKMT,literal_official,257
K562,CSMD1,ENSG00000183117,CSMD1,literal_official,207
K562,CSNK1A1,ENSG00000113712,CSNK1A1,literal_official,256
K562,CSNK1D,ENSG00000141551,CSNK1D,literal_official,324
K562,CSNK1E,ENSG00000213923,CSNK1E,literal_official,231
K562,CSNK1G1,ENSG00000169118,CSNK1G1,literal_official,252
K562,CSNK1G2,ENSG00000133275,CSNK1G2,literal_official,270
K562,CSNK1G3,ENSG00000151292,CSNK1G3,literal_official,265
K562,CSNK2A1,ENSG00000101266,CSNK2A1,literal_official,153
K562,CSNK2A2,ENSG00000070770,CSNK2A2,literal_official,257
K562,CSNK2B,ENSG00000204435,CSNK2B,literal_official,215
K562,CSPP1,ENSG00000104218,CSPP1,literal_official,180
K562,CSRNP1,ENSG00000144655,CSRNP1,literal_official,216
K562,CSRNP2,ENSG00000110925,CSRNP2,literal_official,185
K562,CSRNP3,ENSG00000178662,CSRNP3,literal_official,139
K562,CSRP1,ENSG00000159176,CSRP1,literal_official,122
K562,CST3,ENSG00000101439,CST3,literal_official,195
K562,CSTB,ENSG00000160213,CSTB,literal_official,258
K562,CSTF1,ENSG00000101138,CSTF1,literal_official,93
K562,CSTF2,ENSG00000101811,CSTF2,literal_official,167
K562,CSTF2T,ENSG00000177613,CSTF2T,literal_official,160
K562,CSTF3,ENSG00000176102,CSTF3,literal_official,109
K562,CT45A5,ENSG00000228836,CT45A5,unique_hgnc_bridge,350
K562,CTAG2,ENSG00000126890,CTAG2,literal_official,271
K562,CTBP1,ENSG00000159692,CTBP1,unique_hgnc_bridge,218
K562,CTBP2,ENSG00000175029,CTBP2,literal_official,260
K562,CTBS,ENSG00000117151,CTBS,literal_official,158
K562,CTCF,ENSG00000102974,CTCF,literal_official,109
K562,CTCFL,ENSG00000124092,CTCFL,literal_official,367
K562,CTDNEP1,ENSG00000175826,CTDNEP1,literal_official,115
K562,CTDP1,ENSG00000060069,CTDP1,literal_official,117
K562,CTDSP1,ENSG00000144579,CTDSP1,literal_official,115
K562,CTDSP2,ENSG00000175215,CTDSP2,literal_official,100
K562,CTDSPL,ENSG00000144677,CTDSPL,literal_official,277
K562,CTDSPL2,ENSG00000137770,CTDSPL2,literal_official,210
K562,CTH,ENSG00000116761,CTH,literal_official,52
K562,CTNNA1,ENSG00000044115,CTNNA1,literal_official,42
K562,CTNNAL1,ENSG00000119326,CTNNAL1,literal_official,201
K562,CTNNB1,ENSG00000168036,CTNNB1,literal_official,39
K562,CTNNBIP1,ENSG00000178585,CTNNBIP1,literal_official,290
K562,CTNNBL1,ENSG00000132792,CTNNBL1,literal_official,79
K562,CTNND1,ENSG00000198561,CTNND1,literal_official,97
K562,CTPS1,ENSG00000171793,CTPS1,literal_official,17
K562,CTPS2,ENSG00000047230,CTPS2,literal_official,206
K562,CTR9,ENSG00000198730,CTR9,literal_official,95
K562,CTSA,ENSG00000064601,CTSA,literal_official,264
K562,CTSB,ENSG00000164733,CTSB,literal_official,215
K562,CTSC,ENSG00000109861,CTSC,literal_official,306
K562,CTSD,ENSG00000117984,CTSD,literal_official,187
K562,CTSF,ENSG00000174080,CTSF,literal_official,141
K562,CTSH,ENSG00000103811,CTSH,literal_official,155
K562,CTSL,ENSG00000135047,CTSL,literal_official,258
K562,CTSS,ENSG00000163131,CTSS,literal_official,54
K562,CTSV,ENSG00000136943,CTSV,literal_official,231
K562,CTSZ,ENSG00000101160,CTSZ,literal_official,104
K562,CTTN,ENSG00000085733,CTTN,literal_official,146
K562,CTU1,ENSG00000142544,CTU1,literal_official,177
K562,CTU2,ENSG00000174177,CTU2,literal_official,295
K562,CTXN1,ENSG00000178531,CTXN1,literal_official,84
K562,CUEDC2,ENSG00000107874,CUEDC2,literal_official,136
K562,CUL1,ENSG00000055130,CUL1,literal_official,456
K562,CUL2,ENSG00000108094,CUL2,literal_official,95
K562,CUL3,ENSG00000036257,CUL3,literal_official,268
K562,CUL4A,ENSG00000139842,CUL4A,literal_official,162
K562,CUL4B,ENSG00000158290,CUL4B,literal_official,170
K562,CUL5,ENSG00000166266,CUL5,literal_official,191
K562,CUL7,ENSG00000044090,CUL7,literal_official,51
K562,CUTA,ENSG00000112514,CUTA,literal_official,204
K562,CUTC,ENSG00000119929,CUTC,literal_official,80
K562,CUX1,ENSG00000257923,CUX1,literal_official,277
K562,CUX2,ENSG00000111249,CUX2,literal_official,304
K562,CWC15,ENSG00000150316,CWC15,literal_official,58
K562,CWC22,ENSG00000163510,CWC22,literal_official,26
K562,CWC25,ENSG00000273559,CWC25,literal_official,316
K562,CWC27,ENSG00000153015,CWC27,literal_official,200
K562,CWF19L1,ENSG00000095485,CWF19L1,literal_official,165
K562,CWF19L2,ENSG00000152404,CWF19L2,literal_official,125
K562,CXCL2,ENSG00000081041,CXCL2,literal_official,161
K562,CXCL3,ENSG00000163734,CXCL3,literal_official,245
K562,CXXC1,ENSG00000154832,CXXC1,literal_official,184
K562,CXXC4,ENSG00000168772,CXXC4,literal_official,228
K562,CXXC5,ENSG00000171604,CXXC5,literal_official,313
K562,CXorf38,ENSG00000185753,CXorf38,literal_official,83
K562,CXorf40A,ENSG00000197620,CXorf40A,literal_official,97
K562,CXorf40B,ENSG00000197021,CXorf40B,literal_official,290
K562,CXorf56,ENSG00000018610,CXorf56,literal_official,167
K562,CYB561,ENSG00000008283,CYB561,literal_official,182
K562,CYB561A3,ENSG00000162144,CYB561A3,literal_official,247
K562,CYB561D2,ENSG00000114395,CYB561D2,literal_official,165
K562,CYB5A,ENSG00000166347,CYB5A,literal_official,259
K562,CYB5B,ENSG00000103018,CYB5B,literal_official,56
K562,CYB5D2,ENSG00000167740,CYB5D2,literal_official,216
K562,CYB5R1,ENSG00000159348,CYB5R1,literal_official,200
K562,CYB5R2,ENSG00000166394,CYB5R2,literal_official,124
K562,CYB5R3,ENSG00000100243,CYB5R3,literal_official,211
K562,CYB5R4,ENSG00000065615,CYB5R4,literal_official,253
K562,CYB5RL,ENSG00000215883,CYB5RL,literal_official,111
K562,CYBA,ENSG00000051523,CYBA,literal_official,144
K562,CYBC1,ENSG00000178927,CYBC1,literal_official,201
K562,CYBRD1,ENSG00000071967,CYBRD1,literal_official,140
K562,CYC1,ENSG00000179091,CYC1,literal_official,267
K562,CYCS,ENSG00000172115,CYCS,literal_official,220
K562,CYFIP1,ENSG00000273749,CYFIP1,literal_official,229
K562,CYHR1,ENSG00000187954,CYHR1,literal_official,165
K562,CYP20A1,ENSG00000119004,CYP20A1,literal_official,197
K562,CYP2A13,ENSG00000197838,CYP2A13,literal_official,310
K562,CYP2R1,ENSG00000186104,CYP2R1,literal_official,209
K562,CYP3A5,ENSG00000106258,CYP3A5,literal_official,108
K562,CYP4F11,ENSG00000171903,CYP4F11,literal_official,279
K562,CYP51A1,ENSG00000001630,CYP51A1,literal_official,157
K562,CYREN,ENSG00000122783,CYREN,literal_official,196
K562,CYS1,ENSG00000205795,CYS1,literal_official,368
K562,CYSTM1,ENSG00000120306,CYSTM1,literal_official,214
K562,CYTH1,ENSG00000108669,CYTH1,literal_official,193
K562,CYTH2,ENSG00000105443,CYTH2,literal_official,203
K562,CYTH3,ENSG00000008256,CYTH3,literal_official,217
K562,CZIB,ENSG00000162384,CZIB,literal_official,224
K562,D2HGDH,ENSG00000180902,D2HGDH,literal_official,243
K562,DAAM1,ENSG00000100592,DAAM1,literal_official,234
K562,DAB2,ENSG00000153071,DAB2,literal_official,95
K562,DACH1,ENSG00000276644,DACH1,literal_official,118
K562,DACH2,ENSG00000126733,DACH2,literal_official,30
K562,DAD1,ENSG00000129562,DAD1,literal_official,158
K562,DAG1,ENSG00000173402,DAG1,literal_official,113
K562,DAGLB,ENSG00000164535,DAGLB,literal_official,44
K562,DALRD3,ENSG00000178149,DALRD3,literal_official,377
K562,DAP,ENSG00000112977,DAP,literal_official,240
K562,DAP3,ENSG00000132676,DAP3,literal_official,224
K562,DAPK1,ENSG00000196730,DAPK1,literal_official,209
K562,DAPK3,ENSG00000167657,DAPK3,literal_official,131
K562,DARS,ENSG00000115866,DARS,literal_official,67
K562,DARS2,ENSG00000117593,DARS2,literal_official,58
K562,DAXX,ENSG00000204209,DAXX,literal_official,295
K562,DAZAP1,ENSG00000071626,DAZAP1,literal_official,196
K562,DAZAP2,ENSG00000183283,DAZAP2,literal_official,100
K562,DBF4,ENSG00000006634,DBF4,literal_official,238
K562,DBF4B,ENSG00000161692,DBF4B,literal_official,158
K562,DBI,ENSG00000155368,DBI,literal_official,300
K562,DBN1,ENSG00000113758,DBN1,literal_official,187
K562,DBNDD2,ENSG00000244274,DBNDD2,literal_official,422
K562,DBNL,ENSG00000136279,DBNL,literal_official,160
K562,DBP,ENSG00000105516,DBP,literal_official,79
K562,DBR1,ENSG00000138231,DBR1,literal_official,143
K562,DBT,ENSG00000137992,DBT,literal_official,197
K562,DBX1,ENSG00000109851,DBX1,literal_official,161
K562,DBX2,ENSG00000185610,DBX2,literal_official,276
K562,DCAF1,ENSG00000145041,DCAF1,literal_official,181
K562,DCAF10,ENSG00000122741,DCAF10,literal_official,61
K562,DCAF11,ENSG00000100897,DCAF11,literal_official,261
K562,DCAF12,ENSG00000198876,DCAF12,literal_official,242
K562,DCAF13,ENSG00000164934,DCAF13,literal_official,54
K562,DCAF15,ENSG00000132017,DCAF15,literal_official,320
K562,DCAF16,ENSG00000163257,DCAF16,literal_official,84
K562,DCAF17,ENSG00000115827,DCAF17,literal_official,277
K562,DCAF4,ENSG00000119599,DCAF4,literal_official,154
K562,DCAF4L2,ENSG00000176566,DCAF4L2,literal_official,123
K562,DCAF5,ENSG00000139990,DCAF5,literal_official,336
K562,DCAF6,ENSG00000143164,DCAF6,literal_official,420
K562,DCAF7,ENSG00000136485,DCAF7,literal_official,162
K562,DCAF8,ENSG00000132716,DCAF8,literal_official,157
K562,DCAKD,ENSG00000172992,DCAKD,literal_official,436
K562,DCBLD2,ENSG00000057019,DCBLD2,literal_official,99
K562,DCK,ENSG00000156136,DCK,literal_official,176
K562,DCLRE1A,ENSG00000198924,DCLRE1A,literal_official,153
K562,DCLRE1B,ENSG00000118655,DCLRE1B,literal_official,345
K562,DCLRE1C,ENSG00000152457,DCLRE1C,literal_official,97
K562,DCP1A,ENSG00000272886,DCP1A,literal_official,135
K562,DCP2,ENSG00000172795,DCP2,literal_official,241
K562,DCPS,ENSG00000110063,DCPS,literal_official,139
K562,DCTD,ENSG00000129187,DCTD,literal_official,185
K562,DCTN1,ENSG00000204843,DCTN1,literal_official,313
K562,DCTN2,ENSG00000175203,DCTN2,literal_official,111
K562,DCTN3,ENSG00000137100,DCTN3,literal_official,206
K562,DCTN4,ENSG00000132912,DCTN4,literal_official,90
K562,DCTN5,ENSG00000166847,DCTN5,literal_official,152
K562,DCTN6,ENSG00000104671,DCTN6,literal_official,121
K562,DCTPP1,ENSG00000179958,DCTPP1,literal_official,342
K562,DCUN1D1,ENSG00000043093,DCUN1D1,literal_official,225
K562,DCUN1D2,ENSG00000150401,DCUN1D2,literal_official,71
K562,DCUN1D4,ENSG00000109184,DCUN1D4,literal_official,244
K562,DCUN1D5,ENSG00000137692,DCUN1D5,literal_official,144
K562,DCXR,ENSG00000169738,DCXR,literal_official,44
K562,DDA1,ENSG00000130311,DDA1,literal_official,402
K562,DDAH2,ENSG00000213722,DDAH2,literal_official,66
K562,DDB1,ENSG00000167986,DDB1,literal_official,214
K562,DDB2,ENSG00000134574,DDB2,literal_official,69
K562,DDHD1,ENSG00000100523,DDHD1,literal_official,126
K562,DDHD2,ENSG00000085788,DDHD2,literal_official,166
K562,DDI2,ENSG00000197312,DDI2,literal_official,87
K562,DDIT3,ENSG00000175197,DDIT3,literal_official,264
K562,DDIT4,ENSG00000168209,DDIT4,literal_official,172
K562,DDN,ENSG00000181418,DDN,literal_official,583
K562,DDOST,ENSG00000244038,DDOST,literal_official,174
K562,DDR1,ENSG00000204580,DDR1,literal_official,359
K562,DDRGK1,ENSG00000198171,DDRGK1,literal_official,136
K562,DDT,ENSG00000099977,DDT,literal_official,324
K562,DDX1,ENSG00000079785,DDX1,literal_official,306
K562,DDX10,ENSG00000178105,DDX10,literal_official,126
K562,DDX11,ENSG00000013573,DDX11,literal_official,230
K562,DDX17,ENSG00000100201,DDX17,literal_official,254
K562,DDX18,ENSG00000088205,DDX18,literal_official,69
K562,DDX19A,ENSG00000168872,DDX19A,literal_official,213
K562,DDX19B,ENSG00000157349,DDX19B,literal_official,722
K562,DDX20,ENSG00000064703,DDX20,literal_official,108
K562,DDX21,ENSG00000165732,DDX21,literal_official,136
K562,DDX23,ENSG00000174243,DDX23,literal_official,86
K562,DDX24,ENSG00000089737,DDX24,literal_official,108
K562,DDX27,ENSG00000124228,DDX27,literal_official,48
K562,DDX28,ENSG00000182810,DDX28,literal_official,297
K562,DDX31,ENSG00000125485,DDX31,literal_official,113
K562,DDX39A,ENSG00000123136,DDX39A,literal_official,59
K562,DDX39B,ENSG00000198563,DDX39B,literal_official,78
K562,DDX3X,ENSG00000215301,DDX3X,literal_official,107
K562,DDX41,ENSG00000183258,DDX41,literal_official,121
K562,DDX42,ENSG00000198231,DDX42,literal_official,99
K562,DDX46,ENSG00000145833,DDX46,literal_official,287
K562,DDX47,ENSG00000213782,DDX47,unique_hgnc_bridge,145
K562,DDX49,ENSG00000105671,DDX49,literal_official,111
K562,DDX5,ENSG00000108654,DDX5,literal_official,310
K562,DDX50,ENSG00000107625,DDX50,literal_official,259
K562,DDX51,ENSG00000185163,DDX51,literal_official,150
K562,DDX52,ENSG00000278053,DDX52,literal_official,144
K562,DDX54,ENSG00000123064,DDX54,literal_official,181
K562,DDX55,ENSG00000111364,DDX55,literal_official,201
K562,DDX56,ENSG00000136271,DDX56,literal_official,83
K562,DDX59,ENSG00000118197,DDX59,literal_official,258
K562,DDX6,ENSG00000110367,DDX6,literal_official,112
K562,DEAF1,ENSG00000177030,DEAF1,literal_official,100
K562,DECR1,ENSG00000104325,DECR1,literal_official,207
K562,DECR2,ENSG00000242612,DECR2,literal_official,70
K562,DEDD,ENSG00000158796,DEDD,literal_official,299
K562,DEDD2,ENSG00000160570,DEDD2,literal_official,168
K562,DEF6,ENSG00000023892,DEF6,literal_official,161
K562,DEF8,ENSG00000140995,DEF8,literal_official,127
K562,DEGS1,ENSG00000143753,DEGS1,literal_official,121
K562,DEK,ENSG00000124795,DEK,literal_official,140
K562,DELE1,ENSG00000081791,DELE1,literal_official,79
K562,DENND10,ENSG00000119979,DENND10,literal_official,238
K562,DENND1A,ENSG00000119522,DENND1A,literal_official,83
K562,DENND1B,ENSG00000213047,DENND1B,literal_official,115
K562,DENND2D,ENSG00000162777,DENND2D,literal_official,431
K562,DENND4A,ENSG00000174485,DENND4A,literal_official,89
K562,DENND4B,ENSG00000198837,DENND4B,literal_official,457
K562,DENND4C,ENSG00000137145,DENND4C,literal_official,281
K562,DENND5A,ENSG00000184014,DENND5A,literal_official,124
K562,DENR,ENSG00000139726,DENR,literal_official,400
K562,DEPDC1,ENSG00000024526,DEPDC1,literal_official,195
K562,DEPDC1B,ENSG00000035499,DEPDC1B,literal_official,80
K562,DEPDC5,ENSG00000100150,DEPDC5,literal_official,209
K562,DEPDC7,ENSG00000121690,DEPDC7,literal_official,173
K562,DERA,ENSG00000023697,DERA,literal_official,32
K562,DERL1,ENSG00000136986,DERL1,literal_official,221
K562,DERL2,ENSG00000072849,DERL2,literal_official,82
K562,DERL3,ENSG00000099958,DERL3,literal_official,133
K562,DES,ENSG00000175084,DES,literal_official,499
K562,DESI1,ENSG00000100418,DESI1,literal_official,482
K562,DESI2,ENSG00000121644,DESI2,literal_official,239
K562,DEXI,ENSG00000182108,DEXI,literal_official,139
K562,DFFA,ENSG00000160049,DFFA,literal_official,70
K562,DFFB,ENSG00000169598,DFFB,literal_official,270
K562,DGAT1,ENSG00000185000,DGAT1,literal_official,48
K562,DGCR2,ENSG00000070413,DGCR2,literal_official,49
K562,DGCR6L,ENSG00000128185,DGCR6L,literal_official,182
K562,DGCR8,ENSG00000128191,DGCR8,literal_official,130
K562,DGKD,ENSG00000077044,DGKD,literal_official,140
K562,DGKE,ENSG00000153933,DGKE,literal_official,190
K562,DGKH,ENSG00000102780,DGKH,literal_official,442
K562,DGKQ,ENSG00000145214,DGKQ,literal_official,416
K562,DGKZ,ENSG00000149091,DGKZ,literal_official,171
K562,DGLUCY,ENSG00000133943,DGLUCY,literal_official,193
K562,DGUOK,ENSG00000114956,DGUOK,literal_official,130
K562,DHCR24,ENSG00000116133,DHCR24,literal_official,148
K562,DHCR7,ENSG00000172893,DHCR7,literal_official,147
K562,DHDDS,ENSG00000117682,DHDDS,literal_official,93
K562,DHFR,ENSG00000228716,DHFR,literal_official,315
K562,DHODH,ENSG00000102967,DHODH,literal_official,401
K562,DHPS,ENSG00000095059,DHPS,literal_official,111
K562,DHRS1,ENSG00000157379,DHRS1,literal_official,126
K562,DHRS11,ENSG00000278535,DHRS11,literal_official,188
K562,DHRS12,ENSG00000102796,DHRS12,literal_official,125
K562,DHRS13,ENSG00000167536,DHRS13,literal_official,186
K562,DHRS2,ENSG00000100867,DHRS2,literal_official,96
K562,DHRS3,ENSG00000162496,DHRS3,literal_official,220
K562,DHRS4,ENSG00000157326,DHRS4,literal_official,103
K562,DHRS4L2,ENSG00000187630,DHRS4L2,literal_official,111
K562,DHRS7,ENSG00000100612,DHRS7,literal_official,121
K562,DHRS7B,ENSG00000109016,DHRS7B,literal_official,99
K562,DHRSX,ENSG00000169084,DHRSX,literal_official,215
K562,DHTKD1,ENSG00000181192,DHTKD1,literal_official,95
K562,DHX15,ENSG00000109606,DHX15,literal_official,101
K562,DHX16,ENSG00000204560,DHX16,literal_official,215
K562,DHX29,ENSG00000067248,DHX29,literal_official,49
K562,DHX30,ENSG00000132153,DHX30,literal_official,307
K562,DHX32,ENSG00000089876,DHX32,literal_official,220
K562,DHX33,ENSG00000005100,DHX33,literal_official,266
K562,DHX34,ENSG00000134815,DHX34,literal_official,293
K562,DHX35,ENSG00000101452,DHX35,literal_official,71
K562,DHX36,ENSG00000174953,DHX36,literal_official,435
K562,DHX37,ENSG00000150990,DHX37,literal_official,188
K562,DHX38,ENSG00000140829,DHX38,literal_official,48
K562,DHX40,ENSG00000108406,DHX40,literal_official,259
K562,DHX57,ENSG00000163214,DHX57,literal_official,130
K562,DHX8,ENSG00000067596,DHX8,literal_official,145
K562,DHX9,ENSG00000135829,DHX9,literal_official,192
K562,DIABLO,ENSG00000184047,DIABLO,unique_hgnc_bridge,147
K562,DIAPH1,ENSG00000131504,DIAPH1,literal_official,178
K562,DIAPH3,ENSG00000139734,DIAPH3,literal_official,280
K562,DICER1,ENSG00000100697,DICER1,literal_official,342
K562,DIDO1,ENSG00000101191,DIDO1,literal_official,389
K562,DIMT1,ENSG00000086189,DIMT1,literal_official,136
K562,DIP2A,ENSG00000160305,DIP2A,literal_official,193
K562,DIP2B,ENSG00000066084,DIP2B,literal_official,203
K562,DIPK1B,ENSG00000165716,DIPK1B,literal_official,366
K562,DIPK2A,ENSG00000181744,DIPK2A,literal_official,201
K562,DIRAS1,ENSG00000176490,DIRAS1,literal_official,215
K562,DIRAS3,ENSG00000162595,DIRAS3,literal_official,280
K562,DIS3,ENSG00000083520,DIS3,literal_official,46
K562,DIS3L,ENSG00000166938,DIS3L,literal_official,259
K562,DIS3L2,ENSG00000144535,DIS3L2,literal_official,306
K562,DIXDC1,ENSG00000150764,DIXDC1,literal_official,171
K562,DKC1,ENSG00000130826,DKC1,literal_official,94
K562,DLAT,ENSG00000150768,DLAT,literal_official,18
K562,DLC1,ENSG00000164741,DLC1,literal_official,168
K562,DLD,ENSG00000091140,DLD,literal_official,162
K562,DLG1,ENSG00000075711,DLG1,literal_official,204
K562,DLG5,ENSG00000151208,DLG5,literal_official,219
K562,DLGAP4,ENSG00000080845,DLGAP4,literal_official,138
K562,DLGAP5,ENSG00000126787,DLGAP5,literal_official,185
K562,DLL3,ENSG00000090932,DLL3,literal_official,169
K562,DLST,ENSG00000119689,DLST,literal_official,49
K562,DLX1,ENSG00000144355,DLX1,literal_official,237
K562,DLX2,ENSG00000115844,DLX2,literal_official,311
K562,DLX3,ENSG00000064195,DLX3,literal_official,138
K562,DLX4,ENSG00000108813,DLX4,literal_official,179
K562,DLX5,ENSG00000105880,DLX5,literal_official,211
K562,DLX6,ENSG00000006377,DLX6,literal_official,166
K562,DMAC1,ENSG00000137038,DMAC1,literal_official,19
K562,DMAC2,ENSG00000105341,DMAC2,literal_official,221
K562,DMAC2L,ENSG00000125375,DMAC2L,literal_official,164
K562,DMAP1,ENSG00000178028,DMAP1,literal_official,117
K562,DMBX1,ENSG00000197587,DMBX1,literal_official,207
K562,DMC1,ENSG00000100206,DMC1,literal_official,70
K562,DMD,ENSG00000198947,DMD,literal_official,131
K562,DMPK,ENSG00000104936,DMPK,literal_official,163
K562,DMRT1,ENSG00000137090,DMRT1,literal_official,55
K562,DMRT2,ENSG00000173253,DMRT2,literal_official,155
K562,DMRT3,ENSG00000064218,DMRT3,literal_official,86
K562,DMRTA1,ENSG00000176399,DMRTA1,literal_official,204
K562,DMRTA2,ENSG00000142700,DMRTA2,literal_official,212
K562,DMRTB1,ENSG00000143006,DMRTB1,literal_official,200
K562,DMRTC2,ENSG00000142025,DMRTC2,literal_official,49
K562,DMTF1,ENSG00000135164,DMTF1,literal_official,40
K562,DMTN,ENSG00000158856,DMTN,literal_official,365
K562,DMWD,ENSG00000185800,DMWD,literal_official,346
K562,DMXL1,ENSG00000172869,DMXL1,literal_official,125
K562,DMXL2,ENSG00000104093,DMXL2,literal_official,229
K562,DNA2,ENSG00000138346,DNA2,literal_official,16
K562,DNAAF2,ENSG00000165506,DNAAF2,literal_official,292
K562,DNAAF3,ENSG00000167646,DNAAF3,literal_official,370
K562,DNAH14,ENSG00000185842,DNAH14,literal_official,268
K562,DNAJA1,ENSG00000086061,DNAJA1,literal_official,523
K562,DNAJA2,ENSG00000069345,DNAJA2,literal_official,26
K562,DNAJA3,ENSG00000103423,DNAJA3,literal_official,159
K562,DNAJB1,ENSG00000132002,DNAJB1,literal_official,214
K562,DNAJB11,ENSG00000090520,DNAJB11,literal_official,399
K562,DNAJB12,ENSG00000148719,DNAJB12,literal_official,230
K562,DNAJB14,ENSG00000164031,DNAJB14,literal_official,209
K562,DNAJB4,ENSG00000162616,DNAJB4,literal_official,40
K562,DNAJB6,ENSG00000105993,DNAJB6,literal_official,227
K562,DNAJB9,ENSG00000128590,DNAJB9,literal_official,289
K562,DNAJC1,ENSG00000136770,DNAJC1,literal_official,109
K562,DNAJC10,ENSG00000077232,DNAJC10,literal_official,240
K562,DNAJC11,ENSG00000007923,DNAJC11,literal_official,171
K562,DNAJC12,ENSG00000108176,DNAJC12,literal_official,79
K562,DNAJC13,ENSG00000138246,DNAJC13,literal_official,115
K562,DNAJC14,ENSG00000135392,DNAJC14,literal_official,121
K562,DNAJC16,ENSG00000116138,DNAJC16,literal_official,156
K562,DNAJC17,ENSG00000104129,DNAJC17,unique_hgnc_bridge,13
K562,DNAJC19,ENSG00000205981,DNAJC19,literal_official,216
K562,DNAJC2,ENSG00000105821,DNAJC2,literal_official,49
K562,DNAJC21,ENSG00000168724,DNAJC21,literal_official,117
K562,DNAJC24,ENSG00000170946,DNAJC24,literal_official,100
K562,DNAJC25,ENSG00000059769,DNAJC25,literal_official,177
K562,DNAJC3,ENSG00000102580,DNAJC3,literal_official,933
K562,DNAJC30,ENSG00000176410,DNAJC30,literal_official,256
K562,DNAJC4,ENSG00000110011,DNAJC4,literal_official,53
K562,DNAJC5,ENSG00000101152,DNAJC5,literal_official,197
K562,DNAJC6,ENSG00000116675,DNAJC6,literal_official,236
K562,DNAJC7,ENSG00000168259,DNAJC7,literal_official,174
K562,DNAJC8,ENSG00000126698,DNAJC8,literal_official,488
K562,DNAJC9,ENSG00000213551,DNAJC9,literal_official,212
K562,DNAL1,ENSG00000119661,DNAL1,literal_official,250
K562,DNASE1L1,ENSG00000013563,DNASE1L1,literal_official,205
K562,DNASE2,ENSG00000105612,DNASE2,literal_official,70
K562,DNLZ,ENSG00000213221,DNLZ,literal_official,316
K562,DNM1,ENSG00000106976,DNM1,literal_official,247
K562,DNM1L,ENSG00000087470,DNM1L,literal_official,224
K562,DNM2,ENSG00000079805,DNM2,literal_official,23
K562,DNMT1,ENSG00000130816,DNMT1,literal_official,509
K562,DNMT3A,ENSG00000119772,DNMT3A,literal_official,102
K562,DNMT3B,ENSG00000088305,DNMT3B,literal_official,380
K562,DNPEP,ENSG00000123992,DNPEP,literal_official,135
K562,DNPH1,ENSG00000112667,DNPH1,literal_official,129
K562,DNTTIP1,ENSG00000101457,DNTTIP1,literal_official,267
K562,DNTTIP2,ENSG00000067334,DNTTIP2,literal_official,110
K562,DOCK11,ENSG00000147251,DOCK11,literal_official,64
K562,DOCK2,ENSG00000134516,DOCK2,literal_official,250
K562,DOCK6,ENSG00000130158,DOCK6,literal_official,244
K562,DOCK7,ENSG00000116641,DOCK7,literal_official,115
K562,DOCK8,ENSG00000107099,DOCK8,literal_official,157
K562,DOCK9,ENSG00000088387,DOCK9,literal_official,138
K562,DOHH,ENSG00000129932,DOHH,literal_official,305
K562,DOK1,ENSG00000115325,DOK1,literal_official,369
K562,DOK2,ENSG00000147443,DOK2,literal_official,144
K562,DOK3,ENSG00000146094,DOK3,literal_official,128
K562,DOK4,ENSG00000125170,DOK4,literal_official,390
K562,DOLK,ENSG00000175283,DOLK,literal_official,319
K562,DOLPP1,ENSG00000167130,DOLPP1,literal_official,222
K562,DONSON,ENSG00000159147,DONSON,literal_official,367
K562,DOT1L,ENSG00000104885,DOT1L,literal_official,171
K562,DPAGT1,ENSG00000172269,DPAGT1,literal_official,273
K562,DPCD,ENSG00000166171,DPCD,literal_official,18
K562,DPF1,ENSG00000011332,DPF1,literal_official,380
K562,DPF2,ENSG00000133884,DPF2,literal_official,424
K562,DPF3,ENSG00000205683,DPF3,literal_official,100
K562,DPH1,ENSG00000108963,DPH1,literal_official,689
K562,DPH2,ENSG00000132768,DPH2,literal_official,246
K562,DPH3,ENSG00000154813,DPH3,literal_official,112
K562,DPH5,ENSG00000117543,DPH5,literal_official,101
K562,DPH6,ENSG00000134146,DPH6,literal_official,236
K562,DPH7,ENSG00000148399,DPH7,literal_official,180
K562,DPM1,ENSG00000000419,DPM1,literal_official,106
K562,DPM2,ENSG00000136908,DPM2,literal_official,310
K562,DPM3,ENSG00000179085,DPM3,literal_official,223
K562,DPP3,ENSG00000254986,DPP3,literal_official,124
K562,DPP7,ENSG00000176978,DPP7,literal_official,372
K562,DPP8,ENSG00000074603,DPP8,literal_official,196
K562,DPP9,ENSG00000142002,DPP9,literal_official,496
K562,DPPA2,ENSG00000163530,DPPA2,literal_official,135
K562,DPRX,ENSG00000204595,DPRX,literal_official,172
K562,DPY19L1,ENSG00000173852,DPY19L1,literal_official,293
K562,DPY19L2,ENSG00000177990,DPY19L2,literal_official,84
K562,DPY19L3,ENSG00000178904,DPY19L3,literal_official,100
K562,DPY19L4,ENSG00000156162,DPY19L4,literal_official,244
K562,DPY30,ENSG00000162961,DPY30,literal_official,10
K562,DPYSL2,ENSG00000092964,DPYSL2,literal_official,188
K562,DR1,ENSG00000117505,DR1,literal_official,287
K562,DRAM1,ENSG00000136048,DRAM1,literal_official,345
K562,DRAM2,ENSG00000156171,DRAM2,literal_official,221
K562,DRAP1,ENSG00000175550,DRAP1,literal_official,435
K562,DRG1,ENSG00000185721,DRG1,literal_official,274
K562,DRG2,ENSG00000108591,DRG2,literal_official,188
K562,DRGX,ENSG00000165606,DRGX,literal_official,142
K562,DROSHA,ENSG00000113360,DROSHA,literal_official,35
K562,DSC2,ENSG00000134755,DSC2,literal_official,197
K562,DSCC1,ENSG00000136982,DSCC1,literal_official,86
K562,DSCR4,ENSG00000184029,DSCR4,unique_hgnc_bridge,214
K562,DSG2,ENSG00000046604,DSG2,literal_official,263
K562,DSN1,ENSG00000149636,DSN1,literal_official,83
K562,DST,ENSG00000151914,DST,literal_official,491
K562,DSTN,ENSG00000125868,DSTN,literal_official,141
K562,DSTYK,ENSG00000133059,DSTYK,literal_official,193
K562,DTD1,ENSG00000125821,DTD1,literal_official,286
K562,DTD2,ENSG00000129480,DTD2,literal_official,212
K562,DTL,ENSG00000143476,DTL,literal_official,111
K562,DTNBP1,ENSG00000047579,DTNBP1,literal_official,327
K562,DTWD1,ENSG00000104047,DTWD1,literal_official,136
K562,DTWD2,ENSG00000169570,DTWD2,literal_official,246
K562,DTX2,ENSG00000091073,DTX2,literal_official,56
K562,DTYMK,ENSG00000168393,DTYMK,literal_official,227
K562,DUS1L,ENSG00000169718,DUS1L,literal_official,241
K562,DUS2,ENSG00000167264,DUS2,literal_official,186
K562,DUS3L,ENSG00000141994,DUS3L,literal_official,293
K562,DUS4L,ENSG00000105865,DUS4L,literal_official,140
K562,DUSP1,ENSG00000120129,DUSP1,literal_official,185
K562,DUSP10,ENSG00000143507,DUSP10,literal_official,306
K562,DUSP11,ENSG00000144048,DUSP11,literal_official,245
K562,DUSP12,ENSG00000081721,DUSP12,literal_official,126
K562,DUSP13,ENSG00000079393,DUSP13,literal_official,287
K562,DUSP14,ENSG00000276023,DUSP14,literal_official,204
K562,DUSP22,ENSG00000112679,DUSP22,literal_official,146
K562,DUSP23,ENSG00000158716,DUSP23,literal_official,229
K562,DUSP28,ENSG00000188542,DUSP28,literal_official,243
K562,DUSP3,ENSG00000108861,DUSP3,literal_official,179
K562,DUSP7,ENSG00000164086,DUSP7,literal_official,280
K562,DUSP9,ENSG00000130829,DUSP9,literal_official,1351
K562,DUT,ENSG00000128951,DUT,literal_official,48
K562,DUXA,ENSG00000258873,DUXA,literal_official,113
K562,DVL1,ENSG00000107404,DVL1,literal_official,130
K562,DVL2,ENSG00000004975,DVL2,literal_official,278
K562,DVL3,ENSG00000161202,DVL3,literal_official,338
K562,DXO,ENSG00000204348,DXO,literal_official,44
K562,DYM,ENSG00000141627,DYM,literal_official,203
K562,DYNC1H1,ENSG00000197102,DYNC1H1,literal_official,156
K562,DYNC1I2,ENSG00000077380,DYNC1I2,literal_official,144
K562,DYNC1LI1,ENSG00000144635,DYNC1LI1,literal_official,182
K562,DYNC1LI2,ENSG00000135720,DYNC1LI2,literal_official,172
K562,DYNC2LI1,ENSG00000138036,DYNC2LI1,literal_official,92
K562,DYNLL1,ENSG00000088986,DYNLL1,literal_official,128
K562,DYNLL2,ENSG00000264364,DYNLL2,literal_official,178
K562,DYNLRB1,ENSG00000125971,DYNLRB1,literal_official,380
K562,DYNLT1,ENSG00000146425,DYNLT1,literal_official,323
K562,DYNLT3,ENSG00000165169,DYNLT3,literal_official,125
K562,DYRK1A,ENSG00000157540,DYRK1A,literal_official,111
K562,DYRK2,ENSG00000127334,DYRK2,literal_official,85
K562,DYRK3,ENSG00000143479,DYRK3,literal_official,73
K562,DYRK4,ENSG00000010219,DYRK4,literal_official,178
K562,DZIP1,ENSG00000134874,DZIP1,literal_official,162
K562,E2F1,ENSG00000101412,E2F1,literal_official,226
K562,E2F2,ENSG00000007968,E2F2,literal_official,214
K562,E2F3,ENSG00000112242,E2F3,literal_official,393
K562,E2F4,ENSG00000205250,E2F4,literal_official,158
K562,E2F5,ENSG00000133740,E2F5,literal_official,56
K562,E2F6,ENSG00000169016,E2F6,literal_official,308
K562,E2F7,ENSG00000165891,E2F7,literal_official,136
K562,E2F8,ENSG00000129173,E2F8,literal_official,179
K562,E4F1,ENSG00000167967,E4F1,literal_official,243
K562,EAF1,ENSG00000144597,EAF1,literal_official,44
K562,EAF2,ENSG00000145088,EAF2,literal_official,184
K562,EAPP,ENSG00000129518,EAPP,literal_official,216
K562,EARS2,ENSG00000103356,EARS2,literal_official,360
K562,EBAG9,ENSG00000147654,EBAG9,literal_official,70
K562,EBF1,ENSG00000164330,EBF1,literal_official,115
K562,EBF2,ENSG00000221818,EBF2,literal_official,286
K562,EBF3,ENSG00000108001,EBF3,literal_official,183
K562,EBF4,ENSG00000088881,EBF4,literal_official,225
K562,EBNA1BP2,ENSG00000117395,EBNA1BP2,literal_official,112
K562,EBP,ENSG00000147155,EBP,literal_official,222
K562,EBPL,ENSG00000123179,EBPL,literal_official,149
K562,ECD,ENSG00000122882,ECD,literal_official,135
K562,ECE1,ENSG00000117298,ECE1,literal_official,282
K562,ECE2,ENSG00000145194,ECE2,literal_official,71
K562,ECH1,ENSG00000104823,ECH1,literal_official,283
K562,ECHDC1,ENSG00000093144,ECHDC1,literal_official,128
K562,ECHDC3,ENSG00000134463,ECHDC3,literal_official,197
K562,ECHS1,ENSG00000127884,ECHS1,literal_official,270
K562,ECI1,ENSG00000167969,ECI1,literal_official,138
K562,ECI2,ENSG00000198721,ECI2,literal_official,99
K562,ECM1,ENSG00000143369,ECM1,literal_official,121
K562,ECPAS,ENSG00000136813,ECPAS,literal_official,177
K562,ECSIT,ENSG00000130159,ECSIT,literal_official,234
K562,ECT2,ENSG00000114346,ECT2,literal_official,37
K562,EDARADD,ENSG00000186197,EDARADD,literal_official,162
K562,EDC3,ENSG00000179151,EDC3,literal_official,365
K562,EDC4,ENSG00000038358,EDC4,literal_official,448
K562,EDEM1,ENSG00000134109,EDEM1,literal_official,172
K562,EDEM2,ENSG00000088298,EDEM2,literal_official,121
K562,EDEM3,ENSG00000116406,EDEM3,literal_official,202
K562,EDF1,ENSG00000107223,EDF1,literal_official,290
K562,EEA1,ENSG00000102189,EEA1,literal_official,217
K562,EED,ENSG00000074266,EED,literal_official,76
K562,EEF1A1,ENSG00000156508,EEF1A1,unique_hgnc_bridge,64
K562,EEF1A2,ENSG00000101210,EEF1A2,literal_official,273
K562,EEF1AKMT1,ENSG00000150456,EEF1AKMT1,literal_official,194
K562,EEF1AKMT2,ENSG00000203791,EEF1AKMT2,literal_official,195
K562,EEF1AKNMT,ENSG00000010165,EEF1AKNMT,literal_official,142
K562,EEF1B2,ENSG00000114942,EEF1B2,literal_official,60
K562,EEF1D,ENSG00000104529,EEF1D,unique_hgnc_bridge,199
K562,EEF1E1,ENSG00000124802,EEF1E1,literal_official,222
K562,EEF1G,ENSG00000254772,EEF1G,literal_official,201
K562,EEF2,ENSG00000167658,EEF2,literal_official,443
K562,EEF2K,ENSG00000103319,EEF2K,literal_official,260
K562,EEFSEC,ENSG00000132394,EEFSEC,literal_official,155
K562,EFCAB11,ENSG00000140025,EFCAB11,literal_official,237
K562,EFCAB14,ENSG00000159658,EFCAB14,literal_official,90
K562,EFCAB2,ENSG00000203666,EFCAB2,literal_official,201
K562,EFHD1,ENSG00000115468,EFHD1,literal_official,31
K562,EFHD2,ENSG00000142634,EFHD2,literal_official,46
K562,EFNA1,ENSG00000169242,EFNA1,literal_official,137
K562,EFNA3,ENSG00000143590,EFNA3,literal_official,341
K562,EFNA4,ENSG00000243364,EFNA4,literal_official,213
K562,EFR3A,ENSG00000132294,EFR3A,literal_official,48
K562,EFTUD2,ENSG00000108883,EFTUD2,literal_official,109
K562,EGFL7,ENSG00000172889,EGFL7,literal_official,280
K562,EGFL8,ENSG00000241404,EGFL8,literal_official,79
K562,EGLN1,ENSG00000135766,EGLN1,literal_official,319
K562,EGLN2,ENSG00000269858,EGLN2,literal_official,331
K562,EGLN3,ENSG00000129521,EGLN3,literal_official,176
K562,EGR1,ENSG00000120738,EGR1,literal_official,374
K562,EGR2,ENSG00000122877,EGR2,literal_official,201
K562,EGR3,ENSG00000179388,EGR3,literal_official,298
K562,EGR4,ENSG00000135625,EGR4,literal_official,269
K562,EHBP1,ENSG00000115504,EHBP1,literal_official,224
K562,EHBP1L1,ENSG00000173442,EHBP1L1,literal_official,86
K562,EHD1,ENSG00000110047,EHD1,literal_official,178
K562,EHD4,ENSG00000103966,EHD4,literal_official,186
K562,EHF,ENSG00000135373,EHF,literal_official,69
K562,EHMT1,ENSG00000181090,EHMT1,literal_official,135
K562,EHMT2,ENSG00000204371,EHMT2,literal_official,186
K562,EI24,ENSG00000149547,EI24,literal_official,181
K562,EID1,ENSG00000255302,EID1,literal_official,127
K562,EID2,ENSG00000176396,EID2,literal_official,125
K562,EID2B,ENSG00000176401,EID2B,literal_official,37
K562,EIF1,ENSG00000173812,EIF1,literal_official,216
K562,EIF1AD,ENSG00000175376,EIF1AD,literal_official,108
K562,EIF1AX,ENSG00000173674,EIF1AX,literal_official,223
K562,EIF1B,ENSG00000114784,EIF1B,literal_official,125
K562,EIF2A,ENSG00000144895,EIF2A,literal_official,105
K562,EIF2AK1,ENSG00000086232,EIF2AK1,literal_official,227
K562,EIF2AK2,ENSG00000055332,EIF2AK2,literal_official,215
K562,EIF2AK3,ENSG00000172071,EIF2AK3,literal_official,194
K562,EIF2AK4,ENSG00000128829,EIF2AK4,literal_official,142
K562,EIF2B1,ENSG00000111361,EIF2B1,literal_official,217
K562,EIF2B2,ENSG00000119718,EIF2B2,literal_official,123
K562,EIF2B3,ENSG00000070785,EIF2B3,literal_official,80
K562,EIF2B4,ENSG00000115211,EIF2B4,literal_official,184
K562,EIF2B5,ENSG00000145191,EIF2B5,literal_official,237
K562,EIF2D,ENSG00000143486,EIF2D,literal_official,105
K562,EIF2S1,ENSG00000134001,EIF2S1,literal_official,89
K562,EIF2S2,ENSG00000125977,EIF2S2,literal_official,247
K562,EIF2S3,ENSG00000130741,EIF2S3,literal_official,63
K562,EIF3A,ENSG00000107581,EIF3A,literal_official,161
K562,EIF3B,ENSG00000106263,EIF3B,literal_official,42
K562,EIF3C,ENSG00000184110,EIF3C,unique_hgnc_bridge,94
K562,EIF3D,ENSG00000100353,EIF3D,literal_official,96
K562,EIF3E,ENSG00000104408,EIF3E,literal_official,102
K562,EIF3F,ENSG00000175390,EIF3F,literal_official,76
K562,EIF3G,ENSG00000130811,EIF3G,literal_official,49
K562,EIF3H,ENSG00000147677,EIF3H,literal_official,291
K562,EIF3I,ENSG00000084623,EIF3I,literal_official,74
K562,EIF3J,ENSG00000104131,EIF3J,literal_official,161
K562,EIF3K,ENSG00000178982,EIF3K,literal_official,138
K562,EIF3L,ENSG00000100129,EIF3L,literal_official,157
K562,EIF3M,ENSG00000149100,EIF3M,literal_official,125
K562,EIF4A1,ENSG00000161960,EIF4A1,literal_official,58
K562,EIF4A2,ENSG00000156976,EIF4A2,literal_official,145
K562,EIF4A3,ENSG00000141543,EIF4A3,literal_official,24
K562,EIF4B,ENSG00000063046,EIF4B,literal_official,107
K562,EIF4E,ENSG00000151247,EIF4E,literal_official,172
K562,EIF4E2,ENSG00000135930,EIF4E2,literal_official,184
K562,EIF4EBP1,ENSG00000187840,EIF4EBP1,literal_official,139
K562,EIF4EBP2,ENSG00000148730,EIF4EBP2,literal_official,163
K562,EIF4ENIF1,ENSG00000184708,EIF4ENIF1,literal_official,207
K562,EIF4G1,ENSG00000114867,EIF4G1,literal_official,223
K562,EIF4G2,ENSG00000110321,EIF4G2,literal_official,418
K562,EIF4G3,ENSG00000075151,EIF4G3,literal_official,278
K562,EIF4H,ENSG00000106682,EIF4H,literal_official,239
K562,EIF5,ENSG00000100664,EIF5,literal_official,278
K562,EIF5A,ENSG00000132507,EIF5A,unique_hgnc_bridge,179
K562,EIF5A2,ENSG00000163577,EIF5A2,literal_official,178
K562,EIF5AL1,ENSG00000253626,EIF5AL1,unique_hgnc_bridge,83
K562,EIF5B,ENSG00000158417,EIF5B,literal_official,69
K562,EIF6,ENSG00000242372,EIF6,literal_official,109
K562,EIPR1,ENSG00000032389,EIPR1,literal_official,133
K562,ELAC1,ENSG00000141642,ELAC1,literal_official,198
K562,ELAC2,ENSG00000006744,ELAC2,literal_official,141
K562,ELAVL1,ENSG00000066044,ELAVL1,literal_official,220
K562,ELF1,ENSG00000120690,ELF1,literal_official,49
K562,ELF2,ENSG00000109381,ELF2,literal_official,211
K562,ELF3,ENSG00000163435,ELF3,literal_official,303
K562,ELF4,ENSG00000102034,ELF4,literal_official,244
K562,ELF5,ENSG00000135374,ELF5,literal_official,267
K562,ELK1,ENSG00000126767,ELK1,literal_official,143
K562,ELK3,ENSG00000111145,ELK3,literal_official,126
K562,ELK4,ENSG00000158711,ELK4,literal_official,120
K562,ELL,ENSG00000105656,ELL,literal_official,122
K562,ELL2,ENSG00000118985,ELL2,literal_official,134
K562,ELMO2,ENSG00000062598,ELMO2,literal_official,44
K562,ELMOD2,ENSG00000179387,ELMOD2,literal_official,127
K562,ELMOD3,ENSG00000115459,ELMOD3,literal_official,255
K562,ELMSAN1,ENSG00000156030,ELMSAN1,literal_official,551
K562,ELOA,ENSG00000011007,ELOA,literal_official,205
K562,ELOB,ENSG00000103363,ELOB,literal_official,402
K562,ELOF1,ENSG00000130165,ELOF1,literal_official,248
K562,ELOVL1,ENSG00000066322,ELOVL1,literal_official,350
K562,ELOVL2,ENSG00000197977,ELOVL2,literal_official,120
K562,ELOVL5,ENSG00000012660,ELOVL5,literal_official,293
K562,ELOVL6,ENSG00000170522,ELOVL6,literal_official,229
K562,ELP1,ENSG00000070061,ELP1,literal_official,82
K562,ELP2,ENSG00000134759,ELP2,literal_official,370
K562,ELP3,ENSG00000134014,ELP3,literal_official,197
K562,ELP4,ENSG00000109911,ELP4,literal_official,99
K562,ELP5,ENSG00000170291,ELP5,literal_official,317
K562,ELP6,ENSG00000163832,ELP6,literal_official,154
K562,EMC1,ENSG00000127463,EMC1,literal_official,195
K562,EMC10,ENSG00000161671,EMC10,literal_official,187
K562,EMC2,ENSG00000104412,EMC2,literal_official,158
K562,EMC3,ENSG00000125037,EMC3,literal_official,458
K562,EMC4,ENSG00000128463,EMC4,literal_official,115
K562,EMC6,ENSG00000127774,EMC6,literal_official,155
K562,EMC7,ENSG00000134153,EMC7,literal_official,380
K562,EMC8,ENSG00000131148,EMC8,literal_official,366
K562,EMC9,ENSG00000100908,EMC9,literal_official,251
K562,EMD,ENSG00000102119,EMD,literal_official,360
K562,EME1,ENSG00000154920,EME1,literal_official,156
K562,EME2,ENSG00000197774,EME2,literal_official,181
K562,EMG1,ENSG00000126749,EMG1,literal_official,30
K562,EMILIN2,ENSG00000132205,EMILIN2,literal_official,316
K562,EML2,ENSG00000125746,EML2,literal_official,150
K562,EML3,ENSG00000149499,EML3,unique_hgnc_bridge,130
K562,EML4,ENSG00000143924,EML4,literal_official,68
K562,EMP2,ENSG00000213853,EMP2,literal_official,282
K562,EMP3,ENSG00000142227,EMP3,literal_official,48
K562,EMX1,ENSG00000135638,EMX1,literal_official,310
K562,EMX2,ENSG00000170370,EMX2,literal_official,150
K562,EN1,ENSG00000163064,EN1,literal_official,17
K562,EN2,ENSG00000164778,EN2,literal_official,212
K562,ENDOD1,ENSG00000149218,ENDOD1,literal_official,49
K562,ENDOG,ENSG00000167136,ENDOG,literal_official,87
K562,ENDOV,ENSG00000173818,ENDOV,literal_official,251
K562,ENGASE,ENSG00000167280,ENGASE,literal_official,328
K562,ENKD1,ENSG00000124074,ENKD1,literal_official,122
K562,ENO1,ENSG00000074800,ENO1,literal_official,123
K562,ENO2,ENSG00000111674,ENO2,literal_official,283
K562,ENO3,ENSG00000108515,ENO3,literal_official,285
K562,ENOPH1,ENSG00000145293,ENOPH1,literal_official,255
K562,ENOSF1,ENSG00000132199,ENOSF1,literal_official,265
K562,ENOX2,ENSG00000165675,ENOX2,literal_official,124
K562,ENPP3,ENSG00000154269,ENPP3,literal_official,297
K562,ENSA,ENSG00000143420,ENSA,literal_official,155
K562,ENTPD4,ENSG00000197217,ENTPD4,literal_official,321
K562,ENTPD6,ENSG00000197586,ENTPD6,literal_official,106
K562,ENTPD7,ENSG00000198018,ENTPD7,literal_official,30
K562,ENTR1,ENSG00000165689,ENTR1,literal_official,54
K562,ENY2,ENSG00000120533,ENY2,literal_official,258
K562,EOGT,ENSG00000163378,EOGT,literal_official,71
K562,EOMES,ENSG00000163508,EOMES,literal_official,93
K562,EP300,ENSG00000100393,EP300,literal_official,95
K562,EP400,ENSG00000183495,EP400,literal_official,83
K562,EPAS1,ENSG00000116016,EPAS1,literal_official,234
K562,EPB41,ENSG00000159023,EPB41,literal_official,276
K562,EPB41L2,ENSG00000079819,EPB41L2,literal_official,299
K562,EPB41L5,ENSG00000115109,EPB41L5,literal_official,178
K562,EPC1,ENSG00000120616,EPC1,literal_official,100
K562,EPC2,ENSG00000135999,EPC2,literal_official,259
K562,EPCAM,ENSG00000119888,EPCAM,literal_official,144
K562,EPHB4,ENSG00000196411,EPHB4,literal_official,271
K562,EPHB6,ENSG00000106123,EPHB6,literal_official,201
K562,EPHX1,ENSG00000143819,EPHX1,literal_official,77
K562,EPHX2,ENSG00000120915,EPHX2,literal_official,222
K562,EPM2AIP1,ENSG00000178567,EPM2AIP1,literal_official,87
K562,EPN1,ENSG00000063245,EPN1,literal_official,155
K562,EPN2,ENSG00000072134,EPN2,literal_official,378
K562,EPOP,ENSG00000273604,EPOP,literal_official,232
K562,EPOR,ENSG00000187266,EPOR,unique_hgnc_bridge,416
K562,EPPK1,ENSG00000261150,EPPK1,literal_official,186
K562,EPRS,ENSG00000136628,EPRS,literal_official,122
K562,EPS15,ENSG00000085832,EPS15,literal_official,193
K562,EPS15L1,ENSG00000127527,EPS15L1,literal_official,118
K562,EPS8L1,ENSG00000131037,EPS8L1,literal_official,232
K562,EPS8L2,ENSG00000177106,EPS8L2,literal_official,164
K562,ERAL1,ENSG00000132591,ERAL1,literal_official,231
K562,ERAP1,ENSG00000164307,ERAP1,literal_official,297
K562,ERBIN,ENSG00000112851,ERBIN,literal_official,109
K562,ERC1,ENSG00000082805,ERC1,literal_official,340
K562,ERCC1,ENSG00000012061,ERCC1,literal_official,214
K562,ERCC2,ENSG00000104884,ERCC2,literal_official,143
K562,ERCC3,ENSG00000163161,ERCC3,literal_official,269
K562,ERCC4,ENSG00000175595,ERCC4,literal_official,463
K562,ERCC5,ENSG00000134899,ERCC5,literal_official,111
K562,ERCC6L2,ENSG00000182150,ERCC6L2,literal_official,96
K562,ERCC8,ENSG00000049167,ERCC8,literal_official,34
K562,ERF,ENSG00000105722,ERF,literal_official,403
K562,ERG,ENSG00000157554,ERG,literal_official,449
K562,ERG28,ENSG00000133935,ERG28,literal_official,244
K562,ERGIC1,ENSG00000113719,ERGIC1,literal_official,226
K562,ERGIC2,ENSG00000087502,ERGIC2,literal_official,153
K562,ERGIC3,ENSG00000125991,ERGIC3,literal_official,252
K562,ERH,ENSG00000100632,ERH,literal_official,36
K562,ERI1,ENSG00000104626,ERI1,literal_official,164
K562,ERI2,ENSG00000196678,ERI2,literal_official,187
K562,ERI3,ENSG00000117419,ERI3,literal_official,231
K562,ERICH1,ENSG00000104714,ERICH1,literal_official,112
K562,ERLEC1,ENSG00000068912,ERLEC1,literal_official,87
K562,ERLIN1,ENSG00000107566,ERLIN1,literal_official,197
K562,ERLIN2,ENSG00000147475,ERLIN2,literal_official,189
K562,ERMAP,ENSG00000164010,ERMAP,literal_official,441
K562,ERMARD,ENSG00000130023,ERMARD,literal_official,83
K562,ERMP1,ENSG00000099219,ERMP1,literal_official,177
K562,ERN1,ENSG00000178607,ERN1,literal_official,361
K562,ERP29,ENSG00000089248,ERP29,literal_official,72
K562,ERP44,ENSG00000023318,ERP44,literal_official,269
K562,ERV3-1,ENSG00000213462,ERV3-1,literal_official,140
K562,ERVW-1,ENSG00000242950,ERVW-1,unique_hgnc_bridge,375
K562,ESAM,ENSG00000149564,ESAM,literal_official,330
K562,ESCO1,ENSG00000141446,ESCO1,literal_official,56
K562,ESCO2,ENSG00000171320,ESCO2,literal_official,46
K562,ESD,ENSG00000139684,ESD,literal_official,56
K562,ESF1,ENSG00000089048,ESF1,literal_official,233
K562,ESPL1,ENSG00000135476,ESPL1,literal_official,106
K562,ESPN,ENSG00000187017,ESPN,literal_official,1006
K562,ESR1,ENSG00000091831,ESR1,literal_official,177
K562,ESR2,ENSG00000140009,ESR2,unique_hgnc_bridge,305
K562,ESRRA,ENSG00000173153,ESRRA,literal_official,205
K562,ESRRB,ENSG00000119715,ESRRB,literal_official,273
K562,ESRRG,ENSG00000196482,ESRRG,literal_official,519
K562,ESS2,ENSG00000100056,ESS2,literal_official,110
K562,ESX1,ENSG00000123576,ESX1,literal_official,190
K562,ESYT1,ENSG00000139641,ESYT1,literal_official,330
K562,ESYT2,ENSG00000117868,ESYT2,literal_official,81
K562,ETAA1,ENSG00000143971,ETAA1,literal_official,169
K562,ETF1,ENSG00000120705,ETF1,literal_official,69
K562,ETFA,ENSG00000140374,ETFA,literal_official,152
K562,ETFB,ENSG00000105379,ETFB,literal_official,359
K562,ETFDH,ENSG00000171503,ETFDH,literal_official,196
K562,ETFRF1,ENSG00000205707,ETFRF1,unique_hgnc_bridge,253
K562,ETHE1,ENSG00000105755,ETHE1,literal_official,304
K562,ETNK1,ENSG00000139163,ETNK1,literal_official,294
K562,ETNK2,ENSG00000143845,ETNK2,literal_official,240
K562,ETS1,ENSG00000134954,ETS1,literal_official,352
K562,ETS2,ENSG00000157557,ETS2,literal_official,91
K562,ETV1,ENSG00000006468,ETV1,literal_official,129
K562,ETV2,ENSG00000105672,ETV2,literal_official,286
K562,ETV3,ENSG00000117036,ETV3,literal_official,315
K562,ETV3L,ENSG00000253831,ETV3L,literal_official,156
K562,ETV4,ENSG00000175832,ETV4,literal_official,96
K562,ETV5,ENSG00000244405,ETV5,literal_official,19
K562,ETV6,ENSG00000139083,ETV6,literal_official,250
K562,ETV7,ENSG00000010030,ETV7,literal_official,75
K562,EVA1B,ENSG00000142694,EVA1B,literal_official,171
K562,EVI5,ENSG00000067208,EVI5,literal_official,117
K562,EVL,ENSG00000196405,EVL,literal_official,203
K562,EVX1,ENSG00000106038,EVX1,literal_official,207
K562,EVX2,ENSG00000174279,EVX2,literal_official,205
K562,EWSR1,ENSG00000182944,EWSR1,literal_official,158
K562,EXD3,ENSG00000187609,EXD3,literal_official,172
K562,EXO1,ENSG00000174371,EXO1,literal_official,251
K562,EXO5,ENSG00000164002,EXO5,literal_official,38
K562,EXOC1,ENSG00000090989,EXOC1,literal_official,351
K562,EXOC2,ENSG00000112685,EXOC2,literal_official,204
K562,EXOC3,ENSG00000180104,EXOC3,literal_official,450
K562,EXOC4,ENSG00000131558,EXOC4,literal_official,187
K562,EXOC5,ENSG00000070367,EXOC5,literal_official,266
K562,EXOC6,ENSG00000138190,EXOC6,literal_official,27
K562,EXOC7,ENSG00000182473,EXOC7,literal_official,63
K562,EXOC8,ENSG00000116903,EXOC8,literal_official,52
K562,EXOG,ENSG00000157036,EXOG,literal_official,98
K562,EXOSC1,ENSG00000171311,EXOSC1,literal_official,170
K562,EXOSC10,ENSG00000171824,EXOSC10,literal_official,210
K562,EXOSC2,ENSG00000130713,EXOSC2,literal_official,161
K562,EXOSC3,ENSG00000107371,EXOSC3,literal_official,60
K562,EXOSC4,ENSG00000178896,EXOSC4,literal_official,139
K562,EXOSC5,ENSG00000077348,EXOSC5,literal_official,45
K562,EXOSC6,ENSG00000223496,EXOSC6,literal_official,51
K562,EXOSC7,ENSG00000075914,EXOSC7,literal_official,205
K562,EXOSC8,ENSG00000120699,EXOSC8,literal_official,131
K562,EXOSC9,ENSG00000123737,EXOSC9,literal_official,58
K562,EXPH5,ENSG00000110723,EXPH5,literal_official,78
K562,EXT2,ENSG00000151348,EXT2,literal_official,203
K562,EXTL2,ENSG00000162694,EXTL2,literal_official,190
K562,EXTL3,ENSG00000012232,EXTL3,literal_official,161
K562,EYA3,ENSG00000158161,EYA3,literal_official,132
K562,EZH1,ENSG00000108799,EZH1,literal_official,236
K562,EZH2,ENSG00000106462,EZH2,literal_official,198
K562,EZR,ENSG00000092820,EZR,literal_official,367
K562,F11R,ENSG00000158769,F11R,literal_official,241
K562,F12,ENSG00000131187,F12,literal_official,402
K562,F2R,ENSG00000181104,F2R,literal_official,89
K562,F2RL3,ENSG00000127533,F2RL3,literal_official,336
K562,F8A1,ENSG00000277203,F8A1,literal_official_id_unresolved,56
K562,FABP5,ENSG00000164687,FABP5,literal_official,250
K562,FADD,ENSG00000168040,FADD,literal_official,102
K562,FADS1,ENSG00000149485,FADS1,literal_official,251
K562,FADS2,ENSG00000134824,FADS2,literal_official,489
K562,FADS3,ENSG00000221968,FADS3,literal_official,58
K562,FAF1,ENSG00000185104,FAF1,literal_official,225
K562,FAF2,ENSG00000113194,FAF2,literal_official,379
K562,FAH,ENSG00000103876,FAH,literal_official,379
K562,FAHD1,ENSG00000180185,FAHD1,literal_official,218
K562,FAHD2A,ENSG00000115042,FAHD2A,literal_official,535
K562,FAHD2B,ENSG00000144199,FAHD2B,literal_official,62
K562,FAIM,ENSG00000158234,FAIM,literal_official,64
K562,FAM102B,ENSG00000162636,FAM102B,literal_official,164
K562,FAM104A,ENSG00000133193,FAM104A,literal_official,227
K562,FAM104B,ENSG00000182518,FAM104B,literal_official,94
K562,FAM110A,ENSG00000125898,FAM110A,literal_official,191
K562,FAM111A,ENSG00000166801,FAM111A,literal_official,94
K562,FAM114A2,ENSG00000055147,FAM114A2,literal_official,215
K562,FAM117A,ENSG00000121104,FAM117A,literal_official,495
K562,FAM117B,ENSG00000138439,FAM117B,literal_official,89
K562,FAM118A,ENSG00000100376,FAM118A,literal_official,298
K562,FAM118B,ENSG00000197798,FAM118B,literal_official,157
K562,FAM120A,ENSG00000048828,FAM120A,literal_official,228
K562,FAM120AOS,ENSG00000188938,FAM120AOS,literal_official,255
K562,FAM120B,ENSG00000112584,FAM120B,literal_official,186
K562,FAM120C,ENSG00000184083,FAM120C,literal_official,211
K562,FAM122A,ENSG00000187866,FAM122A,literal_official,212
K562,FAM122B,ENSG00000156504,FAM122B,literal_official,236
K562,FAM124B,ENSG00000124019,FAM124B,literal_official,170
K562,FAM126A,ENSG00000122591,FAM126A,literal_official,180
K562,FAM126B,ENSG00000155744,FAM126B,literal_official,148
K562,FAM131A,ENSG00000175182,FAM131A,literal_official,158
K562,FAM133B,ENSG00000234545,FAM133B,literal_official,86
K562,FAM135A,ENSG00000082269,FAM135A,literal_official,167
K562,FAM136A,ENSG00000035141,FAM136A,literal_official,89
K562,FAM13A,ENSG00000138640,FAM13A,literal_official,174
K562,FAM13B,ENSG00000031003,FAM13B,literal_official,118
K562,FAM156A,ENSG00000268350,FAM156A,unique_hgnc_bridge,212
K562,FAM156B,ENSG00000179304,FAM156B,unique_hgnc_bridge,1006
K562,FAM160A2,ENSG00000051009,FAM160A2,literal_official,179
K562,FAM160B2,ENSG00000158863,FAM160B2,literal_official,346
K562,FAM161A,ENSG00000170264,FAM161A,literal_official,39
K562,FAM162A,ENSG00000114023,FAM162A,literal_official,113
K562,FAM168B,ENSG00000152102,FAM168B,literal_official,134
K562,FAM170A,ENSG00000164334,FAM170A,literal_official,95
K562,FAM171A1,ENSG00000148468,FAM171A1,literal_official,216
K562,FAM171A2,ENSG00000161682,FAM171A2,literal_official,363
K562,FAM174A,ENSG00000174132,FAM174A,literal_official,167
K562,FAM174C,ENSG00000228300,FAM174C,literal_official,153
K562,FAM177A1,ENSG00000151327,FAM177A1,literal_official,130
K562,FAM178B,ENSG00000168754,FAM178B,literal_official,203
K562,FAM184A,ENSG00000111879,FAM184A,literal_official,237
K562,FAM185A,ENSG00000222011,FAM185A,literal_official,85
K562,FAM189B,ENSG00000160767,FAM189B,literal_official,117
K562,FAM192A,ENSG00000172775,FAM192A,literal_official,222
K562,FAM193A,ENSG00000125386,FAM193A,literal_official,226
K562,FAM193B,ENSG00000146067,FAM193B,literal_official,237
K562,FAM199X,ENSG00000123575,FAM199X,literal_official,271
K562,FAM200B,ENSG00000237765,FAM200B,literal_official,202
K562,FAM204A,ENSG00000165669,FAM204A,literal_official,185
K562,FAM207A,ENSG00000160256,FAM207A,literal_official,306
K562,FAM20B,ENSG00000116199,FAM20B,literal_official,122
K562,FAM210A,ENSG00000177150,FAM210A,literal_official,163
K562,FAM210B,ENSG00000124098,FAM210B,literal_official,330
K562,FAM216A,ENSG00000204856,FAM216A,literal_official,20
K562,FAM217B,ENSG00000196227,FAM217B,literal_official,157
K562,FAM219B,ENSG00000178761,FAM219B,literal_official,380
K562,FAM222B,ENSG00000173065,FAM222B,literal_official,347
K562,FAM229A,ENSG00000225828,FAM229A,literal_official,415
K562,FAM229B,ENSG00000203778,FAM229B,literal_official,172
K562,FAM241A,ENSG00000174749,FAM241A,literal_official,329
K562,FAM241B,ENSG00000171224,FAM241B,literal_official,203
K562,FAM24B,ENSG00000213185,FAM24B,literal_official,130
K562,FAM32A,ENSG00000105058,FAM32A,literal_official,304
K562,FAM3A,ENSG00000071889,FAM3A,literal_official,217
K562,FAM3C,ENSG00000196937,FAM3C,literal_official,254
K562,FAM49B,ENSG00000153310,FAM49B,literal_official,315
K562,FAM50A,ENSG00000071859,FAM50A,literal_official,42
K562,FAM53B,ENSG00000189319,FAM53B,literal_official,148
K562,FAM53C,ENSG00000120709,FAM53C,literal_official,215
K562,FAM72B,ENSG00000188610,FAM72B,literal_official,141
K562,FAM72C,ENSG00000263513,FAM72C,literal_official,191
K562,FAM72D,ENSG00000215784,FAM72D,literal_official,446
K562,FAM76A,ENSG00000009780,FAM76A,literal_official,302
K562,FAM76B,ENSG00000077458,FAM76B,literal_official,152
K562,FAM78A,ENSG00000126882,FAM78A,literal_official,271
K562,FAM83A,ENSG00000147689,FAM83A,literal_official,68
K562,FAM83D,ENSG00000101447,FAM83D,literal_official,339
K562,FAM83G,ENSG00000188522,FAM83G,literal_official,89
K562,FAM83H,ENSG00000180921,FAM83H,literal_official,243
K562,FAM86C1,ENSG00000158483,FAM86C1,literal_official,117
K562,FAM89A,ENSG00000182118,FAM89A,literal_official,278
K562,FAM89B,ENSG00000176973,FAM89B,literal_official,236
K562,FAM8A1,ENSG00000137414,FAM8A1,literal_official,316
K562,FAM91A1,ENSG00000176853,FAM91A1,literal_official,160
K562,FAM92A,ENSG00000188343,FAM92A,literal_official,110
K562,FAM98A,ENSG00000119812,FAM98A,literal_official,210
K562,FAM98B,ENSG00000171262,FAM98B,literal_official,120
K562,FAM98C,ENSG00000130244,FAM98C,literal_official,306
K562,FAN1,ENSG00000198690,FAN1,literal_official,293
K562,FANCA,ENSG00000187741,FANCA,literal_official,70
K562,FANCB,ENSG00000181544,FANCB,literal_official,121
K562,FANCD2,ENSG00000144554,FANCD2,literal_official,142
K562,FANCE,ENSG00000112039,FANCE,literal_official,40
K562,FANCF,ENSG00000183161,FANCF,literal_official,85
K562,FANCG,ENSG00000221829,FANCG,literal_official,315
K562,FANCI,ENSG00000140525,FANCI,literal_official,20
K562,FANCL,ENSG00000115392,FANCL,literal_official,88
K562,FANCM,ENSG00000187790,FANCM,literal_official,78
K562,FAR1,ENSG00000197601,FAR1,literal_official,400
K562,FAR2,ENSG00000064763,FAR2,literal_official,175
K562,FARP2,ENSG00000006607,FARP2,literal_official,289
K562,FARS2,ENSG00000145982,FARS2,literal_official,90
K562,FARSA,ENSG00000179115,FARSA,literal_official,141
K562,FARSB,ENSG00000116120,FARSB,literal_official,102
K562,FASN,ENSG00000169710,FASN,literal_official,212
K562,FASTK,ENSG00000164896,FASTK,literal_official,192
K562,FASTKD1,ENSG00000138399,FASTKD1,literal_official,143
K562,FASTKD2,ENSG00000118246,FASTKD2,literal_official,19
K562,FASTKD3,ENSG00000124279,FASTKD3,literal_official,136
K562,FASTKD5,ENSG00000215251,FASTKD5,literal_official,317
K562,FAT1,ENSG00000083857,FAT1,literal_official,319
K562,FAU,ENSG00000149806,FAU,unique_hgnc_bridge,55
K562,FAXDC2,ENSG00000170271,FAXDC2,literal_official,479
K562,FBF1,ENSG00000188878,FBF1,literal_official,306
K562,FBH1,ENSG00000134452,FBH1,literal_official,218
K562,FBL,ENSG00000105202,FBL,literal_official,48
K562,FBLIM1,ENSG00000162458,FBLIM1,literal_official,291
K562,FBRS,ENSG00000156860,FBRS,literal_official,46
K562,FBRSL1,ENSG00000112787,FBRSL1,literal_official,70
K562,FBXL12,ENSG00000127452,FBXL12,literal_official,345
K562,FBXL13,ENSG00000161040,FBXL13,literal_official,77
K562,FBXL14,ENSG00000171823,FBXL14,unique_hgnc_bridge,648
K562,FBXL15,ENSG00000107872,FBXL15,literal_official,37
K562,FBXL19,ENSG00000099364,FBXL19,literal_official,467
K562,FBXL20,ENSG00000108306,FBXL20,literal_official,147
K562,FBXL3,ENSG00000005812,FBXL3,literal_official,155
K562,FBXL4,ENSG00000112234,FBXL4,literal_official,261
K562,FBXL5,ENSG00000118564,FBXL5,literal_official,491
K562,FBXL8,ENSG00000135722,FBXL8,literal_official,383
K562,FBXO11,ENSG00000138081,FBXO11,literal_official,110
K562,FBXO17,ENSG00000269190,FBXO17,literal_official,230
K562,FBXO21,ENSG00000135108,FBXO21,literal_official,197
K562,FBXO22,ENSG00000167196,FBXO22,literal_official,226
K562,FBXO25,ENSG00000147364,FBXO25,literal_official,227
K562,FBXO27,ENSG00000161243,FBXO27,literal_official,309
K562,FBXO28,ENSG00000143756,FBXO28,literal_official,30
K562,FBXO3,ENSG00000110429,FBXO3,literal_official,418
K562,FBXO31,ENSG00000103264,FBXO31,literal_official,237
K562,FBXO33,ENSG00000165355,FBXO33,literal_official,159
K562,FBXO34,ENSG00000178974,FBXO34,literal_official,236
K562,FBXO38,ENSG00000145868,FBXO38,literal_official,198
K562,FBXO4,ENSG00000151876,FBXO4,literal_official,238
K562,FBXO41,ENSG00000163013,FBXO41,literal_official,251
K562,FBXO42,ENSG00000037637,FBXO42,literal_official,305
K562,FBXO44,ENSG00000132879,FBXO44,literal_official,272
K562,FBXO45,ENSG00000174013,FBXO45,literal_official,183
K562,FBXO46,ENSG00000177051,FBXO46,literal_official,239
K562,FBXO5,ENSG00000112029,FBXO5,literal_official,287
K562,FBXO6,ENSG00000116663,FBXO6,literal_official,85
K562,FBXO7,ENSG00000100225,FBXO7,literal_official,89
K562,FBXO8,ENSG00000164117,FBXO8,literal_official,98
K562,FBXO9,ENSG00000112146,FBXO9,literal_official,281
K562,FBXW11,ENSG00000072803,FBXW11,literal_official,334
K562,FBXW2,ENSG00000119402,FBXW2,literal_official,208
K562,FBXW4,ENSG00000107829,FBXW4,literal_official,305
K562,FBXW5,ENSG00000159069,FBXW5,literal_official,64
K562,FBXW7,ENSG00000109670,FBXW7,literal_official,798
K562,FBXW9,ENSG00000132004,FBXW9,literal_official,88
K562,FCER1G,ENSG00000158869,FCER1G,literal_official,141
K562,FCF1,ENSG00000119616,FCF1,literal_official,154
K562,FCGR2A,ENSG00000143226,FCGR2A,literal_official,174
K562,FCGR2C,nan,FCGR2C,unique_hgnc_bridge,97
K562,FCGRT,ENSG00000104870,FCGRT,literal_official,224
K562,FCHO1,ENSG00000130475,FCHO1,literal_official,127
K562,FCHSD1,ENSG00000197948,FCHSD1,literal_official,96
K562,FDFT1,ENSG00000079459,FDFT1,literal_official,257
K562,FDPS,ENSG00000160752,FDPS,literal_official,22
K562,FDX1,ENSG00000137714,FDX1,literal_official,209
K562,FDX2,ENSG00000267673,FDX2,literal_official,276
K562,FDXR,ENSG00000161513,FDXR,literal_official,387
K562,FECH,ENSG00000066926,FECH,literal_official,6
K562,FEM1A,ENSG00000141965,FEM1A,literal_official,226
K562,FEM1B,ENSG00000169018,FEM1B,literal_official,187
K562,FEN1,ENSG00000168496,FEN1,literal_official,320
K562,FERD3L,ENSG00000146618,FERD3L,literal_official,170
K562,FERMT2,ENSG00000073712,FERMT2,literal_official,200
K562,FERMT3,ENSG00000149781,FERMT3,literal_official,195
K562,FES,ENSG00000182511,FES,literal_official,63
K562,FEV,ENSG00000163497,FEV,literal_official,314
K562,FEZ1,ENSG00000149557,FEZ1,literal_official,234
K562,FEZ2,ENSG00000171055,FEZ2,literal_official,374
K562,FEZF1,ENSG00000128610,FEZF1,literal_official,250
K562,FEZF2,ENSG00000153266,FEZF2,literal_official,93
K562,FGD6,ENSG00000180263,FGD6,literal_official,209
K562,FGF13,ENSG00000129682,FGF13,literal_official,156
K562,FGF2,ENSG00000138685,FGF2,literal_official,171
K562,FGFR1,ENSG00000077782,FGFR1,literal_official,298
K562,FGFR1OP,ENSG00000213066,FGFR1OP,literal_official,236
K562,FGFR1OP2,ENSG00000111790,FGFR1OP2,literal_official,382
K562,FGFR3,ENSG00000068078,FGFR3,literal_official,272
K562,FGFR4,ENSG00000160867,FGFR4,literal_official,154
K562,FGFRL1,ENSG00000127418,FGFRL1,literal_official,188
K562,FGGY,ENSG00000172456,FGGY,literal_official,298
K562,FH,ENSG00000091483,FH,literal_official,108
K562,FHIT,ENSG00000189283,FHIT,literal_official,258
K562,FHL2,ENSG00000115641,FHL2,literal_official,218
K562,FHL3,ENSG00000183386,FHL3,literal_official,320
K562,FHOD1,ENSG00000135723,FHOD1,literal_official,135
K562,FIBP,ENSG00000172500,FIBP,literal_official,179
K562,FIGLA,ENSG00000183733,FIGLA,literal_official,327
K562,FIGNL1,ENSG00000132436,FIGNL1,literal_official,248
K562,FIP1L1,ENSG00000145216,FIP1L1,literal_official,20
K562,FIS1,ENSG00000214253,FIS1,literal_official,226
K562,FIZ1,ENSG00000179943,FIZ1,literal_official,194
K562,FJX1,ENSG00000179431,FJX1,literal_official,825
K562,FKBP11,ENSG00000134285,FKBP11,literal_official,258
K562,FKBP14,ENSG00000106080,FKBP14,literal_official,227
K562,FKBP15,ENSG00000119321,FKBP15,literal_official,123
K562,FKBP1A,ENSG00000088832,FKBP1A,literal_official,131
K562,FKBP1B,ENSG00000119782,FKBP1B,literal_official,107
K562,FKBP2,ENSG00000173486,FKBP2,literal_official,183
K562,FKBP3,ENSG00000100442,FKBP3,literal_official,397
K562,FKBP4,ENSG00000004478,FKBP4,literal_official,184
K562,FKBP5,ENSG00000096060,FKBP5,literal_official,213
K562,FKBP7,ENSG00000079150,FKBP7,literal_official,311
K562,FKBP8,ENSG00000105701,FKBP8,literal_official,135
K562,FKBP9,ENSG00000122642,FKBP9,literal_official,211
K562,FKBPL,ENSG00000204315,FKBPL,literal_official,37
K562,FKRP,ENSG00000181027,FKRP,literal_official,229
K562,FLAD1,ENSG00000160688,FLAD1,literal_official,174
K562,FLCN,ENSG00000154803,FLCN,literal_official,105
K562,FLI1,ENSG00000151702,FLI1,literal_official,143
K562,FLII,ENSG00000177731,FLII,literal_official,320
K562,FLNA,ENSG00000196924,FLNA,literal_official,328
K562,FLNB,ENSG00000136068,FLNB,literal_official,169
K562,FLNC,ENSG00000128591,FLNC,literal_official,238
K562,FLOT1,ENSG00000137312,FLOT1,literal_official,208
K562,FLOT2,ENSG00000132589,FLOT2,literal_official,230
K562,FLVCR1,ENSG00000162769,FLVCR1,literal_official,119
K562,FLYWCH1,ENSG00000059122,FLYWCH1,unique_hgnc_bridge,246
K562,FLYWCH2,ENSG00000162076,FLYWCH2,literal_official,241
K562,FMC1,ENSG00000164898,FMC1,literal_official,166
K562,FMNL1,ENSG00000184922,FMNL1,literal_official,187
K562,FMNL3,ENSG00000161791,FMNL3,literal_official,265
K562,FMR1,ENSG00000102081,FMR1,literal_official,252
K562,FMR1NB,ENSG00000176988,FMR1NB,literal_official,208
K562,FN1,ENSG00000115414,FN1,literal_official,196
K562,FN3KRP,ENSG00000141560,FN3KRP,literal_official,81
K562,FNBP1,ENSG00000187239,FNBP1,literal_official,32
K562,FNBP4,ENSG00000109920,FNBP4,literal_official,357
K562,FNDC10,ENSG00000228594,FNDC10,literal_official,121
K562,FNDC3A,ENSG00000102531,FNDC3A,literal_official,340
K562,FNDC3B,ENSG00000075420,FNDC3B,literal_official,152
K562,FNDC4,ENSG00000115226,FNDC4,literal_official,235
K562,FNIP1,ENSG00000217128,FNIP1,literal_official,121
K562,FNIP2,ENSG00000052795,FNIP2,literal_official,210
K562,FNTA,ENSG00000168522,FNTA,literal_official,108
K562,FOLR3,ENSG00000110203,FOLR3,literal_official,610
K562,FOPNL,ENSG00000133393,FOPNL,literal_official,91
K562,FOS,ENSG00000170345,FOS,literal_official,406
K562,FOSB,ENSG00000125740,FOSB,literal_official,311
K562,FOSL1,ENSG00000175592,FOSL1,literal_official,192
K562,FOSL2,ENSG00000075426,FOSL2,literal_official,87
K562,FOXA1,ENSG00000129514,FOXA1,literal_official,240
K562,FOXA2,ENSG00000125798,FOXA2,literal_official,85
K562,FOXA3,ENSG00000170608,FOXA3,literal_official,183
K562,FOXB1,ENSG00000171956,FOXB1,literal_official,208
K562,FOXB2,ENSG00000204612,FOXB2,literal_official,24
K562,FOXC1,ENSG00000054598,FOXC1,literal_official,188
K562,FOXC2,ENSG00000176692,FOXC2,literal_official,167
K562,FOXD1,ENSG00000251493,FOXD1,literal_official,154
K562,FOXD2,ENSG00000186564,FOXD2,literal_official,165
K562,FOXD3,ENSG00000187140,FOXD3,literal_official,434
K562,FOXD4,ENSG00000170122,FOXD4,literal_official,240
K562,FOXD4L1,ENSG00000184492,FOXD4L1,literal_official,184
K562,FOXE1,ENSG00000178919,FOXE1,literal_official,253
K562,FOXE3,ENSG00000186790,FOXE3,literal_official,210
K562,FOXF1,ENSG00000103241,FOXF1,literal_official,240
K562,FOXF2,ENSG00000137273,FOXF2,literal_official,88
K562,FOXG1,ENSG00000176165,FOXG1,literal_official,184
K562,FOXH1,ENSG00000160973,FOXH1,literal_official,286
K562,FOXI1,ENSG00000168269,FOXI1,literal_official,281
K562,FOXI2,ENSG00000186766,FOXI2,literal_official,110
K562,FOXI3,ENSG00000214336,FOXI3,literal_official,94
K562,FOXJ1,ENSG00000129654,FOXJ1,literal_official,164
K562,FOXJ2,ENSG00000065970,FOXJ2,literal_official,210
K562,FOXJ3,ENSG00000198815,FOXJ3,literal_official,198
K562,FOXK1,ENSG00000164916,FOXK1,literal_official,162
K562,FOXK2,ENSG00000141568,FOXK2,literal_official,155
K562,FOXL1,ENSG00000176678,FOXL1,literal_official,267
K562,FOXL2,ENSG00000183770,FOXL2,literal_official,375
K562,FOXM1,ENSG00000111206,FOXM1,literal_official,224
K562,FOXN1,ENSG00000109101,FOXN1,literal_official,116
K562,FOXN2,ENSG00000170802,FOXN2,literal_official,232
K562,FOXN3,ENSG00000053254,FOXN3,literal_official,279
K562,FOXN4,ENSG00000139445,FOXN4,literal_official,173
K562,FOXO1,ENSG00000150907,FOXO1,literal_official,185
K562,FOXO3,ENSG00000118689,FOXO3,literal_official,381
K562,FOXO4,ENSG00000184481,FOXO4,literal_official,293
K562,FOXO6,ENSG00000204060,FOXO6,literal_official,144
K562,FOXP1,ENSG00000114861,FOXP1,literal_official,816
K562,FOXP2,ENSG00000128573,FOXP2,literal_official,187
K562,FOXP3,ENSG00000049768,FOXP3,literal_official,216
K562,FOXP4,ENSG00000137166,FOXP4,literal_official,239
K562,FOXQ1,ENSG00000164379,FOXQ1,literal_official,275
K562,FOXR1,ENSG00000176302,FOXR1,literal_official,255
K562,FOXR2,ENSG00000189299,FOXR2,literal_official,113
K562,FOXRED1,ENSG00000110074,FOXRED1,literal_official,242
K562,FOXRED2,ENSG00000100350,FOXRED2,literal_official,122
K562,FOXS1,ENSG00000179772,FOXS1,literal_official,155
K562,FPGS,ENSG00000136877,FPGS,literal_official,53
K562,FPGT,ENSG00000254685,FPGT,literal_official,157
K562,FRA10AC1,ENSG00000148690,FRA10AC1,literal_official,60
K562,FRAT2,ENSG00000181274,FRAT2,literal_official,252
K562,FRG1,ENSG00000109536,FRG1,literal_official,106
K562,FRG2,ENSG00000205097,FRG2,literal_official,111
K562,FRMD8,ENSG00000126391,FRMD8,literal_official,152
K562,FRRS1,ENSG00000156869,FRRS1,literal_official,170
K562,FRYL,ENSG00000075539,FRYL,literal_official,278
K562,FSCN1,ENSG00000075618,FSCN1,literal_official,453
K562,FSTL3,ENSG00000070404,FSTL3,literal_official,428
K562,FTH1,ENSG00000167996,FTH1,literal_official,73
K562,FTL,ENSG00000087086,FTL,literal_official,158
K562,FTO,ENSG00000140718,FTO,literal_official,240
K562,FTSJ1,ENSG00000068438,FTSJ1,literal_official,130
K562,FTSJ3,ENSG00000108592,FTSJ3,literal_official,64
K562,FUBP1,ENSG00000162613,FUBP1,literal_official,68
K562,FUBP3,ENSG00000107164,FUBP3,literal_official,118
K562,FUCA1,ENSG00000179163,FUCA1,literal_official,173
K562,FUCA2,ENSG00000001036,FUCA2,literal_official,248
K562,FUNDC1,ENSG00000069509,FUNDC1,literal_official,335
K562,FUNDC2,ENSG00000165775,FUNDC2,literal_official,69
K562,FUOM,ENSG00000148803,FUOM,literal_official,151
K562,FURIN,ENSG00000140564,FURIN,literal_official,241
K562,FUS,ENSG00000089280,FUS,literal_official,215
K562,FUT1,ENSG00000174951,FUT1,literal_official,163
K562,FUT10,ENSG00000172728,FUT10,literal_official,127
K562,FUT11,ENSG00000196968,FUT11,literal_official,42
K562,FUT8,ENSG00000033170,FUT8,literal_official,341
K562,FXN,ENSG00000165060,FXN,literal_official,306
K562,FXR1,ENSG00000114416,FXR1,literal_official,204
K562,FXR2,ENSG00000129245,FXR2,literal_official,210
K562,FXYD5,ENSG00000089327,FXYD5,literal_official,318
K562,FYN,ENSG00000010810,FYN,literal_official,219
K562,FYTTD1,ENSG00000122068,FYTTD1,literal_official,65
K562,FZD2,ENSG00000180340,FZD2,literal_official,187
K562,FZD3,ENSG00000104290,FZD3,literal_official,177
K562,FZD5,ENSG00000163251,FZD5,literal_official,197
K562,FZR1,ENSG00000105325,FZR1,literal_official,136
K562,G0S2,ENSG00000123689,G0S2,literal_official,114
K562,G2E3,ENSG00000092140,G2E3,literal_official,21
K562,G3BP1,ENSG00000145907,G3BP1,unique_hgnc_bridge,62
K562,G3BP2,ENSG00000138757,G3BP2,literal_official,175
K562,G6PC3,ENSG00000141349,G6PC3,literal_official,120
K562,G6PD,ENSG00000160211,G6PD,literal_official,175
K562,GAA,ENSG00000171298,GAA,literal_official,134
K562,GAB2,ENSG00000033327,GAB2,literal_official,424
K562,GAB3,ENSG00000160219,GAB3,literal_official,133
K562,GABARAP,ENSG00000170296,GABARAP,literal_official,140
K562,GABARAPL1,ENSG00000139112,GABARAPL1,literal_official,165
K562,GABARAPL2,ENSG00000034713,GABARAPL2,literal_official,82
K562,GABBR1,ENSG00000204681,GABBR1,literal_official,347
K562,GABPA,ENSG00000154727,GABPA,literal_official,196
K562,GABPB1,ENSG00000104064,GABPB1,literal_official,154
K562,GABRE,ENSG00000102287,GABRE,literal_official,209
K562,GABRG3,ENSG00000182256,GABRG3,literal_official,72
K562,GAD1,ENSG00000128683,GAD1,literal_official,251
K562,GADD45A,ENSG00000116717,GADD45A,literal_official,88
K562,GADD45GIP1,ENSG00000179271,GADD45GIP1,literal_official,91
K562,GAK,ENSG00000178950,GAK,literal_official,414
K562,GAL,ENSG00000069482,GAL,literal_official,444
K562,GALC,ENSG00000054983,GALC,literal_official,285
K562,GALE,ENSG00000117308,GALE,literal_official,156
K562,GALK1,ENSG00000108479,GALK1,literal_official,116
K562,GALK2,ENSG00000156958,GALK2,literal_official,136
K562,GALM,ENSG00000143891,GALM,literal_official,96
K562,GALNT1,ENSG00000141429,GALNT1,literal_official,144
K562,GALNT10,ENSG00000164574,GALNT10,literal_official,161
K562,GALNT11,ENSG00000178234,GALNT11,literal_official,284
K562,GALNT12,ENSG00000119514,GALNT12,literal_official,141
K562,GALNT2,ENSG00000143641,GALNT2,literal_official,211
K562,GALNT5,ENSG00000136542,GALNT5,literal_official,81
K562,GALNT6,ENSG00000139629,GALNT6,literal_official,158
K562,GALNT7,ENSG00000109586,GALNT7,literal_official,57
K562,GALT,ENSG00000213930,GALT,literal_official,229
K562,GAMT,ENSG00000130005,GAMT,literal_official,246
K562,GAN,ENSG00000261609,GAN,literal_official,307
K562,GANAB,ENSG00000089597,GANAB,literal_official,268
K562,GANC,ENSG00000214013,GANC,literal_official,57
K562,GAPDH,ENSG00000111640,GAPDH,unique_hgnc_bridge,357
K562,GAPVD1,ENSG00000165219,GAPVD1,literal_official,140
K562,GAR1,ENSG00000109534,GAR1,literal_official,271
K562,GARS,ENSG00000106105,GARS,literal_official,486
K562,GART,ENSG00000159131,GART,literal_official,29
K562,GAS2L1,ENSG00000185340,GAS2L1,literal_official,218
K562,GAS6,ENSG00000183087,GAS6,literal_official,240
K562,GAS8,ENSG00000141013,GAS8,literal_official,313
K562,GATA1,ENSG00000102145,GATA1,literal_official,46
K562,GATA2,ENSG00000179348,GATA2,literal_official,329
K562,GATA3,ENSG00000107485,GATA3,literal_official,118
K562,GATA4,ENSG00000136574,GATA4,literal_official,175
K562,GATA5,ENSG00000130700,GATA5,literal_official,287
K562,GATA6,ENSG00000141448,GATA6,literal_official,105
K562,GATAD1,ENSG00000157259,GATAD1,literal_official,170
K562,GATAD2A,ENSG00000167491,GATAD2A,literal_official,200
K562,GATAD2B,ENSG00000143614,GATAD2B,literal_official,258
K562,GATC,ENSG00000257218,GATC,literal_official,212
K562,GATD1,ENSG00000177225,GATD1,literal_official,45
K562,GATD3A,ENSG00000160221,GATD3A,literal_official,139
K562,GBA,ENSG00000177628,GBA,literal_official,249
K562,GBA2,ENSG00000070610,GBA2,literal_official,186
K562,GBE1,ENSG00000114480,GBE1,literal_official,99
K562,GBF1,ENSG00000107862,GBF1,literal_official,82
K562,GBGT1,ENSG00000148288,GBGT1,literal_official,141
K562,GBX1,ENSG00000164900,GBX1,literal_official,373
K562,GBX2,ENSG00000168505,GBX2,literal_official,194
K562,GCAT,ENSG00000100116,GCAT,literal_official,254
K562,GCC1,ENSG00000179562,GCC1,literal_official,112
K562,GCC2,ENSG00000135968,GCC2,literal_official,117
K562,GCDH,ENSG00000105607,GCDH,literal_official,187
K562,GCFC2,ENSG00000005436,GCFC2,literal_official,155
K562,GCHFR,ENSG00000137880,GCHFR,literal_official,164
K562,GCLC,ENSG00000001084,GCLC,literal_official,326
K562,GCLM,ENSG00000023909,GCLM,literal_official,202
K562,GCM1,ENSG00000137270,GCM1,literal_official,184
K562,GCM2,ENSG00000124827,GCM2,literal_official,251
K562,GCOM1,ENSG00000137878,GCOM1,literal_official,197
K562,GCSH,ENSG00000140905,GCSH,literal_official,337
K562,GDA,ENSG00000119125,GDA,literal_official,168
K562,GDAP2,ENSG00000196505,GDAP2,literal_official,264
K562,GDE1,ENSG00000006007,GDE1,literal_official,309
K562,GDF11,ENSG00000135414,GDF11,literal_official,281
K562,GDF15,ENSG00000130513,GDF15,literal_official,38
K562,GDI1,ENSG00000203879,GDI1,literal_official,237
K562,GDI2,ENSG00000057608,GDI2,literal_official,162
K562,GDPD5,ENSG00000158555,GDPD5,literal_official,376
K562,GEMIN2,ENSG00000092208,GEMIN2,literal_official,142
K562,GEMIN4,ENSG00000179409,GEMIN4,literal_official,89
K562,GEMIN5,ENSG00000082516,GEMIN5,literal_official,110
K562,GEMIN6,ENSG00000152147,GEMIN6,literal_official,242
K562,GEMIN7,ENSG00000142252,GEMIN7,literal_official,380
K562,GEMIN8,ENSG00000046647,GEMIN8,literal_official,187
K562,GEN1,ENSG00000178295,GEN1,literal_official,154
K562,GET1,ENSG00000182093,GET1,literal_official,142
K562,GET3,ENSG00000198356,GET3,literal_official,152
K562,GET4,ENSG00000239857,GET4,unique_hgnc_bridge,217
K562,GFER,ENSG00000127554,GFER,literal_official,415
K562,GFI1,ENSG00000162676,GFI1,literal_official,312
K562,GFI1B,ENSG00000165702,GFI1B,literal_official,42
K562,GFM1,ENSG00000168827,GFM1,literal_official,481
K562,GFM2,ENSG00000164347,GFM2,literal_official,52
K562,GFOD1,ENSG00000145990,GFOD1,literal_official,330
K562,GFOD2,ENSG00000141098,GFOD2,literal_official,276
K562,GFPT1,ENSG00000198380,GFPT1,literal_official,114
K562,GGA1,ENSG00000100083,GGA1,literal_official,241
K562,GGA2,ENSG00000103365,GGA2,literal_official,198
K562,GGA3,ENSG00000125447,GGA3,literal_official,294
K562,GGCT,ENSG00000006625,GGCT,literal_official,315
K562,GGCX,ENSG00000115486,GGCX,literal_official,102
K562,GGH,ENSG00000137563,GGH,literal_official,59
K562,GGNBP2,ENSG00000278311,GGNBP2,literal_official,220
K562,GGPS1,ENSG00000152904,GGPS1,literal_official,242
K562,GGT1,ENSG00000286070,GGT1,literal_official_id_unresolved,252
K562,GHDC,ENSG00000167925,GHDC,literal_official,130
K562,GHITM,ENSG00000165678,GHITM,literal_official,125
K562,GID4,ENSG00000141034,GID4,literal_official,147
K562,GID8,ENSG00000101193,GID8,literal_official,230
K562,GIGYF1,ENSG00000146830,GIGYF1,literal_official,307
K562,GIGYF2,ENSG00000204120,GIGYF2,literal_official,251
K562,GINM1,ENSG00000055211,GINM1,literal_official,85
K562,GINS1,ENSG00000101003,GINS1,literal_official,69
K562,GINS2,ENSG00000131153,GINS2,literal_official,65
K562,GINS3,ENSG00000181938,GINS3,literal_official,117
K562,GINS4,ENSG00000147536,GINS4,literal_official,67
K562,GIPC1,ENSG00000123159,GIPC1,literal_official,158
K562,GIPC3,ENSG00000179855,GIPC3,literal_official,183
K562,GIPR,ENSG00000010310,GIPR,literal_official,289
K562,GIT1,ENSG00000108262,GIT1,literal_official,194
K562,GIT2,ENSG00000139436,GIT2,literal_official,118
K562,GJA3,ENSG00000121743,GJA3,literal_official,256
K562,GJC1,ENSG00000182963,GJC1,literal_official,231
K562,GK,ENSG00000198814,GK,literal_official,178
K562,GK5,ENSG00000175066,GK5,literal_official,180
K562,GKAP1,ENSG00000165113,GKAP1,literal_official,72
K562,GLA,ENSG00000102393,GLA,literal_official,68
K562,GLB1,ENSG00000170266,GLB1,literal_official,95
K562,GLB1L2,ENSG00000149328,GLB1L2,literal_official,196
K562,GLCCI1,ENSG00000106415,GLCCI1,literal_official,225
K562,GLCE,ENSG00000138604,GLCE,literal_official,237
K562,GLE1,ENSG00000119392,GLE1,literal_official,64
K562,GLG1,ENSG00000090863,GLG1,literal_official,194
K562,GLI1,ENSG00000111087,GLI1,literal_official,184
K562,GLI2,ENSG00000074047,GLI2,literal_official,229
K562,GLI3,ENSG00000106571,GLI3,literal_official,324
K562,GLI4,ENSG00000250571,GLI4,literal_official,329
K562,GLIS1,ENSG00000174332,GLIS1,literal_official,47
K562,GLIS2,ENSG00000126603,GLIS2,literal_official,93
K562,GLIS3,ENSG00000107249,GLIS3,literal_official,249
K562,GLMN,ENSG00000174842,GLMN,literal_official,153
K562,GLO1,ENSG00000124767,GLO1,literal_official,170
K562,GLOD4,ENSG00000167699,GLOD4,literal_official,222
K562,GLOD5,ENSG00000171433,GLOD5,literal_official,60
K562,GLRX,ENSG00000173221,GLRX,literal_official,237
K562,GLRX2,ENSG00000023572,GLRX2,literal_official,179
K562,GLRX3,ENSG00000108010,GLRX3,literal_official,346
K562,GLRX5,ENSG00000182512,GLRX5,literal_official,184
K562,GLS,ENSG00000115419,GLS,literal_official,69
K562,GLT8D1,ENSG00000016864,GLT8D1,literal_official,342
K562,GLTP,ENSG00000139433,GLTP,literal_official,118
K562,GLUD1,ENSG00000148672,GLUD1,literal_official,182
K562,GLUD2,ENSG00000182890,GLUD2,literal_official,142
K562,GLUL,ENSG00000135821,GLUL,literal_official,187
K562,GLYR1,ENSG00000140632,GLYR1,literal_official,237
K562,GM2A,ENSG00000196743,GM2A,literal_official,70
K562,GMCL1,ENSG00000087338,GMCL1,literal_official,128
K562,GMDS,ENSG00000112699,GMDS,literal_official,184
K562,GMEB1,ENSG00000162419,GMEB1,literal_official,161
K562,GMEB2,ENSG00000101216,GMEB2,literal_official,140
K562,GMFB,ENSG00000197045,GMFB,literal_official,177
K562,GMFG,ENSG00000130755,GMFG,literal_official,201
K562,GMIP,ENSG00000089639,GMIP,literal_official,182
K562,GMNN,ENSG00000112312,GMNN,literal_official,55
K562,GMPPA,ENSG00000144591,GMPPA,literal_official,281
K562,GMPPB,ENSG00000173540,GMPPB,literal_official,347
K562,GMPR,ENSG00000137198,GMPR,literal_official,136
K562,GMPR2,ENSG00000100938,GMPR2,literal_official,164
K562,GMPS,ENSG00000163655,GMPS,literal_official,153
K562,GNA11,ENSG00000088256,GNA11,literal_official,82
K562,GNA13,ENSG00000120063,GNA13,literal_official,117
K562,GNAI2,ENSG00000114353,GNAI2,literal_official,85
K562,GNAI3,ENSG00000065135,GNAI3,literal_official,211
K562,GNAQ,ENSG00000156052,GNAQ,literal_official,124
K562,GNAS,ENSG00000087460,GNAS,unique_hgnc_bridge,92
K562,GNB1,ENSG00000078369,GNB1,literal_official,52
K562,GNB1L,ENSG00000185838,GNB1L,literal_official,168
K562,GNB2,ENSG00000172354,GNB2,literal_official,131
K562,GNB4,ENSG00000114450,GNB4,literal_official,123
K562,GNE,ENSG00000159921,GNE,literal_official,107
K562,GNG10,ENSG00000242616,GNG10,literal_official,101
K562,GNG12,ENSG00000172380,GNG12,literal_official,192
K562,GNG5,ENSG00000174021,GNG5,literal_official,208
K562,GNG7,ENSG00000176533,GNG7,literal_official,393
K562,GNL1,ENSG00000204590,GNL1,literal_official,151
K562,GNL2,ENSG00000134697,GNL2,literal_official,205
K562,GNL3,ENSG00000163938,GNL3,literal_official,30
K562,GNL3L,ENSG00000130119,GNL3L,literal_official,116
K562,GNPAT,ENSG00000116906,GNPAT,literal_official,167
K562,GNPDA1,ENSG00000113552,GNPDA1,literal_official,122
K562,GNPDA2,ENSG00000163281,GNPDA2,literal_official,139
K562,GNPNAT1,ENSG00000100522,GNPNAT1,literal_official,244
K562,GNPTAB,ENSG00000111670,GNPTAB,literal_official,184
K562,GNPTG,ENSG00000090581,GNPTG,literal_official,209
K562,GNS,ENSG00000135677,GNS,literal_official,276
K562,GOLGA1,ENSG00000136935,GOLGA1,literal_official,113
K562,GOLGA2,ENSG00000167110,GOLGA2,literal_official,206
K562,GOLGA3,ENSG00000090615,GOLGA3,literal_official,36
K562,GOLGA4,ENSG00000144674,GOLGA4,unique_hgnc_bridge,204
K562,GOLGA5,ENSG00000066455,GOLGA5,literal_official,130
K562,GOLGA6L1,ENSG00000273976,GOLGA6L1,literal_official,482
K562,GOLGA7,ENSG00000147533,GOLGA7,literal_official,111
K562,GOLGA8A,ENSG00000175265,GOLGA8A,literal_official,436
K562,GOLGA8B,ENSG00000215252,GOLGA8B,literal_official,191
K562,GOLGB1,ENSG00000173230,GOLGB1,literal_official,118
K562,GOLIM4,ENSG00000173905,GOLIM4,literal_official,127
K562,GOLM1,ENSG00000135052,GOLM1,literal_official,483
K562,GOLPH3,ENSG00000113384,GOLPH3,literal_official,107
K562,GOLPH3L,ENSG00000143457,GOLPH3L,literal_official,66
K562,GOLT1B,ENSG00000111711,GOLT1B,literal_official,101
K562,GON4L,ENSG00000116580,GON4L,literal_official,440
K562,GON7,ENSG00000170270,GON7,literal_official,247
K562,GOPC,ENSG00000047932,GOPC,literal_official,139
K562,GORAB,ENSG00000120370,GORAB,literal_official,249
K562,GORASP1,ENSG00000114745,GORASP1,literal_official,245
K562,GORASP2,ENSG00000115806,GORASP2,literal_official,194
K562,GOSR1,ENSG00000108587,GOSR1,literal_official,130
K562,GOSR2,ENSG00000108433,GOSR2,literal_official,126
K562,GOT1,ENSG00000120053,GOT1,literal_official,240
K562,GOT2,ENSG00000125166,GOT2,literal_official,232
K562,GP1BB,ENSG00000203618,GP1BB,literal_official,298
K562,GP6,ENSG00000088053,GP6,literal_official,262
K562,GPAA1,ENSG00000197858,GPAA1,literal_official,141
K562,GPALPP1,ENSG00000133114,GPALPP1,literal_official,86
K562,GPANK1,ENSG00000204438,GPANK1,literal_official,99
K562,GPATCH1,ENSG00000076650,GPATCH1,literal_official,215
K562,GPATCH11,ENSG00000152133,GPATCH11,literal_official,136
K562,GPATCH2,ENSG00000092978,GPATCH2,literal_official,27
K562,GPATCH2L,ENSG00000089916,GPATCH2L,literal_official,225
K562,GPATCH3,ENSG00000198746,GPATCH3,literal_official,262
K562,GPATCH4,ENSG00000160818,GPATCH4,literal_official,208
K562,GPATCH8,ENSG00000186566,GPATCH8,literal_official,284
K562,GPBP1,ENSG00000062194,GPBP1,literal_official,284
K562,GPBP1L1,ENSG00000159592,GPBP1L1,literal_official,190
K562,GPCPD1,ENSG00000125772,GPCPD1,literal_official,227
K562,GPD1L,ENSG00000152642,GPD1L,literal_official,178
K562,GPD2,ENSG00000115159,GPD2,literal_official,132
K562,GPHN,ENSG00000171723,GPHN,literal_official,274
K562,GPI,ENSG00000105220,GPI,literal_official,231
K562,GPKOW,ENSG00000068394,GPKOW,literal_official,83
K562,GPN1,ENSG00000198522,GPN1,literal_official,85
K562,GPN2,ENSG00000142751,GPN2,literal_official,43
K562,GPN3,ENSG00000111231,GPN3,literal_official,129
K562,GPR107,ENSG00000148358,GPR107,literal_official,129
K562,GPR108,ENSG00000125734,GPR108,literal_official,201
K562,GPR137,ENSG00000173264,GPR137,literal_official,257
K562,GPR160,ENSG00000173890,GPR160,literal_official,244
K562,GPR180,ENSG00000152749,GPR180,literal_official,208
K562,GPR61,ENSG00000156097,GPR61,literal_official,238
K562,GPR68,ENSG00000119714,GPR68,literal_official,362
K562,GPR89A,ENSG00000117262,GPR89A,literal_official,129
K562,GPR89B,ENSG00000188092,GPR89B,literal_official,45
K562,GPRC5C,ENSG00000170412,GPRC5C,literal_official,217
K562,GPRIN1,ENSG00000169258,GPRIN1,literal_official,253
K562,GPS1,ENSG00000169727,GPS1,literal_official,671
K562,GPS2,ENSG00000132522,GPS2,literal_official,305
K562,GPSM1,ENSG00000160360,GPSM1,literal_official,359
K562,GPSM2,ENSG00000121957,GPSM2,literal_official,242
K562,GPSM3,ENSG00000213654,GPSM3,literal_official,257
K562,GPT2,ENSG00000166123,GPT2,literal_official,38
K562,GPX4,ENSG00000167468,GPX4,literal_official,322
K562,GRAMD1A,ENSG00000089351,GRAMD1A,literal_official,255
K562,GRAMD4,ENSG00000075240,GRAMD4,literal_official,167
K562,GRAP2,ENSG00000100351,GRAP2,literal_official,214
K562,GRB10,ENSG00000106070,GRB10,literal_official,458
K562,GRB2,ENSG00000177885,GRB2,literal_official,436
K562,GRHL1,ENSG00000134317,GRHL1,literal_official,241
K562,GRHL2,ENSG00000083307,GRHL2,literal_official,293
K562,GRHL3,ENSG00000158055,GRHL3,literal_official,115
K562,GRHPR,ENSG00000137106,GRHPR,literal_official,341
K562,GRINA,ENSG00000178719,GRINA,literal_official,6
K562,GRIPAP1,ENSG00000068400,GRIPAP1,literal_official,227
K562,GRK2,ENSG00000173020,GRK2,literal_official,230
K562,GRK3,ENSG00000100077,GRK3,literal_official,120
K562,GRK6,ENSG00000198055,GRK6,literal_official,161
K562,GRN,ENSG00000030582,GRN,literal_official,118
K562,GRPEL1,ENSG00000109519,GRPEL1,literal_official,206
K562,GRPEL2,ENSG00000164284,GRPEL2,literal_official,296
K562,GRSF1,ENSG00000132463,GRSF1,literal_official,273
K562,GRTP1,ENSG00000139835,GRTP1,literal_official,331
K562,GRWD1,ENSG00000105447,GRWD1,literal_official,420
K562,GSC,ENSG00000133937,GSC,literal_official,188
K562,GSC2,ENSG00000063515,GSC2,literal_official,142
K562,GSDMA,ENSG00000167914,GSDMA,literal_official,264
K562,GSE1,ENSG00000131149,GSE1,literal_official,243
K562,GSK3A,ENSG00000105723,GSK3A,literal_official,292
K562,GSK3B,ENSG00000082701,GSK3B,literal_official,227
K562,GSKIP,ENSG00000100744,GSKIP,literal_official,281
K562,GSN,ENSG00000148180,GSN,literal_official,184
K562,GSPT1,ENSG00000103342,GSPT1,literal_official,45
K562,GSR,ENSG00000104687,GSR,literal_official,194
K562,GSS,ENSG00000100983,GSS,literal_official,170
K562,GSTCD,ENSG00000138780,GSTCD,literal_official,13
K562,GSTK1,ENSG00000197448,GSTK1,literal_official,215
K562,GSTM3,ENSG00000134202,GSTM3,literal_official,209
K562,GSTM4,ENSG00000168765,GSTM4,literal_official,102
K562,GSTO1,ENSG00000148834,GSTO1,literal_official,150
K562,GSTP1,ENSG00000084207,GSTP1,literal_official,122
K562,GSTZ1,ENSG00000100577,GSTZ1,literal_official,169
K562,GSX1,ENSG00000169840,GSX1,literal_official,149
K562,GSX2,ENSG00000180613,GSX2,literal_official,167
K562,GTF2A1,ENSG00000165417,GTF2A1,literal_official,144
K562,GTF2A2,ENSG00000140307,GTF2A2,literal_official,237
K562,GTF2B,ENSG00000137947,GTF2B,literal_official,29
K562,GTF2E1,ENSG00000153767,GTF2E1,literal_official,219
K562,GTF2E2,ENSG00000197265,GTF2E2,literal_official,115
K562,GTF2F1,ENSG00000125651,GTF2F1,literal_official,80
K562,GTF2F2,ENSG00000188342,GTF2F2,literal_official,62
K562,GTF2H1,ENSG00000110768,GTF2H1,literal_official,223
K562,GTF2H2,ENSG00000145736,GTF2H2,literal_official,382
K562,GTF2H2C,ENSG00000183474,GTF2H2C,literal_official,176
K562,GTF2H3,ENSG00000111358,GTF2H3,literal_official,130
K562,GTF2H4,ENSG00000213780,GTF2H4,literal_official,153
K562,GTF2H5,ENSG00000272047,GTF2H5,literal_official,98
K562,GTF2I,ENSG00000263001,GTF2I,literal_official,230
K562,GTF2IRD1,ENSG00000006704,GTF2IRD1,literal_official,93
K562,GTF2IRD2,ENSG00000196275,GTF2IRD2,literal_official,300
K562,GTF2IRD2B,ENSG00000174428,GTF2IRD2B,literal_official,224
K562,GTF3A,ENSG00000122034,GTF3A,literal_official,132
K562,GTF3C1,ENSG00000077235,GTF3C1,literal_official,301
K562,GTF3C2,ENSG00000115207,GTF3C2,literal_official,240
K562,GTF3C3,ENSG00000119041,GTF3C3,literal_official,159
K562,GTF3C4,ENSG00000125484,GTF3C4,literal_official,324
K562,GTF3C5,ENSG00000148308,GTF3C5,literal_official,424
K562,GTF3C6,ENSG00000155115,GTF3C6,literal_official,509
K562,GTPBP1,ENSG00000100226,GTPBP1,literal_official,235
K562,GTPBP10,ENSG00000105793,GTPBP10,literal_official,151
K562,GTPBP2,ENSG00000172432,GTPBP2,literal_official,321
K562,GTPBP3,ENSG00000130299,GTPBP3,literal_official,145
K562,GTPBP4,ENSG00000107937,GTPBP4,literal_official,114
K562,GTPBP6,ENSG00000178605,GTPBP6,literal_official,171
K562,GTPBP8,ENSG00000163607,GTPBP8,literal_official,93
K562,GTSE1,ENSG00000075218,GTSE1,literal_official,253
K562,GTSF1,ENSG00000170627,GTSF1,literal_official,38
K562,GUCD1,ENSG00000138867,GUCD1,literal_official,205
K562,GUF1,ENSG00000151806,GUF1,literal_official,62
K562,GUK1,ENSG00000143774,GUK1,literal_official,313
K562,GULP1,ENSG00000144366,GULP1,literal_official,70
K562,GUSB,ENSG00000169919,GUSB,literal_official,230
K562,GXYLT1,ENSG00000151233,GXYLT1,literal_official,221
K562,GYG1,ENSG00000163754,GYG1,literal_official,270
K562,GYPA,ENSG00000170180,GYPA,literal_official,47
K562,GYPB,ENSG00000250361,GYPB,literal_official,115
K562,GYPC,ENSG00000136732,GYPC,literal_official,114
K562,GYPE,ENSG00000197465,GYPE,literal_official,53
K562,GYS1,ENSG00000104812,GYS1,literal_official,291
K562,GZF1,ENSG00000125812,GZF1,literal_official,307
K562,H1FX,ENSG00000184897,H1FX,literal_official,175
K562,H2AFV,ENSG00000105968,H2AZ2,unique_hgnc_bridge,311
K562,H2AFX,ENSG00000188486,H2AFX,literal_official,309
K562,H2AFY,ENSG00000113648,H2AFY,literal_official,155
K562,H2AFZ,ENSG00000164032,H2AFZ,literal_official,271
K562,H3F3A,ENSG00000163041,H3F3A,literal_official,522
K562,H3F3B,ENSG00000132475,H3F3B,literal_official,132
K562,HACE1,ENSG00000085382,HACE1,literal_official,249
K562,HACL1,ENSG00000131373,HACL1,literal_official,158
K562,HADH,ENSG00000138796,HADH,literal_official,183
K562,HADHA,ENSG00000084754,HADHA,literal_official,82
K562,HADHB,ENSG00000138029,HADHB,literal_official,63
K562,HAGH,ENSG00000063854,HAGH,literal_official,116
K562,HAGHL,ENSG00000103253,HAGHL,literal_official,274
K562,HAMP,ENSG00000105697,HAMP,literal_official,83
K562,HAND1,ENSG00000113196,HAND1,literal_official,200
K562,HAND2,ENSG00000164107,HAND2,literal_official,229
K562,HAPLN2,ENSG00000132702,HAPLN2,literal_official,235
K562,HARS,ENSG00000170445,HARS,literal_official,153
K562,HARS2,ENSG00000112855,HARS2,literal_official,104
K562,HAT1,ENSG00000128708,HAT1,literal_official,32
K562,HAUS1,ENSG00000152240,HAUS1,literal_official,26
K562,HAUS2,ENSG00000137814,HAUS2,literal_official,28
K562,HAUS3,ENSG00000214367,HAUS3,literal_official,193
K562,HAUS4,ENSG00000092036,HAUS4,literal_official,71
K562,HAUS5,ENSG00000249115,HAUS5,literal_official,76
K562,HAUS6,ENSG00000147874,HAUS6,literal_official,40
K562,HAUS7,ENSG00000213397,HAUS7,literal_official,364
K562,HAUS8,ENSG00000131351,HAUS8,literal_official,152
K562,HAX1,ENSG00000143575,HAX1,literal_official,191
K562,HBA2,ENSG00000188536,HBA2,literal_official,1199
K562,HBD,ENSG00000223609,HBD,literal_official,92
K562,HBE1,ENSG00000213931,HBE1,literal_official,19
K562,HBG1,ENSG00000213934,HBG1,literal_official,84
K562,HBG2,ENSG00000196565,HBG2,literal_official,186
K562,HBP1,ENSG00000105856,HBP1,literal_official,182
K562,HBQ1,ENSG00000086506,HBQ1,literal_official,216
K562,HBS1L,ENSG00000112339,HBS1L,literal_official,71
K562,HBZ,ENSG00000130656,HBZ,literal_official,71
K562,HCCS,ENSG00000004961,HCCS,literal_official,134
K562,HCFC1,ENSG00000172534,HCFC1,literal_official,104
K562,HCFC1R1,ENSG00000103145,HCFC1R1,literal_official,80
K562,HCLS1,ENSG00000180353,HCLS1,literal_official,211
K562,HCRTR1,ENSG00000121764,HCRTR1,literal_official,344
K562,HDAC1,ENSG00000116478,HDAC1,literal_official,165
K562,HDAC10,ENSG00000100429,HDAC10,literal_official,135
K562,HDAC2,ENSG00000196591,HDAC2,literal_official,98
K562,HDAC3,ENSG00000171720,HDAC3,literal_official,142
K562,HDAC5,ENSG00000108840,HDAC5,literal_official,129
K562,HDAC6,ENSG00000094631,HDAC6,literal_official,138
K562,HDAC7,ENSG00000061273,HDAC7,literal_official,50
K562,HDAC8,ENSG00000147099,HDAC8,literal_official,133
K562,HDDC2,ENSG00000111906,HDDC2,literal_official,171
K562,HDDC3,ENSG00000184508,HDDC3,literal_official,223
K562,HDGF,ENSG00000143321,HDGF,literal_official,35
K562,HDHD2,ENSG00000167220,HDHD2,literal_official,81
K562,HDHD3,ENSG00000119431,HDHD3,literal_official,45
K562,HDHD5,ENSG00000069998,HDHD5,literal_official,124
K562,HDLBP,ENSG00000115677,HDLBP,literal_official,330
K562,HDX,ENSG00000165259,HDX,literal_official,219
K562,HEATR1,ENSG00000119285,HEATR1,literal_official,106
K562,HEATR3,ENSG00000155393,HEATR3,literal_official,118
K562,HEATR5A,ENSG00000129493,HEATR5A,literal_official,199
K562,HEATR5B,ENSG00000008869,HEATR5B,literal_official,51
K562,HEBP1,ENSG00000013583,HEBP1,literal_official,106
K562,HEBP2,ENSG00000051620,HEBP2,literal_official,46
K562,HECTD1,ENSG00000092148,HECTD1,literal_official,344
K562,HECTD3,ENSG00000126107,HECTD3,literal_official,249
K562,HECTD4,ENSG00000173064,HECTD4,literal_official,222
K562,HELLS,ENSG00000119969,HELLS,literal_official,29
K562,HELQ,ENSG00000163312,HELQ,literal_official,169
K562,HELT,ENSG00000187821,HELT,literal_official,166
K562,HELZ,ENSG00000198265,HELZ,literal_official,190
K562,HEMGN,ENSG00000136929,HEMGN,literal_official,157
K562,HEMK1,ENSG00000114735,HEMK1,literal_official,138
K562,HEPH,ENSG00000089472,HEPH,literal_official,170
K562,HERC1,ENSG00000103657,HERC1,literal_official,239
K562,HERC4,ENSG00000148634,HERC4,literal_official,121
K562,HERPUD1,ENSG00000051108,HERPUD1,literal_official,238
K562,HERPUD2,ENSG00000122557,HERPUD2,literal_official,149
K562,HES1,ENSG00000114315,HES1,literal_official,245
K562,HES2,ENSG00000069812,HES2,literal_official,232
K562,HES3,ENSG00000173673,HES3,literal_official,171
K562,HES4,ENSG00000188290,HES4,literal_official,171
K562,HES5,ENSG00000197921,HES5,literal_official,152
K562,HES6,ENSG00000144485,HES6,literal_official,85
K562,HES7,ENSG00000179111,HES7,literal_official,117
K562,HESX1,ENSG00000163666,HESX1,literal_official,150
K562,HEXA,ENSG00000213614,HEXA,literal_official,135
K562,HEXB,ENSG00000049860,HEXB,literal_official,193
K562,HEXD,ENSG00000169660,HEXD,literal_official,242
K562,HEXIM1,ENSG00000186834,HEXIM1,literal_official,203
K562,HEXIM2,ENSG00000168517,HEXIM2,literal_official,233
K562,HEY1,ENSG00000164683,HEY1,literal_official,158
K562,HEY2,ENSG00000135547,HEY2,literal_official,170
K562,HEYL,ENSG00000163909,HEYL,literal_official,161
K562,HGS,ENSG00000185359,HGS,literal_official,91
K562,HHEX,ENSG00000152804,HHEX,literal_official,228
K562,HHLA3,ENSG00000197568,HHLA3,literal_official,120
K562,HIBADH,ENSG00000106049,HIBADH,literal_official,210
K562,HIBCH,ENSG00000198130,HIBCH,literal_official,220
K562,HIC1,ENSG00000177374,HIC1,literal_official,222
K562,HIC2,ENSG00000169635,HIC2,literal_official,282
K562,HIF1A,ENSG00000100644,HIF1A,literal_official,163
K562,HIF1AN,ENSG00000166135,HIF1AN,literal_official,76
K562,HIF3A,ENSG00000124440,HIF3A,literal_official,453
K562,HIGD1A,ENSG00000181061,HIGD1A,literal_official,79
K562,HIGD2A,ENSG00000146066,HIGD2A,literal_official,176
K562,HIKESHI,ENSG00000149196,HIKESHI,literal_official,381
K562,HILPDA,ENSG00000135245,HILPDA,literal_official,83
K562,HINFP,ENSG00000172273,HINFP,literal_official,103
K562,HINT1,ENSG00000169567,HINT1,literal_official,183
K562,HINT2,ENSG00000137133,HINT2,literal_official,183
K562,HINT3,ENSG00000111911,HINT3,literal_official,118
K562,HIP1R,ENSG00000130787,HIP1R,literal_official,193
K562,HIPK1,ENSG00000163349,HIPK1,literal_official,173
K562,HIPK2,ENSG00000064393,HIPK2,literal_official,233
K562,HIPK3,ENSG00000110422,HIPK3,literal_official,402
K562,HIRA,ENSG00000100084,HIRA,literal_official,608
K562,HIRIP3,ENSG00000149929,HIRIP3,literal_official,90
K562,HIST1H1B,ENSG00000184357,HIST1H1B,literal_official,220
K562,HIST1H1C,ENSG00000187837,HIST1H1C,literal_official,308
K562,HIST1H1D,ENSG00000124575,HIST1H1D,literal_official,145
K562,HIST1H1E,ENSG00000168298,HIST1H1E,literal_official,95
K562,HIST1H2AA,ENSG00000164508,HIST1H2AA,literal_official,156
K562,HIST1H2AB,ENSG00000278463,H2AC4,unique_hgnc_bridge,247
K562,HIST1H2AC,ENSG00000180573,HIST1H2AC,literal_official,121
K562,HIST1H2AD,ENSG00000196866,H2AC7,unique_hgnc_bridge,99
K562,HIST1H2AE,ENSG00000277075,HIST1H2AE,literal_official,254
K562,HIST1H2AG,ENSG00000196787,HIST1H2AG,literal_official,206
K562,HIST1H2AH,ENSG00000274997,HIST1H2AH,literal_official,37
K562,HIST1H2AI,ENSG00000196747,HIST1H2AI,literal_official,125
K562,HIST1H2AK,ENSG00000275221,HIST1H2AK,literal_official,88
K562,HIST1H2AL,ENSG00000276903,H2AC16,unique_hgnc_bridge,114
K562,HIST1H2AM,ENSG00000278677,H2AC17,unique_hgnc_bridge,121
K562,HIST1H2BA,ENSG00000146047,HIST1H2BA,literal_official,202
K562,HIST1H2BB,ENSG00000276410,HIST1H2BB,literal_official,303
K562,HIST1H2BC,ENSG00000180596,H2BC4,unique_hgnc_bridge,158
K562,HIST1H2BD,ENSG00000158373,H2BC5,unique_hgnc_bridge,248
K562,HIST1H2BE,ENSG00000274290,H2BC6,unique_hgnc_bridge,172
K562,HIST1H2BF,ENSG00000277224,H2BC7,unique_hgnc_bridge,260
K562,HIST1H2BG,ENSG00000273802,HIST1H2BG,literal_official,118
K562,HIST1H2BH,ENSG00000275713,HIST1H2BH,literal_official,193
K562,HIST1H2BJ,ENSG00000124635,H2BC11,unique_hgnc_bridge,127
K562,HIST1H2BK,ENSG00000197903,H2BC12,unique_hgnc_bridge,55
K562,HIST1H2BL,ENSG00000185130,H2BC13,unique_hgnc_bridge,495
K562,HIST1H2BM,ENSG00000273703,HIST1H2BM,literal_official,364
K562,HIST1H2BN,ENSG00000233822,HIST1H2BN,literal_official,271
K562,HIST1H2BO,ENSG00000274641,H2BC17,unique_hgnc_bridge,244
K562,HIST1H3A,ENSG00000275714,H3C1,unique_hgnc_bridge,66
K562,HIST1H3F,ENSG00000277775,H3C7,unique_hgnc_bridge,145
K562,HIST1H3H,ENSG00000278828,HIST1H3H,literal_official,23
K562,HIST1H3J,ENSG00000197153,HIST1H3J,literal_official,102
K562,HIST1H4A,ENSG00000278637,H4C1,unique_hgnc_bridge,22
K562,HIST1H4B,ENSG00000278705,HIST1H4B,literal_official,91
K562,HIST1H4C,ENSG00000197061,HIST1H4C,literal_official,274
K562,HIST1H4D,ENSG00000277157,H4C4,unique_hgnc_bridge,316
K562,HIST1H4E,ENSG00000276966,HIST1H4E,literal_official,161
K562,HIST1H4H,ENSG00000158406,H4C8,unique_hgnc_bridge,185
K562,HIST1H4I,ENSG00000276180,HIST1H4I,literal_official,177
K562,HIST1H4J,ENSG00000197238,HIST1H4J,literal_official,184
K562,HIST2H2AA3,ENSG00000203812,H2AC18,unique_hgnc_bridge,194
K562,HIST2H2AB,ENSG00000184270,H2AC21,unique_hgnc_bridge,164
K562,HIST2H2AC,ENSG00000184260,H2AC20,unique_hgnc_bridge,142
K562,HIST2H2BE,ENSG00000184678,HIST2H2BE,literal_official,71
K562,HIST2H2BF,ENSG00000203814,H2BC18,unique_hgnc_bridge,210
K562,HIST2H3A,ENSG00000203852,H3C15,unique_hgnc_bridge,186
K562,HIST2H3D,ENSG00000183598,H3C13,unique_hgnc_bridge,356
K562,HIST2H4A,ENSG00000270882,H4C14,unique_hgnc_bridge,477
K562,HIST3H2A,ENSG00000181218,HIST3H2A,literal_official,116
K562,HIST3H2BB,ENSG00000196890,HIST3H2BB,literal_official,183
K562,HIVEP1,ENSG00000095951,HIVEP1,unique_hgnc_bridge,41
K562,HIVEP2,ENSG00000010818,HIVEP2,literal_official,315
K562,HIVEP3,ENSG00000127124,HIVEP3,literal_official,254
K562,HJURP,ENSG00000123485,HJURP,literal_official,173
K562,HK1,ENSG00000156515,HK1,literal_official,452
K562,HK2,ENSG00000159399,HK2,literal_official,229
K562,HLA-B,ENSG00000234745,HLA-B,unique_hgnc_bridge,215
K562,HLA-C,ENSG00000204525,HLA-C,unique_hgnc_bridge,125
K562,HLA-E,ENSG00000204592,HLA-E,unique_hgnc_bridge,173
K562,HLCS,ENSG00000159267,HLCS,literal_official,558
K562,HLF,ENSG00000108924,HLF,literal_official,522
K562,HLTF,ENSG00000071794,HLTF,literal_official,95
K562,HLX,ENSG00000136630,HLX,literal_official,56
K562,HM13,ENSG00000101294,HM13,literal_official,263
K562,HMBOX1,ENSG00000147421,HMBOX1,literal_official,148
K562,HMBS,ENSG00000256269,HMBS,literal_official,479
K562,HMCES,ENSG00000183624,HMCES,literal_official,204
K562,HMG20A,ENSG00000140382,HMG20A,literal_official,118
K562,HMG20B,ENSG00000064961,HMG20B,literal_official,153
K562,HMGA1,ENSG00000137309,HMGA1,literal_official,228
K562,HMGA2,ENSG00000149948,HMGA2,literal_official,188
K562,HMGB1,ENSG00000189403,HMGB1,unique_hgnc_bridge,521
K562,HMGB2,ENSG00000164104,HMGB2,literal_official,263
K562,HMGB3,ENSG00000029993,HMGB3,literal_official,199
K562,HMGCL,ENSG00000117305,HMGCL,literal_official,149
K562,HMGCR,ENSG00000113161,HMGCR,literal_official,279
K562,HMGCS1,ENSG00000112972,HMGCS1,literal_official,63
K562,HMGN1,ENSG00000205581,HMGN1,literal_official,184
K562,HMGN2,ENSG00000198830,HMGN2,unique_hgnc_bridge,239
K562,HMGN3,ENSG00000118418,HMGN3,literal_official,130
K562,HMGN4,ENSG00000182952,HMGN4,literal_official,177
K562,HMGN5,ENSG00000198157,HMGN5,literal_official,100
K562,HMGXB3,ENSG00000113716,HMGXB3,literal_official,342
K562,HMGXB4,ENSG00000100281,HMGXB4,literal_official,200
K562,HMMR,ENSG00000072571,HMMR,literal_official,136
K562,HMOX2,ENSG00000103415,HMOX2,literal_official,381
K562,HMX1,ENSG00000215612,HMX1,literal_official,107
K562,HMX2,ENSG00000188816,HMX2,literal_official,132
K562,HMX3,ENSG00000188620,HMX3,literal_official,173
K562,HNF1A,ENSG00000135100,HNF1A,literal_official,78
K562,HNF1B,ENSG00000275410,HNF1B,literal_official,206
K562,HNF4A,ENSG00000101076,HNF4A,literal_official,347
K562,HNF4G,ENSG00000164749,HNF4G,literal_official,146
K562,HNRNPA0,ENSG00000177733,HNRNPA0,literal_official,130
K562,HNRNPA1,ENSG00000135486,HNRNPA1,unique_hgnc_bridge,260
K562,HNRNPA1L2,ENSG00000139675,HNRNPA1L2,unique_hgnc_bridge,83
K562,HNRNPA2B1,ENSG00000122566,HNRNPA2B1,literal_official,275
K562,HNRNPA3,ENSG00000170144,HNRNPA3,literal_official,134
K562,HNRNPAB,ENSG00000197451,HNRNPAB,literal_official,186
K562,HNRNPC,ENSG00000092199,HNRNPC,literal_official,136
K562,HNRNPD,ENSG00000138668,HNRNPD,literal_official,61
K562,HNRNPDL,ENSG00000152795,HNRNPDL,literal_official,103
K562,HNRNPF,ENSG00000169813,HNRNPF,literal_official,404
K562,HNRNPH1,ENSG00000169045,HNRNPH1,unique_hgnc_bridge,255
K562,HNRNPH2,ENSG00000126945,HNRNPH2,literal_official,79
K562,HNRNPH3,ENSG00000096746,HNRNPH3,literal_official,186
K562,HNRNPK,ENSG00000165119,HNRNPK,literal_official,33
K562,HNRNPL,ENSG00000104824,HNRNPL,literal_official,195
K562,HNRNPLL,ENSG00000143889,HNRNPLL,literal_official,107
K562,HNRNPM,ENSG00000099783,HNRNPM,literal_official,412
K562,HNRNPR,ENSG00000125944,HNRNPR,literal_official,274
K562,HNRNPU,ENSG00000153187,HNRNPU,literal_official,169
K562,HNRNPUL1,ENSG00000105323,HNRNPUL1,literal_official,172
K562,HNRNPUL2,ENSG00000214753,HNRNPUL2,literal_official,209
K562,HOMER1,ENSG00000152413,HOMER1,literal_official,283
K562,HOMER3,ENSG00000051128,HOMER3,literal_official,249
K562,HOMEZ,ENSG00000215271,HOMEZ,literal_official_id_unresolved,198
K562,HOOK1,ENSG00000134709,HOOK1,literal_official,36
K562,HOOK2,ENSG00000095066,HOOK2,literal_official,426
K562,HOOK3,ENSG00000168172,HOOK3,literal_official,205
K562,HOXA1,ENSG00000105991,HOXA1,literal_official,96
K562,HOXA10,ENSG00000253293,HOXA10,literal_official,221
K562,HOXA11,ENSG00000005073,HOXA11,literal_official,72
K562,HOXA13,ENSG00000106031,HOXA13,literal_official,156
K562,HOXA2,ENSG00000105996,HOXA2,literal_official,228
K562,HOXA3,ENSG00000105997,HOXA3,literal_official,411
K562,HOXA4,ENSG00000197576,HOXA4,literal_official,129
K562,HOXA5,ENSG00000106004,HOXA5,literal_official,122
K562,HOXA6,ENSG00000106006,HOXA6,literal_official,137
K562,HOXA7,ENSG00000122592,HOXA7,literal_official,154
K562,HOXA9,ENSG00000078399,HOXA9,literal_official,145
K562,HOXB1,ENSG00000120094,HOXB1,literal_official,37
K562,HOXB13,ENSG00000159184,HOXB13,literal_official,189
K562,HOXB2,ENSG00000173917,HOXB2,literal_official,170
K562,HOXB3,ENSG00000120093,HOXB3,literal_official,152
K562,HOXB4,ENSG00000182742,HOXB4,literal_official,236
K562,HOXB5,ENSG00000120075,HOXB5,literal_official,334
K562,HOXB6,ENSG00000108511,HOXB6,literal_official,321
K562,HOXB7,ENSG00000260027,HOXB7,literal_official,272
K562,HOXB8,ENSG00000120068,HOXB8,literal_official,281
K562,HOXB9,ENSG00000170689,HOXB9,literal_official,273
K562,HOXC10,ENSG00000180818,HOXC10,literal_official,151
K562,HOXC11,ENSG00000123388,HOXC11,literal_official,194
K562,HOXC12,ENSG00000123407,HOXC12,literal_official,224
K562,HOXC13,ENSG00000123364,HOXC13,literal_official,103
K562,HOXC4,ENSG00000198353,HOXC4,literal_official,222
K562,HOXC5,ENSG00000172789,HOXC5,literal_official,136
K562,HOXC6,ENSG00000197757,HOXC6,literal_official,11
K562,HOXC8,ENSG00000037965,HOXC8,literal_official,144
K562,HOXC9,ENSG00000180806,HOXC9,literal_official,210
K562,HOXD1,ENSG00000128645,HOXD1,literal_official,214
K562,HOXD10,ENSG00000128710,HOXD10,literal_official,299
K562,HOXD11,ENSG00000128713,HOXD11,literal_official,193
K562,HOXD12,ENSG00000170178,HOXD12,literal_official,323
K562,HOXD13,ENSG00000128714,HOXD13,literal_official,195
K562,HOXD3,ENSG00000128652,HOXD3,literal_official,109
K562,HOXD4,ENSG00000170166,HOXD4,literal_official,130
K562,HOXD8,ENSG00000175879,HOXD8,literal_official,190
K562,HOXD9,ENSG00000128709,HOXD9,literal_official,208
K562,HP1BP3,ENSG00000127483,HP1BP3,literal_official,300
K562,HPCAL1,ENSG00000115756,HPCAL1,literal_official,400
K562,HPF1,ENSG00000056050,HPF1,literal_official,202
K562,HPRT1,ENSG00000165704,HPRT1,literal_official,142
K562,HPS1,ENSG00000107521,HPS1,literal_official,200
K562,HPS3,ENSG00000163755,HPS3,literal_official,139
K562,HPS4,ENSG00000100099,HPS4,literal_official,266
K562,HPS5,ENSG00000110756,HPS5,literal_official,68
K562,HPS6,ENSG00000166189,HPS6,literal_official,74
K562,HRAS,ENSG00000174775,HRAS,literal_official,264
K562,HRC,ENSG00000130528,HRC,literal_official,365
K562,HS2ST1,ENSG00000153936,HS2ST1,literal_official,191
K562,HS3ST3A1,ENSG00000153976,HS3ST3A1,literal_official,89
K562,HS3ST3B1,ENSG00000125430,HS3ST3B1,literal_official,89
K562,HS6ST1,ENSG00000136720,HS6ST1,literal_official,414
K562,HSBP1,ENSG00000230989,HSBP1,literal_official,168
K562,HSCB,ENSG00000100209,HSCB,literal_official,167
K562,HSD11B1L,ENSG00000167733,HSD11B1L,literal_official,174
K562,HSD17B1,ENSG00000108786,HSD17B1,literal_official,173
K562,HSD17B10,ENSG00000072506,HSD17B10,literal_official,69
K562,HSD17B11,ENSG00000198189,HSD17B11,literal_official,122
K562,HSD17B12,ENSG00000149084,HSD17B12,literal_official,137
K562,HSD17B4,ENSG00000133835,HSD17B4,literal_official,174
K562,HSD17B7,ENSG00000132196,HSD17B7,literal_official,560
K562,HSD17B8,ENSG00000204228,HSD17B8,literal_official,230
K562,HSD3B7,ENSG00000099377,HSD3B7,literal_official,285
K562,HSDL1,ENSG00000103160,HSDL1,literal_official,183
K562,HSDL2,ENSG00000119471,HSDL2,literal_official,246
K562,HSF1,ENSG00000185122,HSF1,literal_official,241
K562,HSF2,ENSG00000025156,HSF2,literal_official,55
K562,HSF4,ENSG00000102878,HSF4,literal_official,137
K562,HSF5,ENSG00000176160,HSF5,literal_official,167
K562,HSFX1,ENSG00000171116,HSFX1,unique_hgnc_bridge,370
K562,HSFY1,ENSG00000172468,HSFY1,unique_hgnc_bridge,235
K562,HSP90AA1,ENSG00000080824,HSP90AA1,literal_official,251
K562,HSP90AB1,ENSG00000096384,HSP90AB1,literal_official,74
K562,HSP90B1,ENSG00000166598,HSP90B1,literal_official,239
K562,HSPA13,ENSG00000155304,HSPA13,literal_official,100
K562,HSPA14,ENSG00000284024,,symbol_ensembl_conflict,222
K562,HSPA1B,ENSG00000204388,HSPA1B,literal_official,231
K562,HSPA4,ENSG00000170606,HSPA4,literal_official,64
K562,HSPA4L,ENSG00000164070,HSPA4L,literal_official,239
K562,HSPA5,ENSG00000044574,HSPA5,literal_official,299
K562,HSPA8,ENSG00000109971,HSPA8,literal_official,232
K562,HSPA9,ENSG00000113013,HSPA9,literal_official,212
K562,HSPB1,ENSG00000106211,HSPB1,literal_official,281
K562,HSPB11,ENSG00000081870,HSPB11,literal_official,142
K562,HSPBP1,ENSG00000133265,HSPBP1,literal_official,136
K562,HSPD1,ENSG00000144381,HSPD1,literal_official,214
K562,HSPE1,ENSG00000115541,HSPE1,literal_official,39
K562,HSPG2,ENSG00000142798,HSPG2,literal_official,860
K562,HSPH1,ENSG00000120694,HSPH1,literal_official,110
K562,HTATIP2,ENSG00000109854,HTATIP2,literal_official,208
K562,HTATSF1,ENSG00000102241,HTATSF1,literal_official,248
K562,HTRA2,ENSG00000115317,HTRA2,literal_official,178
K562,HTT,ENSG00000197386,HTT,literal_official,199
K562,HUS1,ENSG00000136273,HUS1,literal_official,417
K562,HUWE1,ENSG00000086758,HUWE1,literal_official,222
K562,HYAL2,ENSG00000068001,HYAL2,literal_official,399
K562,HYAL3,ENSG00000186792,HYAL3,literal_official,64
K562,HYI,ENSG00000178922,HYI,literal_official,120
K562,HYLS1,ENSG00000198331,HYLS1,literal_official,157
K562,HYOU1,ENSG00000149428,HYOU1,literal_official,71
K562,HYPK,ENSG00000242028,HYPK,literal_official,175
K562,IAH1,ENSG00000134330,IAH1,literal_official,73
K562,IARS,ENSG00000196305,IARS,literal_official,92
K562,IARS2,ENSG00000067704,IARS2,literal_official,94
K562,IBA57,ENSG00000181873,IBA57,literal_official,235
K562,IBTK,ENSG00000005700,IBTK,literal_official,371
K562,ICA1,ENSG00000003147,ICA1,literal_official,34
K562,ICAM1,ENSG00000090339,ICAM1,literal_official,121
K562,ICAM2,ENSG00000108622,ICAM2,literal_official,73
K562,ICAM3,ENSG00000076662,ICAM3,literal_official,176
K562,ICAM4,ENSG00000105371,ICAM4,literal_official,48
K562,ICAM5,ENSG00000105376,ICAM5,literal_official,292
K562,ICE1,ENSG00000164151,ICE1,unique_hgnc_bridge,195
K562,ICK,ENSG00000112144,ICK,literal_official,167
K562,ICMT,ENSG00000116237,ICMT,literal_official,221
K562,ID1,ENSG00000125968,ID1,literal_official,81
K562,ID2,ENSG00000115738,ID2,literal_official,325
K562,ID3,ENSG00000117318,ID3,literal_official,200
K562,IDE,ENSG00000119912,IDE,literal_official,283
K562,IDH1,ENSG00000138413,IDH1,literal_official,125
K562,IDH2,ENSG00000182054,IDH2,literal_official,26
K562,IDH3A,ENSG00000166411,IDH3A,literal_official,108
K562,IDH3B,ENSG00000101365,IDH3B,literal_official,145
K562,IDH3G,ENSG00000067829,IDH3G,literal_official,232
K562,IDI1,ENSG00000067064,IDI1,literal_official,153
K562,IDS,ENSG00000010404,IDS,literal_official,129
K562,IDUA,ENSG00000127415,IDUA,literal_official,95
K562,IER2,ENSG00000160888,IER2,literal_official,123
K562,IER3,ENSG00000137331,IER3,literal_official,92
K562,IER3IP1,ENSG00000134049,IER3IP1,literal_official,95
K562,IER5,ENSG00000162783,IER5,literal_official,203
K562,IER5L,ENSG00000188483,IER5L,literal_official,216
K562,IFI27L1,ENSG00000165948,IFI27L1,literal_official,71
K562,IFI27L2,ENSG00000119632,IFI27L2,literal_official,89
K562,IFI30,ENSG00000216490,IFI30,literal_official,107
K562,IFI35,ENSG00000068079,IFI35,literal_official,39
K562,IFITM1,ENSG00000185885,IFITM1,literal_official,217
K562,IFITM2,ENSG00000185201,IFITM2,literal_official,262
K562,IFITM3,ENSG00000142089,IFITM3,literal_official,71
K562,IFNAR1,ENSG00000142166,IFNAR1,literal_official,87
K562,IFNAR2,ENSG00000159110,IFNAR2,literal_official,183
K562,IFNGR1,ENSG00000027697,IFNGR1,literal_official,81
K562,IFNGR2,ENSG00000159128,IFNGR2,literal_official,295
K562,IFRD1,ENSG00000006652,IFRD1,literal_official,472
K562,IFRD2,ENSG00000214706,IFRD2,literal_official,92
K562,IFT172,ENSG00000138002,IFT172,literal_official,195
K562,IFT20,ENSG00000109083,IFT20,literal_official,228
K562,IFT27,ENSG00000100360,IFT27,literal_official,168
K562,IFT43,ENSG00000119650,IFT43,literal_official,251
K562,IFT46,ENSG00000118096,IFT46,literal_official,152
K562,IFT52,ENSG00000101052,IFT52,literal_official,119
K562,IFT57,ENSG00000114446,IFT57,literal_official,278
K562,IFT80,ENSG00000068885,IFT80,literal_official,107
K562,IFT81,ENSG00000122970,IFT81,literal_official,180
K562,IFT88,ENSG00000032742,IFT88,literal_official,252
K562,IGBP1,ENSG00000089289,IGBP1,literal_official,165
K562,IGF1,ENSG00000017427,IGF1,literal_official,23
K562,IGF1R,ENSG00000140443,IGF1R,literal_official,252
K562,IGF2BP1,ENSG00000159217,IGF2BP1,literal_official,114
K562,IGF2BP2,ENSG00000073792,IGF2BP2,literal_official,39
K562,IGF2BP3,ENSG00000136231,IGF2BP3,literal_official,104
K562,IGF2R,ENSG00000197081,IGF2R,literal_official,244
K562,IGFBP2,ENSG00000115457,IGFBP2,literal_official,239
K562,IGFBP4,ENSG00000141753,IGFBP4,literal_official,339
K562,IGFLR1,ENSG00000126246,IGFLR1,literal_official,274
K562,IGHMBP2,ENSG00000132740,IGHMBP2,unique_hgnc_bridge,134
K562,IGSF3,ENSG00000143061,IGSF3,literal_official,165
K562,IGSF8,ENSG00000162729,IGSF8,literal_official,298
K562,IK,ENSG00000113141,IK,literal_official,327
K562,IKBIP,ENSG00000166130,IKBIP,literal_official,163
K562,IKBKB,ENSG00000104365,IKBKB,literal_official,116
K562,IKBKE,ENSG00000263528,IKBKE,literal_official,195
K562,IKBKG,ENSG00000269335,IKBKG,literal_official,190
K562,IKZF1,ENSG00000185811,IKZF1,literal_official,120
K562,IKZF2,ENSG00000030419,IKZF2,literal_official,307
K562,IKZF3,ENSG00000161405,IKZF3,literal_official,75
K562,IKZF4,ENSG00000123411,IKZF4,literal_official,471
K562,IKZF5,ENSG00000095574,IKZF5,literal_official,239
K562,IL10RB,ENSG00000243646,IL10RB,literal_official,241
K562,IL13RA1,ENSG00000131724,IL13RA1,literal_official,280
K562,IL15RA,ENSG00000134470,IL15RA,literal_official,112
K562,IL17RA,ENSG00000177663,IL17RA,literal_official,168
K562,IL17RC,ENSG00000163702,IL17RC,literal_official,181
K562,IL23A,ENSG00000110944,IL23A,literal_official,39
K562,IL23R,ENSG00000162594,IL23R,literal_official,126
K562,IL27RA,ENSG00000104998,IL27RA,literal_official,117
K562,IL6ST,ENSG00000134352,IL6ST,literal_official,240
K562,ILF2,ENSG00000143621,ILF2,literal_official,88
K562,ILF3,ENSG00000129351,ILF3,literal_official,213
K562,ILK,ENSG00000166333,ILK,literal_official,218
K562,ILKAP,ENSG00000132323,ILKAP,literal_official,236
K562,ILRUN,ENSG00000196821,ILRUN,literal_official,161
K562,ILVBL,ENSG00000105135,ILVBL,literal_official,211
K562,IMMP1L,ENSG00000148950,IMMP1L,literal_official,44
K562,IMMP2L,ENSG00000184903,IMMP2L,literal_official,175
K562,IMMT,ENSG00000132305,IMMT,literal_official,72
K562,IMP3,ENSG00000177971,IMP3,literal_official,25
K562,IMP4,ENSG00000136718,IMP4,literal_official,88
K562,IMPA1,ENSG00000133731,IMPA1,literal_official,200
K562,IMPA2,ENSG00000141401,IMPA2,literal_official,103
K562,IMPACT,ENSG00000154059,IMPACT,literal_official,283
K562,IMPAD1,ENSG00000104331,IMPAD1,literal_official,90
K562,IMPDH1,ENSG00000106348,IMPDH1,literal_official,348
K562,IMPDH2,ENSG00000178035,IMPDH2,literal_official,142
K562,INCENP,ENSG00000149503,INCENP,literal_official,34
K562,INF2,ENSG00000203485,INF2,literal_official,137
K562,ING1,ENSG00000153487,ING1,literal_official,381
K562,ING2,ENSG00000168556,ING2,literal_official,130
K562,ING3,ENSG00000071243,ING3,literal_official,169
K562,ING4,ENSG00000111653,ING4,literal_official,155
K562,ING5,ENSG00000168395,ING5,literal_official,215
K562,INHBE,ENSG00000139269,INHBE,literal_official,122
K562,INIP,ENSG00000148153,INIP,literal_official,123
K562,INKA2,ENSG00000197852,INKA2,literal_official,215
K562,INO80,ENSG00000128908,INO80,literal_official,286
K562,INO80B,ENSG00000115274,INO80B,literal_official,194
K562,INO80C,ENSG00000153391,INO80C,literal_official,167
K562,INO80D,ENSG00000114933,INO80D,literal_official,255
K562,INO80E,ENSG00000169592,INO80E,literal_official,23
K562,INPP1,ENSG00000151689,INPP1,literal_official,250
K562,INPP4A,ENSG00000040933,INPP4A,literal_official,161
K562,INPP5A,ENSG00000068383,INPP5A,literal_official,240
K562,INPP5B,ENSG00000204084,INPP5B,literal_official,276
K562,INPP5E,ENSG00000148384,INPP5E,literal_official,127
K562,INPP5F,ENSG00000198825,INPP5F,literal_official,303
K562,INPP5K,ENSG00000132376,INPP5K,literal_official,238
K562,INPPL1,ENSG00000165458,INPPL1,literal_official,173
K562,INSIG1,ENSG00000186480,INSIG1,literal_official,121
K562,INSIG2,ENSG00000125629,INSIG2,literal_official,317
K562,INSM1,ENSG00000173404,INSM1,literal_official,196
K562,INSM2,ENSG00000168348,INSM2,literal_official,229
K562,INTS1,ENSG00000164880,INTS1,literal_official,440
K562,INTS10,ENSG00000104613,INTS10,literal_official,148
K562,INTS11,ENSG00000127054,INTS11,literal_official,71
K562,INTS12,ENSG00000138785,INTS12,literal_official,89
K562,INTS13,ENSG00000064102,INTS13,literal_official,117
K562,INTS14,ENSG00000138614,INTS14,literal_official,183
K562,INTS2,ENSG00000108506,INTS2,literal_official,59
K562,INTS3,ENSG00000143624,INTS3,literal_official,135
K562,INTS4,ENSG00000149262,INTS4,literal_official,37
K562,INTS5,ENSG00000185085,INTS5,literal_official,56
K562,INTS6,ENSG00000102786,INTS6,literal_official,280
K562,INTS7,ENSG00000143493,INTS7,literal_official,66
K562,INTS8,ENSG00000164941,INTS8,literal_official,108
K562,INTS9,ENSG00000104299,INTS9,literal_official,84
K562,INTU,ENSG00000164066,INTU,literal_official,319
K562,INVS,ENSG00000119509,INVS,literal_official,90
K562,IP6K1,ENSG00000176095,IP6K1,literal_official,39
K562,IP6K2,ENSG00000068745,IP6K2,literal_official,239
K562,IPO11,ENSG00000086200,IPO11,literal_official,175
K562,IPO13,ENSG00000117408,IPO13,literal_official,60
K562,IPO4,ENSG00000196497,IPO4,literal_official,162
K562,IPO5,ENSG00000065150,IPO5,literal_official,117
K562,IPO7,ENSG00000205339,IPO7,unique_hgnc_bridge,164
K562,IPO8,ENSG00000133704,IPO8,literal_official,239
K562,IPO9,ENSG00000198700,IPO9,literal_official,415
K562,IPP,ENSG00000197429,IPP,literal_official,255
K562,IPPK,ENSG00000127080,IPPK,literal_official,168
K562,IQCB1,ENSG00000173226,IQCB1,literal_official,245
K562,IQCC,ENSG00000160051,IQCC,literal_official,285
K562,IQCE,ENSG00000106012,IQCE,literal_official,161
K562,IQGAP1,ENSG00000140575,IQGAP1,literal_official,44
K562,IQGAP2,ENSG00000145703,IQGAP2,literal_official,138
K562,IQGAP3,ENSG00000183856,IQGAP3,literal_official,59
K562,IQSEC1,ENSG00000144711,IQSEC1,literal_official,124
K562,IQSEC2,ENSG00000124313,IQSEC2,literal_official,488
K562,IRAK1,ENSG00000184216,IRAK1,literal_official,317
K562,IRAK4,ENSG00000198001,IRAK4,literal_official,214
K562,IREB2,ENSG00000136381,IREB2,literal_official,157
K562,IRF1,ENSG00000125347,IRF1,literal_official,274
K562,IRF2,ENSG00000168310,IRF2,literal_official,57
K562,IRF2BP1,ENSG00000170604,IRF2BP1,literal_official,134
K562,IRF2BP2,ENSG00000168264,IRF2BP2,literal_official,287
K562,IRF2BPL,ENSG00000119669,IRF2BPL,literal_official,320
K562,IRF3,ENSG00000126456,IRF3,literal_official,342
K562,IRF4,ENSG00000137265,IRF4,literal_official,186
K562,IRF5,ENSG00000128604,IRF5,literal_official,352
K562,IRF6,ENSG00000117595,IRF6,literal_official,90
K562,IRF7,ENSG00000185507,IRF7,literal_official,170
K562,IRF8,ENSG00000140968,IRF8,literal_official,153
K562,IRF9,ENSG00000213928,IRF9,literal_official,130
K562,IRGQ,ENSG00000167378,IRGQ,literal_official,121
K562,IRX1,ENSG00000170549,IRX1,literal_official,89
K562,IRX2,ENSG00000170561,IRX2,literal_official,379
K562,IRX3,ENSG00000177508,IRX3,literal_official,145
K562,IRX4,ENSG00000113430,IRX4,literal_official,33
K562,IRX5,ENSG00000176842,IRX5,literal_official,142
K562,IRX6,ENSG00000159387,IRX6,literal_official,205
K562,ISCA1,ENSG00000135070,ISCA1,literal_official,67
K562,ISCA2,ENSG00000165898,ISCA2,literal_official,512
K562,ISCU,ENSG00000136003,ISCU,literal_official,121
K562,ISG15,ENSG00000187608,ISG15,literal_official,47
K562,ISG20L2,ENSG00000143319,ISG20L2,literal_official,45
K562,ISL1,ENSG00000016082,ISL1,literal_official,525
K562,ISL2,ENSG00000159556,ISL2,literal_official,181
K562,ISOC1,ENSG00000066583,ISOC1,literal_official,188
K562,ISOC2,ENSG00000063241,ISOC2,literal_official,416
K562,IST1,ENSG00000182149,IST1,literal_official,335
K562,ISX,ENSG00000175329,ISX,literal_official,179
K562,ISY1,ENSG00000240682,ISY1,literal_official,57
K562,ISYNA1,ENSG00000105655,ISYNA1,literal_official,279
K562,ITCH,ENSG00000078747,ITCH,literal_official,170
K562,ITFG1,ENSG00000129636,ITFG1,literal_official,12
K562,ITFG2,ENSG00000111203,ITFG2,literal_official,51
K562,ITGA2B,ENSG00000005961,ITGA2B,literal_official,232
K562,ITGA5,ENSG00000161638,ITGA5,literal_official,200
K562,ITGAE,ENSG00000083457,ITGAE,unique_hgnc_bridge,205
K562,ITGAV,ENSG00000138448,ITGAV,literal_official,105
K562,ITGB1,ENSG00000150093,ITGB1,literal_official,269
K562,ITGB1BP1,ENSG00000119185,ITGB1BP1,literal_official,164
K562,ITGB3BP,ENSG00000142856,ITGB3BP,literal_official,199
K562,ITGB5,ENSG00000082781,ITGB5,literal_official,178
K562,ITM2A,ENSG00000078596,ITM2A,literal_official,171
K562,ITM2B,ENSG00000136156,ITM2B,literal_official,150
K562,ITM2C,ENSG00000135916,ITM2C,literal_official,144
K562,ITPA,ENSG00000125877,ITPA,literal_official,186
K562,ITPK1,ENSG00000100605,ITPK1,literal_official,78
K562,ITPKA,ENSG00000137825,ITPKA,literal_official,874
K562,ITPKC,ENSG00000086544,ITPKC,literal_official,186
K562,ITPR1,ENSG00000150995,ITPR1,literal_official,133
K562,ITPR2,ENSG00000123104,ITPR2,literal_official,290
K562,ITPR3,ENSG00000096433,ITPR3,literal_official,84
K562,ITPRID2,ENSG00000138434,ITPRID2,literal_official,190
K562,ITPRIP,ENSG00000148841,ITPRIP,literal_official,76
K562,ITSN1,ENSG00000205726,ITSN1,literal_official,237
K562,ITSN2,ENSG00000198399,ITSN2,literal_official,209
K562,IVNS1ABP,ENSG00000116679,IVNS1ABP,literal_official,217
K562,IWS1,ENSG00000163166,IWS1,literal_official,118
K562,JAG2,ENSG00000184916,JAG2,literal_official,163
K562,JAGN1,ENSG00000171135,JAGN1,literal_official,307
K562,JAK1,ENSG00000162434,JAK1,literal_official,78
K562,JAK2,ENSG00000096968,JAK2,literal_official,268
K562,JARID2,ENSG00000008083,JARID2,literal_official,149
K562,JAZF1,ENSG00000153814,JAZF1,literal_official,460
K562,JDP2,ENSG00000140044,JDP2,literal_official,252
K562,JKAMP,ENSG00000050130,JKAMP,literal_official,146
K562,JMJD1C,ENSG00000171988,JMJD1C,literal_official,66
K562,JMJD4,ENSG00000081692,JMJD4,literal_official,288
K562,JMJD6,ENSG00000070495,JMJD6,literal_official,412
K562,JMJD8,ENSG00000161999,JMJD8,literal_official,177
K562,JMY,ENSG00000152409,JMY,literal_official,284
K562,JOSD1,ENSG00000100221,JOSD1,literal_official,88
K562,JOSD2,ENSG00000161677,JOSD2,literal_official,181
K562,JPT1,ENSG00000189159,JPT1,literal_official,187
K562,JPT2,ENSG00000206053,JPT2,literal_official,116
K562,JRK,ENSG00000234616,JRK,literal_official,406
K562,JRKL,ENSG00000183340,JRKL,literal_official,155
K562,JTB,ENSG00000143543,JTB,literal_official,199
K562,JUN,ENSG00000177606,JUN,literal_official,216
K562,JUNB,ENSG00000171223,JUNB,literal_official,266
K562,JUND,ENSG00000130522,JUND,literal_official,135
K562,JUP,ENSG00000173801,JUP,literal_official,95
K562,KALRN,ENSG00000160145,KALRN,literal_official,157
K562,KANK2,ENSG00000197256,KANK2,literal_official,191
K562,KANSL1,ENSG00000120071,KANSL1,literal_official,44
K562,KANSL2,ENSG00000139620,KANSL2,literal_official,159
K562,KANSL3,ENSG00000114982,KANSL3,literal_official,255
K562,KARS,ENSG00000065427,KARS,literal_official,105
K562,KAT2A,ENSG00000108773,KAT2A,literal_official,105
K562,KAT2B,ENSG00000114166,KAT2B,literal_official,155
K562,KAT5,ENSG00000172977,KAT5,literal_official,237
K562,KAT6A,ENSG00000083168,KAT6A,literal_official,146
K562,KAT6B,ENSG00000156650,KAT6B,literal_official,97
K562,KAT7,ENSG00000136504,KAT7,literal_official,125
K562,KAT8,ENSG00000103510,KAT8,literal_official,466
K562,KATNA1,ENSG00000186625,KATNA1,literal_official,183
K562,KATNAL1,ENSG00000102781,KATNAL1,literal_official,128
K562,KATNB1,ENSG00000140854,KATNB1,literal_official,468
K562,KATNBL1,ENSG00000134152,KATNBL1,literal_official,158
K562,KAZALD1,ENSG00000107821,KAZALD1,literal_official,114
K562,KBTBD2,ENSG00000170852,KBTBD2,literal_official,180
K562,KBTBD3,ENSG00000182359,KBTBD3,literal_official,110
K562,KBTBD4,ENSG00000123444,KBTBD4,literal_official,118
K562,KBTBD6,ENSG00000165572,KBTBD6,literal_official,193
K562,KCMF1,ENSG00000176407,KCMF1,literal_official,259
K562,KCNA10,ENSG00000143105,KCNA10,literal_official,289
K562,KCNE3,ENSG00000175538,KCNE3,literal_official,469
K562,KCNH2,ENSG00000055118,KCNH2,literal_official,615
K562,KCNIP3,ENSG00000115041,KCNIP3,literal_official,413
K562,KCNK5,ENSG00000164626,KCNK5,literal_official,284
K562,KCNMB3,ENSG00000171121,KCNMB3,literal_official,33
K562,KCNN4,ENSG00000104783,KCNN4,literal_official,165
K562,KCTD10,ENSG00000110906,KCTD10,literal_official,58
K562,KCTD13,ENSG00000174943,KCTD13,literal_official,269
K562,KCTD15,ENSG00000153885,KCTD15,literal_official,124
K562,KCTD2,ENSG00000180901,KCTD2,literal_official,157
K562,KCTD20,ENSG00000112078,KCTD20,literal_official,104
K562,KCTD3,ENSG00000136636,KCTD3,literal_official,34
K562,KCTD5,ENSG00000167977,KCTD5,literal_official,146
K562,KCTD6,ENSG00000168301,KCTD6,literal_official,194
K562,KCTD9,ENSG00000104756,KCTD9,literal_official,262
K562,KDELR1,ENSG00000105438,KDELR1,literal_official,30
K562,KDELR2,ENSG00000136240,KDELR2,literal_official,244
K562,KDELR3,ENSG00000100196,KDELR3,literal_official,98
K562,KDM1A,ENSG00000004487,KDM1A,literal_official,150
K562,KDM1B,ENSG00000165097,KDM1B,literal_official,253
K562,KDM2A,ENSG00000173120,KDM2A,literal_official,298
K562,KDM2B,ENSG00000089094,KDM2B,literal_official,326
K562,KDM3A,ENSG00000115548,KDM3A,literal_official,211
K562,KDM3B,ENSG00000120733,KDM3B,literal_official,227
K562,KDM4A,ENSG00000066135,KDM4A,literal_official,272
K562,KDM4B,ENSG00000127663,KDM4B,literal_official,121
K562,KDM4C,ENSG00000107077,KDM4C,literal_official,264
K562,KDM5A,ENSG00000073614,KDM5A,literal_official,185
K562,KDM5B,ENSG00000117139,KDM5B,literal_official,193
K562,KDM5C,ENSG00000126012,KDM5C,literal_official,223
K562,KDM6A,ENSG00000147050,KDM6A,literal_official,312
K562,KDM8,ENSG00000155666,KDM8,literal_official,168
K562,KDSR,ENSG00000119537,KDSR,literal_official,62
K562,KEAP1,ENSG00000079999,KEAP1,literal_official,266
K562,KEL,ENSG00000197993,KEL,literal_official,308
K562,KHDC1,ENSG00000135314,KHDC1,literal_official,138
K562,KHDC4,ENSG00000132680,KHDC4,literal_official,166
K562,KHDRBS1,ENSG00000121774,KHDRBS1,literal_official,129
K562,KHK,ENSG00000138030,KHK,literal_official,127
K562,KHNYN,ENSG00000100441,KHNYN,literal_official,223
K562,KHSRP,ENSG00000088247,KHSRP,literal_official,101
K562,KIAA0100,ENSG00000007202,KIAA0100,literal_official,63
K562,KIAA0232,ENSG00000170871,KIAA0232,literal_official,181
K562,KIAA0319L,ENSG00000142687,KIAA0319L,literal_official,123
K562,KIAA0355,ENSG00000166398,KIAA0355,literal_official,242
K562,KIAA0513,ENSG00000135709,KIAA0513,literal_official,174
K562,KIAA0586,ENSG00000100578,KIAA0586,literal_official,175
K562,KIAA0895L,ENSG00000196123,KIAA0895L,literal_official,198
K562,KIAA0930,ENSG00000100364,KIAA0930,literal_official,390
K562,KIAA1109,ENSG00000138688,KIAA1109,literal_official,310
K562,KIAA1143,ENSG00000163807,KIAA1143,literal_official,434
K562,KIAA1191,ENSG00000122203,KIAA1191,literal_official,195
K562,KIAA1324L,ENSG00000164659,KIAA1324L,literal_official,54
K562,KIAA1522,ENSG00000162522,KIAA1522,literal_official,392
K562,KIAA1586,ENSG00000168116,KIAA1586,literal_official,227
K562,KIAA1958,ENSG00000165185,KIAA1958,literal_official,16
K562,KIAA2013,ENSG00000116685,KIAA2013,literal_official,148
K562,KIDINS220,ENSG00000134313,KIDINS220,literal_official,92
K562,KIF11,ENSG00000138160,KIF11,literal_official,772
K562,KIF13A,ENSG00000137177,KIF13A,literal_official,254
K562,KIF14,ENSG00000118193,KIF14,literal_official,164
K562,KIF15,ENSG00000163808,KIF15,literal_official,219
K562,KIF16B,ENSG00000089177,KIF16B,literal_official,268
K562,KIF18A,ENSG00000121621,KIF18A,literal_official,135
K562,KIF18B,ENSG00000186185,KIF18B,literal_official,141
K562,KIF1A,ENSG00000130294,KIF1A,literal_official,230
K562,KIF1B,ENSG00000054523,KIF1B,literal_official,290
K562,KIF1C,ENSG00000129250,KIF1C,literal_official,172
K562,KIF20A,ENSG00000112984,KIF20A,literal_official,143
K562,KIF20B,ENSG00000138182,KIF20B,literal_official,124
K562,KIF21A,ENSG00000139116,KIF21A,literal_official,151
K562,KIF22,ENSG00000079616,KIF22,literal_official,276
K562,KIF23,ENSG00000137807,KIF23,literal_official,45
K562,KIF2A,ENSG00000068796,KIF2A,literal_official,301
K562,KIF2C,ENSG00000142945,KIF2C,literal_official,209
K562,KIF3A,ENSG00000131437,KIF3A,literal_official,218
K562,KIF3B,ENSG00000101350,KIF3B,literal_official,70
K562,KIF4A,ENSG00000090889,KIF4A,literal_official,299
K562,KIF5B,ENSG00000170759,KIF5B,literal_official,413
K562,KIF9,ENSG00000088727,KIF9,literal_official,129
K562,KIFAP3,ENSG00000075945,KIFAP3,literal_official,257
K562,KIFC1,ENSG00000237649,KIFC1,literal_official,262
K562,KIFC2,ENSG00000167702,KIFC2,literal_official,158
K562,KIFC3,ENSG00000140859,KIFC3,literal_official,137
K562,KIN,ENSG00000151657,KIN,literal_official,253
K562,KISS1R,ENSG00000116014,KISS1R,literal_official,176
K562,KIT,ENSG00000157404,KIT,literal_official,273
K562,KLC1,ENSG00000126214,KLC1,literal_official,221
K562,KLC2,ENSG00000174996,KLC2,literal_official,246
K562,KLC4,ENSG00000137171,KLC4,literal_official,282
K562,KLF1,ENSG00000105610,KLF1,literal_official,157
K562,KLF10,ENSG00000155090,KLF10,literal_official,489
K562,KLF11,ENSG00000172059,KLF11,literal_official,335
K562,KLF12,ENSG00000118922,KLF12,literal_official,287
K562,KLF13,ENSG00000169926,KLF13,literal_official,224
K562,KLF14,ENSG00000266265,KLF14,literal_official,115
K562,KLF15,ENSG00000163884,KLF15,literal_official,121
K562,KLF16,ENSG00000129911,KLF16,literal_official,137
K562,KLF17,ENSG00000171872,KLF17,literal_official,176
K562,KLF2,ENSG00000127528,KLF2,literal_official,253
K562,KLF3,ENSG00000109787,KLF3,literal_official,121
K562,KLF4,ENSG00000136826,KLF4,literal_official,461
K562,KLF5,ENSG00000102554,KLF5,literal_official,169
K562,KLF6,ENSG00000067082,KLF6,literal_official,213
K562,KLF7,ENSG00000118263,KLF7,literal_official,490
K562,KLF8,ENSG00000102349,KLF8,literal_official,83
K562,KLF9,ENSG00000119138,KLF9,literal_official,331
K562,KLHDC10,ENSG00000128607,KLHDC10,literal_official,157
K562,KLHDC2,ENSG00000165516,KLHDC2,literal_official,297
K562,KLHDC3,ENSG00000124702,KLHDC3,literal_official,176
K562,KLHDC4,ENSG00000104731,KLHDC4,literal_official,173
K562,KLHDC8B,ENSG00000185909,KLHDC8B,literal_official,216
K562,KLHL11,ENSG00000178502,KLHL11,literal_official,286
K562,KLHL12,ENSG00000117153,KLHL12,literal_official,61
K562,KLHL17,ENSG00000187961,KLHL17,literal_official,162
K562,KLHL18,ENSG00000114648,KLHL18,literal_official,91
K562,KLHL20,ENSG00000076321,KLHL20,literal_official,188
K562,KLHL21,ENSG00000162413,KLHL21,literal_official,216
K562,KLHL22,ENSG00000099910,KLHL22,literal_official,112
K562,KLHL23,ENSG00000213160,KLHL23,literal_official,295
K562,KLHL24,ENSG00000114796,KLHL24,literal_official,286
K562,KLHL36,ENSG00000135686,KLHL36,literal_official,342
K562,KLHL42,ENSG00000087448,KLHL42,literal_official,111
K562,KLHL5,ENSG00000109790,KLHL5,literal_official,159
K562,KLHL7,ENSG00000122550,KLHL7,literal_official,148
K562,KLHL8,ENSG00000145332,KLHL8,literal_official,402
K562,KMT2A,ENSG00000118058,KMT2A,literal_official,205
K562,KMT2B,ENSG00000272333,KMT2B,literal_official,264
K562,KMT2C,ENSG00000055609,KMT2C,literal_official,219
K562,KMT2D,ENSG00000167548,KMT2D,literal_official,230
K562,KMT2E,ENSG00000005483,KMT2E,literal_official,77
K562,KNL1,ENSG00000137812,KNL1,literal_official,15
K562,KNOP1,ENSG00000103550,KNOP1,literal_official,145
K562,KNSTRN,ENSG00000128944,KNSTRN,literal_official,101
K562,KNTC1,ENSG00000184445,KNTC1,literal_official,223
K562,KPNA1,ENSG00000114030,KPNA1,literal_official,243
K562,KPNA2,ENSG00000182481,KPNA2,literal_official,87
K562,KPNA3,ENSG00000102753,KPNA3,literal_official,200
K562,KPNA4,ENSG00000186432,KPNA4,literal_official,180
K562,KPNA5,ENSG00000196911,KPNA5,literal_official,221
K562,KPNA6,ENSG00000025800,KPNA6,literal_official,83
K562,KPNB1,ENSG00000108424,KPNB1,literal_official,225
K562,KPTN,ENSG00000118162,KPTN,literal_official,99
K562,KRAS,ENSG00000133703,KRAS,literal_official,206
K562,KRBA1,ENSG00000133619,KRBA1,literal_official,126
K562,KRCC1,ENSG00000172086,KRCC1,literal_official,120
K562,KREMEN2,ENSG00000131650,KREMEN2,literal_official,178
K562,KRI1,ENSG00000129347,KRI1,literal_official,57
K562,KRIT1,ENSG00000001631,KRIT1,literal_official,261
K562,KRR1,ENSG00000111615,KRR1,literal_official,262
K562,KRT10,ENSG00000186395,KRT10,literal_official,438
K562,KRT17,ENSG00000128422,KRT17,literal_official,197
K562,KRT18,ENSG00000111057,KRT18,literal_official,223
K562,KRT19,ENSG00000171345,KRT19,literal_official,183
K562,KRT8,ENSG00000170421,KRT8,literal_official,693
K562,KRTAP4-2,ENSG00000244537,KRTAP4-2,literal_official,350
K562,KRTAP4-7,ENSG00000240871,KRTAP4-7,literal_official,391
K562,KRTCAP2,ENSG00000163463,KRTCAP2,literal_official,236
K562,KSR1,ENSG00000141068,KSR1,literal_official,220
K562,KTI12,ENSG00000198841,KTI12,literal_official,172
K562,KTN1,ENSG00000126777,KTN1,literal_official,295
K562,KXD1,ENSG00000105700,KXD1,literal_official,185
K562,KYAT3,ENSG00000137944,KYAT3,literal_official,306
K562,L2HGDH,ENSG00000087299,L2HGDH,literal_official,74
K562,L3HYPDH,ENSG00000126790,L3HYPDH,literal_official,194
K562,L3MBTL1,ENSG00000185513,L3MBTL1,literal_official,408
K562,L3MBTL2,ENSG00000100395,L3MBTL2,literal_official,77
K562,L3MBTL3,ENSG00000198945,L3MBTL3,literal_official,288
K562,L3MBTL4,ENSG00000154655,L3MBTL4,literal_official,211
K562,LACTB,ENSG00000103642,LACTB,literal_official,120
K562,LACTB2,ENSG00000147592,LACTB2,literal_official,141
K562,LAGE3,ENSG00000196976,LAGE3,literal_official,46
K562,LAMA5,ENSG00000130702,LAMA5,literal_official,286
K562,LAMB1,ENSG00000091136,LAMB1,literal_official,60
K562,LAMB2,ENSG00000172037,LAMB2,literal_official,229
K562,LAMP1,ENSG00000185896,LAMP1,literal_official,316
K562,LAMP2,ENSG00000005893,LAMP2,literal_official,195
K562,LAMTOR1,ENSG00000149357,LAMTOR1,literal_official,164
K562,LAMTOR2,ENSG00000116586,LAMTOR2,literal_official,117
K562,LAMTOR3,ENSG00000109270,LAMTOR3,literal_official,94
K562,LAMTOR4,ENSG00000188186,LAMTOR4,literal_official,297
K562,LAMTOR5,ENSG00000134248,LAMTOR5,literal_official,77
K562,LANCL1,ENSG00000115365,LANCL1,literal_official,246
K562,LANCL2,ENSG00000132434,LANCL2,literal_official,216
K562,LAP3,ENSG00000002549,LAP3,literal_official,185
K562,LAPTM4A,ENSG00000068697,LAPTM4A,literal_official,199
K562,LAPTM4B,ENSG00000104341,LAPTM4B,literal_official,208
K562,LAPTM5,ENSG00000162511,LAPTM5,literal_official,190
K562,LARP1,ENSG00000155506,LARP1,literal_official,203
K562,LARP1B,ENSG00000138709,LARP1B,literal_official,72
K562,LARP4,ENSG00000161813,LARP4,literal_official,201
K562,LARP4B,ENSG00000107929,LARP4B,literal_official,153
K562,LARP7,ENSG00000174720,LARP7,literal_official,283
K562,LARS,ENSG00000133706,LARS,literal_official,86
K562,LARS2,ENSG00000011376,LARS2,literal_official,280
K562,LAS1L,ENSG00000001497,LAS1L,literal_official,117
K562,LASP1,ENSG00000002834,LASP1,literal_official,249
K562,LATS1,ENSG00000131023,LATS1,literal_official,174
K562,LBH,ENSG00000213626,LBH,literal_official,220
K562,LBR,ENSG00000143815,LBR,literal_official,204
K562,LBX1,ENSG00000138136,LBX1,literal_official,213
K562,LBX2,ENSG00000179528,LBX2,literal_official,163
K562,LCE1C,ENSG00000197084,LCE1C,literal_official,317
K562,LCE1E,ENSG00000186226,LCE1E,unique_hgnc_bridge,326
K562,LCLAT1,ENSG00000172954,LCLAT1,literal_official,50
K562,LCMT1,ENSG00000205629,LCMT1,literal_official,239
K562,LCMT2,ENSG00000168806,LCMT2,literal_official,127
K562,LCN10,ENSG00000187922,LCN10,literal_official,228
K562,LCOR,ENSG00000196233,LCOR,literal_official,104
K562,LCORL,ENSG00000178177,LCORL,literal_official,121
K562,LCP1,ENSG00000136167,LCP1,literal_official,220
K562,LCP2,ENSG00000043462,LCP2,literal_official,126
K562,LDB1,ENSG00000198728,LDB1,literal_official,212
K562,LDHA,ENSG00000134333,LDHA,unique_hgnc_bridge,234
K562,LDHB,ENSG00000111716,LDHB,literal_official,156
K562,LDLR,ENSG00000130164,LDLR,literal_official,175
K562,LDLRAP1,ENSG00000157978,LDLRAP1,literal_official,109
K562,LEF1,ENSG00000138795,LEF1,literal_official,198
K562,LEMD2,ENSG00000161904,LEMD2,literal_official,305
K562,LEMD3,ENSG00000174106,LEMD3,literal_official,171
K562,LENG1,ENSG00000105617,LENG1,literal_official,66
K562,LENG8,ENSG00000167615,LENG8,literal_official,217
K562,LEO1,ENSG00000166477,LEO1,literal_official,97
K562,LEPR,ENSG00000116678,LEPR,literal_official,217
K562,LEPROT,ENSG00000213625,LEPROT,literal_official,253
K562,LEPROTL1,ENSG00000104660,LEPROTL1,literal_official,28
K562,LETM1,ENSG00000168924,LETM1,literal_official,154
K562,LETMD1,ENSG00000050426,LETMD1,literal_official,163
K562,LEUTX,ENSG00000213921,LEUTX,literal_official,115
K562,LGALS1,ENSG00000100097,LGALS1,literal_official,292
K562,LGALS8,ENSG00000116977,LGALS8,literal_official,195
K562,LGALSL,ENSG00000119862,LGALSL,literal_official,211
K562,LGMN,ENSG00000100600,LGMN,literal_official,273
K562,LGR4,ENSG00000205213,LGR4,literal_official,196
K562,LHPP,ENSG00000107902,LHPP,literal_official,194
K562,LHX1,ENSG00000273706,LHX1,literal_official,177
K562,LHX2,ENSG00000106689,LHX2,literal_official,72
K562,LHX3,ENSG00000107187,LHX3,literal_official,334
K562,LHX4,ENSG00000121454,LHX4,literal_official,122
K562,LHX5,ENSG00000089116,LHX5,literal_official,139
K562,LHX6,ENSG00000106852,LHX6,literal_official,138
K562,LHX8,ENSG00000162624,LHX8,literal_official,371
K562,LHX9,ENSG00000143355,LHX9,literal_official,114
K562,LIAS,ENSG00000121897,LIAS,literal_official,44
K562,LIG1,ENSG00000105486,LIG1,literal_official,3
K562,LIG3,ENSG00000005156,LIG3,literal_official,91
K562,LIMA1,ENSG00000050405,LIMA1,literal_official,314
K562,LIMD1,ENSG00000144791,LIMD1,literal_official,180
K562,LIMD2,ENSG00000136490,LIMD2,literal_official,150
K562,LIME1,ENSG00000203896,LIME1,literal_official,381
K562,LIMK1,ENSG00000106683,LIMK1,literal_official,373
K562,LIMK2,ENSG00000182541,LIMK2,literal_official,277
K562,LIMS1,ENSG00000169756,LIMS1,literal_official,590
K562,LIN28A,ENSG00000131914,LIN28A,literal_official,296
K562,LIN28B,ENSG00000187772,LIN28B,literal_official,235
K562,LIN37,ENSG00000267796,LIN37,literal_official,211
K562,LIN52,ENSG00000205659,LIN52,literal_official,15
K562,LIN54,ENSG00000189308,LIN54,literal_official,676
K562,LIN7B,ENSG00000104863,LIN7B,literal_official,217
K562,LIN7C,ENSG00000148943,LIN7C,literal_official,202
K562,LIN9,ENSG00000183814,LIN9,literal_official,57
K562,LIPH,ENSG00000163898,LIPH,literal_official,137
K562,LIPT1,ENSG00000144182,LIPT1,literal_official,51
K562,LITAF,ENSG00000189067,LITAF,literal_official,375
K562,LIX1L,ENSG00000271601,LIX1L,literal_official,182
K562,LLGL1,ENSG00000131899,LLGL1,literal_official,274
K562,LLGL2,ENSG00000073350,LLGL2,literal_official,133
K562,LLPH,ENSG00000139233,LLPH,literal_official,181
K562,LMAN1,ENSG00000074695,LMAN1,literal_official,244
K562,LMAN2,ENSG00000169223,LMAN2,literal_official,186
K562,LMAN2L,ENSG00000114988,LMAN2L,literal_official,131
K562,LMBR1,ENSG00000105983,LMBR1,literal_official,152
K562,LMBR1L,ENSG00000139636,LMBR1L,literal_official,134
K562,LMBRD1,ENSG00000168216,LMBRD1,literal_official,108
K562,LMBRD2,ENSG00000164187,LMBRD2,literal_official,169
K562,LMF2,ENSG00000100258,LMF2,literal_official,330
K562,LMNA,ENSG00000160789,LMNA,literal_official,166
K562,LMNB1,ENSG00000113368,LMNB1,literal_official,216
K562,LMNB2,ENSG00000176619,LMNB2,literal_official,35
K562,LMO2,ENSG00000135363,LMO2,literal_official,273
K562,LMO4,ENSG00000143013,LMO4,literal_official,67
K562,LMX1A,ENSG00000162761,LMX1A,literal_official,194
K562,LMX1B,ENSG00000136944,LMX1B,literal_official,42
K562,LNPEP,ENSG00000113441,LNPEP,literal_official,42
K562,LNPK,ENSG00000144320,LNPK,literal_official,220
K562,LONP1,ENSG00000196365,LONP1,literal_official,156
K562,LONP2,ENSG00000102910,LONP2,literal_official,391
K562,LONRF3,ENSG00000175556,LONRF3,literal_official,370
K562,LPA,ENSG00000198670,LPA,unique_hgnc_bridge,247
K562,LPCAT1,ENSG00000153395,LPCAT1,literal_official,305
K562,LPCAT2,ENSG00000087253,LPCAT2,literal_official,59
K562,LPCAT3,ENSG00000111684,LPCAT3,literal_official,129
K562,LPCAT4,ENSG00000176454,LPCAT4,literal_official,138
K562,LPGAT1,ENSG00000123684,LPGAT1,literal_official,247
K562,LPIN1,ENSG00000134324,LPIN1,literal_official,124
K562,LPIN2,ENSG00000101577,LPIN2,literal_official,154
K562,LPL,ENSG00000175445,LPL,literal_official,168
K562,LRBA,ENSG00000198589,LRBA,literal_official,228
K562,LRCH3,ENSG00000186001,LRCH3,literal_official,65
K562,LRCH4,ENSG00000077454,LRCH4,literal_official,390
K562,LRFN1,ENSG00000128011,LRFN1,literal_official,244
K562,LRFN4,ENSG00000173621,LRFN4,literal_official,212
K562,LRG1,ENSG00000171236,LRG1,literal_official,193
K562,LRIF1,ENSG00000121931,LRIF1,literal_official,72
K562,LRIG2,ENSG00000198799,LRIG2,literal_official,73
K562,LRMDA,ENSG00000148655,LRMDA,literal_official,47
K562,LRP10,ENSG00000197324,LRP10,literal_official,227
K562,LRP12,ENSG00000147650,LRP12,literal_official,243
K562,LRP5,ENSG00000162337,LRP5,literal_official,209
K562,LRP6,ENSG00000070018,LRP6,literal_official,227
K562,LRP8,ENSG00000157193,LRP8,literal_official,7
K562,LRPAP1,ENSG00000163956,LRPAP1,literal_official,200
K562,LRPPRC,ENSG00000138095,LRPPRC,literal_official,131
K562,LRR1,ENSG00000165501,LRR1,literal_official,235
K562,LRRC14,ENSG00000160959,LRRC14,literal_official,691
K562,LRRC20,ENSG00000172731,LRRC20,literal_official,266
K562,LRRC23,ENSG00000010626,LRRC23,literal_official,206
K562,LRRC28,ENSG00000168904,LRRC28,literal_official,173
K562,LRRC37A3,ENSG00000176809,LRRC37A3,literal_official,214
K562,LRRC37B,ENSG00000185158,LRRC37B,literal_official,245
K562,LRRC40,ENSG00000066557,LRRC40,literal_official,208
K562,LRRC41,ENSG00000132128,LRRC41,literal_official,221
K562,LRRC42,ENSG00000116212,LRRC42,literal_official,194
K562,LRRC45,ENSG00000169683,LRRC45,literal_official,263
K562,LRRC47,ENSG00000130764,LRRC47,literal_official,416
K562,LRRC57,ENSG00000180979,LRRC57,literal_official,88
K562,LRRC58,ENSG00000163428,LRRC58,literal_official,110
K562,LRRC59,ENSG00000108829,LRRC59,literal_official,218
K562,LRRC61,ENSG00000127399,LRRC61,literal_official,310
K562,LRRC8A,ENSG00000136802,LRRC8A,literal_official,380
K562,LRRC8B,ENSG00000197147,LRRC8B,literal_official,307
K562,LRRC8C,ENSG00000171488,LRRC8C,literal_official,302
K562,LRRC8D,ENSG00000171492,LRRC8D,literal_official,467
K562,LRRCC1,ENSG00000133739,LRRCC1,literal_official,154
K562,LRRFIP1,ENSG00000124831,LRRFIP1,literal_official,285
K562,LRRFIP2,ENSG00000093167,LRRFIP2,literal_official,132
K562,LRSAM1,ENSG00000148356,LRSAM1,literal_official,48
K562,LRWD1,ENSG00000161036,LRWD1,literal_official,68
K562,LSG1,ENSG00000041802,LSG1,literal_official,84
K562,LSM1,ENSG00000175324,LSM1,literal_official,124
K562,LSM10,ENSG00000181817,LSM10,literal_official,323
K562,LSM11,ENSG00000155858,LSM11,literal_official,191
K562,LSM12,ENSG00000161654,LSM12,literal_official,50
K562,LSM14A,ENSG00000257103,LSM14A,literal_official,215
K562,LSM14B,ENSG00000149657,LSM14B,literal_official,182
K562,LSM2,ENSG00000204392,LSM2,literal_official,125
K562,LSM3,ENSG00000170860,LSM3,literal_official,57
K562,LSM4,ENSG00000130520,LSM4,literal_official,51
K562,LSM5,ENSG00000106355,LSM5,literal_official,346
K562,LSM6,ENSG00000164167,LSM6,literal_official,83
K562,LSM7,ENSG00000130332,LSM7,literal_official,145
K562,LSR,ENSG00000105699,LSR,literal_official,66
K562,LSS,ENSG00000160285,LSS,literal_official,233
K562,LST1,ENSG00000204482,LST1,literal_official,334
K562,LTA4H,ENSG00000111144,LTA4H,literal_official,35
K562,LTB,ENSG00000227507,LTB,literal_official,99
K562,LTB4R,ENSG00000213903,LTB4R,literal_official,209
K562,LTB4R2,ENSG00000213906,LTB4R2,literal_official,349
K562,LTBP1,ENSG00000049323,LTBP1,literal_official,206
K562,LTBP3,ENSG00000168056,LTBP3,literal_official,432
K562,LTBP4,ENSG00000090006,LTBP4,literal_official,674
K562,LTBR,ENSG00000111321,LTBR,literal_official,104
K562,LTF,ENSG00000012223,LTF,literal_official,263
K562,LTN1,ENSG00000198862,LTN1,literal_official,195
K562,LTO1,ENSG00000149716,LTO1,literal_official,20
K562,LTV1,ENSG00000135521,LTV1,literal_official,143
K562,LUC7L,ENSG00000007392,LUC7L,literal_official,296
K562,LUC7L2,ENSG00000146963,LUC7L2,literal_official,493
K562,LUC7L3,ENSG00000108848,LUC7L3,literal_official,80
K562,LURAP1,ENSG00000171357,LURAP1,literal_official,122
K562,LUZP1,ENSG00000169641,LUZP1,literal_official,251
K562,LY6E,ENSG00000160932,LY6E,literal_official,450
K562,LYAR,ENSG00000145220,LYAR,literal_official,90
K562,LYL1,ENSG00000104903,LYL1,literal_official,87
K562,LYN,ENSG00000254087,LYN,literal_official,129
K562,LYPLA1,ENSG00000120992,LYPLA1,literal_official,189
K562,LYPLA2,ENSG00000011009,LYPLA2,literal_official,44
K562,LYPLAL1,ENSG00000143353,LYPLAL1,literal_official,77
K562,LYRM1,ENSG00000102897,LYRM1,literal_official,328
K562,LYRM2,ENSG00000083099,LYRM2,literal_official,384
K562,LYRM4,ENSG00000214113,LYRM4,literal_official,202
K562,LYRM7,ENSG00000186687,LYRM7,literal_official,59
K562,LYSMD2,ENSG00000140280,LYSMD2,literal_official,79
K562,LYSMD3,ENSG00000176018,LYSMD3,literal_official,114
K562,LYZ,ENSG00000090382,LYZ,literal_official,248
K562,LZIC,ENSG00000162441,LZIC,literal_official,72
K562,LZTFL1,ENSG00000163818,LZTFL1,literal_official,255
K562,LZTR1,ENSG00000099949,LZTR1,literal_official,299
K562,LZTS2,ENSG00000107816,LZTS2,literal_official,244
K562,M6PR,ENSG00000003056,M6PR,literal_official,190
K562,MACC1,ENSG00000183742,MACC1,literal_official,116
K562,MACF1,ENSG00000127603,MACF1,literal_official,274
K562,MACO1,ENSG00000204178,MACO1,literal_official,288
K562,MACROD1,ENSG00000133315,MACROD1,literal_official,127
K562,MAD1L1,ENSG00000002822,MAD1L1,literal_official,220
K562,MAD2L1,ENSG00000164109,MAD2L1,literal_official,195
K562,MAD2L1BP,ENSG00000124688,MAD2L1BP,literal_official,182
K562,MAD2L2,ENSG00000116670,MAD2L2,literal_official,385
K562,MADD,ENSG00000110514,MADD,literal_official,135
K562,MAEA,ENSG00000090316,MAEA,literal_official,346
K562,MAF,ENSG00000178573,MAF,literal_official,121
K562,MAF1,ENSG00000179632,MAF1,literal_official,82
K562,MAFA,ENSG00000182759,MAFA,literal_official,139
K562,MAFB,ENSG00000204103,MAFB,literal_official,179
K562,MAFF,ENSG00000185022,MAFF,literal_official,297
K562,MAFG,ENSG00000197063,MAFG,literal_official,257
K562,MAFK,ENSG00000198517,MAFK,literal_official,296
K562,MAGEA1,ENSG00000198681,MAGEA1,literal_official,264
K562,MAGEA12,ENSG00000213401,MAGEA12,literal_official,15
K562,MAGEA2,ENSG00000268606,MAGEA2,unique_hgnc_bridge,255
K562,MAGEA3,ENSG00000221867,MAGEA3,literal_official,97
K562,MAGEA6,ENSG00000197172,MAGEA6,literal_official,59
K562,MAGEA9B,ENSG00000267978,MAGEA9B,literal_official,290
K562,MAGEB1,ENSG00000214107,MAGEB1,literal_official,323
K562,MAGEB2,ENSG00000099399,MAGEB2,literal_official,223
K562,MAGEC1,ENSG00000155495,MAGEC1,literal_official,261
K562,MAGEC2,ENSG00000046774,MAGEC2,literal_official,35
K562,MAGED1,ENSG00000179222,MAGED1,literal_official,369
K562,MAGED2,ENSG00000102316,MAGED2,literal_official,390
K562,MAGEF1,ENSG00000177383,MAGEF1,literal_official,141
K562,MAGEH1,ENSG00000187601,MAGEH1,literal_official,212
K562,MAGI1,ENSG00000151276,MAGI1,literal_official,282
K562,MAGI3,ENSG00000081026,MAGI3,literal_official,74
K562,MAGOH,ENSG00000162385,MAGOH,literal_official,170
K562,MAGOHB,ENSG00000111196,MAGOHB,literal_official,43
K562,MAGT1,ENSG00000102158,MAGT1,literal_official,167
K562,MAIP1,ENSG00000162972,MAIP1,literal_official,263
K562,MAK16,ENSG00000198042,MAK16,literal_official,109
K562,MALSU1,ENSG00000156928,MALSU1,literal_official,131
K562,MAML1,ENSG00000161021,MAML1,literal_official,187
K562,MAN1A1,ENSG00000111885,MAN1A1,literal_official,281
K562,MAN1A2,ENSG00000198162,MAN1A2,literal_official,158
K562,MAN1B1,ENSG00000177239,MAN1B1,literal_official,203
K562,MAN2A1,ENSG00000112893,MAN2A1,literal_official,196
K562,MAN2A2,ENSG00000196547,MAN2A2,literal_official,109
K562,MAN2B1,ENSG00000104774,MAN2B1,literal_official,424
K562,MAN2C1,ENSG00000140400,MAN2C1,unique_hgnc_bridge,55
K562,MANBA,ENSG00000109323,MANBA,literal_official,147
K562,MANBAL,ENSG00000101363,MANBAL,literal_official,194
K562,MANEA,ENSG00000172469,MANEA,literal_official,57
K562,MANEAL,ENSG00000185090,MANEAL,literal_official,84
K562,MANF,ENSG00000145050,MANF,literal_official,402
K562,MAP1A,ENSG00000166963,MAP1A,literal_official,177
K562,MAP1B,ENSG00000131711,MAP1B,literal_official,217
K562,MAP1LC3B,ENSG00000140941,MAP1LC3B,literal_official,163
K562,MAP1S,ENSG00000130479,MAP1S,literal_official,237
K562,MAP2K1,ENSG00000169032,MAP2K1,literal_official,220
K562,MAP2K2,ENSG00000126934,MAP2K2,literal_official,185
K562,MAP2K3,ENSG00000034152,MAP2K3,literal_official,174
K562,MAP2K4,ENSG00000065559,MAP2K4,literal_official,170
K562,MAP2K5,ENSG00000137764,MAP2K5,literal_official,164
K562,MAP2K7,ENSG00000076984,MAP2K7,literal_official,78
K562,MAP3K1,ENSG00000095015,MAP3K1,literal_official,137
K562,MAP3K11,ENSG00000173327,MAP3K11,literal_official,283
K562,MAP3K2,ENSG00000169967,MAP3K2,literal_official,212
K562,MAP3K3,ENSG00000198909,MAP3K3,literal_official,294
K562,MAP3K4,ENSG00000085511,MAP3K4,literal_official,157
K562,MAP3K5,ENSG00000197442,MAP3K5,literal_official,168
K562,MAP3K6,ENSG00000142733,MAP3K6,literal_official,116
K562,MAP3K7,ENSG00000135341,MAP3K7,literal_official,174
K562,MAP3K8,ENSG00000107968,MAP3K8,literal_official,160
K562,MAP4,ENSG00000047849,MAP4,literal_official,119
K562,MAP4K1,ENSG00000104814,MAP4K1,literal_official,116
K562,MAP4K2,ENSG00000168067,MAP4K2,literal_official,214
K562,MAP4K3,ENSG00000011566,MAP4K3,literal_official,148
K562,MAP4K4,ENSG00000071054,MAP4K4,literal_official,337
K562,MAP4K5,ENSG00000012983,MAP4K5,literal_official,167
K562,MAP7D1,ENSG00000116871,MAP7D1,literal_official,62
K562,MAP7D3,ENSG00000129680,MAP7D3,literal_official,152
K562,MAPK1,ENSG00000100030,MAPK1,literal_official,305
K562,MAPK11,ENSG00000185386,MAPK11,literal_official,147
K562,MAPK12,ENSG00000188130,MAPK12,literal_official,46
K562,MAPK14,ENSG00000112062,MAPK14,literal_official,223
K562,MAPK1IP1L,ENSG00000168175,MAPK1IP1L,literal_official,223
K562,MAPK3,ENSG00000102882,MAPK3,literal_official,257
K562,MAPK6,ENSG00000069956,MAPK6,literal_official,219
K562,MAPK8,ENSG00000107643,MAPK8,literal_official,306
K562,MAPK8IP3,ENSG00000138834,MAPK8IP3,literal_official,265
K562,MAPK9,ENSG00000050748,MAPK9,literal_official,228
K562,MAPKAP1,ENSG00000119487,MAPKAP1,literal_official,150
K562,MAPKAPK2,ENSG00000162889,MAPKAPK2,literal_official,132
K562,MAPKAPK3,ENSG00000114738,MAPKAPK3,literal_official,308
K562,MAPKAPK5,ENSG00000089022,MAPKAPK5,literal_official,125
K562,MAPRE1,ENSG00000101367,MAPRE1,literal_official,233
K562,MAPRE2,ENSG00000166974,MAPRE2,literal_official,358
K562,MAPRE3,ENSG00000084764,MAPRE3,literal_official,64
K562,MAPT,ENSG00000186868,MAPT,literal_official,198
K562,MARCH3,ENSG00000173926,MARCH3,literal_official,61
K562,MARCH5,ENSG00000198060,MARCH5,literal_official,184
K562,MARCH6,ENSG00000145495,MARCH6,literal_official,108
K562,MARCH7,ENSG00000136536,MARCH7,literal_official,159
K562,MARCH8,ENSG00000165406,MARCH8,literal_official,219
K562,MARCH9,ENSG00000139266,MARCH9,literal_official,51
K562,MARCKSL1,ENSG00000175130,MARCKSL1,literal_official,150
K562,MARK2,ENSG00000072518,MARK2,literal_official,349
K562,MARK3,ENSG00000075413,MARK3,literal_official,392
K562,MARK4,ENSG00000007047,MARK4,literal_official,146
K562,MARS,ENSG00000166986,MARS,literal_official,155
K562,MARS2,ENSG00000247626,MARS2,literal_official,155
K562,MAST1,ENSG00000105613,MAST1,literal_official,416
K562,MAST2,ENSG00000086015,MAST2,literal_official,143
K562,MAST4,ENSG00000069020,MAST4,literal_official,177
K562,MASTL,ENSG00000120539,MASTL,literal_official,161
K562,MAT2A,ENSG00000168906,MAT2A,literal_official,76
K562,MAT2B,ENSG00000038274,MAT2B,literal_official,364
K562,MATK,ENSG00000007264,MATK,literal_official,158
K562,MATR3,ENSG00000280987,MATR3,unique_hgnc_bridge,94
K562,MAU2,ENSG00000129933,MAU2,literal_official,119
K562,MAVS,ENSG00000088888,MAVS,literal_official,193
K562,MAX,ENSG00000125952,MAX,literal_official,211
K562,MAZ,ENSG00000103495,MAZ,literal_official,177
K562,MBD1,ENSG00000141644,MBD1,literal_official,272
K562,MBD2,ENSG00000134046,MBD2,literal_official,151
K562,MBD3,ENSG00000071655,MBD3,literal_official,200
K562,MBD4,ENSG00000129071,MBD4,literal_official,200
K562,MBD5,ENSG00000204406,MBD5,literal_official,162
K562,MBD6,ENSG00000166987,MBD6,literal_official,233
K562,MBIP,ENSG00000151332,MBIP,literal_official,205
K562,MBLAC2,ENSG00000176055,MBLAC2,literal_official,212
K562,MBNL1,ENSG00000152601,MBNL1,literal_official,171
K562,MBNL2,ENSG00000139793,MBNL2,literal_official,270
K562,MBOAT1,ENSG00000172197,MBOAT1,literal_official,48
K562,MBOAT2,ENSG00000143797,MBOAT2,literal_official,200
K562,MBOAT7,ENSG00000125505,MBOAT7,literal_official,198
K562,MBTD1,ENSG00000011258,MBTD1,literal_official,187
K562,MBTPS1,ENSG00000140943,MBTPS1,literal_official,149
K562,MBTPS2,ENSG00000012174,MBTPS2,literal_official,400
K562,MCAM,ENSG00000076706,MCAM,literal_official,107
K562,MCAT,ENSG00000100294,MCAT,literal_official,161
K562,MCCC1,ENSG00000078070,MCCC1,literal_official,197
K562,MCCC2,ENSG00000131844,MCCC2,literal_official,100
K562,MCEE,ENSG00000124370,MCEE,literal_official,60
K562,MCFD2,ENSG00000180398,MCFD2,literal_official,325
K562,MCL1,ENSG00000143384,MCL1,literal_official,233
K562,MCM10,ENSG00000065328,MCM10,literal_official,156
K562,MCM2,ENSG00000073111,MCM2,literal_official,133
K562,MCM3,ENSG00000112118,MCM3,literal_official,201
K562,MCM3AP,ENSG00000160294,MCM3AP,literal_official,159
K562,MCM4,ENSG00000104738,MCM4,literal_official,165
K562,MCM5,ENSG00000100297,MCM5,literal_official,169
K562,MCM6,ENSG00000076003,MCM6,literal_official,143
K562,MCM7,ENSG00000166508,MCM7,literal_official,305
K562,MCM8,ENSG00000125885,MCM8,literal_official,256
K562,MCM9,ENSG00000111877,MCM9,literal_official,234
K562,MCMBP,ENSG00000197771,MCMBP,literal_official,231
K562,MCOLN1,ENSG00000090674,MCOLN1,literal_official,6
K562,MCPH1,ENSG00000147316,MCPH1,literal_official,44
K562,MCRIP1,ENSG00000225663,MCRIP1,literal_official,155
K562,MCRIP2,ENSG00000172366,MCRIP2,literal_official,189
K562,MCRS1,ENSG00000187778,MCRS1,literal_official,173
K562,MCTS1,ENSG00000232119,MCTS1,literal_official,236
K562,MCU,ENSG00000156026,MCU,literal_official,66
K562,MCUB,ENSG00000005059,MCUB,literal_official,256
K562,MCUR1,ENSG00000050393,MCUR1,literal_official,79
K562,MDC1,ENSG00000137337,MDC1,literal_official,179
K562,MDH1,ENSG00000014641,MDH1,literal_official,194
K562,MDH2,ENSG00000146701,MDH2,literal_official,312
K562,MDK,ENSG00000110492,MDK,literal_official,113
K562,MDM1,ENSG00000111554,MDM1,literal_official,67
K562,MDM2,ENSG00000135679,MDM2,literal_official,116
K562,MDM4,ENSG00000198625,MDM4,literal_official,122
K562,MDN1,ENSG00000112159,MDN1,literal_official,84
K562,MDP1,ENSG00000213920,MDP1,literal_official,196
K562,ME1,ENSG00000065833,ME1,literal_official,182
K562,ME2,ENSG00000082212,ME2,literal_official,176
K562,MEA1,ENSG00000124733,MEA1,literal_official,292
K562,MEAF6,ENSG00000163875,MEAF6,literal_official,39
K562,MECOM,ENSG00000085276,MECOM,literal_official,120
K562,MECP2,ENSG00000169057,MECP2,literal_official,102
K562,MECR,ENSG00000116353,MECR,literal_official,96
K562,MED1,ENSG00000125686,MED1,literal_official,181
K562,MED10,ENSG00000133398,MED10,literal_official,368
K562,MED11,ENSG00000161920,MED11,literal_official,181
K562,MED12,ENSG00000184634,MED12,literal_official,186
K562,MED13,ENSG00000108510,MED13,literal_official,268
K562,MED13L,ENSG00000123066,MED13L,literal_official,158
K562,MED14,ENSG00000180182,MED14,literal_official,106
K562,MED15,ENSG00000099917,MED15,literal_official,306
K562,MED16,ENSG00000175221,MED16,literal_official,76
K562,MED17,ENSG00000042429,MED17,literal_official,80
K562,MED18,ENSG00000130772,MED18,literal_official,55
K562,MED19,ENSG00000156603,MED19,literal_official,299
K562,MED20,ENSG00000124641,MED20,literal_official,107
K562,MED21,ENSG00000152944,MED21,literal_official,29
K562,MED22,ENSG00000148297,MED22,literal_official,185
K562,MED23,ENSG00000112282,MED23,literal_official,21
K562,MED24,ENSG00000008838,MED24,literal_official,58
K562,MED25,ENSG00000104973,MED25,literal_official,186
K562,MED26,ENSG00000105085,MED26,literal_official,285
K562,MED27,ENSG00000160563,MED27,literal_official,25
K562,MED28,ENSG00000118579,MED28,literal_official,81
K562,MED29,ENSG00000063322,MED29,literal_official,108
K562,MED30,ENSG00000164758,MED30,literal_official,114
K562,MED31,ENSG00000108590,MED31,literal_official,67
K562,MED4,ENSG00000136146,MED4,literal_official,69
K562,MED6,ENSG00000133997,MED6,literal_official,139
K562,MED7,ENSG00000155868,MED7,literal_official,122
K562,MED8,ENSG00000159479,MED8,literal_official,71
K562,MED9,ENSG00000141026,MED9,literal_official,39
K562,MEF2A,ENSG00000068305,MEF2A,literal_official,85
K562,MEF2B,ENSG00000213999,MEF2B,literal_official,114
K562,MEF2C,ENSG00000081189,MEF2C,literal_official,203
K562,MEF2D,ENSG00000116604,MEF2D,literal_official,165
K562,MEGF8,ENSG00000105429,MEGF8,literal_official,140
K562,MEIOB,ENSG00000162039,MEIOB,literal_official,146
K562,MEIS1,ENSG00000143995,MEIS1,literal_official,284
K562,MEIS2,ENSG00000134138,MEIS2,literal_official,125
K562,MEIS3,ENSG00000105419,MEIS3,literal_official,427
K562,MELK,ENSG00000165304,MELK,literal_official,278
K562,MEMO1,ENSG00000162959,MEMO1,literal_official,407
K562,MEN1,ENSG00000133895,MEN1,literal_official,259
K562,MEOX1,ENSG00000005102,MEOX1,literal_official,191
K562,MEOX2,ENSG00000106511,MEOX2,literal_official,114
K562,MEPCE,ENSG00000146834,MEPCE,literal_official,335
K562,MESD,ENSG00000117899,MESD,literal_official,118
K562,MESP1,ENSG00000166823,MESP1,literal_official,252
K562,MESP2,ENSG00000188095,MESP2,literal_official,427
K562,MEST,ENSG00000106484,MEST,literal_official,195
K562,METAP1,ENSG00000164024,METAP1,unique_hgnc_bridge,253
K562,METAP1D,ENSG00000172878,METAP1D,literal_official,137
K562,METAP2,ENSG00000111142,METAP2,literal_official,271
K562,METRN,ENSG00000103260,METRN,literal_official,163
K562,METRNL,ENSG00000176845,METRNL,literal_official,89
K562,METTL1,ENSG00000037897,METTL1,literal_official,420
K562,METTL14,ENSG00000145388,METTL14,literal_official,282
K562,METTL15,ENSG00000169519,METTL15,literal_official,307
K562,METTL16,ENSG00000127804,METTL16,literal_official,41
K562,METTL17,ENSG00000165792,METTL17,literal_official,245
K562,METTL18,ENSG00000171806,METTL18,literal_official,114
K562,METTL21A,ENSG00000144401,METTL21A,literal_official,185
K562,METTL22,ENSG00000067365,METTL22,literal_official,216
K562,METTL23,ENSG00000181038,METTL23,literal_official,259
K562,METTL26,ENSG00000130731,METTL26,literal_official,207
K562,METTL2A,ENSG00000087995,METTL2A,literal_official,121
K562,METTL2B,ENSG00000165055,METTL2B,literal_official,605
K562,METTL3,ENSG00000165819,METTL3,literal_official,325
K562,METTL4,ENSG00000101574,METTL4,literal_official,18
K562,METTL5,ENSG00000138382,METTL5,literal_official,287
K562,METTL6,ENSG00000206562,METTL6,literal_official,152
K562,METTL7A,ENSG00000185432,METTL7A,literal_official,235
K562,METTL8,ENSG00000123600,METTL8,literal_official,57
K562,METTL9,ENSG00000197006,METTL9,literal_official,349
K562,MEX3A,ENSG00000254726,MEX3A,literal_official,315
K562,MEX3B,ENSG00000183496,MEX3B,literal_official,308
K562,MEX3C,ENSG00000176624,MEX3C,literal_official,347
K562,MEX3D,ENSG00000181588,MEX3D,literal_official,191
K562,MFAP1,ENSG00000140259,MFAP1,literal_official,92
K562,MFAP3,ENSG00000037749,MFAP3,literal_official,205
K562,MFF,ENSG00000168958,MFF,literal_official,106
K562,MFGE8,ENSG00000140545,MFGE8,literal_official,315
K562,MFHAS1,ENSG00000147324,MFHAS1,literal_official,165
K562,MFN1,ENSG00000171109,MFN1,literal_official,27
K562,MFN2,ENSG00000116688,MFN2,literal_official,340
K562,MFSD1,ENSG00000118855,MFSD1,literal_official,205
K562,MFSD10,ENSG00000109736,MFSD10,literal_official,247
K562,MFSD11,ENSG00000092931,MFSD11,literal_official,147
K562,MFSD12,ENSG00000161091,MFSD12,literal_official,157
K562,MFSD2B,ENSG00000205639,MFSD2B,literal_official,71
K562,MFSD3,ENSG00000167700,MFSD3,literal_official,103
K562,MFSD4B,ENSG00000173214,MFSD4B,literal_official,181
K562,MFSD5,ENSG00000182544,MFSD5,literal_official,201
K562,MFSD6,ENSG00000151690,MFSD6,literal_official,142
K562,MFSD8,ENSG00000164073,MFSD8,literal_official,227
K562,MFSD9,ENSG00000135953,MFSD9,literal_official,139
K562,MGA,ENSG00000174197,MGA,literal_official,273
K562,MGAT1,ENSG00000131446,MGAT1,literal_official,373
K562,MGAT2,ENSG00000168282,MGAT2,literal_official,176
K562,MGAT3,ENSG00000128268,MGAT3,literal_official,168
K562,MGAT4B,ENSG00000161013,MGAT4B,literal_official,169
K562,MGAT5,ENSG00000152127,MGAT5,literal_official,287
K562,MGME1,ENSG00000125871,MGME1,literal_official,102
K562,MGRN1,ENSG00000102858,MGRN1,literal_official,146
K562,MGST1,ENSG00000008394,MGST1,literal_official,217
K562,MGST2,ENSG00000085871,MGST2,literal_official,125
K562,MGST3,ENSG00000143198,MGST3,literal_official,120
K562,MIA2,ENSG00000150527,MIA2,literal_official,151
K562,MIA3,ENSG00000154305,MIA3,literal_official,305
K562,MIB1,ENSG00000101752,MIB1,literal_official,146
K562,MIB2,ENSG00000197530,MIB2,literal_official,186
K562,MICA,ENSG00000204520,MICA,literal_official,153
K562,MICAL1,ENSG00000135596,MICAL1,literal_official,111
K562,MICAL2,ENSG00000133816,MICAL2,literal_official,138
K562,MICAL3,ENSG00000243156,MICAL3,literal_official,396
K562,MICALL1,ENSG00000100139,MICALL1,literal_official,113
K562,MICALL2,ENSG00000164877,MICALL2,literal_official,471
K562,MICB,ENSG00000204516,MICB,literal_official,378
K562,MICOS10,ENSG00000173436,MICOS10,literal_official,138
K562,MICOS13,ENSG00000174917,MICOS13,literal_official,138
K562,MICU1,ENSG00000107745,MICU1,literal_official,63
K562,MICU2,ENSG00000165487,MICU2,literal_official,306
K562,MID1IP1,ENSG00000165175,MID1IP1,literal_official,275
K562,MIDN,ENSG00000167470,MIDN,literal_official,568
K562,MIEF1,ENSG00000100335,MIEF1,literal_official,119
K562,MIEN1,ENSG00000141741,MIEN1,literal_official,201
K562,MIER1,ENSG00000198160,MIER1,literal_official,393
K562,MIER2,ENSG00000105556,MIER2,literal_official,305
K562,MIER3,ENSG00000155545,MIER3,literal_official,158
K562,MIF,ENSG00000240972,MIF,literal_official,234
K562,MIF4GD,ENSG00000125457,MIF4GD,literal_official,323
K562,MIGA2,ENSG00000148343,MIGA2,literal_official,183
K562,MIIP,ENSG00000116691,MIIP,literal_official,41
K562,MINDY2,ENSG00000128923,MINDY2,literal_official,358
K562,MINDY3,ENSG00000148481,MINDY3,literal_official,188
K562,MINK1,ENSG00000141503,MINK1,literal_official,101
K562,MINPP1,ENSG00000107789,MINPP1,literal_official,197
K562,MIOS,ENSG00000164654,MIOS,literal_official,228
K562,MIPEP,ENSG00000027001,MIPEP,literal_official,182
K562,MIPOL1,ENSG00000151338,MIPOL1,literal_official,180
K562,MIS12,ENSG00000167842,MIS12,literal_official,123
K562,MIS18A,ENSG00000159055,MIS18A,literal_official,194
K562,MIS18BP1,ENSG00000129534,MIS18BP1,literal_official,138
K562,MITD1,ENSG00000158411,MITD1,literal_official,109
K562,MITF,ENSG00000187098,MITF,literal_official,402
K562,MIXL1,ENSG00000185155,MIXL1,literal_official,180
K562,MKI67,ENSG00000148773,MKI67,literal_official,211
K562,MKKS,ENSG00000125863,MKKS,literal_official,125
K562,MKLN1,ENSG00000128585,MKLN1,literal_official,150
K562,MKNK1,ENSG00000079277,MKNK1,literal_official,503
K562,MKNK2,ENSG00000099875,MKNK2,literal_official,564
K562,MKRN1,ENSG00000133606,MKRN1,literal_official,308
K562,MKRN2,ENSG00000075975,MKRN2,literal_official,122
K562,MKRN3,ENSG00000179455,MKRN3,literal_official,214
K562,MKS1,ENSG00000011143,MKS1,literal_official,172
K562,MKX,ENSG00000150051,MKX,literal_official,348
K562,MLEC,ENSG00000110917,MLEC,literal_official,505
K562,MLF1,ENSG00000178053,MLF1,literal_official,198
K562,MLF2,ENSG00000089693,MLF2,literal_official,65
K562,MLH1,ENSG00000076242,MLH1,literal_official,223
K562,MLH3,ENSG00000119684,MLH3,literal_official,63
K562,MLLT1,ENSG00000130382,MLLT1,literal_official,99
K562,MLLT10,ENSG00000078403,MLLT10,literal_official,198
K562,MLLT11,ENSG00000213190,MLLT11,literal_official,126
K562,MLLT3,ENSG00000171843,MLLT3,literal_official,332
K562,MLLT6,ENSG00000275023,MLLT6,literal_official,821
K562,MLST8,ENSG00000167965,MLST8,literal_official,169
K562,MLX,ENSG00000108788,MLX,literal_official,145
K562,MLXIP,ENSG00000175727,MLXIP,literal_official,153
K562,MLXIPL,ENSG00000009950,MLXIPL,literal_official,289
K562,MLYCD,ENSG00000103150,MLYCD,literal_official,218
K562,MMAB,ENSG00000139428,MMAB,literal_official,147
K562,MMACHC,ENSG00000132763,MMACHC,literal_official,189
K562,MMADHC,ENSG00000168288,MMADHC,literal_official,226
K562,MMGT1,ENSG00000169446,MMGT1,literal_official,318
K562,MMP15,ENSG00000102996,MMP15,literal_official,316
K562,MMP17,ENSG00000198598,MMP17,literal_official,200
K562,MMS19,ENSG00000155229,MMS19,literal_official,247
K562,MMS22L,ENSG00000146263,MMS22L,literal_official,82
K562,MMUT,ENSG00000146085,MMUT,literal_official,217
K562,MNAT1,ENSG00000020426,MNAT1,literal_official,126
K562,MND1,ENSG00000121211,MND1,literal_official,140
K562,MNT,ENSG00000070444,MNT,unique_hgnc_bridge,176
K562,MNX1,ENSG00000130675,MNX1,literal_official,236
K562,MOB1A,ENSG00000114978,MOB1A,literal_official,131
K562,MOB1B,ENSG00000173542,MOB1B,literal_official,166
K562,MOB2,ENSG00000182208,MOB2,literal_official,84
K562,MOB3A,ENSG00000172081,MOB3A,literal_official,316
K562,MOB3B,ENSG00000120162,MOB3B,literal_official,349
K562,MOB4,ENSG00000115540,MOB4,literal_official,218
K562,MOCOS,ENSG00000075643,MOCOS,literal_official,97
K562,MOCS1,ENSG00000124615,MOCS1,literal_official,140
K562,MOCS2,ENSG00000164172,MOCS2,literal_official,353
K562,MOCS3,ENSG00000124217,MOCS3,literal_official,191
K562,MOG,ENSG00000204655,MOG,literal_official,294
K562,MOGS,ENSG00000115275,MOGS,literal_official,273
K562,MOK,ENSG00000080823,MOK,literal_official,282
K562,MON1A,ENSG00000164077,MON1A,literal_official,260
K562,MON1B,ENSG00000103111,MON1B,literal_official,188
K562,MON2,ENSG00000061987,MON2,literal_official,335
K562,MORC2,ENSG00000133422,MORC2,literal_official,92
K562,MORC3,ENSG00000159256,MORC3,literal_official,117
K562,MORF4L1,ENSG00000185787,MORF4L1,literal_official,152
K562,MORF4L2,ENSG00000123562,MORF4L2,literal_official,263
K562,MORN1,ENSG00000116151,MORN1,unique_hgnc_bridge,467
K562,MORN2,ENSG00000188010,MORN2,literal_official,51
K562,MORN4,ENSG00000171160,MORN4,literal_official,275
K562,MOSMO,ENSG00000185716,MOSMO,literal_official,71
K562,MOSPD3,ENSG00000106330,MOSPD3,literal_official,301
K562,MOV10,ENSG00000155363,MOV10,literal_official,142
K562,MPC1,ENSG00000060762,MPC1,literal_official,138
K562,MPC2,ENSG00000143158,MPC2,literal_official,118
K562,MPDU1,ENSG00000129255,MPDU1,literal_official,80
K562,MPG,ENSG00000103152,MPG,literal_official,204
K562,MPHOSPH10,ENSG00000124383,MPHOSPH10,literal_official,65
K562,MPHOSPH6,ENSG00000135698,MPHOSPH6,literal_official,141
K562,MPHOSPH8,ENSG00000196199,MPHOSPH8,literal_official,231
K562,MPHOSPH9,ENSG00000051825,MPHOSPH9,literal_official,111
K562,MPI,ENSG00000178802,MPI,literal_official,204
K562,MPIG6B,ENSG00000204420,MPIG6B,literal_official,155
K562,MPLKIP,ENSG00000168303,MPLKIP,literal_official,135
K562,MPND,ENSG00000008382,MPND,literal_official,59
K562,MPP1,ENSG00000130830,MPP1,literal_official,223
K562,MPP3,ENSG00000161647,MPP3,literal_official,235
K562,MPP5,ENSG00000072415,MPP5,literal_official,156
K562,MPP6,ENSG00000105926,MPP6,literal_official,158
K562,MPPE1,ENSG00000154889,MPPE1,literal_official,218
K562,MPRIP,ENSG00000133030,MPRIP,literal_official,201
K562,MPST,ENSG00000128309,MPST,literal_official,69
K562,MPV17,ENSG00000115204,MPV17,literal_official,197
K562,MPV17L2,ENSG00000254858,MPV17L2,literal_official,191
K562,MPZ,ENSG00000158887,MPZ,literal_official,121
K562,MPZL1,ENSG00000197965,MPZL1,literal_official,168
K562,MR1,ENSG00000153029,MR1,unique_hgnc_bridge,250
K562,MRAP2,ENSG00000135324,MRAP2,literal_official,62
K562,MRAS,ENSG00000158186,MRAS,literal_official,177
K562,MRC2,ENSG00000011028,MRC2,literal_official,193
K562,MRE11,ENSG00000020922,MRE11,literal_official,154
K562,MRFAP1,ENSG00000179010,MRFAP1,literal_official,86
K562,MRFAP1L1,ENSG00000178988,MRFAP1L1,literal_official,90
K562,MRGBP,ENSG00000101189,MRGBP,literal_official,129
K562,MRI1,ENSG00000037757,MRI1,literal_official,109
K562,MRM1,ENSG00000278619,MRM1,literal_official,102
K562,MRM2,ENSG00000122687,MRM2,literal_official,211
K562,MRM3,ENSG00000171861,MRM3,literal_official,225
K562,MRNIP,ENSG00000161010,MRNIP,literal_official,122
K562,MRPL1,ENSG00000169288,MRPL1,unique_hgnc_bridge,322
K562,MRPL10,ENSG00000159111,MRPL10,unique_hgnc_bridge,162
K562,MRPL11,ENSG00000174547,MRPL11,unique_hgnc_bridge,105
K562,MRPL13,ENSG00000172172,MRPL13,unique_hgnc_bridge,130
K562,MRPL14,ENSG00000180992,MRPL14,unique_hgnc_bridge,264
K562,MRPL15,ENSG00000137547,MRPL15,unique_hgnc_bridge,75
K562,MRPL16,ENSG00000166902,MRPL16,unique_hgnc_bridge,130
K562,MRPL17,ENSG00000158042,MRPL17,unique_hgnc_bridge,141
K562,MRPL18,ENSG00000112110,MRPL18,unique_hgnc_bridge,250
K562,MRPL19,ENSG00000115364,MRPL19,unique_hgnc_bridge,229
K562,MRPL2,ENSG00000112651,MRPL2,unique_hgnc_bridge,247
K562,MRPL20,ENSG00000242485,MRPL20,unique_hgnc_bridge,337
K562,MRPL21,ENSG00000197345,MRPL21,unique_hgnc_bridge,28
K562,MRPL22,ENSG00000082515,MRPL22,unique_hgnc_bridge,154
K562,MRPL23,ENSG00000214026,MRPL23,unique_hgnc_bridge,171
K562,MRPL24,ENSG00000143314,MRPL24,unique_hgnc_bridge,268
K562,MRPL27,ENSG00000108826,MRPL27,unique_hgnc_bridge,149
K562,MRPL28,ENSG00000086504,MRPL28,unique_hgnc_bridge,103
K562,MRPL3,ENSG00000114686,MRPL3,unique_hgnc_bridge,306
K562,MRPL30,ENSG00000185414,MRPL30,unique_hgnc_bridge,62
K562,MRPL32,ENSG00000106591,MRPL32,unique_hgnc_bridge,88
K562,MRPL33,ENSG00000243147,MRPL33,unique_hgnc_bridge,295
K562,MRPL34,ENSG00000130312,MRPL34,unique_hgnc_bridge,52
K562,MRPL35,ENSG00000132313,MRPL35,unique_hgnc_bridge,260
K562,MRPL36,ENSG00000171421,MRPL36,unique_hgnc_bridge,347
K562,MRPL37,ENSG00000116221,MRPL37,unique_hgnc_bridge,223
K562,MRPL38,ENSG00000204316,MRPL38,unique_hgnc_bridge,245
K562,MRPL39,ENSG00000154719,MRPL39,unique_hgnc_bridge,229
K562,MRPL4,ENSG00000105364,MRPL4,unique_hgnc_bridge,202
K562,MRPL40,ENSG00000185608,MRPL40,unique_hgnc_bridge,228
K562,MRPL41,ENSG00000182154,MRPL41,unique_hgnc_bridge,106
K562,MRPL42,ENSG00000198015,MRPL42,unique_hgnc_bridge,105
K562,MRPL43,ENSG00000055950,MRPL43,unique_hgnc_bridge,142
K562,MRPL44,ENSG00000135900,MRPL44,unique_hgnc_bridge,117
K562,MRPL45,ENSG00000278845,MRPL45,unique_hgnc_bridge,260
K562,MRPL46,ENSG00000259494,MRPL46,unique_hgnc_bridge,139
K562,MRPL47,ENSG00000136522,MRPL47,unique_hgnc_bridge,51
K562,MRPL48,ENSG00000175581,MRPL48,unique_hgnc_bridge,74
K562,MRPL49,ENSG00000149792,MRPL49,unique_hgnc_bridge,43
K562,MRPL50,ENSG00000136897,MRPL50,unique_hgnc_bridge,222
K562,MRPL51,ENSG00000111639,MRPL51,unique_hgnc_bridge,102
K562,MRPL52,ENSG00000172590,MRPL52,unique_hgnc_bridge,90
K562,MRPL53,ENSG00000204822,MRPL53,unique_hgnc_bridge,201
K562,MRPL54,ENSG00000183617,MRPL54,unique_hgnc_bridge,209
K562,MRPL55,ENSG00000162910,MRPL55,unique_hgnc_bridge,207
K562,MRPL58,ENSG00000167862,MRPL58,unique_hgnc_bridge,161
K562,MRPL9,ENSG00000143436,MRPL9,unique_hgnc_bridge,238
K562,MRPS10,ENSG00000048544,MRPS10,unique_hgnc_bridge,120
K562,MRPS11,ENSG00000181991,MRPS11,unique_hgnc_bridge,129
K562,MRPS12,ENSG00000128626,MRPS12,unique_hgnc_bridge,62
K562,MRPS14,ENSG00000120333,MRPS14,unique_hgnc_bridge,124
K562,MRPS15,ENSG00000116898,MRPS15,unique_hgnc_bridge,133
K562,MRPS16,ENSG00000182180,MRPS16,unique_hgnc_bridge,70
K562,MRPS17,ENSG00000239789,MRPS17,unique_hgnc_bridge,123
K562,MRPS18A,ENSG00000096080,MRPS18A,unique_hgnc_bridge,184
K562,MRPS18B,ENSG00000204568,MRPS18B,unique_hgnc_bridge,99
K562,MRPS18C,ENSG00000163319,MRPS18C,unique_hgnc_bridge,179
K562,MRPS2,ENSG00000122140,MRPS2,unique_hgnc_bridge,193
K562,MRPS21,ENSG00000266472,MRPS21,unique_hgnc_bridge,223
K562,MRPS22,ENSG00000175110,MRPS22,unique_hgnc_bridge,225
K562,MRPS23,ENSG00000181610,MRPS23,unique_hgnc_bridge,194
K562,MRPS24,ENSG00000062582,MRPS24,unique_hgnc_bridge,264
K562,MRPS25,ENSG00000131368,MRPS25,unique_hgnc_bridge,125
K562,MRPS26,ENSG00000125901,MRPS26,unique_hgnc_bridge,197
K562,MRPS27,ENSG00000113048,MRPS27,unique_hgnc_bridge,128
K562,MRPS28,ENSG00000147586,MRPS28,unique_hgnc_bridge,260
K562,MRPS30,ENSG00000112996,MRPS30,unique_hgnc_bridge,142
K562,MRPS31,ENSG00000102738,MRPS31,unique_hgnc_bridge,155
K562,MRPS33,ENSG00000090263,MRPS33,unique_hgnc_bridge,150
K562,MRPS34,ENSG00000074071,MRPS34,unique_hgnc_bridge,193
K562,MRPS35,ENSG00000061794,MRPS35,unique_hgnc_bridge,321
K562,MRPS36,ENSG00000134056,KGD4,unique_hgnc_bridge,81
K562,MRPS5,ENSG00000144029,MRPS5,unique_hgnc_bridge,138
K562,MRPS6,ENSG00000243927,MRPS6,unique_hgnc_bridge,370
K562,MRPS7,ENSG00000125445,MRPS7,unique_hgnc_bridge,217
K562,MRPS9,ENSG00000135972,MRPS9,unique_hgnc_bridge,104
K562,MRRF,ENSG00000148187,MRRF,literal_official,101
K562,MRS2,ENSG00000124532,MRS2,literal_official,101
K562,MRTFA,ENSG00000196588,MRTFA,literal_official,136
K562,MRTO4,ENSG00000053372,MRTO4,literal_official,182
K562,MS4A3,ENSG00000149516,MS4A3,literal_official,104
K562,MS4A4A,ENSG00000110079,MS4A4A,literal_official,105
K562,MSANTD1,ENSG00000188981,MSANTD1,literal_official,115
K562,MSANTD3,ENSG00000066697,MSANTD3,literal_official,229
K562,MSANTD4,ENSG00000170903,MSANTD4,literal_official,140
K562,MSC,ENSG00000178860,MSC,literal_official,116
K562,MSGN1,ENSG00000151379,MSGN1,literal_official,80
K562,MSH2,ENSG00000095002,MSH2,literal_official,170
K562,MSH3,ENSG00000113318,MSH3,literal_official,124
K562,MSH5,ENSG00000204410,MSH5,literal_official,201
K562,MSH6,ENSG00000116062,MSH6,literal_official,203
K562,MSI2,ENSG00000153944,MSI2,literal_official,136
K562,MSL1,ENSG00000188895,MSL1,literal_official,222
K562,MSL2,ENSG00000174579,MSL2,literal_official,102
K562,MSL3,ENSG00000005302,MSL3,literal_official,277
K562,MSMO1,ENSG00000052802,MSMO1,literal_official,166
K562,MSN,ENSG00000147065,MSN,literal_official,742
K562,MSRB1,ENSG00000198736,MSRB1,literal_official,444
K562,MSRB2,ENSG00000148450,MSRB2,literal_official,180
K562,MST1,ENSG00000173531,MST1,literal_official,243
K562,MSTO1,ENSG00000125459,MSTO1,literal_official,227
K562,MSX1,ENSG00000163132,MSX1,literal_official,134
K562,MSX2,ENSG00000120149,MSX2,literal_official,281
K562,MT1F,ENSG00000198417,MT1F,literal_official,226
K562,MT1X,ENSG00000187193,MT1X,literal_official,268
K562,MT2A,ENSG00000125148,MT2A,literal_official,290
K562,MTA1,ENSG00000182979,MTA1,literal_official,144
K562,MTA2,ENSG00000149480,MTA2,literal_official,70
K562,MTA3,ENSG00000057935,MTA3,literal_official,104
K562,MTBP,ENSG00000172167,MTBP,literal_official,178
K562,MTCH1,ENSG00000137409,MTCH1,literal_official,201
K562,MTCH2,ENSG00000109919,MTCH2,literal_official,317
K562,MTCP1,ENSG00000214827,MTCP1,literal_official,150
K562,MTDH,ENSG00000147649,MTDH,literal_official,379
K562,MTF1,ENSG00000188786,MTF1,literal_official,168
K562,MTF2,ENSG00000143033,MTF2,literal_official,130
K562,MTFMT,ENSG00000103707,MTFMT,literal_official,260
K562,MTFP1,ENSG00000242114,MTFP1,literal_official,176
K562,MTFR1,ENSG00000066855,MTFR1,literal_official,198
K562,MTFR1L,ENSG00000117640,MTFR1L,literal_official,173
K562,MTFR2,ENSG00000146410,MTFR2,literal_official,206
K562,MTG1,ENSG00000148824,MTG1,literal_official,43
K562,MTG2,ENSG00000101181,MTG2,literal_official,367
K562,MTHFD1,ENSG00000100714,MTHFD1,literal_official,60
K562,MTHFD1L,ENSG00000120254,MTHFD1L,literal_official,183
K562,MTHFD2,ENSG00000065911,MTHFD2,literal_official,391
K562,MTHFD2L,ENSG00000163738,MTHFD2L,literal_official,239
K562,MTHFR,ENSG00000177000,MTHFR,literal_official,337
K562,MTHFS,ENSG00000136371,MTHFS,literal_official,210
K562,MTHFSD,ENSG00000103248,MTHFSD,literal_official,188
K562,MTIF2,ENSG00000085760,MTIF2,literal_official,234
K562,MTIF3,ENSG00000122033,MTIF3,literal_official,125
K562,MTM1,ENSG00000171100,MTM1,literal_official,188
K562,MTMR1,ENSG00000063601,MTMR1,literal_official,174
K562,MTMR12,ENSG00000150712,MTMR12,literal_official,111
K562,MTMR14,ENSG00000163719,MTMR14,literal_official,282
K562,MTMR2,ENSG00000087053,MTMR2,literal_official,264
K562,MTMR3,ENSG00000100330,MTMR3,literal_official,42
K562,MTMR4,ENSG00000108389,MTMR4,literal_official,225
K562,MTMR9,ENSG00000104643,MTMR9,literal_official,206
K562,MTO1,ENSG00000135297,MTO1,literal_official,207
K562,MTOR,ENSG00000198793,MTOR,literal_official,128
K562,MTPAP,ENSG00000107951,MTPAP,literal_official,154
K562,MTPN,ENSG00000105887,MTPN,literal_official,191
K562,MTR,ENSG00000116984,MTR,literal_official,57
K562,MTRES1,ENSG00000130349,MTRES1,literal_official,181
K562,MTREX,ENSG00000039123,MTREX,literal_official,103
K562,MTRF1,ENSG00000120662,MTRF1,literal_official,189
K562,MTRF1L,ENSG00000112031,MTRF1L,literal_official,218
K562,MTRNR2L1,ENSG00000256618,MTRNR2L1,unique_hgnc_bridge,116
K562,MTRNR2L8,ENSG00000255823,MTRNR2L8,unique_hgnc_bridge,75
K562,MTRR,ENSG00000124275,MTRR,literal_official,228
K562,MTX1,ENSG00000173171,MTX1,literal_official,54
K562,MTX2,ENSG00000128654,MTX2,literal_official,243
K562,MUL1,ENSG00000090432,MUL1,literal_official,116
K562,MUS81,ENSG00000172732,MUS81,literal_official,184
K562,MUTYH,ENSG00000132781,MUTYH,literal_official,142
K562,MVB12A,ENSG00000141971,MVB12A,literal_official,78
K562,MVD,ENSG00000167508,MVD,literal_official,135
K562,MVK,ENSG00000110921,MVK,literal_official,361
K562,MXD1,ENSG00000059728,MXD1,literal_official,57
K562,MXD3,ENSG00000213347,MXD3,literal_official,343
K562,MXD4,ENSG00000123933,MXD4,literal_official,230
K562,MXI1,ENSG00000119950,MXI1,literal_official,356
K562,MXRA7,ENSG00000182534,MXRA7,literal_official,345
K562,MXRA8,ENSG00000162576,MXRA8,literal_official,46
K562,MYB,ENSG00000118513,MYB,literal_official,184
K562,MYBBP1A,ENSG00000132382,MYBBP1A,literal_official,117
K562,MYBL1,ENSG00000185697,MYBL1,literal_official,269
K562,MYBL2,ENSG00000101057,MYBL2,literal_official,63
K562,MYC,ENSG00000136997,MYC,literal_official,99
K562,MYCBP,ENSG00000214114,MYCBP,literal_official,395
K562,MYCBP2,ENSG00000005810,MYCBP2,literal_official,276
K562,MYCL,ENSG00000116990,MYCL,literal_official,67
K562,MYCN,ENSG00000134323,MYCN,literal_official,219
K562,MYD88,ENSG00000172936,MYD88,literal_official,355
K562,MYEOV,ENSG00000172927,MYEOV,literal_official,133
K562,MYF5,ENSG00000111049,MYF5,literal_official,60
K562,MYF6,ENSG00000111046,MYF6,literal_official,305
K562,MYH10,ENSG00000133026,MYH10,literal_official,255
K562,MYH9,ENSG00000100345,MYH9,literal_official,216
K562,MYL12A,ENSG00000101608,MYL12A,literal_official,346
K562,MYL12B,ENSG00000118680,MYL12B,literal_official,125
K562,MYL4,ENSG00000198336,MYL4,literal_official,108
K562,MYL6,ENSG00000092841,MYL6,literal_official,289
K562,MYL6B,ENSG00000196465,MYL6B,literal_official,186
K562,MYLIP,ENSG00000007944,MYLIP,literal_official,136
K562,MYLK3,ENSG00000140795,MYLK3,literal_official,328
K562,MYNN,ENSG00000085274,MYNN,literal_official,144
K562,MYO16,ENSG00000041515,MYO16,literal_official,245
K562,MYO18A,ENSG00000196535,MYO18A,literal_official,181
K562,MYO19,ENSG00000278259,MYO19,literal_official,134
K562,MYO1C,ENSG00000197879,MYO1C,literal_official,454
K562,MYO1D,ENSG00000176658,MYO1D,literal_official,320
K562,MYO1H,ENSG00000174527,MYO1H,literal_official,246
K562,MYO6,ENSG00000196586,MYO6,literal_official,277
K562,MYO9A,ENSG00000066933,MYO9A,literal_official,216
K562,MYO9B,ENSG00000099331,MYO9B,literal_official,208
K562,MYOD1,ENSG00000129152,MYOD1,literal_official,428
K562,MYOG,ENSG00000122180,MYOG,literal_official,240
K562,MYPOP,ENSG00000176182,MYPOP,literal_official,144
K562,MYRF,ENSG00000124920,MYRF,literal_official,450
K562,MYRFL,ENSG00000166268,MYRFL,literal_official,266
K562,MYSM1,ENSG00000162601,MYSM1,literal_official,245
K562,MYT1,ENSG00000196132,MYT1,literal_official,81
K562,MYT1L,ENSG00000186487,MYT1L,unique_hgnc_bridge,160
K562,MZF1,ENSG00000099326,MZF1,literal_official,287
K562,MZT1,ENSG00000204899,MZT1,literal_official,394
K562,MZT2A,ENSG00000173272,MZT2A,literal_official,155
K562,MZT2B,ENSG00000152082,MZT2B,literal_official,163
K562,N4BP1,ENSG00000102921,N4BP1,literal_official,152
K562,N4BP2,ENSG00000078177,N4BP2,literal_official,316
K562,N4BP2L2,ENSG00000244754,N4BP2L2,literal_official,115
K562,N6AMT1,ENSG00000156239,N6AMT1,literal_official,312
K562,NAA10,ENSG00000102030,NAA10,literal_official,202
K562,NAA11,ENSG00000156269,NAA11,literal_official,228
K562,NAA15,ENSG00000164134,NAA15,literal_official,225
K562,NAA16,ENSG00000172766,NAA16,literal_official,175
K562,NAA20,ENSG00000173418,NAA20,literal_official,290
K562,NAA25,ENSG00000111300,NAA25,literal_official,204
K562,NAA30,ENSG00000139977,NAA30,literal_official,365
K562,NAA35,ENSG00000135040,NAA35,literal_official,461
K562,NAA38,ENSG00000183011,NAA38,literal_official,147
K562,NAA40,ENSG00000110583,NAA40,literal_official,122
K562,NAA50,ENSG00000121579,NAA50,literal_official,105
K562,NAA60,ENSG00000122390,NAA60,literal_official,48
K562,NAA80,ENSG00000243477,NAA80,literal_official,215
K562,NAAA,ENSG00000138744,NAAA,literal_official,204
K562,NAB1,ENSG00000138386,NAB1,literal_official,153
K562,NAB2,ENSG00000166886,NAB2,literal_official,238
K562,NABP1,ENSG00000173559,NABP1,literal_official,163
K562,NABP2,ENSG00000139579,NABP2,literal_official,664
K562,NACA,ENSG00000196531,NACA,unique_hgnc_bridge,160
K562,NACA2,ENSG00000253506,NACA2,literal_official,101
K562,NACC1,ENSG00000160877,NACC1,literal_official,247
K562,NACC2,ENSG00000148411,NACC2,literal_official,89
K562,NADK,ENSG00000008130,NADK,literal_official,164
K562,NADK2,ENSG00000152620,NADK2,literal_official,149
K562,NADSYN1,ENSG00000172890,NADSYN1,unique_hgnc_bridge,7
K562,NAE1,ENSG00000159593,NAE1,literal_official,187
K562,NAF1,ENSG00000145414,NAF1,literal_official,203
K562,NAGA,ENSG00000198951,NAGA,literal_official,256
K562,NAGK,ENSG00000124357,NAGK,literal_official,337
K562,NAGLU,ENSG00000108784,NAGLU,literal_official,481
K562,NAGPA,ENSG00000103174,NAGPA,literal_official,242
K562,NAIF1,ENSG00000171169,NAIF1,literal_official,264
K562,NAMPT,ENSG00000105835,NAMPT,literal_official,108
K562,NANOG,ENSG00000111704,NANOG,literal_official,261
K562,NANOGNB,ENSG00000205857,NANOGNB,literal_official,62
K562,NANP,ENSG00000170191,NANP,literal_official,346
K562,NANS,ENSG00000095380,NANS,literal_official,179
K562,NAP1L1,ENSG00000187109,NAP1L1,unique_hgnc_bridge,232
K562,NAP1L4,ENSG00000205531,NAP1L4,literal_official,158
K562,NAPA,ENSG00000105402,NAPA,literal_official,19
K562,NAPEPLD,ENSG00000161048,NAPEPLD,literal_official,194
K562,NAPG,ENSG00000134265,NAPG,literal_official,183
K562,NARF,ENSG00000141562,NARF,literal_official,250
K562,NARS,ENSG00000134440,NARS,literal_official,105
K562,NARS2,ENSG00000137513,NARS2,literal_official,267
K562,NASP,ENSG00000132780,NASP,literal_official,404
K562,NAT10,ENSG00000135372,NAT10,literal_official,22
K562,NAT14,ENSG00000090971,NAT14,literal_official,97
K562,NAT8L,ENSG00000185818,NAT8L,literal_official,278
K562,NAT9,ENSG00000109065,NAT9,literal_official,204
K562,NAV1,ENSG00000134369,NAV1,literal_official,184
K562,NAXD,ENSG00000213995,NAXD,literal_official,176
K562,NAXE,ENSG00000163382,NAXE,literal_official,111
K562,NBAS,ENSG00000151779,NBAS,literal_official,142
K562,NBEAL1,ENSG00000144426,NBEAL1,literal_official,307
K562,NBEAL2,ENSG00000160796,NBEAL2,literal_official,234
K562,NBN,ENSG00000104320,NBN,literal_official,156
K562,NBPF1,ENSG00000219481,NBPF1,literal_official,52
K562,NBPF12,ENSG00000268043,NBPF12,literal_official,342
K562,NBPF15,ENSG00000266338,NBPF15,literal_official,184
K562,NBPF3,ENSG00000142794,NBPF3,literal_official,258
K562,NBR1,ENSG00000188554,NBR1,literal_official,29
K562,NCAM2,ENSG00000154654,NCAM2,literal_official,78
K562,NCAPD2,ENSG00000010292,NCAPD2,literal_official,41
K562,NCAPD3,ENSG00000151503,NCAPD3,literal_official,212
K562,NCAPG,ENSG00000109805,NCAPG,literal_official,125
K562,NCAPG2,ENSG00000146918,NCAPG2,literal_official,164
K562,NCAPH,ENSG00000121152,NCAPH,literal_official,99
K562,NCAPH2,ENSG00000025770,NCAPH2,literal_official,306
K562,NCBP1,ENSG00000136937,NCBP1,literal_official,87
K562,NCBP2,ENSG00000114503,NCBP2,literal_official,547
K562,NCDN,ENSG00000020129,NCDN,literal_official,167
K562,NCK1,ENSG00000158092,NCK1,literal_official,241
K562,NCK2,ENSG00000071051,NCK2,literal_official,287
K562,NCKAP1,ENSG00000061676,NCKAP1,literal_official,123
K562,NCKAP1L,ENSG00000123338,NCKAP1L,literal_official,116
K562,NCKAP5L,ENSG00000167566,NCKAP5L,literal_official,148
K562,NCKIPSD,ENSG00000213672,NCKIPSD,literal_official,41
K562,NCL,ENSG00000115053,NCL,literal_official,443
K562,NCLN,ENSG00000125912,NCLN,literal_official,74
K562,NCOA1,ENSG00000084676,NCOA1,literal_official,187
K562,NCOA2,ENSG00000140396,NCOA2,literal_official,201
K562,NCOA3,ENSG00000124151,NCOA3,literal_official,85
K562,NCOA4,ENSG00000266412,NCOA4,literal_official,321
K562,NCOA5,ENSG00000124160,NCOA5,literal_official,126
K562,NCOA6,ENSG00000198646,NCOA6,literal_official,264
K562,NCOA7,ENSG00000111912,NCOA7,literal_official,181
K562,NCOR1,ENSG00000141027,NCOR1,literal_official,191
K562,NCOR2,ENSG00000196498,NCOR2,literal_official,434
K562,NCR3LG1,ENSG00000188211,NCR3LG1,literal_official,134
K562,NCS1,ENSG00000107130,NCS1,literal_official,92
K562,NCSTN,ENSG00000162736,NCSTN,literal_official,203
K562,NDC1,ENSG00000058804,NDC1,literal_official,106
K562,NDC80,ENSG00000080986,NDC80,literal_official,105
K562,NDE1,ENSG00000072864,NDE1,literal_official,152
K562,NDEL1,ENSG00000166579,NDEL1,literal_official,241
K562,NDFIP1,ENSG00000131507,NDFIP1,literal_official,270
K562,NDFIP2,ENSG00000102471,NDFIP2,literal_official,55
K562,NDOR1,ENSG00000188566,NDOR1,literal_official,69
K562,NDRG2,ENSG00000165795,NDRG2,literal_official,307
K562,NDRG3,ENSG00000101079,NDRG3,literal_official,229
K562,NDST1,ENSG00000070614,NDST1,literal_official,106
K562,NDST2,ENSG00000166507,NDST2,literal_official,131
K562,NDUFA1,ENSG00000125356,NDUFA1,literal_official,45
K562,NDUFA10,ENSG00000130414,NDUFA10,literal_official,56
K562,NDUFA11,ENSG00000174886,NDUFA11,literal_official,234
K562,NDUFA12,ENSG00000184752,NDUFA12,literal_official,223
K562,NDUFA13,ENSG00000186010,NDUFA13,literal_official,213
K562,NDUFA2,ENSG00000131495,NDUFA2,literal_official,161
K562,NDUFA3,ENSG00000170906,NDUFA3,literal_official,238
K562,NDUFA4,ENSG00000189043,NDUFA4,literal_official,148
K562,NDUFA5,ENSG00000128609,NDUFA5,literal_official,64
K562,NDUFA6,ENSG00000184983,NDUFA6,literal_official,334
K562,NDUFA7,ENSG00000267855,NDUFA7,literal_official,117
K562,NDUFA8,ENSG00000119421,NDUFA8,literal_official,162
K562,NDUFA9,ENSG00000139180,NDUFA9,literal_official,115
K562,NDUFAB1,ENSG00000004779,NDUFAB1,literal_official,227
K562,NDUFAF1,ENSG00000137806,NDUFAF1,literal_official,133
K562,NDUFAF2,ENSG00000164182,NDUFAF2,literal_official,98
K562,NDUFAF3,ENSG00000178057,NDUFAF3,literal_official,156
K562,NDUFAF4,ENSG00000123545,NDUFAF4,literal_official,100
K562,NDUFAF5,ENSG00000101247,NDUFAF5,literal_official,34
K562,NDUFAF6,ENSG00000156170,NDUFAF6,literal_official,131
K562,NDUFAF7,ENSG00000003509,NDUFAF7,literal_official,44
K562,NDUFAF8,ENSG00000224877,NDUFAF8,literal_official,263
K562,NDUFB1,ENSG00000183648,NDUFB1,literal_official,287
K562,NDUFB10,ENSG00000140990,NDUFB10,literal_official,357
K562,NDUFB11,ENSG00000147123,NDUFB11,literal_official,179
K562,NDUFB2,ENSG00000090266,NDUFB2,literal_official,126
K562,NDUFB3,ENSG00000119013,NDUFB3,literal_official,301
K562,NDUFB4,ENSG00000065518,NDUFB4,literal_official,313
K562,NDUFB5,ENSG00000136521,NDUFB5,literal_official,19
K562,NDUFB6,ENSG00000165264,NDUFB6,literal_official,389
K562,NDUFB7,ENSG00000099795,NDUFB7,literal_official,166
K562,NDUFB8,ENSG00000166136,NDUFB8,literal_official,340
K562,NDUFB9,ENSG00000147684,NDUFB9,literal_official,105
K562,NDUFC1,ENSG00000109390,NDUFC1,literal_official,341
K562,NDUFC2,ENSG00000151366,NDUFC2,literal_official,79
K562,NDUFS1,ENSG00000023228,NDUFS1,literal_official,73
K562,NDUFS2,ENSG00000158864,NDUFS2,literal_official,217
K562,NDUFS3,ENSG00000213619,NDUFS3,literal_official,180
K562,NDUFS4,ENSG00000164258,NDUFS4,literal_official,129
K562,NDUFS5,ENSG00000168653,NDUFS5,literal_official,393
K562,NDUFS6,ENSG00000145494,NDUFS6,literal_official,103
K562,NDUFS7,ENSG00000115286,NDUFS7,literal_official,306
K562,NDUFS8,ENSG00000110717,NDUFS8,literal_official,65
K562,NDUFV1,ENSG00000167792,NDUFV1,literal_official,400
K562,NDUFV2,ENSG00000178127,NDUFV2,literal_official,160
K562,NDUFV3,ENSG00000160194,NDUFV3,literal_official,170
K562,NEBL,ENSG00000078114,NEBL,literal_official,141
K562,NECAB3,ENSG00000125967,NECAB3,literal_official,186
K562,NECAP1,ENSG00000089818,NECAP1,literal_official,204
K562,NECAP2,ENSG00000157191,NECAP2,literal_official,282
K562,NECTIN2,ENSG00000130202,NECTIN2,literal_official,129
K562,NEDD1,ENSG00000139350,NEDD1,literal_official,51
K562,NEDD4,ENSG00000069869,NEDD4,literal_official,65
K562,NEDD4L,ENSG00000049759,NEDD4L,literal_official,362
K562,NEDD8,ENSG00000129559,NEDD8,literal_official,122
K562,NEDD8-MDP1,nan,NEDD8-MDP1,unique_hgnc_bridge,47
K562,NEFH,ENSG00000100285,NEFH,literal_official,104
K562,NEIL2,ENSG00000154328,NEIL2,literal_official,187
K562,NEIL3,ENSG00000109674,NEIL3,literal_official,260
K562,NEK1,ENSG00000137601,NEK1,literal_official,97
K562,NEK2,ENSG00000117650,NEK2,literal_official,147
K562,NEK4,ENSG00000114904,NEK4,literal_official,153
K562,NEK6,ENSG00000119408,NEK6,literal_official,71
K562,NEK7,ENSG00000151414,NEK7,literal_official,177
K562,NEK9,ENSG00000119638,NEK9,literal_official,279
K562,NELFA,ENSG00000185049,NELFA,literal_official,159
K562,NELFB,ENSG00000188986,NELFB,literal_official,227
K562,NELFCD,ENSG00000101158,NELFCD,literal_official,431
K562,NELFE,ENSG00000204356,NELFE,literal_official,143
K562,NEMF,ENSG00000165525,NEMF,literal_official,99
K562,NENF,ENSG00000117691,NENF,literal_official,511
K562,NEPRO,ENSG00000163608,NEPRO,literal_official,24
K562,NES,ENSG00000132688,NES,literal_official,314
K562,NET1,ENSG00000173848,NET1,literal_official,124
K562,NETO2,ENSG00000171208,NETO2,literal_official,237
K562,NEU1,ENSG00000204386,NEU1,literal_official,276
K562,NEU3,ENSG00000162139,NEU3,literal_official,407
K562,NEURL4,ENSG00000215041,NEURL4,literal_official,214
K562,NEUROD1,ENSG00000162992,NEUROD1,literal_official,372
K562,NEUROD2,ENSG00000171532,NEUROD2,literal_official,79
K562,NEUROD4,ENSG00000123307,NEUROD4,literal_official,142
K562,NEUROD6,ENSG00000164600,NEUROD6,literal_official,29
K562,NEUROG1,ENSG00000181965,NEUROG1,literal_official,203
K562,NEUROG2,ENSG00000178403,NEUROG2,literal_official,130
K562,NEUROG3,ENSG00000122859,NEUROG3,literal_official,235
K562,NEXN,ENSG00000162614,NEXN,literal_official,160
K562,NF1,ENSG00000196712,NF1,literal_official,143
K562,NF2,ENSG00000186575,NF2,literal_official,322
K562,NFAT5,ENSG00000102908,NFAT5,literal_official,80
K562,NFATC1,ENSG00000131196,NFATC1,literal_official,289
K562,NFATC2,ENSG00000101096,NFATC2,literal_official,280
K562,NFATC2IP,ENSG00000176953,NFATC2IP,literal_official,363
K562,NFATC3,ENSG00000072736,NFATC3,literal_official,220
K562,NFATC4,ENSG00000100968,NFATC4,literal_official,87
K562,NFE2,ENSG00000123405,NFE2,literal_official,145
K562,NFE2L1,ENSG00000082641,NFE2L1,literal_official,93
K562,NFE2L2,ENSG00000116044,NFE2L2,literal_official,140
K562,NFE2L3,ENSG00000050344,NFE2L3,literal_official,186
K562,NFE4,ENSG00000230257,NFE4,unique_hgnc_bridge,153
K562,NFIA,ENSG00000162599,NFIA,literal_official,50
K562,NFIB,ENSG00000147862,NFIB,literal_official,161
K562,NFIC,ENSG00000141905,NFIC,literal_official,302
K562,NFIL3,ENSG00000165030,NFIL3,literal_official,158
K562,NFIX,ENSG00000008441,NFIX,literal_official,403
K562,NFKB1,ENSG00000109320,NFKB1,literal_official,321
K562,NFKB2,ENSG00000077150,NFKB2,literal_official,254
K562,NFKBIA,ENSG00000100906,NFKBIA,literal_official,255
K562,NFKBIB,ENSG00000104825,NFKBIB,literal_official,245
K562,NFKBID,ENSG00000167604,NFKBID,literal_official,172
K562,NFKBIE,ENSG00000146232,NFKBIE,literal_official,95
K562,NFKBIL1,ENSG00000204498,NFKBIL1,literal_official,61
K562,NFRKB,ENSG00000170322,NFRKB,literal_official,468
K562,NFS1,ENSG00000244005,NFS1,literal_official,150
K562,NFU1,ENSG00000169599,NFU1,literal_official,56
K562,NFX1,ENSG00000086102,NFX1,literal_official,158
K562,NFXL1,ENSG00000170448,NFXL1,literal_official,114
K562,NFYA,ENSG00000001167,NFYA,literal_official,130
K562,NFYB,ENSG00000120837,NFYB,literal_official,92
K562,NFYC,ENSG00000066136,NFYC,literal_official,29
K562,NGDN,ENSG00000129460,NGDN,literal_official,23
K562,NGLY1,ENSG00000151092,NGLY1,literal_official,212
K562,NGRN,ENSG00000182768,NGRN,literal_official,188
K562,NHEJ1,ENSG00000187736,NHEJ1,literal_official,109
K562,NHLH1,ENSG00000171786,NHLH1,literal_official,218
K562,NHLH2,ENSG00000177551,NHLH2,literal_official,224
K562,NHLRC2,ENSG00000196865,NHLRC2,literal_official,268
K562,NHLRC3,ENSG00000188811,NHLRC3,literal_official,266
K562,NHP2,ENSG00000145912,NHP2,literal_official,124
K562,NIF3L1,ENSG00000196290,NIF3L1,literal_official,62
K562,NIFK,ENSG00000155438,NIFK,literal_official,75
K562,NIN,ENSG00000100503,NIN,literal_official,156
K562,NINJ1,ENSG00000131669,NINJ1,literal_official,159
K562,NINJ2,ENSG00000171840,NINJ2,literal_official,357
K562,NIP7,ENSG00000132603,NIP7,literal_official,202
K562,NIPA1,ENSG00000170113,NIPA1,literal_official,228
K562,NIPA2,ENSG00000140157,NIPA2,literal_official,71
K562,NIPAL3,ENSG00000001461,NIPAL3,literal_official,133
K562,NIPBL,ENSG00000164190,NIPBL,literal_official,46
K562,NIPSNAP1,ENSG00000184117,NIPSNAP1,literal_official,77
K562,NIPSNAP2,ENSG00000146729,NIPSNAP2,literal_official,242
K562,NIPSNAP3A,ENSG00000136783,NIPSNAP3A,literal_official,123
K562,NISCH,ENSG00000010322,NISCH,literal_official,412
K562,NIT1,ENSG00000158793,NIT1,literal_official,237
K562,NIT2,ENSG00000114021,NIT2,literal_official,104
K562,NKAP,ENSG00000101882,NKAP,literal_official,56
K562,NKAPD1,ENSG00000150776,NKAPD1,literal_official,229
K562,NKIRAS1,ENSG00000197885,NKIRAS1,literal_official,128
K562,NKIRAS2,ENSG00000168256,NKIRAS2,literal_official,99
K562,NKRF,ENSG00000186416,NKRF,literal_official,175
K562,NKTR,ENSG00000114857,NKTR,literal_official,140
K562,NKX1-1,ENSG00000235608,NKX1-1,literal_official,164
K562,NKX1-2,ENSG00000229544,NKX1-2,literal_official,156
K562,NKX2-1,ENSG00000136352,NKX2-1,literal_official,109
K562,NKX2-2,ENSG00000125820,NKX2-2,literal_official,34
K562,NKX2-3,ENSG00000119919,NKX2-3,literal_official,172
K562,NKX2-4,ENSG00000125816,NKX2-4,literal_official,239
K562,NKX2-5,ENSG00000183072,NKX2-5,literal_official,157
K562,NKX2-6,ENSG00000180053,NKX2-6,literal_official,127
K562,NKX2-8,ENSG00000136327,NKX2-8,literal_official,564
K562,NKX3-1,ENSG00000167034,NKX3-1,literal_official,114
K562,NKX3-2,ENSG00000109705,NKX3-2,literal_official,81
K562,NKX6-1,ENSG00000163623,NKX6-1,literal_official,152
K562,NKX6-2,ENSG00000148826,NKX6-2,literal_official,138
K562,NKX6-3,ENSG00000165066,NKX6-3,literal_official,215
K562,NLE1,ENSG00000073536,NLE1,literal_official,218
K562,NLK,ENSG00000087095,NLK,literal_official,149
K562,NLN,ENSG00000123213,NLN,literal_official,66
K562,NLRP1,ENSG00000091592,NLRP1,literal_official,232
K562,NLRP2,ENSG00000022556,NLRP2,literal_official,60
K562,NMD3,ENSG00000169251,NMD3,literal_official,103
K562,NME1,ENSG00000239672,NME1,literal_official,238
K562,NME1-NME2,nan,NME1-NME2,unique_hgnc_bridge,196
K562,NME3,ENSG00000103024,NME3,literal_official,152
K562,NME4,ENSG00000103202,NME4,literal_official,78
K562,NME6,ENSG00000172113,NME6,literal_official,208
K562,NME7,ENSG00000143156,NME7,literal_official,105
K562,NMI,ENSG00000123609,NMI,literal_official,251
K562,NMNAT1,ENSG00000173614,NMNAT1,literal_official,148
K562,NMNAT3,ENSG00000163864,NMNAT3,literal_official,228
K562,NMRAL1,ENSG00000153406,NMRAL1,literal_official,204
K562,NMT1,ENSG00000136448,NMT1,literal_official,80
K562,NMT2,ENSG00000152465,NMT2,literal_official,115
K562,NMU,ENSG00000109255,NMU,literal_official,224
K562,NNMT,ENSG00000166741,NNMT,literal_official,297
K562,NNT,ENSG00000112992,NNT,literal_official,62
K562,NOA1,ENSG00000084092,NOA1,literal_official,141
K562,NOB1,ENSG00000141101,NOB1,literal_official,134
K562,NOBOX,ENSG00000106410,NOBOX,literal_official,257
K562,NOC2L,ENSG00000188976,NOC2L,literal_official,31
K562,NOC3L,ENSG00000173145,NOC3L,literal_official,84
K562,NOC4L,ENSG00000184967,NOC4L,literal_official,52
K562,NOL10,ENSG00000115761,NOL10,literal_official,38
K562,NOL11,ENSG00000130935,NOL11,literal_official,169
K562,NOL12,ENSG00000273899,NOL12,literal_official,114
K562,NOL6,ENSG00000165271,NOL6,literal_official,44
K562,NOL7,ENSG00000225921,NOL7,literal_official,192
K562,NOL8,ENSG00000198000,NOL8,literal_official,106
K562,NOL9,ENSG00000162408,NOL9,literal_official,32
K562,NOLC1,ENSG00000166197,NOLC1,literal_official,234
K562,NOM1,ENSG00000146909,NOM1,literal_official,121
K562,NOMO1,ENSG00000103512,NOMO1,literal_official,593
K562,NOMO3,ENSG00000103226,NOMO3,unique_hgnc_bridge,308
K562,NONO,ENSG00000147140,NONO,literal_official,205
K562,NOP10,ENSG00000182117,NOP10,literal_official,161
K562,NOP14,ENSG00000087269,NOP14,literal_official,46
K562,NOP16,ENSG00000048162,NOP16,literal_official,88
K562,NOP2,ENSG00000111641,NOP2,literal_official,28
K562,NOP53,ENSG00000105373,NOP53,literal_official,70
K562,NOP56,ENSG00000101361,NOP56,literal_official,191
K562,NOP58,ENSG00000055044,NOP58,literal_official,77
K562,NOP9,ENSG00000196943,NOP9,literal_official,137
K562,NOS1AP,ENSG00000198929,NOS1AP,literal_official,164
K562,NOS3,ENSG00000164867,NOS3,literal_official,68
K562,NOSIP,ENSG00000142546,NOSIP,literal_official,141
K562,NOSTRIN,ENSG00000163072,NOSTRIN,literal_official,333
K562,NOTO,ENSG00000214513,NOTO,literal_official,232
K562,NOTUM,ENSG00000185269,NOTUM,literal_official,212
K562,NPAS1,ENSG00000130751,NPAS1,literal_official,240
K562,NPAS2,ENSG00000170485,NPAS2,literal_official,183
K562,NPAS3,ENSG00000151322,NPAS3,literal_official,140
K562,NPAS4,ENSG00000174576,NPAS4,literal_official,169
K562,NPAT,ENSG00000149308,NPAT,literal_official,16
K562,NPB,ENSG00000183979,NPB,literal_official,432
K562,NPC1,ENSG00000141458,NPC1,literal_official,103
K562,NPC2,ENSG00000119655,NPC2,literal_official,108
K562,NPEPPS,ENSG00000141279,NPEPPS,literal_official,372
K562,NPHP4,ENSG00000131697,NPHP4,literal_official,235
K562,NPL,ENSG00000135838,NPL,literal_official,160
K562,NPLOC4,ENSG00000182446,NPLOC4,literal_official,74
K562,NPM1,ENSG00000181163,NPM1,unique_hgnc_bridge,92
K562,NPM3,ENSG00000107833,NPM3,literal_official,154
K562,NPRL2,ENSG00000114388,NPRL2,literal_official,122
K562,NPRL3,ENSG00000103148,NPRL3,literal_official,200
K562,NPTN,ENSG00000156642,NPTN,literal_official,183
K562,NPW,ENSG00000183971,NPW,literal_official,28
K562,NQO1,ENSG00000181019,NQO1,literal_official,345
K562,NQO2,ENSG00000124588,NQO2,literal_official,134
K562,NR0B1,ENSG00000169297,NR0B1,literal_official,167
K562,NR1D1,ENSG00000126368,NR1D1,literal_official,243
K562,NR1D2,ENSG00000174738,NR1D2,literal_official,103
K562,NR1H2,ENSG00000131408,NR1H2,literal_official,223
K562,NR1H3,ENSG00000025434,NR1H3,literal_official,190
K562,NR1H4,ENSG00000012504,NR1H4,literal_official,168
K562,NR1I2,ENSG00000144852,NR1I2,literal_official,133
K562,NR1I3,ENSG00000143257,NR1I3,literal_official,95
K562,NR2C1,ENSG00000120798,NR2C1,literal_official,117
K562,NR2C2,ENSG00000177463,NR2C2,literal_official,200
K562,NR2C2AP,ENSG00000184162,NR2C2AP,literal_official,177
K562,NR2E1,ENSG00000112333,NR2E1,literal_official,34
K562,NR2E3,ENSG00000278570,NR2E3,literal_official,317
K562,NR2F1,ENSG00000175745,NR2F1,literal_official,119
K562,NR2F2,ENSG00000185551,NR2F2,literal_official,127
K562,NR2F6,ENSG00000160113,NR2F6,literal_official,297
K562,NR3C1,ENSG00000113580,NR3C1,literal_official,160
K562,NR3C2,ENSG00000151623,NR3C2,literal_official,103
K562,NR4A1,ENSG00000123358,NR4A1,literal_official,152
K562,NR4A2,ENSG00000153234,NR4A2,literal_official,220
K562,NR4A3,ENSG00000119508,NR4A3,literal_official,224
K562,NR5A1,ENSG00000136931,NR5A1,literal_official,290
K562,NR5A2,ENSG00000116833,NR5A2,literal_official,271
K562,NR6A1,ENSG00000148200,NR6A1,literal_official,70
K562,NRARP,ENSG00000198435,NRARP,literal_official,215
K562,NRAS,ENSG00000213281,NRAS,literal_official,235
K562,NRBF2,ENSG00000148572,NRBF2,literal_official,30
K562,NRBP1,ENSG00000115216,NRBP1,literal_official,92
K562,NRDE2,ENSG00000119720,NRDE2,literal_official,172
K562,NRF1,ENSG00000106459,NRF1,literal_official,111
K562,NRGN,ENSG00000154146,NRGN,literal_official,143
K562,NRIP1,ENSG00000180530,NRIP1,literal_official,235
K562,NRIP3,ENSG00000175352,NRIP3,literal_official,231
K562,NRL,ENSG00000129535,NRL,literal_official,326
K562,NRM,ENSG00000137404,NRM,literal_official,116
K562,NRROS,ENSG00000174004,NRROS,literal_official,110
K562,NRSN2,ENSG00000125841,NRSN2,literal_official,208
K562,NRTN,ENSG00000171119,NRTN,literal_official,107
K562,NSA2,ENSG00000164346,NSA2,literal_official,187
K562,NSD1,ENSG00000165671,NSD1,literal_official,182
K562,NSD2,ENSG00000109685,NSD2,literal_official,228
K562,NSD3,ENSG00000147548,NSD3,literal_official,348
K562,NSDHL,ENSG00000147383,NSDHL,literal_official,201
K562,NSF,ENSG00000073969,NSF,literal_official,430
K562,NSFL1C,ENSG00000088833,NSFL1C,literal_official,204
K562,NSL1,ENSG00000117697,NSL1,literal_official,118
K562,NSMAF,ENSG00000035681,NSMAF,literal_official,292
K562,NSMCE1,ENSG00000169189,NSMCE1,literal_official,147
K562,NSMCE2,ENSG00000156831,NSMCE2,literal_official,332
K562,NSMCE4A,ENSG00000107672,NSMCE4A,literal_official,177
K562,NSMF,ENSG00000165802,NSMF,literal_official,763
K562,NSRP1,ENSG00000126653,NSRP1,literal_official,149
K562,NSUN2,ENSG00000037474,NSUN2,literal_official,264
K562,NSUN4,ENSG00000117481,NSUN4,literal_official,312
K562,NSUN5,ENSG00000130305,NSUN5,literal_official,116
K562,NSUN6,ENSG00000241058,NSUN6,literal_official,116
K562,NT5C,ENSG00000125458,NT5C,literal_official,303
K562,NT5C2,ENSG00000076685,NT5C2,literal_official,174
K562,NT5C3A,ENSG00000122643,NT5C3A,literal_official,170
K562,NT5C3B,ENSG00000141698,NT5C3B,literal_official,307
K562,NT5DC1,ENSG00000178425,NT5DC1,literal_official,207
K562,NT5DC2,ENSG00000168268,NT5DC2,literal_official,190
K562,NT5DC3,ENSG00000111696,NT5DC3,literal_official,97
K562,NT5M,ENSG00000205309,NT5M,literal_official,154
K562,NTAN1,ENSG00000157045,NTAN1,literal_official,256
K562,NTHL1,ENSG00000065057,NTHL1,literal_official,279
K562,NTMT1,ENSG00000148335,NTMT1,literal_official,126
K562,NTPCR,ENSG00000135778,NTPCR,literal_official,118
K562,NTRK1,ENSG00000198400,NTRK1,literal_official,124
K562,NUB1,ENSG00000013374,NUB1,literal_official,315
K562,NUBP1,ENSG00000103274,NUBP1,literal_official,229
K562,NUBP2,ENSG00000095906,NUBP2,literal_official,405
K562,NUBPL,ENSG00000151413,NUBPL,literal_official,74
K562,NUCB1,ENSG00000104805,NUCB1,literal_official,90
K562,NUCB2,ENSG00000070081,NUCB2,literal_official,190
K562,NUCKS1,ENSG00000069275,NUCKS1,literal_official,165
K562,NUDC,ENSG00000090273,NUDC,literal_official,70
K562,NUDCD1,ENSG00000120526,NUDCD1,literal_official,132
K562,NUDCD2,ENSG00000170584,NUDCD2,literal_official,216
K562,NUDCD3,ENSG00000015676,NUDCD3,literal_official,138
K562,NUDT1,ENSG00000106268,NUDT1,literal_official,229
K562,NUDT12,ENSG00000112874,NUDT12,literal_official,100
K562,NUDT14,ENSG00000183828,NUDT14,literal_official,272
K562,NUDT15,ENSG00000136159,NUDT15,literal_official,180
K562,NUDT16,ENSG00000198585,NUDT16,literal_official,127
K562,NUDT16L1,ENSG00000168101,NUDT16L1,literal_official,262
K562,NUDT19,ENSG00000213965,NUDT19,literal_official,158
K562,NUDT2,ENSG00000164978,NUDT2,literal_official,216
K562,NUDT21,ENSG00000167005,NUDT21,literal_official,57
K562,NUDT22,ENSG00000149761,NUDT22,literal_official,254
K562,NUDT3,ENSG00000272325,NUDT3,literal_official,52
K562,NUDT4,ENSG00000173598,NUDT4,literal_official,161
K562,NUDT5,ENSG00000165609,NUDT5,literal_official,138
K562,NUDT6,ENSG00000170917,NUDT6,unique_hgnc_bridge,330
K562,NUDT8,ENSG00000167799,NUDT8,literal_official,153
K562,NUDT9,ENSG00000170502,NUDT9,literal_official,184
K562,NUF2,ENSG00000143228,NUF2,literal_official,312
K562,NUFIP1,ENSG00000083635,NUFIP1,literal_official,100
K562,NUFIP2,ENSG00000108256,NUFIP2,literal_official,245
K562,NUMA1,ENSG00000137497,NUMA1,literal_official,368
K562,NUMB,ENSG00000133961,NUMB,literal_official,224
K562,NUMBL,ENSG00000105245,NUMBL,literal_official,121
K562,NUP107,ENSG00000111581,NUP107,literal_official,176
K562,NUP133,ENSG00000069248,NUP133,literal_official,99
K562,NUP153,ENSG00000124789,NUP153,literal_official,215
K562,NUP155,ENSG00000113569,NUP155,literal_official,15
K562,NUP160,ENSG00000030066,NUP160,literal_official,157
K562,NUP188,ENSG00000095319,NUP188,literal_official,274
K562,NUP205,ENSG00000155561,NUP205,literal_official,774
K562,NUP210,ENSG00000132182,NUP210,literal_official,271
K562,NUP214,ENSG00000126883,NUP214,literal_official,363
K562,NUP35,ENSG00000163002,NUP35,literal_official,166
K562,NUP37,ENSG00000075188,NUP37,literal_official,135
K562,NUP42,ENSG00000136243,NUP42,literal_official,120
K562,NUP43,ENSG00000120253,NUP43,literal_official,86
K562,NUP50,ENSG00000093000,NUP50,literal_official,184
K562,NUP54,ENSG00000138750,NUP54,literal_official,188
K562,NUP62,ENSG00000213024,NUP62,literal_official,40
K562,NUP62CL,ENSG00000198088,NUP62CL,literal_official,166
K562,NUP85,ENSG00000125450,NUP85,literal_official,52
K562,NUP88,ENSG00000108559,NUP88,literal_official,34
K562,NUP93,ENSG00000102900,NUP93,literal_official,155
K562,NUP98,ENSG00000110713,NUP98,literal_official,346
K562,NUS1,ENSG00000153989,NUS1,literal_official,276
K562,NUSAP1,ENSG00000137804,NUSAP1,literal_official,206
K562,NUTF2,ENSG00000102898,NUTF2,literal_official,54
K562,NVL,ENSG00000143748,NVL,literal_official,149
K562,NXF1,ENSG00000162231,NXF1,literal_official,652
K562,NXT1,ENSG00000132661,NXT1,literal_official,168
K562,NXT2,ENSG00000101888,NXT2,literal_official,178
K562,OAF,ENSG00000184232,OAF,literal_official,284
K562,OARD1,ENSG00000124596,OARD1,literal_official,167
K562,OAT,ENSG00000065154,OAT,literal_official,177
K562,OAZ1,ENSG00000104904,OAZ1,literal_official,152
K562,OAZ2,ENSG00000180304,OAZ2,literal_official,193
K562,OBI1,ENSG00000152193,OBI1,literal_official,138
K562,OBSL1,ENSG00000124006,OBSL1,literal_official,386
K562,OCEL1,ENSG00000099330,OCEL1,literal_official,132
K562,OCIAD1,ENSG00000109180,OCIAD1,literal_official,254
K562,ODC1,ENSG00000115758,ODC1,literal_official,211
K562,ODF2,ENSG00000136811,ODF2,literal_official,221
K562,ODF2L,ENSG00000122417,ODF2L,literal_official,174
K562,ODR4,ENSG00000157181,ODR4,literal_official,188
K562,OFD1,ENSG00000046651,OFD1,literal_official,162
K562,OGA,ENSG00000198408,OGA,literal_official,112
K562,OGDH,ENSG00000105953,OGDH,literal_official,4
K562,OGFOD1,ENSG00000087263,OGFOD1,literal_official,162
K562,OGFOD2,ENSG00000111325,OGFOD2,literal_official,152
K562,OGFOD3,ENSG00000181396,OGFOD3,literal_official,163
K562,OGFR,ENSG00000060491,OGFR,literal_official,200
K562,OGG1,ENSG00000114026,OGG1,literal_official,231
K562,OGT,ENSG00000147162,OGT,literal_official,38
K562,OIP5,ENSG00000104147,OIP5,literal_official,264
K562,OLA1,ENSG00000138430,OLA1,literal_official,316
K562,OLFML3,ENSG00000116774,OLFML3,literal_official,468
K562,OLIG1,ENSG00000184221,OLIG1,literal_official,120
K562,OLIG2,ENSG00000205927,OLIG2,literal_official,155
K562,OLIG3,ENSG00000177468,OLIG3,literal_official,273
K562,OMA1,ENSG00000162600,OMA1,literal_official,137
K562,ONECUT1,ENSG00000169856,ONECUT1,literal_official,93
K562,ONECUT2,ENSG00000119547,ONECUT2,literal_official,232
K562,ONECUT3,ENSG00000205922,ONECUT3,literal_official,79
K562,OPA1,ENSG00000198836,OPA1,literal_official,164
K562,OPA3,ENSG00000125741,OPA3,literal_official,159
K562,OPLAH,ENSG00000178814,OPLAH,literal_official,349
K562,OPN3,ENSG00000054277,OPN3,literal_official,208
K562,OR1D2,ENSG00000184166,OR1D2,literal_official,263
K562,OR1E2,ENSG00000127780,OR1E2,literal_official,87
K562,OR2A1,ENSG00000221970,OR2A1,literal_official,366
K562,OR2T29,ENSG00000182783,OR2T29,unique_hgnc_bridge,253
K562,OR2T5,ENSG00000203661,OR2T5,literal_official,280
K562,OR4F4,ENSG00000177693,OR4F4,literal_official,121
K562,OR4K1,ENSG00000155249,OR4K1,literal_official,65
K562,OR4N2,ENSG00000176294,OR4N2,literal_official,310
K562,OR51B4,ENSG00000183251,OR51B4,unique_hgnc_bridge,141
K562,OR51B5,ENSG00000167355,OR51B5,literal_official,152
K562,OR7A10,ENSG00000127515,OR7A10,literal_official,116
K562,OR7A17,ENSG00000185385,OR7A17,literal_official,202
K562,ORAI1,ENSG00000276045,ORAI1,literal_official,211
K562,ORAI2,ENSG00000160991,ORAI2,literal_official,237
K562,ORAI3,ENSG00000175938,ORAI3,literal_official,150
K562,ORC1,ENSG00000085840,ORC1,literal_official,362
K562,ORC2,ENSG00000115942,ORC2,literal_official,93
K562,ORC3,ENSG00000135336,ORC3,literal_official,315
K562,ORC4,ENSG00000115947,ORC4,literal_official,115
K562,ORC5,ENSG00000164815,ORC5,literal_official,116
K562,ORC6,ENSG00000091651,ORC6,literal_official,144
K562,ORMDL1,ENSG00000128699,ORMDL1,literal_official,236
K562,ORMDL2,ENSG00000123353,ORMDL2,literal_official,234
K562,ORMDL3,ENSG00000172057,ORMDL3,literal_official,250
K562,OS9,ENSG00000135506,OS9,literal_official,220
K562,OSBP,ENSG00000110048,OSBP,literal_official,191
K562,OSBP2,ENSG00000184792,OSBP2,literal_official,299
K562,OSBPL11,ENSG00000144909,OSBPL11,literal_official,90
K562,OSBPL2,ENSG00000130703,OSBPL2,literal_official,261
K562,OSBPL3,ENSG00000070882,OSBPL3,literal_official,166
K562,OSBPL5,ENSG00000021762,OSBPL5,literal_official,280
K562,OSBPL6,ENSG00000079156,OSBPL6,literal_official,119
K562,OSBPL8,ENSG00000091039,OSBPL8,literal_official,204
K562,OSBPL9,ENSG00000117859,OSBPL9,literal_official,89
K562,OSER1,ENSG00000132823,OSER1,literal_official,222
K562,OSGEP,ENSG00000092094,OSGEP,literal_official,123
K562,OSGIN2,ENSG00000164823,OSGIN2,literal_official,234
K562,OSR1,ENSG00000143867,OSR1,literal_official,70
K562,OSR2,ENSG00000164920,OSR2,literal_official,109
K562,OST4,ENSG00000228474,OST4,literal_official,149
K562,OSTC,ENSG00000198856,OSTC,literal_official,514
K562,OSTF1,ENSG00000134996,OSTF1,literal_official,127
K562,OSTM1,ENSG00000081087,OSTM1,literal_official,131
K562,OTOP1,ENSG00000163982,OTOP1,literal_official,272
K562,OTP,ENSG00000171540,OTP,literal_official,119
K562,OTUB1,ENSG00000167770,OTUB1,literal_official,240
K562,OTUD4,ENSG00000164164,OTUD4,literal_official,192
K562,OTUD5,ENSG00000068308,OTUD5,literal_official,150
K562,OTUD6B,ENSG00000155100,OTUD6B,literal_official,254
K562,OTUD7B,ENSG00000264522,OTUD7B,literal_official,225
K562,OTX1,ENSG00000115507,OTX1,literal_official,303
K562,OTX2,ENSG00000165588,OTX2,literal_official,105
K562,OVCA2,ENSG00000262664,OVCA2,literal_official,223
K562,OVOL1,ENSG00000172818,OVOL1,literal_official,212
K562,OVOL2,ENSG00000125850,OVOL2,literal_official,184
K562,OVOL3,ENSG00000105261,OVOL3,literal_official,162
K562,OXA1L,ENSG00000155463,OXA1L,literal_official,246
K562,OXCT1,ENSG00000083720,OXCT1,literal_official,334
K562,OXLD1,ENSG00000204237,OXLD1,literal_official,226
K562,OXNAD1,ENSG00000154814,OXNAD1,literal_official,316
K562,OXR1,ENSG00000164830,OXR1,literal_official,244
K562,OXSM,ENSG00000151093,OXSM,literal_official,77
K562,OXSR1,ENSG00000172939,OXSR1,literal_official,95
K562,P2RX1,ENSG00000108405,P2RX1,literal_official,139
K562,P2RX4,ENSG00000135124,P2RX4,literal_official,182
K562,P2RX5,ENSG00000083454,P2RX5,literal_official,175
K562,P2RY1,ENSG00000169860,P2RY1,literal_official,27
K562,P4HA1,ENSG00000122884,P4HA1,literal_official,151
K562,P4HA2,ENSG00000072682,P4HA2,literal_official,192
K562,P4HB,ENSG00000185624,P4HB,literal_official,215
K562,PA2G4,ENSG00000170515,PA2G4,literal_official,222
K562,PAAF1,ENSG00000175575,PAAF1,literal_official,94
K562,PABPC1,ENSG00000070756,PABPC1,unique_hgnc_bridge,31
K562,PABPC1L,ENSG00000101104,PABPC1L,literal_official,223
K562,PABPC4,ENSG00000090621,PABPC4,literal_official,132
K562,PABPN1,ENSG00000100836,PABPN1,unique_hgnc_bridge,162
K562,PACC1,ENSG00000065600,PACC1,literal_official,221
K562,PACRGL,ENSG00000163138,PACRGL,literal_official,70
K562,PACS1,ENSG00000175115,PACS1,literal_official,334
K562,PACS2,ENSG00000179364,PACS2,literal_official,189
K562,PACSIN2,ENSG00000100266,PACSIN2,literal_official,197
K562,PACSIN3,ENSG00000165912,PACSIN3,literal_official,193
K562,PAF1,ENSG00000006712,PAF1,literal_official,88
K562,PAFAH1B1,ENSG00000007168,PAFAH1B1,literal_official,153
K562,PAFAH1B2,ENSG00000168092,PAFAH1B2,literal_official,294
K562,PAFAH1B3,ENSG00000079462,PAFAH1B3,literal_official,143
K562,PAGE1,ENSG00000068985,PAGE1,literal_official,342
K562,PAGE2B,ENSG00000238269,PAGE2B,literal_official,215
K562,PAGE5,ENSG00000158639,PAGE5,literal_official,108
K562,PAGR1,ENSG00000280789,PAGR1,literal_official,233
K562,PAICS,ENSG00000128050,PAICS,literal_official,147
K562,PAIP1,ENSG00000172239,PAIP1,literal_official,251
K562,PAIP2,ENSG00000120727,PAIP2,literal_official,311
K562,PAK1,ENSG00000149269,PAK1,literal_official,137
K562,PAK1IP1,ENSG00000111845,PAK1IP1,literal_official,44
K562,PAK2,ENSG00000180370,PAK2,literal_official,47
K562,PAK4,ENSG00000130669,PAK4,literal_official,101
K562,PALB2,ENSG00000083093,PALB2,literal_official,222
K562,PALM,ENSG00000099864,PALM,literal_official,165
K562,PALM3,ENSG00000187867,PALM3,literal_official,170
K562,PAM,ENSG00000145730,PAM,literal_official,336
K562,PAM16,ENSG00000217930,PAM16,literal_official,90
K562,PAN2,ENSG00000135473,PAN2,literal_official,215
K562,PAN3,ENSG00000152520,PAN3,literal_official,243
K562,PANK2,ENSG00000125779,PANK2,literal_official,311
K562,PANK3,ENSG00000120137,PANK3,literal_official,152
K562,PANK4,ENSG00000157881,PANK4,literal_official,324
K562,PANX1,ENSG00000110218,PANX1,literal_official,169
K562,PAPOLA,ENSG00000090060,PAPOLA,literal_official,48
K562,PAPOLG,ENSG00000115421,PAPOLG,literal_official,358
K562,PAPSS1,ENSG00000138801,PAPSS1,literal_official,186
K562,PAQR3,ENSG00000163291,PAQR3,literal_official,135
K562,PAQR4,ENSG00000162073,PAQR4,literal_official,96
K562,PAQR8,ENSG00000170915,PAQR8,literal_official,177
K562,PARD3,ENSG00000148498,PARD3,literal_official,202
K562,PARD6B,ENSG00000124171,PARD6B,literal_official,210
K562,PARG,ENSG00000227345,PARG,literal_official,113
K562,PARK7,ENSG00000116288,PARK7,literal_official,8
K562,PARL,ENSG00000175193,PARL,literal_official,157
K562,PARN,ENSG00000140694,PARN,literal_official,308
K562,PARP1,ENSG00000143799,PARP1,literal_official,261
K562,PARP12,ENSG00000059378,PARP12,literal_official,111
K562,PARP14,ENSG00000173193,PARP14,literal_official,199
K562,PARP2,ENSG00000129484,PARP2,literal_official,506
K562,PARP4,ENSG00000102699,PARP4,literal_official,157
K562,PARP6,ENSG00000137817,PARP6,literal_official,181
K562,PARPBP,ENSG00000185480,PARPBP,literal_official,136
K562,PARS2,ENSG00000162396,PARS2,literal_official,111
K562,PARVB,ENSG00000188677,PARVB,literal_official,171
K562,PASD1,ENSG00000166049,PASD1,literal_official,119
K562,PASK,ENSG00000115687,PASK,literal_official,85
K562,PATL1,ENSG00000166889,PATL1,literal_official,112
K562,PATZ1,ENSG00000100105,PATZ1,literal_official,519
K562,PAX1,ENSG00000125813,PAX1,literal_official,58
K562,PAX2,ENSG00000075891,PAX2,literal_official,172
K562,PAX3,ENSG00000135903,PAX3,literal_official,337
K562,PAX4,ENSG00000106331,PAX4,literal_official,320
K562,PAX5,ENSG00000196092,PAX5,literal_official,222
K562,PAX6,ENSG00000007372,PAX6,literal_official,285
K562,PAX7,ENSG00000009709,PAX7,literal_official,104
K562,PAX8,ENSG00000125618,PAX8,literal_official,119
K562,PAX9,ENSG00000198807,PAX9,literal_official,98
K562,PAXBP1,ENSG00000159086,PAXBP1,literal_official,158
K562,PAXIP1,ENSG00000157212,PAXIP1,literal_official,128
K562,PAXX,ENSG00000148362,PAXX,literal_official,343
K562,PBDC1,ENSG00000102390,PBDC1,literal_official,172
K562,PBK,ENSG00000168078,PBK,literal_official,145
K562,PBRM1,ENSG00000163939,PBRM1,literal_official,154
K562,PBX1,ENSG00000185630,PBX1,literal_official,285
K562,PBX2,ENSG00000204304,PBX2,literal_official,36
K562,PBX3,ENSG00000167081,PBX3,literal_official,174
K562,PBX4,ENSG00000105717,PBX4,literal_official,145
K562,PBXIP1,ENSG00000163346,PBXIP1,literal_official,105
K562,PC,ENSG00000173599,PC,literal_official,480
K562,PCBD1,ENSG00000166228,PCBD1,literal_official,183
K562,PCBD2,ENSG00000132570,PCBD2,literal_official,146
K562,PCBP1,ENSG00000169564,PCBP1,literal_official,152
K562,PCBP2,ENSG00000197111,PCBP2,literal_official,486
K562,PCBP4,ENSG00000090097,PCBP4,literal_official,209
K562,PCCA,ENSG00000175198,PCCA,literal_official,286
K562,PCCB,ENSG00000114054,PCCB,literal_official,443
K562,PCED1A,ENSG00000132635,PCED1A,literal_official,12
K562,PCF11,ENSG00000165494,PCF11,literal_official,351
K562,PCGF1,ENSG00000115289,PCGF1,literal_official,260
K562,PCGF2,ENSG00000277258,PCGF2,literal_official,239
K562,PCGF3,ENSG00000185619,PCGF3,literal_official,159
K562,PCGF5,ENSG00000180628,PCGF5,literal_official,325
K562,PCGF6,ENSG00000156374,PCGF6,literal_official,179
K562,PCID2,ENSG00000126226,PCID2,literal_official,456
K562,PCIF1,ENSG00000100982,PCIF1,literal_official,148
K562,PCK2,ENSG00000100889,PCK2,literal_official,237
K562,PCLAF,ENSG00000166803,PCLAF,literal_official,134
K562,PCM1,ENSG00000078674,PCM1,literal_official,212
K562,PCMT1,ENSG00000120265,PCMT1,literal_official,177
K562,PCMTD1,ENSG00000168300,PCMTD1,literal_official,185
K562,PCMTD2,ENSG00000203880,PCMTD2,literal_official,184
K562,PCNA,ENSG00000132646,PCNA,literal_official,65
K562,PCNP,ENSG00000081154,PCNP,unique_hgnc_bridge,276
K562,PCNT,ENSG00000160299,PCNT,literal_official,142
K562,PCNX3,ENSG00000197136,PCNX3,literal_official,198
K562,PCNX4,ENSG00000126773,PCNX4,literal_official,242
K562,PCOLCE,ENSG00000106333,PCOLCE,literal_official,250
K562,PCOLCE2,ENSG00000163710,PCOLCE2,literal_official,179
K562,PCSK6,ENSG00000140479,PCSK6,literal_official,275
K562,PCSK7,ENSG00000160613,PCSK7,literal_official,255
K562,PCSK9,ENSG00000169174,PCSK9,literal_official,178
K562,PCTP,ENSG00000141179,PCTP,literal_official,272
K562,PCYOX1,ENSG00000116005,PCYOX1,literal_official,81
K562,PCYT1A,ENSG00000161217,PCYT1A,literal_official,103
K562,PCYT2,ENSG00000185813,PCYT2,literal_official,167
K562,PDAP1,ENSG00000106244,PDAP1,unique_hgnc_bridge,86
K562,PDCD10,ENSG00000114209,PDCD10,literal_official,325
K562,PDCD11,ENSG00000148843,PDCD11,literal_official,26
K562,PDCD2,ENSG00000071994,PDCD2,literal_official,127
K562,PDCD2L,ENSG00000126249,PDCD2L,literal_official,101
K562,PDCD4,ENSG00000150593,PDCD4,literal_official,190
K562,PDCD5,ENSG00000105185,PDCD5,literal_official,527
K562,PDCD6,ENSG00000249915,PDCD6,literal_official,421
K562,PDCD6IP,ENSG00000170248,PDCD6IP,literal_official,597
K562,PDCD7,ENSG00000090470,PDCD7,literal_official,115
K562,PDCL,ENSG00000136940,PDCL,literal_official,85
K562,PDCL3,ENSG00000115539,PDCL3,literal_official,206
K562,PDE12,ENSG00000174840,PDE12,literal_official,140
K562,PDE3B,ENSG00000152270,PDE3B,literal_official,252
K562,PDE4A,ENSG00000065989,PDE4A,literal_official,299
K562,PDE4DIP,ENSG00000178104,PDE4DIP,literal_official,288
K562,PDE6D,ENSG00000156973,PDE6D,literal_official,311
K562,PDE7A,ENSG00000205268,PDE7A,literal_official,252
K562,PDE8A,ENSG00000073417,PDE8A,literal_official,432
K562,PDF,ENSG00000258429,PDF,literal_official,181
K562,PDGFA,ENSG00000197461,PDGFA,literal_official,83
K562,PDHA1,ENSG00000131828,PDHA1,literal_official,317
K562,PDHB,ENSG00000168291,PDHB,literal_official,158
K562,PDHX,ENSG00000110435,PDHX,literal_official,368
K562,PDIA3,ENSG00000167004,PDIA3,literal_official,120
K562,PDIA4,ENSG00000155660,PDIA4,literal_official,127
K562,PDIA5,ENSG00000065485,PDIA5,literal_official,318
K562,PDIA6,ENSG00000143870,PDIA6,literal_official,57
K562,PDIK1L,ENSG00000175087,PDIK1L,literal_official,82
K562,PDK1,ENSG00000152256,PDK1,literal_official,69
K562,PDK2,ENSG00000005882,PDK2,literal_official,161
K562,PDLIM1,ENSG00000107438,PDLIM1,literal_official,230
K562,PDLIM2,ENSG00000120913,PDLIM2,literal_official,285
K562,PDLIM4,ENSG00000131435,PDLIM4,literal_official,114
K562,PDLIM5,ENSG00000163110,PDLIM5,literal_official,111
K562,PDLIM7,ENSG00000196923,PDLIM7,literal_official,270
K562,PDP2,ENSG00000172840,PDP2,literal_official,235
K562,PDPK1,ENSG00000140992,PDPK1,literal_official,140
K562,PDPR,ENSG00000090857,PDPR,literal_official,160
K562,PDRG1,ENSG00000088356,PDRG1,literal_official,212
K562,PDS5A,ENSG00000121892,PDS5A,literal_official,146
K562,PDS5B,ENSG00000083642,PDS5B,literal_official,187
K562,PDSS1,ENSG00000148459,PDSS1,literal_official,130
K562,PDSS2,ENSG00000164494,PDSS2,literal_official,201
K562,PDX1,ENSG00000139515,PDX1,literal_official,292
K562,PDXDC1,ENSG00000179889,PDXDC1,literal_official,60
K562,PDXK,ENSG00000160209,PDXK,literal_official,240
K562,PDXP,ENSG00000241360,PDXP,literal_official,154
K562,PDZD11,ENSG00000120509,PDZD11,literal_official,137
K562,PDZD8,ENSG00000165650,PDZD8,literal_official,122
K562,PEA15,ENSG00000162734,PEA15,literal_official,185
K562,PEAK1,ENSG00000173517,PEAK1,literal_official,258
K562,PEBP1,ENSG00000089220,PEBP1,literal_official,145
K562,PECR,ENSG00000115425,PECR,literal_official,290
K562,PEF1,ENSG00000162517,PEF1,literal_official,118
K562,PEG3,ENSG00000198300,PEG3,literal_official,82
K562,PELI1,ENSG00000197329,PELI1,literal_official,260
K562,PELO,ENSG00000152684,PELO,literal_official,466
K562,PELP1,ENSG00000141456,PELP1,literal_official,59
K562,PEMT,ENSG00000133027,PEMT,literal_official,205
K562,PEPD,ENSG00000124299,PEPD,literal_official,224
K562,PER3,ENSG00000049246,PER3,literal_official,361
K562,PES1,ENSG00000100029,PES1,literal_official,50
K562,PET100,ENSG00000229833,PET100,literal_official,70
K562,PET117,ENSG00000232838,PET117,literal_official,182
K562,PEX1,ENSG00000127980,PEX1,literal_official,99
K562,PEX10,ENSG00000157911,PEX10,literal_official,214
K562,PEX11B,ENSG00000131779,PEX11B,literal_official,93
K562,PEX13,ENSG00000162928,PEX13,literal_official,98
K562,PEX14,ENSG00000142655,PEX14,literal_official,131
K562,PEX16,ENSG00000121680,PEX16,literal_official,148
K562,PEX19,ENSG00000162735,PEX19,literal_official,421
K562,PEX2,ENSG00000164751,PEX2,literal_official,130
K562,PEX26,ENSG00000215193,PEX26,literal_official,84
K562,PEX3,ENSG00000034693,PEX3,literal_official,146
K562,PEX5,ENSG00000139197,PEX5,literal_official,221
K562,PEX6,ENSG00000124587,PEX6,literal_official,224
K562,PEX7,ENSG00000112357,PEX7,literal_official,55
K562,PFAS,ENSG00000178921,PFAS,literal_official,75
K562,PFDN1,ENSG00000113068,PFDN1,literal_official,126
K562,PFDN2,ENSG00000143256,PFDN2,literal_official,95
K562,PFDN4,ENSG00000101132,PFDN4,literal_official,125
K562,PFDN5,ENSG00000123349,PFDN5,literal_official,241
K562,PFDN6,ENSG00000204220,PFDN6,literal_official,211
K562,PFKFB2,ENSG00000123836,PFKFB2,literal_official,62
K562,PFKFB4,ENSG00000114268,PFKFB4,literal_official,402
K562,PFKL,ENSG00000141959,PFKL,unique_hgnc_bridge,484
K562,PFKM,ENSG00000152556,PFKM,literal_official,353
K562,PFKP,ENSG00000067057,PFKP,literal_official,142
K562,PFN1,ENSG00000108518,PFN1,literal_official,234
K562,PGAM1,ENSG00000171314,PGAM1,literal_official,296
K562,PGAM5,ENSG00000247077,PGAM5,literal_official,174
K562,PGAP2,ENSG00000148985,PGAP2,literal_official,271
K562,PGBD1,ENSG00000137338,PGBD1,literal_official,179
K562,PGBD2,ENSG00000185220,PGBD2,literal_official,112
K562,PGD,ENSG00000142657,PGD,literal_official,211
K562,PGGT1B,ENSG00000164219,PGGT1B,literal_official,81
K562,PGK1,ENSG00000102144,PGK1,literal_official,103
K562,PGLS,ENSG00000130313,PGLS,literal_official,231
K562,PGM2,ENSG00000169299,PGM2,literal_official,38
K562,PGM2L1,ENSG00000165434,PGM2L1,literal_official,173
K562,PGM3,ENSG00000013375,PGM3,literal_official,151
K562,PGP,ENSG00000184207,PGP,literal_official,240
K562,PGPEP1,ENSG00000130517,PGPEP1,literal_official,77
K562,PGR,ENSG00000082175,PGR,literal_official,144
K562,PGRMC1,ENSG00000101856,PGRMC1,literal_official,217
K562,PGRMC2,ENSG00000164040,PGRMC2,literal_official,189
K562,PGS1,ENSG00000087157,PGS1,literal_official,229
K562,PHACTR1,ENSG00000112137,PHACTR1,literal_official,379
K562,PHACTR2,ENSG00000112419,PHACTR2,literal_official,165
K562,PHACTR4,ENSG00000204138,PHACTR4,literal_official,170
K562,PHAX,ENSG00000164902,PHAX,literal_official,404
K562,PHB,ENSG00000167085,PHB,literal_official,112
K562,PHB2,ENSG00000215021,PHB2,literal_official,224
K562,PHC2,ENSG00000134686,PHC2,literal_official,200
K562,PHC3,ENSG00000173889,PHC3,literal_official,246
K562,PHF1,ENSG00000112511,PHF1,literal_official,232
K562,PHF10,ENSG00000130024,PHF10,literal_official,146
K562,PHF12,ENSG00000109118,PHF12,literal_official,330
K562,PHF13,ENSG00000116273,PHF13,literal_official,219
K562,PHF14,ENSG00000106443,PHF14,literal_official,161
K562,PHF19,ENSG00000119403,PHF19,literal_official,18
K562,PHF2,ENSG00000197724,PHF2,literal_official,274
K562,PHF20,ENSG00000025293,PHF20,literal_official,197
K562,PHF20L1,ENSG00000129292,PHF20L1,literal_official,57
K562,PHF21A,ENSG00000135365,PHF21A,literal_official,61
K562,PHF23,ENSG00000040633,PHF23,literal_official,261
K562,PHF3,ENSG00000118482,PHF3,literal_official,57
K562,PHF5A,ENSG00000100410,PHF5A,literal_official,122
K562,PHF6,ENSG00000156531,PHF6,literal_official,72
K562,PHF7,ENSG00000010318,PHF7,unique_hgnc_bridge,279
K562,PHF8,ENSG00000172943,PHF8,literal_official,188
K562,PHGDH,ENSG00000092621,PHGDH,literal_official,144
K562,PHIP,ENSG00000146247,PHIP,literal_official,255
K562,PHKA2,ENSG00000044446,PHKA2,literal_official,249
K562,PHKB,ENSG00000102893,PHKB,literal_official,309
K562,PHKG1,ENSG00000164776,PHKG1,literal_official,131
K562,PHKG2,ENSG00000156873,PHKG2,literal_official,251
K562,PHLDA2,ENSG00000181649,PHLDA2,literal_official,112
K562,PHLDB1,ENSG00000019144,PHLDB1,literal_official,212
K562,PHLDB3,ENSG00000176531,PHLDB3,literal_official,42
K562,PHOSPHO2,ENSG00000144362,PHOSPHO2,literal_official,151
K562,PHOX2A,ENSG00000165462,PHOX2A,literal_official,270
K562,PHOX2B,ENSG00000109132,PHOX2B,literal_official,33
K562,PHPT1,ENSG00000054148,PHPT1,literal_official,199
K562,PHRF1,ENSG00000070047,PHRF1,literal_official,225
K562,PHTF1,ENSG00000116793,PHTF1,literal_official,61
K562,PHTF2,ENSG00000006576,PHTF2,literal_official,227
K562,PHYH,ENSG00000107537,PHYH,literal_official,52
K562,PHYHD1,ENSG00000175287,PHYHD1,literal_official,213
K562,PHYKPL,ENSG00000175309,PHYKPL,literal_official,231
K562,PI4K2A,ENSG00000155252,PI4K2A,literal_official,143
K562,PI4K2B,ENSG00000038210,PI4K2B,literal_official,137
K562,PI4KA,ENSG00000241973,PI4KA,literal_official,283
K562,PI4KB,ENSG00000143393,PI4KB,literal_official,63
K562,PIAS1,ENSG00000033800,PIAS1,literal_official,319
K562,PIAS2,ENSG00000078043,PIAS2,literal_official,266
K562,PIAS3,ENSG00000131788,PIAS3,literal_official,228
K562,PIAS4,ENSG00000105229,PIAS4,literal_official,130
K562,PIBF1,ENSG00000083535,PIBF1,literal_official,68
K562,PICALM,ENSG00000073921,PICALM,literal_official,95
K562,PICK1,ENSG00000100151,PICK1,literal_official,75
K562,PIEZO1,ENSG00000103335,PIEZO1,literal_official,130
K562,PIF1,ENSG00000140451,PIF1,literal_official,570
K562,PIGA,ENSG00000165195,PIGA,literal_official,101
K562,PIGB,ENSG00000069943,PIGB,literal_official,127
K562,PIGC,ENSG00000135845,PIGC,literal_official,49
K562,PIGF,ENSG00000151665,PIGF,literal_official,152
K562,PIGG,ENSG00000174227,PIGG,literal_official,194
K562,PIGH,ENSG00000100564,PIGH,literal_official,252
K562,PIGK,ENSG00000142892,PIGK,literal_official,163
K562,PIGL,ENSG00000108474,PIGL,literal_official,204
K562,PIGM,ENSG00000143315,PIGM,literal_official,228
K562,PIGN,ENSG00000197563,PIGN,literal_official,247
K562,PIGO,ENSG00000165282,PIGO,literal_official,177
K562,PIGP,ENSG00000185808,PIGP,literal_official,259
K562,PIGQ,ENSG00000007541,PIGQ,literal_official,130
K562,PIGS,ENSG00000087111,PIGS,literal_official,138
K562,PIGT,ENSG00000124155,PIGT,literal_official,345
K562,PIGU,ENSG00000101464,PIGU,literal_official,136
K562,PIGV,ENSG00000060642,PIGV,literal_official,215
K562,PIGW,ENSG00000277161,PIGW,literal_official,141
K562,PIGX,ENSG00000163964,PIGX,literal_official,113
K562,PIH1D1,ENSG00000104872,PIH1D1,literal_official,203
K562,PIK3C2A,ENSG00000011405,PIK3C2A,literal_official,17
K562,PIK3C3,ENSG00000078142,PIK3C3,literal_official,242
K562,PIK3CA,ENSG00000121879,PIK3CA,literal_official,134
K562,PIK3CB,ENSG00000051382,PIK3CB,literal_official,126
K562,PIK3CD,ENSG00000171608,PIK3CD,literal_official,89
K562,PIK3CG,ENSG00000105851,PIK3CG,literal_official,172
K562,PIK3R1,ENSG00000145675,PIK3R1,literal_official,233
K562,PIK3R2,ENSG00000105647,PIK3R2,literal_official,336
K562,PIK3R4,ENSG00000196455,PIK3R4,literal_official,142
K562,PIKFYVE,ENSG00000115020,PIKFYVE,literal_official,232
K562,PILRB,ENSG00000121716,PILRB,literal_official,77
K562,PIM1,ENSG00000137193,PIM1,literal_official,171
K562,PIM2,ENSG00000102096,PIM2,literal_official,216
K562,PIM3,ENSG00000198355,PIM3,literal_official,92
K562,PIN1,ENSG00000127445,PIN1,literal_official,37
K562,PIN4,ENSG00000102309,PIN4,literal_official,83
K562,PINK1,ENSG00000158828,PINK1,literal_official,1745
K562,PINX1,ENSG00000254093,PINX1,literal_official,208
K562,PIP4K2A,ENSG00000150867,PIP4K2A,literal_official,194
K562,PIP4K2B,ENSG00000276293,PIP4K2B,literal_official,245
K562,PIP4K2C,ENSG00000166908,PIP4K2C,literal_official,164
K562,PIP4P1,ENSG00000165782,PIP4P1,literal_official,107
K562,PIP4P2,ENSG00000155099,PIP4P2,literal_official,339
K562,PIP5K1A,ENSG00000143398,PIP5K1A,literal_official,55
K562,PIP5K1C,ENSG00000186111,PIP5K1C,literal_official,324
K562,PIR,ENSG00000087842,PIR,literal_official,306
K562,PISD,ENSG00000241878,PISD,literal_official,130
K562,PITHD1,ENSG00000057757,PITHD1,literal_official,47
K562,PITPNA,ENSG00000174238,PITPNA,literal_official,186
K562,PITPNB,ENSG00000180957,PITPNB,literal_official,140
K562,PITPNC1,ENSG00000154217,PITPNC1,literal_official,55
K562,PITPNM1,ENSG00000110697,PITPNM1,literal_official,235
K562,PITRM1,ENSG00000107959,PITRM1,literal_official,130
K562,PITX1,ENSG00000069011,PITX1,literal_official,218
K562,PITX2,ENSG00000164093,PITX2,literal_official,393
K562,PITX3,ENSG00000107859,PITX3,literal_official,209
K562,PIWIL4,ENSG00000134627,PIWIL4,literal_official,132
K562,PJA2,ENSG00000198961,PJA2,literal_official,130
K562,PKIB,ENSG00000135549,PKIB,literal_official,316
K562,PKIG,ENSG00000168734,PKIG,literal_official,335
K562,PKLR,ENSG00000143627,PKLR,literal_official,209
K562,PKM,ENSG00000067225,PKM,literal_official,357
K562,PKMYT1,ENSG00000127564,PKMYT1,literal_official,148
K562,PKN1,ENSG00000123143,PKN1,literal_official,585
K562,PKN2,ENSG00000065243,PKN2,literal_official,93
K562,PKN3,ENSG00000160447,PKN3,literal_official,197
K562,PKNOX1,ENSG00000160199,PKNOX1,literal_official,257
K562,PKNOX2,ENSG00000165495,PKNOX2,literal_official,118
K562,PKP3,ENSG00000184363,PKP3,literal_official,382
K562,PKP4,ENSG00000144283,PKP4,literal_official,192
K562,PLA2G10,ENSG00000069764,PLA2G10,literal_official,358
K562,PLA2G12A,ENSG00000123739,PLA2G12A,literal_official,37
K562,PLA2G15,ENSG00000103066,PLA2G15,literal_official,170
K562,PLA2G6,ENSG00000184381,PLA2G6,literal_official,155
K562,PLAA,ENSG00000137055,PLAA,literal_official,260
K562,PLAG1,ENSG00000181690,PLAG1,literal_official,206
K562,PLAGL1,ENSG00000118495,PLAGL1,literal_official,328
K562,PLAGL2,ENSG00000126003,PLAGL2,literal_official,278
K562,PLAUR,ENSG00000011422,PLAUR,literal_official,92
K562,PLBD1,ENSG00000121316,PLBD1,literal_official,37
K562,PLBD2,ENSG00000151176,PLBD2,literal_official,228
K562,PLCB1,ENSG00000182621,PLCB1,literal_official,191
K562,PLCB3,ENSG00000149782,PLCB3,literal_official,98
K562,PLCB4,ENSG00000101333,PLCB4,literal_official,202
K562,PLCD1,ENSG00000187091,PLCD1,literal_official,119
K562,PLCD3,ENSG00000161714,PLCD3,literal_official,316
K562,PLCG1,ENSG00000124181,PLCG1,literal_official,213
K562,PLCL2,ENSG00000154822,PLCL2,literal_official,40
K562,PLCXD1,ENSG00000182378,PLCXD1,literal_official,193
K562,PLD1,ENSG00000075651,PLD1,literal_official,255
K562,PLD3,ENSG00000105223,PLD3,literal_official,517
K562,PLD6,ENSG00000179598,PLD6,literal_official,150
K562,PLEC,ENSG00000178209,PLEC,literal_official,398
K562,PLEKHA1,ENSG00000107679,PLEKHA1,literal_official,92
K562,PLEKHA2,ENSG00000169499,PLEKHA2,literal_official,229
K562,PLEKHA3,ENSG00000116095,PLEKHA3,literal_official,219
K562,PLEKHA4,ENSG00000105559,PLEKHA4,literal_official,203
K562,PLEKHA5,ENSG00000052126,PLEKHA5,literal_official,166
K562,PLEKHA8,ENSG00000106086,PLEKHA8,literal_official,257
K562,PLEKHB2,ENSG00000115762,PLEKHB2,literal_official,131
K562,PLEKHF1,ENSG00000166289,PLEKHF1,literal_official,142
K562,PLEKHF2,ENSG00000175895,PLEKHF2,literal_official,137
K562,PLEKHG2,ENSG00000090924,PLEKHG2,literal_official,149
K562,PLEKHG4,ENSG00000196155,PLEKHG4,literal_official,257
K562,PLEKHH3,ENSG00000068137,PLEKHH3,literal_official,384
K562,PLEKHJ1,ENSG00000104886,PLEKHJ1,literal_official,23
K562,PLEKHM2,ENSG00000116786,PLEKHM2,literal_official,241
K562,PLEKHN1,ENSG00000187583,PLEKHN1,literal_official,248
K562,PLEKHO1,ENSG00000023902,PLEKHO1,literal_official,277
K562,PLIN2,ENSG00000147872,PLIN2,literal_official,254
K562,PLIN3,ENSG00000105355,PLIN3,literal_official,171
K562,PLK1,ENSG00000166851,PLK1,literal_official,29
K562,PLK3,ENSG00000173846,PLK3,literal_official,120
K562,PLK4,ENSG00000142731,PLK4,literal_official,43
K562,PLOD1,ENSG00000083444,PLOD1,literal_official,179
K562,PLOD2,ENSG00000152952,PLOD2,literal_official,188
K562,PLOD3,ENSG00000106397,PLOD3,literal_official,354
K562,PLP2,ENSG00000102007,PLP2,literal_official,178
K562,PLPBP,ENSG00000147471,PLPBP,literal_official,194
K562,PLRG1,ENSG00000171566,PLRG1,literal_official,49
K562,PLS1,ENSG00000120756,PLS1,literal_official,282
K562,PLSCR1,ENSG00000188313,PLSCR1,literal_official,185
K562,PLSCR3,ENSG00000187838,PLSCR3,literal_official,136
K562,PLTP,ENSG00000100979,PLTP,literal_official,214
K562,PLXNA1,ENSG00000114554,PLXNA1,literal_official,215
K562,PLXNB1,ENSG00000164050,PLXNB1,literal_official,79
K562,PLXNB2,ENSG00000196576,PLXNB2,literal_official,231
K562,PLXND1,ENSG00000004399,PLXND1,literal_official,392
K562,PMAIP1,ENSG00000141682,PMAIP1,literal_official,373
K562,PMF1,ENSG00000160783,PMF1,literal_official,85
K562,PML,ENSG00000140464,PML,literal_official,162
K562,PMM1,ENSG00000100417,PMM1,literal_official,218
K562,PMM2,ENSG00000140650,PMM2,literal_official,224
K562,PMP22,ENSG00000109099,PMP22,literal_official,248
K562,PMPCA,ENSG00000165688,PMPCA,literal_official,179
K562,PMPCB,ENSG00000105819,PMPCB,literal_official,417
K562,PMS1,ENSG00000064933,PMS1,literal_official,98
K562,PMS2,ENSG00000122512,PMS2,literal_official,139
K562,PMVK,ENSG00000163344,PMVK,literal_official,203
K562,PNISR,ENSG00000132424,PNISR,literal_official,314
K562,PNKD,ENSG00000127838,PNKD,literal_official,199
K562,PNKP,ENSG00000039650,PNKP,unique_hgnc_bridge,373
K562,PNMA1,ENSG00000176903,PNMA1,literal_official,212
K562,PNMA8A,ENSG00000182013,PNMA8A,literal_official,141
K562,PNMT,ENSG00000141744,PNMT,literal_official,210
K562,PNN,ENSG00000100941,PNN,literal_official,86
K562,PNO1,ENSG00000115946,PNO1,literal_official,63
K562,PNP,ENSG00000198805,PNP,literal_official,270
K562,PNPLA2,ENSG00000177666,PNPLA2,literal_official,222
K562,PNPLA4,ENSG00000006757,PNPLA4,literal_official,281
K562,PNPLA6,ENSG00000032444,PNPLA6,literal_official,213
K562,PNPLA8,ENSG00000135241,PNPLA8,literal_official,163
K562,PNPO,ENSG00000108439,PNPO,literal_official,106
K562,PNPT1,ENSG00000138035,PNPT1,literal_official,153
K562,PNRC1,ENSG00000146278,PNRC1,literal_official,337
K562,PNRC2,ENSG00000189266,PNRC2,literal_official,101
K562,POC1A,ENSG00000164087,POC1A,literal_official,233
K562,POC1B,ENSG00000139323,POC1B,literal_official,166
K562,POC5,ENSG00000152359,POC5,literal_official,152
K562,PODXL2,ENSG00000114631,PODXL2,literal_official,155
K562,POFUT1,ENSG00000101346,POFUT1,literal_official,111
K562,POFUT2,ENSG00000186866,POFUT2,literal_official,230
K562,POGK,ENSG00000143157,POGK,literal_official,184
K562,POGLUT1,ENSG00000163389,POGLUT1,literal_official,212
K562,POGLUT2,ENSG00000134901,POGLUT2,literal_official,43
K562,POGLUT3,ENSG00000178202,POGLUT3,literal_official,165
K562,POGZ,ENSG00000143442,POGZ,literal_official,71
K562,POLA1,ENSG00000101868,POLA1,literal_official,170
K562,POLA2,ENSG00000014138,POLA2,literal_official,138
K562,POLB,ENSG00000070501,POLB,literal_official,74
K562,POLD1,ENSG00000062822,POLD1,literal_official,112
K562,POLD2,ENSG00000106628,POLD2,literal_official,83
K562,POLD3,ENSG00000077514,POLD3,literal_official,85
K562,POLD4,ENSG00000175482,POLD4,literal_official,352
K562,POLDIP2,ENSG00000004142,POLDIP2,literal_official,80
K562,POLDIP3,ENSG00000100227,POLDIP3,literal_official,128
K562,POLE,ENSG00000177084,POLE,literal_official,120
K562,POLE2,ENSG00000100479,POLE2,literal_official,153
K562,POLE3,ENSG00000148229,POLE3,literal_official,131
K562,POLE4,ENSG00000115350,POLE4,literal_official,130
K562,POLG,ENSG00000140521,POLG,literal_official,240
K562,POLG2,ENSG00000256525,POLG2,literal_official,327
K562,POLH,ENSG00000170734,POLH,literal_official,242
K562,POLK,ENSG00000122008,POLK,literal_official,260
K562,POLL,ENSG00000166169,POLL,literal_official,94
K562,POLM,ENSG00000122678,POLM,literal_official,304
K562,POLQ,ENSG00000051341,POLQ,literal_official,240
K562,POLR1A,ENSG00000068654,POLR1A,literal_official,142
K562,POLR1B,ENSG00000125630,POLR1B,literal_official,108
K562,POLR1C,ENSG00000171453,POLR1C,literal_official,292
K562,POLR1D,ENSG00000186184,POLR1D,literal_official,203
K562,POLR1E,ENSG00000137054,POLR1E,literal_official,247
K562,POLR2A,ENSG00000181222,POLR2A,literal_official,231
K562,POLR2B,ENSG00000047315,POLR2B,literal_official,180
K562,POLR2C,ENSG00000102978,POLR2C,literal_official,86
K562,POLR2D,ENSG00000144231,POLR2D,literal_official,336
K562,POLR2E,ENSG00000099817,POLR2E,literal_official,448
K562,POLR2F,ENSG00000100142,POLR2F,literal_official,184
K562,POLR2G,ENSG00000168002,POLR2G,literal_official,46
K562,POLR2H,ENSG00000163882,POLR2H,literal_official,47
K562,POLR2I,ENSG00000105258,POLR2I,literal_official,110
K562,POLR2J3,ENSG00000285437,POLR2J3,literal_official_id_unresolved,200
K562,POLR2K,ENSG00000147669,POLR2K,literal_official,20
K562,POLR2L,ENSG00000177700,POLR2L,literal_official,77
K562,POLR2M,ENSG00000255529,POLR2M,literal_official,111
K562,POLR3A,ENSG00000148606,POLR3A,literal_official,13
K562,POLR3B,ENSG00000013503,POLR3B,literal_official,130
K562,POLR3C,ENSG00000186141,POLR3C,literal_official,214
K562,POLR3D,ENSG00000168495,POLR3D,literal_official,200
K562,POLR3E,ENSG00000058600,POLR3E,literal_official,367
K562,POLR3F,ENSG00000132664,POLR3F,literal_official,220
K562,POLR3G,ENSG00000113356,POLR3G,literal_official,161
K562,POLR3GL,ENSG00000121851,POLR3GL,literal_official,167
K562,POLR3H,ENSG00000100413,POLR3H,literal_official,259
K562,POLR3K,ENSG00000161980,POLR3K,literal_official,172
K562,POLRMT,ENSG00000099821,POLRMT,literal_official,308
K562,POM121,ENSG00000196313,POM121,literal_official,146
K562,POM121C,ENSG00000272391,POM121C,literal_official,70
K562,POMGNT1,ENSG00000085998,POMGNT1,literal_official,202
K562,POMGNT2,ENSG00000144647,POMGNT2,literal_official,178
K562,POMP,ENSG00000132963,POMP,literal_official,29
K562,POMT1,ENSG00000130714,POMT1,literal_official,214
K562,POMT2,ENSG00000009830,POMT2,literal_official,270
K562,PON2,ENSG00000105854,PON2,literal_official,65
K562,POP1,ENSG00000104356,POP1,literal_official,104
K562,POP4,ENSG00000105171,POP4,literal_official,149
K562,POP5,ENSG00000167272,POP5,literal_official,65
K562,POP7,ENSG00000172336,POP7,literal_official,364
K562,POPDC3,ENSG00000132429,POPDC3,literal_official,247
K562,POR,ENSG00000127948,POR,literal_official,260
K562,POT1,ENSG00000128513,POT1,literal_official,19
K562,POTEI,ENSG00000196834,POTEI,literal_official,210
K562,POU1F1,ENSG00000064835,POU1F1,literal_official,145
K562,POU2AF1,ENSG00000110777,POU2AF1,literal_official,66
K562,POU2F1,ENSG00000143190,POU2F1,literal_official,241
K562,POU2F2,ENSG00000028277,POU2F2,literal_official,251
K562,POU2F3,ENSG00000137709,POU2F3,literal_official,350
K562,POU3F1,ENSG00000185668,POU3F1,literal_official,316
K562,POU3F2,ENSG00000184486,POU3F2,literal_official,102
K562,POU3F3,ENSG00000198914,POU3F3,literal_official,163
K562,POU3F4,ENSG00000196767,POU3F4,literal_official,157
K562,POU4F1,ENSG00000152192,POU4F1,literal_official,252
K562,POU4F2,ENSG00000151615,POU4F2,literal_official,180
K562,POU4F3,ENSG00000091010,POU4F3,literal_official,332
K562,POU5F1,ENSG00000204531,POU5F1,literal_official,435
K562,POU5F1B,ENSG00000212993,POU5F1B,literal_official,158
K562,POU5F2,ENSG00000248483,POU5F2,literal_official,226
K562,POU6F1,ENSG00000184271,POU6F1,literal_official,65
K562,POU6F2,ENSG00000106536,POU6F2,literal_official,164
K562,PPA1,ENSG00000180817,PPA1,literal_official,199
K562,PPA2,ENSG00000138777,PPA2,literal_official,147
K562,PPAN,ENSG00000130810,PPAN,literal_official,75
K562,PPARA,ENSG00000186951,PPARA,literal_official,289
K562,PPARD,ENSG00000112033,PPARD,literal_official,90
K562,PPARG,ENSG00000132170,PPARG,literal_official,121
K562,PPARGC1B,ENSG00000155846,PPARGC1B,literal_official,340
K562,PPAT,ENSG00000128059,PPAT,literal_official,12
K562,PPCDC,ENSG00000138621,PPCDC,literal_official,492
K562,PPCS,ENSG00000127125,PPCS,literal_official,165
K562,PPDPF,ENSG00000125534,PPDPF,literal_official,40
K562,PPFIA1,ENSG00000131626,PPFIA1,unique_hgnc_bridge,252
K562,PPFIA3,ENSG00000177380,PPFIA3,literal_official,518
K562,PPFIBP1,ENSG00000110841,PPFIBP1,literal_official,219
K562,PPHLN1,ENSG00000134283,PPHLN1,literal_official,172
K562,PPIA,ENSG00000196262,PPIA,literal_official,297
K562,PPIB,ENSG00000166794,PPIB,literal_official,189
K562,PPIC,ENSG00000168938,PPIC,literal_official,416
K562,PPID,ENSG00000171497,PPID,literal_official,282
K562,PPIE,ENSG00000084072,PPIE,literal_official,64
K562,PPIF,ENSG00000108179,PPIF,literal_official,256
K562,PPIG,ENSG00000138398,PPIG,literal_official,112
K562,PPIH,ENSG00000171960,PPIH,literal_official,187
K562,PPIL1,ENSG00000137168,PPIL1,literal_official,55
K562,PPIL2,ENSG00000100023,PPIL2,literal_official,310
K562,PPIL3,ENSG00000240344,PPIL3,literal_official,273
K562,PPIL4,ENSG00000131013,PPIL4,literal_official,79
K562,PPIP5K1,ENSG00000168781,PPIP5K1,literal_official,588
K562,PPIP5K2,ENSG00000145725,PPIP5K2,literal_official,121
K562,PPM1A,ENSG00000100614,PPM1A,literal_official,38
K562,PPM1B,ENSG00000138032,PPM1B,literal_official,201
K562,PPM1D,ENSG00000170836,PPM1D,literal_official,78
K562,PPM1F,ENSG00000100034,PPM1F,literal_official,181
K562,PPM1G,ENSG00000115241,PPM1G,literal_official,269
K562,PPM1H,ENSG00000111110,PPM1H,literal_official,73
K562,PPM1K,ENSG00000163644,PPM1K,literal_official,218
K562,PPM1N,ENSG00000213889,PPM1N,literal_official,183
K562,PPME1,ENSG00000214517,PPME1,literal_official,497
K562,PPOX,ENSG00000143224,PPOX,literal_official,68
K562,PPP1CA,ENSG00000172531,PPP1CA,literal_official,546
K562,PPP1CB,ENSG00000213639,PPP1CB,literal_official,279
K562,PPP1CC,ENSG00000186298,PPP1CC,literal_official,269
K562,PPP1R10,ENSG00000204569,PPP1R10,literal_official,21
K562,PPP1R11,ENSG00000204619,PPP1R11,literal_official,132
K562,PPP1R12A,ENSG00000058272,PPP1R12A,literal_official,490
K562,PPP1R12B,ENSG00000077157,PPP1R12B,literal_official,44
K562,PPP1R12C,ENSG00000125503,PPP1R12C,literal_official,164
K562,PPP1R14A,ENSG00000167641,PPP1R14A,literal_official,278
K562,PPP1R14B,ENSG00000173457,PPP1R14B,literal_official,85
K562,PPP1R14C,ENSG00000198729,PPP1R14C,literal_official,193
K562,PPP1R15A,ENSG00000087074,PPP1R15A,literal_official,91
K562,PPP1R15B,ENSG00000158615,PPP1R15B,literal_official,316
K562,PPP1R16A,ENSG00000160972,PPP1R16A,literal_official,101
K562,PPP1R16B,ENSG00000101445,PPP1R16B,literal_official,171
K562,PPP1R18,ENSG00000146112,PPP1R18,literal_official,515
K562,PPP1R2,ENSG00000184203,PPP1R2,literal_official,119
K562,PPP1R26,ENSG00000196422,PPP1R26,literal_official,163
K562,PPP1R35,ENSG00000160813,PPP1R35,literal_official,133
K562,PPP1R37,ENSG00000104866,PPP1R37,literal_official,150
K562,PPP1R3D,ENSG00000132825,PPP1R3D,literal_official,166
K562,PPP1R3E,ENSG00000235194,PPP1R3E,literal_official,577
K562,PPP1R7,ENSG00000115685,PPP1R7,literal_official,192
K562,PPP1R8,ENSG00000117751,PPP1R8,literal_official,114
K562,PPP1R9B,ENSG00000108819,PPP1R9B,literal_official,167
K562,PPP2CA,ENSG00000113575,PPP2CA,literal_official,471
K562,PPP2CB,ENSG00000104695,PPP2CB,literal_official,259
K562,PPP2R1A,ENSG00000105568,PPP2R1A,literal_official,1061
K562,PPP2R1B,ENSG00000137713,PPP2R1B,literal_official,41
K562,PPP2R2A,ENSG00000221914,PPP2R2A,literal_official,80
K562,PPP2R2D,ENSG00000175470,PPP2R2D,literal_official,98
K562,PPP2R3B,ENSG00000167393,PPP2R3B,literal_official,233
K562,PPP2R3C,ENSG00000092020,PPP2R3C,literal_official,137
K562,PPP2R5A,ENSG00000066027,PPP2R5A,literal_official,188
K562,PPP2R5C,ENSG00000078304,PPP2R5C,literal_official,51
K562,PPP2R5D,ENSG00000112640,PPP2R5D,literal_official,112
K562,PPP2R5E,ENSG00000154001,PPP2R5E,literal_official,129
K562,PPP3CA,ENSG00000138814,PPP3CA,literal_official,124
K562,PPP3CB,ENSG00000107758,PPP3CB,literal_official,85
K562,PPP3CC,ENSG00000120910,PPP3CC,literal_official,195
K562,PPP3R1,ENSG00000221823,PPP3R1,literal_official,143
K562,PPP4C,ENSG00000149923,PPP4C,literal_official,271
K562,PPP4R1,ENSG00000154845,PPP4R1,literal_official,50
K562,PPP4R2,ENSG00000163605,PPP4R2,literal_official,406
K562,PPP5C,ENSG00000011485,PPP5C,literal_official,271
K562,PPP6C,ENSG00000119414,PPP6C,literal_official,240
K562,PPP6R1,ENSG00000105063,PPP6R1,literal_official,306
K562,PPP6R2,ENSG00000100239,PPP6R2,literal_official,299
K562,PPP6R3,ENSG00000110075,PPP6R3,literal_official,222
K562,PPRC1,ENSG00000148840,PPRC1,literal_official,262
K562,PPT1,ENSG00000131238,PPT1,literal_official,86
K562,PPT2,ENSG00000221988,PPT2,literal_official,65
K562,PPTC7,ENSG00000196850,PPTC7,literal_official,304
K562,PPWD1,ENSG00000113593,PPWD1,literal_official,28
K562,PPY,ENSG00000108849,PPY,literal_official,39
K562,PQBP1,ENSG00000102103,PQBP1,literal_official,135
K562,PRADC1,ENSG00000135617,PRADC1,literal_official,270
K562,PRAME,ENSG00000185686,PRAME,literal_official,62
K562,PRC1,ENSG00000198901,PRC1,literal_official,382
K562,PRCC,ENSG00000143294,PRCC,literal_official,261
K562,PRCP,ENSG00000137509,PRCP,literal_official,372
K562,PRDM1,ENSG00000057657,PRDM1,literal_official,216
K562,PRDM10,ENSG00000170325,PRDM10,literal_official,47
K562,PRDM12,ENSG00000130711,PRDM12,unique_hgnc_bridge,149
K562,PRDM13,ENSG00000112238,PRDM13,literal_official,385
K562,PRDM14,ENSG00000147596,PRDM14,literal_official,205
K562,PRDM15,ENSG00000141956,PRDM15,literal_official,47
K562,PRDM16,ENSG00000142611,PRDM16,literal_official,76
K562,PRDM2,ENSG00000116731,PRDM2,literal_official,143
K562,PRDM4,ENSG00000110851,PRDM4,literal_official,176
K562,PRDM5,ENSG00000138738,PRDM5,literal_official,312
K562,PRDM6,ENSG00000061455,PRDM6,literal_official,130
K562,PRDM8,ENSG00000152784,PRDM8,literal_official,327
K562,PRDM9,ENSG00000164256,PRDM9,literal_official,355
K562,PRDX1,ENSG00000117450,PRDX1,literal_official,176
K562,PRDX2,ENSG00000167815,PRDX2,literal_official,130
K562,PRDX3,ENSG00000165672,PRDX3,literal_official,217
K562,PRDX4,ENSG00000123131,PRDX4,literal_official,84
K562,PRDX5,ENSG00000126432,PRDX5,literal_official,182
K562,PRDX6,ENSG00000117592,PRDX6,literal_official,228
K562,PREB,ENSG00000138073,PREB,literal_official,110
K562,PRELID1,ENSG00000169230,PRELID1,literal_official,263
K562,PRELID2,ENSG00000186314,PRELID2,literal_official,111
K562,PRELID3B,ENSG00000101166,PRELID3B,literal_official,105
K562,PREP,ENSG00000085377,PREP,literal_official,103
K562,PREPL,ENSG00000138078,PREPL,literal_official,112
K562,PRG2,ENSG00000186652,PRG2,literal_official,174
K562,PRICKLE3,ENSG00000012211,PRICKLE3,literal_official,280
K562,PRIM1,ENSG00000198056,PRIM1,literal_official,102
K562,PRIM2,ENSG00000146143,PRIM2,literal_official,65
K562,PRIMPOL,ENSG00000164306,PRIMPOL,literal_official,171
K562,PRKAA1,ENSG00000132356,PRKAA1,literal_official,55
K562,PRKAB1,ENSG00000111725,PRKAB1,literal_official,409
K562,PRKAB2,ENSG00000131791,PRKAB2,literal_official,272
K562,PRKACA,ENSG00000072062,PRKACA,literal_official,64
K562,PRKAG1,ENSG00000181929,PRKAG1,literal_official,92
K562,PRKAR1A,ENSG00000108946,PRKAR1A,literal_official,148
K562,PRKAR1B,ENSG00000188191,PRKAR1B,literal_official,188
K562,PRKAR2A,ENSG00000114302,PRKAR2A,literal_official,183
K562,PRKAR2B,ENSG00000005249,PRKAR2B,literal_official,296
K562,PRKCA,ENSG00000154229,PRKCA,literal_official,153
K562,PRKCB,ENSG00000166501,PRKCB,literal_official,210
K562,PRKCI,ENSG00000163558,PRKCI,literal_official,284
K562,PRKCQ,ENSG00000065675,PRKCQ,literal_official,187
K562,PRKCSH,ENSG00000130175,PRKCSH,literal_official,206
K562,PRKD2,ENSG00000105287,PRKD2,literal_official,365
K562,PRKD3,ENSG00000115825,PRKD3,literal_official,252
K562,PRKDC,ENSG00000253729,PRKDC,literal_official,35
K562,PRKRA,ENSG00000180228,PRKRA,literal_official,269
K562,PRKRIP1,ENSG00000128563,PRKRIP1,unique_hgnc_bridge,460
K562,PRKX,ENSG00000183943,PRKX,literal_official,193
K562,PRMT1,ENSG00000126457,PRMT1,literal_official,107
K562,PRMT2,ENSG00000160310,PRMT2,literal_official,217
K562,PRMT3,ENSG00000185238,PRMT3,literal_official,211
K562,PRMT5,ENSG00000100462,PRMT5,literal_official,199
K562,PRMT6,ENSG00000198890,PRMT6,literal_official,113
K562,PRMT7,ENSG00000132600,PRMT7,literal_official,157
K562,PRNP,ENSG00000171867,PRNP,literal_official,193
K562,PRODH,ENSG00000100033,PRODH,literal_official,939
K562,PROP1,ENSG00000175325,PROP1,literal_official,243
K562,PRORP,ENSG00000100890,PRORP,literal_official,40
K562,PROS1,ENSG00000184500,PROS1,literal_official,223
K562,PROSER1,ENSG00000120685,PROSER1,literal_official,175
K562,PROSER2,ENSG00000148426,PROSER2,literal_official,190
K562,PROX1,ENSG00000117707,PROX1,literal_official,340
K562,PROX2,ENSG00000119608,PROX2,literal_official,149
K562,PRPF18,ENSG00000165630,PRPF18,literal_official,203
K562,PRPF19,ENSG00000110107,PRPF19,literal_official,70
K562,PRPF3,ENSG00000117360,PRPF3,literal_official,43
K562,PRPF31,ENSG00000105618,PRPF31,literal_official,26
K562,PRPF38A,ENSG00000134748,PRPF38A,literal_official,26
K562,PRPF38B,ENSG00000134186,PRPF38B,literal_official,38
K562,PRPF39,ENSG00000185246,PRPF39,literal_official,88
K562,PRPF4,ENSG00000136875,PRPF4,literal_official,25
K562,PRPF40A,ENSG00000196504,PRPF40A,literal_official,134
K562,PRPF40B,ENSG00000110844,PRPF40B,literal_official,86
K562,PRPF4B,ENSG00000112739,PRPF4B,literal_official,281
K562,PRPF6,ENSG00000101161,PRPF6,literal_official,126
K562,PRPF8,ENSG00000174231,PRPF8,literal_official,63
K562,PRPS1,ENSG00000147224,PRPS1,literal_official,76
K562,PRPS2,ENSG00000101911,PRPS2,literal_official,196
K562,PRPSAP1,ENSG00000161542,PRPSAP1,literal_official,186
K562,PRPSAP2,ENSG00000141127,PRPSAP2,literal_official,292
K562,PRR11,ENSG00000068489,PRR11,literal_official,144
K562,PRR12,ENSG00000126464,PRR12,literal_official,158
K562,PRR13,ENSG00000205352,PRR13,unique_hgnc_bridge,157
K562,PRR14,ENSG00000156858,PRR14,literal_official,131
K562,PRR14L,ENSG00000183530,PRR14L,literal_official,89
K562,PRR3,ENSG00000204576,PRR3,literal_official,282
K562,PRR4,ENSG00000111215,PRR4,unique_hgnc_bridge,83
K562,PRR5,ENSG00000186654,PRR5,literal_official,114
K562,PRR7,ENSG00000131188,PRR7,literal_official,142
K562,PRRC1,ENSG00000164244,PRRC1,literal_official,268
K562,PRRC2A,ENSG00000204469,PRRC2A,literal_official,185
K562,PRRC2B,ENSG00000130723,PRRC2B,literal_official_id_unresolved,134
K562,PRRC2C,ENSG00000117523,PRRC2C,literal_official,81
K562,PRRX1,ENSG00000116132,PRRX1,literal_official,183
K562,PRRX2,ENSG00000167157,PRRX2,literal_official,279
K562,PRSS16,ENSG00000112812,PRSS16,literal_official,307
K562,PRSS21,ENSG00000007038,PRSS21,literal_official,114
K562,PRSS50,nan,PRSS50,unique_hgnc_bridge,467
K562,PRSS57,ENSG00000185198,PRSS57,literal_official,192
K562,PRTFDC1,ENSG00000099256,PRTFDC1,literal_official,170
K562,PRUNE1,ENSG00000143363,PRUNE1,literal_official,195
K562,PRXL2A,ENSG00000122378,PRXL2A,literal_official,272
K562,PRXL2C,ENSG00000158122,PRXL2C,literal_official,129
K562,PSAP,ENSG00000197746,PSAP,literal_official,74
K562,PSAT1,ENSG00000135069,PSAT1,literal_official,122
K562,PSD4,ENSG00000125637,PSD4,literal_official,116
K562,PSEN1,ENSG00000080815,PSEN1,literal_official,128
K562,PSEN2,ENSG00000143801,PSEN2,literal_official,151
K562,PSENEN,ENSG00000205155,PSENEN,literal_official,120
K562,PSIP1,ENSG00000164985,PSIP1,literal_official,254
K562,PSKH1,ENSG00000159792,PSKH1,literal_official,110
K562,PSMA1,ENSG00000129084,PSMA1,literal_official,108
K562,PSMA2,ENSG00000106588,PSMA2,literal_official,106
K562,PSMA3,ENSG00000100567,PSMA3,literal_official,202
K562,PSMA4,ENSG00000041357,PSMA4,literal_official,197
K562,PSMA5,ENSG00000143106,PSMA5,literal_official,8
K562,PSMA6,ENSG00000100902,PSMA6,unique_hgnc_bridge,71
K562,PSMA7,ENSG00000101182,PSMA7,literal_official,63
K562,PSMB1,ENSG00000008018,PSMB1,literal_official,129
K562,PSMB10,ENSG00000205220,PSMB10,literal_official,196
K562,PSMB2,ENSG00000126067,PSMB2,literal_official,59
K562,PSMB3,ENSG00000277791,PSMB3,literal_official,32
K562,PSMB4,ENSG00000159377,PSMB4,literal_official,197
K562,PSMB5,ENSG00000100804,PSMB5,literal_official,205
K562,PSMB6,ENSG00000142507,PSMB6,literal_official,189
K562,PSMB7,ENSG00000136930,PSMB7,literal_official,266
K562,PSMC1,ENSG00000100764,PSMC1,literal_official,140
K562,PSMC2,ENSG00000161057,PSMC2,literal_official,269
K562,PSMC3,ENSG00000165916,PSMC3,literal_official,94
K562,PSMC3IP,ENSG00000131470,PSMC3IP,literal_official,144
K562,PSMC4,ENSG00000013275,PSMC4,literal_official,131
K562,PSMC5,ENSG00000087191,PSMC5,literal_official,24
K562,PSMC6,ENSG00000100519,PSMC6,literal_official,68
K562,PSMD1,ENSG00000173692,PSMD1,literal_official,194
K562,PSMD10,ENSG00000101843,PSMD10,literal_official,168
K562,PSMD11,ENSG00000108671,PSMD11,literal_official,119
K562,PSMD12,ENSG00000197170,PSMD12,literal_official,210
K562,PSMD13,ENSG00000185627,PSMD13,literal_official,156
K562,PSMD14,ENSG00000115233,PSMD14,literal_official,23
K562,PSMD2,ENSG00000175166,PSMD2,literal_official,29
K562,PSMD3,ENSG00000108344,PSMD3,literal_official,108
K562,PSMD4,ENSG00000159352,PSMD4,literal_official,218
K562,PSMD5,ENSG00000095261,PSMD5,literal_official,190
K562,PSMD6,ENSG00000163636,PSMD6,literal_official,200
K562,PSMD7,ENSG00000103035,PSMD7,literal_official,178
K562,PSMD8,ENSG00000099341,PSMD8,literal_official,53
K562,PSMD9,ENSG00000110801,PSMD9,literal_official,198
K562,PSME1,ENSG00000092010,PSME1,literal_official,288
K562,PSME2,ENSG00000100911,PSME2,literal_official,372
K562,PSME3,ENSG00000131467,PSME3,literal_official,67
K562,PSME4,ENSG00000068878,PSME4,literal_official,196
K562,PSMF1,ENSG00000125818,PSMF1,literal_official,120
K562,PSMG1,ENSG00000183527,PSMG1,literal_official,321
K562,PSMG2,ENSG00000128789,PSMG2,literal_official,364
K562,PSMG3,ENSG00000157778,PSMG3,literal_official,791
K562,PSMG4,ENSG00000180822,PSMG4,literal_official,80
K562,PSPC1,ENSG00000121390,PSPC1,literal_official,179
K562,PSPH,ENSG00000146733,PSPH,literal_official,57
K562,PSRC1,ENSG00000134222,PSRC1,literal_official,174
K562,PSTK,ENSG00000179988,PSTK,literal_official,777
K562,PSTPIP2,ENSG00000152229,PSTPIP2,literal_official,290
K562,PTAR1,ENSG00000188647,PTAR1,literal_official,182
K562,PTBP1,ENSG00000011304,PTBP1,literal_official,71
K562,PTBP2,ENSG00000117569,PTBP2,literal_official,118
K562,PTBP3,ENSG00000119314,PTBP3,literal_official,338
K562,PTCD1,ENSG00000106246,PTCD1,literal_official,194
K562,PTCD2,ENSG00000049883,PTCD2,literal_official,174
K562,PTCD3,ENSG00000132300,PTCD3,literal_official,99
K562,PTDSS1,ENSG00000156471,PTDSS1,literal_official,43
K562,PTDSS2,ENSG00000174915,PTDSS2,literal_official,277
K562,PTEN,ENSG00000171862,PTEN,literal_official,222
K562,PTER,ENSG00000165983,PTER,literal_official,54
K562,PTF1A,ENSG00000168267,PTF1A,literal_official,241
K562,PTGER3,ENSG00000050628,PTGER3,literal_official,308
K562,PTGES2,ENSG00000148334,PTGES2,literal_official,270
K562,PTGES3,ENSG00000110958,PTGES3,literal_official,71
K562,PTGFRN,ENSG00000134247,PTGFRN,literal_official,228
K562,PTGR2,ENSG00000140043,PTGR2,literal_official,188
K562,PTK2,ENSG00000169398,PTK2,literal_official,302
K562,PTK2B,ENSG00000120899,PTK2B,literal_official,221
K562,PTK7,ENSG00000112655,PTK7,literal_official,212
K562,PTMA,ENSG00000187514,PTMA,unique_hgnc_bridge,346
K562,PTMS,ENSG00000159335,PTMS,literal_official,186
K562,PTOV1,ENSG00000104960,PTOV1,literal_official,79
K562,PTP4A1,ENSG00000112245,PTP4A1,unique_hgnc_bridge,349
K562,PTP4A2,ENSG00000184007,PTP4A2,unique_hgnc_bridge,59
K562,PTP4A3,ENSG00000184489,PTP4A3,literal_official,360
K562,PTPA,ENSG00000119383,PTPA,literal_official,232
K562,PTPMT1,ENSG00000110536,PTPMT1,literal_official,271
K562,PTPN1,ENSG00000196396,PTPN1,literal_official,371
K562,PTPN11,ENSG00000179295,PTPN11,literal_official,250
K562,PTPN12,ENSG00000127947,PTPN12,literal_official,252
K562,PTPN18,ENSG00000072135,PTPN18,literal_official,427
K562,PTPN2,ENSG00000175354,PTPN2,literal_official,261
K562,PTPN23,ENSG00000076201,PTPN23,literal_official,371
K562,PTPN4,ENSG00000088179,PTPN4,literal_official,177
K562,PTPN7,ENSG00000143851,PTPN7,literal_official,154
K562,PTPN9,ENSG00000169410,PTPN9,literal_official,78
K562,PTPRA,ENSG00000132670,PTPRA,literal_official,260
K562,PTPRC,ENSG00000081237,PTPRC,literal_official,109
K562,PTPRF,ENSG00000142949,PTPRF,literal_official,185
K562,PTPRG,ENSG00000144724,PTPRG,literal_official,110
K562,PTPRH,ENSG00000080031,PTPRH,literal_official,271
K562,PTPRR,ENSG00000153233,PTPRR,literal_official,227
K562,PTPRS,ENSG00000105426,PTPRS,literal_official,113
K562,PTRH1,ENSG00000187024,PTRH1,literal_official,191
K562,PTRH2,ENSG00000141378,PTRH2,literal_official,142
K562,PTRHD1,ENSG00000184924,PTRHD1,literal_official,203
K562,PTS,ENSG00000150787,PTS,literal_official,143
K562,PTTG1,ENSG00000164611,PTTG1,literal_official,23
K562,PTTG1IP,ENSG00000183255,PTTG1IP,literal_official,125
K562,PUF60,ENSG00000179950,PUF60,literal_official,100
K562,PUM1,ENSG00000134644,PUM1,literal_official,206
K562,PUM2,ENSG00000055917,PUM2,literal_official,245
K562,PURA,ENSG00000185129,PURA,literal_official,321
K562,PURB,ENSG00000146676,PURB,literal_official,240
K562,PURG,ENSG00000172733,PURG,literal_official,143
K562,PUS1,ENSG00000177192,PUS1,literal_official,226
K562,PUS10,ENSG00000162927,PUS10,literal_official,104
K562,PUS3,ENSG00000110060,PUS3,literal_official,128
K562,PUS7,ENSG00000091127,PUS7,literal_official,21
K562,PUS7L,ENSG00000129317,PUS7L,literal_official,118
K562,PUSL1,ENSG00000169972,PUSL1,literal_official,185
K562,PVR,ENSG00000073008,PVR,literal_official,191
K562,PWP1,ENSG00000136045,PWP1,literal_official,72
K562,PWP2,ENSG00000241945,PWP2,unique_hgnc_bridge,39
K562,PWWP2A,ENSG00000170234,PWWP2A,literal_official,243
K562,PWWP2B,ENSG00000171813,PWWP2B,literal_official,351
K562,PWWP3A,ENSG00000160953,PWWP3A,literal_official,39
K562,PXK,ENSG00000168297,PXK,literal_official,283
K562,PXMP2,ENSG00000176894,PXMP2,literal_official,408
K562,PXMP4,ENSG00000101417,PXMP4,literal_official,263
K562,PXN,ENSG00000089159,PXN,literal_official,431
K562,PYCARD,ENSG00000103490,PYCARD,literal_official,170
K562,PYCR1,ENSG00000183010,PYCR1,literal_official,355
K562,PYCR2,ENSG00000143811,PYCR2,literal_official,153
K562,PYCR3,ENSG00000104524,PYCR3,literal_official,263
K562,PYDC2,ENSG00000253548,PYDC2,literal_official,56
K562,PYGB,ENSG00000100994,PYGB,literal_official,357
K562,PYGL,ENSG00000100504,PYGL,literal_official,59
K562,PYGO2,ENSG00000163348,PYGO2,literal_official,91
K562,PYROXD1,ENSG00000121350,PYROXD1,literal_official,211
K562,PYURF,ENSG00000145337,PYURF,literal_official,114
K562,QARS,ENSG00000172053,QARS,literal_official,205
K562,QDPR,ENSG00000151552,QDPR,literal_official,337
K562,QKI,ENSG00000112531,QKI,literal_official,188
K562,QPCTL,ENSG00000011478,QPCTL,literal_official,141
K562,QPRT,ENSG00000103485,QPRT,literal_official,431
K562,QRICH1,ENSG00000198218,QRICH1,literal_official,43
K562,QRSL1,ENSG00000130348,QRSL1,literal_official,286
K562,QSER1,ENSG00000060749,QSER1,literal_official,287
K562,QSOX1,ENSG00000116260,QSOX1,literal_official,200
K562,QSOX2,ENSG00000165661,QSOX2,literal_official,242
K562,QTRT1,ENSG00000213339,QTRT1,literal_official,39
K562,QTRT2,ENSG00000151576,QTRT2,literal_official,184
K562,R3HCC1,ENSG00000104679,R3HCC1,literal_official,196
K562,R3HCC1L,ENSG00000166024,R3HCC1L,literal_official,134
K562,R3HDM1,ENSG00000048991,R3HDM1,literal_official,346
K562,R3HDM2,ENSG00000179912,R3HDM2,literal_official,189
K562,R3HDM4,ENSG00000198858,R3HDM4,literal_official,262
K562,RAB10,ENSG00000084733,RAB10,literal_official,155
K562,RAB11A,ENSG00000103769,RAB11A,literal_official,320
K562,RAB11B,ENSG00000185236,RAB11B,literal_official,134
K562,RAB11FIP1,ENSG00000156675,RAB11FIP1,literal_official,68
K562,RAB11FIP4,ENSG00000131242,RAB11FIP4,literal_official,156
K562,RAB12,ENSG00000206418,RAB12,literal_official,285
K562,RAB13,ENSG00000143545,RAB13,literal_official,253
K562,RAB14,ENSG00000119396,RAB14,literal_official,155
K562,RAB18,ENSG00000099246,RAB18,literal_official,66
K562,RAB1A,ENSG00000138069,RAB1A,literal_official,350
K562,RAB1B,ENSG00000174903,RAB1B,literal_official,48
K562,RAB20,ENSG00000139832,RAB20,literal_official,49
K562,RAB21,ENSG00000080371,RAB21,literal_official,137
K562,RAB22A,ENSG00000124209,RAB22A,literal_official,98
K562,RAB23,ENSG00000112210,RAB23,literal_official,183
K562,RAB24,ENSG00000169228,RAB24,literal_official,260
K562,RAB27A,ENSG00000069974,RAB27A,literal_official,279
K562,RAB28,ENSG00000157869,RAB28,literal_official,145
K562,RAB2A,ENSG00000104388,RAB2A,literal_official,180
K562,RAB2B,ENSG00000129472,RAB2B,literal_official,252
K562,RAB30,ENSG00000137502,RAB30,literal_official,93
K562,RAB31,ENSG00000168461,RAB31,literal_official,171
K562,RAB32,ENSG00000118508,RAB32,literal_official,54
K562,RAB35,ENSG00000111737,RAB35,literal_official,82
K562,RAB3GAP1,ENSG00000115839,RAB3GAP1,literal_official,115
K562,RAB3GAP2,ENSG00000118873,RAB3GAP2,literal_official,186
K562,RAB3IL1,ENSG00000167994,RAB3IL1,literal_official,80
K562,RAB3IP,ENSG00000127328,RAB3IP,literal_official,180
K562,RAB40B,ENSG00000141542,RAB40B,literal_official,43
K562,RAB40C,ENSG00000197562,RAB40C,literal_official,252
K562,RAB4A,ENSG00000168118,RAB4A,literal_official,656
K562,RAB4B,ENSG00000167578,RAB4B,literal_official,701
K562,RAB5A,ENSG00000144566,RAB5A,literal_official,163
K562,RAB5B,ENSG00000111540,RAB5B,literal_official,78
K562,RAB5C,ENSG00000108774,RAB5C,literal_official,374
K562,RAB5IF,ENSG00000101084,RAB5IF,literal_official,113
K562,RAB6A,ENSG00000175582,RAB6A,literal_official,148
K562,RAB7A,ENSG00000075785,RAB7A,literal_official,67
K562,RAB8A,ENSG00000167461,RAB8A,literal_official,159
K562,RAB8B,ENSG00000166128,RAB8B,literal_official,151
K562,RAB9A,ENSG00000123595,RAB9A,literal_official,296
K562,RABAC1,ENSG00000105404,RABAC1,literal_official,250
K562,RABEP1,ENSG00000029725,RABEP1,literal_official,189
K562,RABEP2,ENSG00000177548,RABEP2,literal_official,254
K562,RABEPK,ENSG00000136933,RABEPK,literal_official,210
K562,RABGAP1,ENSG00000011454,RABGAP1,literal_official,321
K562,RABGAP1L,ENSG00000152061,RABGAP1L,literal_official,373
K562,RABGEF1,ENSG00000154710,RABGEF1,literal_official,233
K562,RABGGTA,ENSG00000100949,RABGGTA,literal_official,129
K562,RABGGTB,ENSG00000137955,RABGGTB,literal_official,141
K562,RABIF,ENSG00000183155,RABIF,literal_official,259
K562,RABL3,ENSG00000144840,RABL3,literal_official,124
K562,RABL6,ENSG00000196642,RABL6,literal_official,121
K562,RAC1,ENSG00000136238,RAC1,literal_official,406
K562,RAC2,ENSG00000128340,RAC2,literal_official,277
K562,RAC3,ENSG00000169750,RAC3,literal_official,385
K562,RACGAP1,ENSG00000161800,RACGAP1,literal_official,95
K562,RACK1,ENSG00000204628,RACK1,literal_official,50
K562,RAD1,ENSG00000113456,RAD1,literal_official,165
K562,RAD17,ENSG00000152942,RAD17,literal_official,295
K562,RAD18,ENSG00000070950,RAD18,literal_official,264
K562,RAD21,ENSG00000164754,RAD21,literal_official,291
K562,RAD23A,ENSG00000179262,RAD23A,literal_official,200
K562,RAD23B,ENSG00000119318,RAD23B,literal_official,97
K562,RAD50,ENSG00000113522,RAD50,literal_official,169
K562,RAD51,ENSG00000051180,RAD51,literal_official,244
K562,RAD51AP1,ENSG00000111247,RAD51AP1,literal_official,247
K562,RAD51B,ENSG00000182185,RAD51B,literal_official,40
K562,RAD51C,ENSG00000108384,RAD51C,literal_official,95
K562,RAD51D,ENSG00000185379,RAD51D,literal_official,362
K562,RAD52,ENSG00000002016,RAD52,literal_official,432
K562,RAD54B,ENSG00000197275,RAD54B,literal_official,263
K562,RAD54L,ENSG00000085999,RAD54L,literal_official,219
K562,RAD54L2,ENSG00000164080,RAD54L2,literal_official,23
K562,RAD9A,ENSG00000172613,RAD9A,literal_official,113
K562,RAE1,ENSG00000101146,RAE1,literal_official,78
K562,RAF1,ENSG00000132155,RAF1,literal_official,135
K562,RAG1,ENSG00000166349,RAG1,literal_official,84
K562,RAI1,ENSG00000108557,RAI1,literal_official,94
K562,RAI14,ENSG00000039560,RAI14,literal_official,153
K562,RALA,ENSG00000006451,RALA,literal_official,111
K562,RALB,ENSG00000144118,RALB,literal_official,49
K562,RALBP1,ENSG00000017797,RALBP1,literal_official,224
K562,RALGAPA1,ENSG00000174373,RALGAPA1,literal_official,307
K562,RALGAPB,ENSG00000170471,RALGAPB,literal_official,227
K562,RALGDS,ENSG00000160271,RALGDS,literal_official,462
K562,RALGPS2,ENSG00000116191,RALGPS2,literal_official,193
K562,RALY,ENSG00000125970,RALY,literal_official,197
K562,RAMAC,ENSG00000169612,RAMAC,literal_official,148
K562,RAN,ENSG00000132341,RAN,unique_hgnc_bridge,149
K562,RANBP1,ENSG00000099901,RANBP1,unique_hgnc_bridge,176
K562,RANBP10,ENSG00000141084,RANBP10,literal_official,25
K562,RANBP2,ENSG00000153201,RANBP2,unique_hgnc_bridge,198
K562,RANBP3,ENSG00000031823,RANBP3,literal_official,151
K562,RANBP6,ENSG00000137040,RANBP6,literal_official,134
K562,RANBP9,ENSG00000010017,RANBP9,literal_official,261
K562,RANGAP1,ENSG00000100401,RANGAP1,literal_official,123
K562,RANGRF,ENSG00000108961,RANGRF,literal_official,161
K562,RAP1A,ENSG00000116473,RAP1A,literal_official,406
K562,RAP1B,ENSG00000127314,RAP1B,unique_hgnc_bridge,171
K562,RAP1GAP,ENSG00000076864,RAP1GAP,literal_official,1270
K562,RAP1GDS1,ENSG00000138698,RAP1GDS1,literal_official,178
K562,RAP2A,ENSG00000125249,RAP2A,literal_official,109
K562,RAP2B,ENSG00000181467,RAP2B,literal_official,157
K562,RAP2C,ENSG00000123728,RAP2C,literal_official,130
K562,RAPGEF1,ENSG00000107263,RAPGEF1,literal_official,74
K562,RAPGEF2,ENSG00000109756,RAPGEF2,literal_official,109
K562,RAPGEF6,ENSG00000158987,RAPGEF6,literal_official,52
K562,RARA,ENSG00000131759,RARA,literal_official,211
K562,RARB,ENSG00000077092,RARB,literal_official,119
K562,RARG,ENSG00000172819,RARG,literal_official,320
K562,RARS,ENSG00000113643,RARS,literal_official,273
K562,RARS2,ENSG00000146282,RARS2,literal_official,187
K562,RASA1,ENSG00000145715,RASA1,literal_official,398
K562,RASA2,ENSG00000155903,RASA2,literal_official,280
K562,RASA3,ENSG00000185989,RASA3,literal_official,287
K562,RASGEF1A,ENSG00000198915,RASGEF1A,literal_official,277
K562,RASGRP2,ENSG00000068831,RASGRP2,literal_official,350
K562,RASSF1,ENSG00000068028,RASSF1,literal_official,374
K562,RASSF3,ENSG00000153179,RASSF3,literal_official,31
K562,RASSF5,ENSG00000266094,RASSF5,literal_official,374
K562,RASSF7,ENSG00000099849,RASSF7,literal_official,146
K562,RAVER1,ENSG00000161847,RAVER1,literal_official,356
K562,RAX,ENSG00000134438,RAX,literal_official,266
K562,RAX2,ENSG00000173976,RAX2,literal_official,172
K562,RB1,ENSG00000139687,RB1,literal_official,433
K562,RB1CC1,ENSG00000023287,RB1CC1,literal_official,246
K562,RBAK,ENSG00000146587,RBAK,literal_official,652
K562,RBAK-RBAKDN,nan,RBAK-RBAKDN,unique_hgnc_bridge,76
K562,RBBP4,ENSG00000162521,RBBP4,literal_official,144
K562,RBBP5,ENSG00000117222,RBBP5,literal_official,56
K562,RBBP6,ENSG00000122257,RBBP6,literal_official,92
K562,RBBP7,ENSG00000102054,RBBP7,literal_official,136
K562,RBBP8,ENSG00000101773,RBBP8,literal_official,161
K562,RBCK1,ENSG00000125826,RBCK1,literal_official,159
K562,RBFA,ENSG00000101546,RBFA,literal_official,196
K562,RBFOX2,ENSG00000100320,RBFOX2,literal_official,191
K562,RBIS,ENSG00000176731,RBIS,literal_official,145
K562,RBL1,ENSG00000080839,RBL1,literal_official,256
K562,RBL2,ENSG00000103479,RBL2,literal_official,564
K562,RBM10,ENSG00000182872,RBM10,literal_official,255
K562,RBM12,ENSG00000244462,RBM12,literal_official,149
K562,RBM12B,ENSG00000183808,RBM12B,literal_official,133
K562,RBM14-RBM4,nan,RBM14-RBM4,unique_hgnc_bridge,630
K562,RBM15,ENSG00000162775,RBM15,literal_official,259
K562,RBM15B,ENSG00000259956,RBM15B,literal_official,273
K562,RBM17,ENSG00000134453,RBM17,literal_official,124
K562,RBM18,ENSG00000119446,RBM18,literal_official,168
K562,RBM19,ENSG00000122965,RBM19,literal_official,77
K562,RBM22,ENSG00000086589,RBM22,literal_official,9
K562,RBM23,ENSG00000100461,RBM23,literal_official,160
K562,RBM25,ENSG00000119707,RBM25,literal_official,49
K562,RBM26,ENSG00000139746,RBM26,literal_official,168
K562,RBM27,ENSG00000091009,RBM27,literal_official,146
K562,RBM28,ENSG00000106344,RBM28,literal_official,42
K562,RBM3,ENSG00000102317,RBM3,literal_official,190
K562,RBM33,ENSG00000184863,RBM33,literal_official,188
K562,RBM34,ENSG00000188739,RBM34,literal_official,206
K562,RBM38,ENSG00000132819,RBM38,literal_official,188
K562,RBM39,ENSG00000131051,RBM39,literal_official,103
K562,RBM4,ENSG00000173933,RBM4,literal_official,237
K562,RBM41,ENSG00000089682,RBM41,literal_official,118
K562,RBM42,ENSG00000126254,RBM42,literal_official,86
K562,RBM45,ENSG00000155636,RBM45,literal_official,261
K562,RBM48,ENSG00000127993,RBM48,literal_official,82
K562,RBM4B,ENSG00000173914,RBM4B,literal_official,199
K562,RBM5,ENSG00000003756,RBM5,literal_official,99
K562,RBM6,ENSG00000004534,RBM6,literal_official,187
K562,RBM7,ENSG00000076053,RBM7,literal_official,113
K562,RBM8A,ENSG00000265241,RBM8A,literal_official,25
K562,RBMX,ENSG00000147274,RBMX,literal_official,92
K562,RBMX2,ENSG00000134597,RBMX2,literal_official,126
K562,RBMXL1,ENSG00000213516,RBMXL1,literal_official,132
K562,RBP5,ENSG00000139194,RBP5,literal_official,169
K562,RBPJ,ENSG00000168214,RBPJ,literal_official,123
K562,RBPJL,ENSG00000124232,RBPJL,literal_official,203
K562,RBPMS2,ENSG00000166831,RBPMS2,literal_official,329
K562,RBX1,ENSG00000100387,RBX1,literal_official,67
K562,RC3H1,ENSG00000135870,RC3H1,literal_official,72
K562,RC3H2,ENSG00000056586,RC3H2,literal_official,166
K562,RCAN1,ENSG00000159200,RCAN1,literal_official,58
K562,RCBTB2,ENSG00000136161,RCBTB2,literal_official,372
K562,RCC1,ENSG00000180198,RCC1,literal_official,179
K562,RCC1L,ENSG00000274523,RCC1L,literal_official,92
K562,RCC2,ENSG00000179051,RCC2,literal_official,252
K562,RCCD1,ENSG00000166965,RCCD1,literal_official,363
K562,RCE1,ENSG00000173653,RCE1,literal_official,271
K562,RCHY1,ENSG00000163743,RCHY1,literal_official,251
K562,RCL1,ENSG00000120158,RCL1,literal_official,107
K562,RCN1,ENSG00000049449,RCN1,literal_official,610
K562,RCN2,ENSG00000117906,RCN2,literal_official,144
K562,RCN3,ENSG00000142552,RCN3,literal_official,235
K562,RCOR1,ENSG00000089902,RCOR1,literal_official,66
K562,RCOR3,ENSG00000117625,RCOR3,literal_official,98
K562,RCSD1,ENSG00000198771,RCSD1,literal_official,282
K562,RDH10,ENSG00000121039,RDH10,literal_official,30
K562,RDH11,ENSG00000072042,RDH11,literal_official,202
K562,RDH13,ENSG00000160439,RDH13,literal_official,573
K562,RDH14,ENSG00000240857,RDH14,literal_official,21
K562,RDX,ENSG00000137710,RDX,literal_official,303
K562,RECQL,ENSG00000004700,RECQL,literal_official,134
K562,RECQL4,ENSG00000160957,RECQL4,literal_official,365
K562,RECQL5,ENSG00000108469,RECQL5,literal_official,94
K562,REEP3,ENSG00000165476,REEP3,literal_official,184
K562,REEP4,ENSG00000168476,REEP4,literal_official,187
K562,REEP5,ENSG00000129625,REEP5,literal_official,284
K562,REEP6,ENSG00000115255,REEP6,literal_official,144
K562,REL,ENSG00000162924,REL,literal_official,169
K562,RELA,ENSG00000173039,RELA,literal_official,185
K562,RELB,ENSG00000104856,RELB,literal_official,451
K562,RELL2,ENSG00000164620,RELL2,literal_official,55
K562,RELN,ENSG00000189056,RELN,literal_official,194
K562,RELT,ENSG00000054967,RELT,literal_official,192
K562,RENBP,ENSG00000102032,RENBP,literal_official,272
K562,REPIN1,ENSG00000214022,REPIN1,literal_official,317
K562,REPS1,ENSG00000135597,REPS1,literal_official,177
K562,RER1,ENSG00000157916,RER1,literal_official,116
K562,RERE,ENSG00000142599,RERE,literal_official,151
K562,RESF1,ENSG00000174718,RESF1,literal_official,126
K562,REST,ENSG00000084093,REST,literal_official,472
K562,RETREG2,ENSG00000144567,RETREG2,literal_official,227
K562,RETREG3,ENSG00000141699,RETREG3,literal_official,161
K562,RETSAT,ENSG00000042445,RETSAT,literal_official,129
K562,REV1,ENSG00000135945,REV1,literal_official,147
K562,REV3L,ENSG00000009413,REV3L,literal_official,217
K562,REX1BD,ENSG00000006015,REX1BD,literal_official,134
K562,REXO1,ENSG00000079313,REXO1,literal_official,190
K562,REXO2,ENSG00000076043,REXO2,literal_official,98
K562,REXO4,ENSG00000148300,REXO4,literal_official,99
K562,RFC1,ENSG00000035928,RFC1,literal_official,160
K562,RFC2,ENSG00000049541,RFC2,literal_official,133
K562,RFC3,ENSG00000133119,RFC3,literal_official,113
K562,RFC4,ENSG00000163918,RFC4,literal_official,113
K562,RFC5,ENSG00000111445,RFC5,literal_official,145
K562,RFESD,ENSG00000175449,RFESD,literal_official,298
K562,RFFL,ENSG00000092871,RFFL,literal_official,47
K562,RFK,ENSG00000135002,RFK,literal_official,46
K562,RFLNB,ENSG00000183688,RFLNB,literal_official,113
K562,RFNG,ENSG00000169733,RFNG,literal_official,172
K562,RFPL4B,ENSG00000251258,RFPL4B,literal_official,129
K562,RFT1,ENSG00000163933,RFT1,literal_official,244
K562,RFWD3,ENSG00000168411,RFWD3,literal_official,64
K562,RFX1,ENSG00000132005,RFX1,literal_official,181
K562,RFX2,ENSG00000087903,RFX2,literal_official,151
K562,RFX3,ENSG00000080298,RFX3,literal_official,157
K562,RFX4,ENSG00000111783,RFX4,literal_official,155
K562,RFX5,ENSG00000143390,RFX5,literal_official,163
K562,RFX6,ENSG00000185002,RFX6,literal_official,208
K562,RFX7,ENSG00000181827,RFX7,literal_official,112
K562,RFX8,ENSG00000196460,RFX8,literal_official,249
K562,RFXANK,ENSG00000064490,RFXANK,literal_official,133
K562,RFXAP,ENSG00000133111,RFXAP,literal_official,174
K562,RGCC,ENSG00000102760,RGCC,literal_official,207
K562,RGL2,ENSG00000237441,RGL2,literal_official,341
K562,RGP1,ENSG00000107185,RGP1,literal_official,240
K562,RGPD6,ENSG00000183054,RGPD6,unique_hgnc_bridge,466
K562,RGS10,ENSG00000148908,RGS10,literal_official,342
K562,RGS14,ENSG00000169220,RGS14,literal_official,168
K562,RGS16,ENSG00000143333,RGS16,literal_official,230
K562,RGS19,ENSG00000171700,RGS19,literal_official,169
K562,RGS20,ENSG00000147509,RGS20,literal_official,432
K562,RHAG,ENSG00000112077,RHAG,literal_official,98
K562,RHBDD1,ENSG00000144468,RHBDD1,literal_official,326
K562,RHBDD2,ENSG00000005486,RHBDD2,literal_official,387
K562,RHBDD3,ENSG00000100263,RHBDD3,literal_official,244
K562,RHCE,ENSG00000188672,RHCE,literal_official,270
K562,RHD,ENSG00000187010,RHD,literal_official,233
K562,RHEB,ENSG00000106615,RHEB,literal_official,67
K562,RHEBL1,ENSG00000167550,RHEBL1,literal_official,68
K562,RHNO1,ENSG00000171792,RHNO1,literal_official,147
K562,RHOA,ENSG00000067560,RHOA,literal_official,119
K562,RHOBTB1,ENSG00000072422,RHOBTB1,literal_official,167
K562,RHOBTB3,ENSG00000164292,RHOBTB3,literal_official,152
K562,RHOC,ENSG00000155366,RHOC,literal_official,235
K562,RHOG,ENSG00000177105,RHOG,literal_official,956
K562,RHOH,ENSG00000168421,RHOH,literal_official,96
K562,RHOQ,ENSG00000119729,RHOQ,literal_official,563
K562,RHOT1,ENSG00000126858,RHOT1,literal_official,322
K562,RHOT2,ENSG00000140983,RHOT2,literal_official,382
K562,RHOXF1,ENSG00000101883,RHOXF1,literal_official,245
K562,RHOXF2,ENSG00000131721,RHOXF2,unique_hgnc_bridge,87
K562,RHOXF2B,ENSG00000203989,RHOXF2B,literal_official,143
K562,RHPN1,ENSG00000158106,RHPN1,literal_official,572
K562,RIC8A,ENSG00000177963,RIC8A,literal_official,488
K562,RICTOR,ENSG00000164327,RICTOR,literal_official,172
K562,RIDA,ENSG00000132541,RIDA,literal_official,54
K562,RIF1,ENSG00000080345,RIF1,literal_official,192
K562,RILP,ENSG00000167705,RILP,literal_official,171
K562,RILPL2,ENSG00000150977,RILPL2,literal_official,219
K562,RIMKLB,ENSG00000166532,RIMKLB,literal_official,124
K562,RING1,ENSG00000204227,RING1,literal_official,256
K562,RINT1,ENSG00000135249,RINT1,literal_official,223
K562,RIOK1,ENSG00000124784,RIOK1,literal_official,246
K562,RIOK2,ENSG00000058729,RIOK2,literal_official,98
K562,RIOK3,ENSG00000101782,RIOK3,literal_official,116
K562,RIOX1,ENSG00000170468,RIOX1,literal_official,232
K562,RIOX2,ENSG00000170854,RIOX2,literal_official,206
K562,RIPK1,ENSG00000137275,RIPK1,literal_official,423
K562,RIPK2,ENSG00000104312,RIPK2,literal_official,205
K562,RIPOR1,ENSG00000039523,RIPOR1,literal_official,228
K562,RIPOR3,ENSG00000042062,RIPOR3,literal_official,288
K562,RIT1,ENSG00000143622,RIT1,literal_official,105
K562,RLF,ENSG00000117000,RLF,literal_official,156
K562,RLIM,ENSG00000131263,RLIM,literal_official,178
K562,RMDN1,ENSG00000176623,RMDN1,literal_official,180
K562,RMDN3,ENSG00000137824,RMDN3,literal_official,128
K562,RMI1,ENSG00000178966,RMI1,literal_official,354
K562,RMI2,ENSG00000175643,RMI2,literal_official,218
K562,RMND1,ENSG00000155906,RMND1,literal_official,112
K562,RMND5A,ENSG00000153561,RMND5A,literal_official,239
K562,RMND5B,ENSG00000145916,RMND5B,literal_official,271
K562,RNASE1,ENSG00000129538,RNASE1,literal_official,79
K562,RNASEH1,ENSG00000171865,RNASEH1,literal_official,78
K562,RNASEH2A,ENSG00000104889,RNASEH2A,literal_official,166
K562,RNASEH2B,ENSG00000136104,RNASEH2B,literal_official,94
K562,RNASEH2C,ENSG00000172922,RNASEH2C,literal_official,213
K562,RNASEK,ENSG00000219200,RNASEK,literal_official,20
K562,RNASET2,ENSG00000026297,RNASET2,literal_official,113
K562,RND2,ENSG00000108830,RND2,literal_official,75
K562,RNF10,ENSG00000022840,RNF10,literal_official,281
K562,RNF103,ENSG00000239305,RNF103,literal_official,249
K562,RNF11,ENSG00000123091,RNF11,literal_official,290
K562,RNF111,ENSG00000157450,RNF111,literal_official,298
K562,RNF113A,ENSG00000125352,RNF113A,literal_official,87
K562,RNF114,ENSG00000124226,RNF114,literal_official,265
K562,RNF115,ENSG00000265491,RNF115,literal_official,228
K562,RNF121,ENSG00000137522,RNF121,literal_official,165
K562,RNF123,ENSG00000164068,RNF123,literal_official,355
K562,RNF125,ENSG00000101695,RNF125,literal_official,233
K562,RNF126,ENSG00000070423,RNF126,literal_official,230
K562,RNF13,ENSG00000082996,RNF13,literal_official,211
K562,RNF130,ENSG00000113269,RNF130,literal_official,177
K562,RNF138,ENSG00000134758,RNF138,literal_official,299
K562,RNF139,ENSG00000170881,RNF139,literal_official,352
K562,RNF14,ENSG00000013561,RNF14,literal_official,513
K562,RNF141,ENSG00000110315,RNF141,literal_official,314
K562,RNF144A,ENSG00000151692,RNF144A,literal_official,223
K562,RNF145,ENSG00000145860,RNF145,literal_official,318
K562,RNF146,ENSG00000118518,RNF146,literal_official,247
K562,RNF149,ENSG00000163162,RNF149,literal_official,75
K562,RNF157,ENSG00000141576,RNF157,literal_official,237
K562,RNF166,ENSG00000158717,RNF166,literal_official,434
K562,RNF167,ENSG00000108523,RNF167,literal_official,112
K562,RNF168,ENSG00000163961,RNF168,literal_official,168
K562,RNF169,ENSG00000166439,RNF169,literal_official,161
K562,RNF170,ENSG00000120925,RNF170,literal_official,435
K562,RNF181,ENSG00000168894,RNF181,literal_official,267
K562,RNF182,ENSG00000180537,RNF182,literal_official,192
K562,RNF185,ENSG00000138942,RNF185,literal_official,133
K562,RNF187,ENSG00000168159,RNF187,literal_official,326
K562,RNF19A,ENSG00000034677,RNF19A,literal_official,242
K562,RNF19B,ENSG00000116514,RNF19B,literal_official,340
K562,RNF2,ENSG00000121481,RNF2,literal_official,114
K562,RNF20,ENSG00000155827,RNF20,literal_official,99
K562,RNF207,ENSG00000158286,RNF207,literal_official,527
K562,RNF208,ENSG00000212864,RNF208,literal_official,119
K562,RNF213,ENSG00000173821,RNF213,literal_official,216
K562,RNF214,ENSG00000167257,RNF214,literal_official,189
K562,RNF216,ENSG00000011275,RNF216,literal_official,349
K562,RNF217,ENSG00000146373,RNF217,literal_official,254
K562,RNF220,ENSG00000187147,RNF220,literal_official,214
K562,RNF24,ENSG00000101236,RNF24,literal_official,79
K562,RNF25,ENSG00000163481,RNF25,literal_official,217
K562,RNF26,ENSG00000173456,RNF26,literal_official,72
K562,RNF31,ENSG00000092098,RNF31,literal_official,178
K562,RNF34,ENSG00000170633,RNF34,literal_official,23
K562,RNF4,ENSG00000063978,RNF4,literal_official,36
K562,RNF40,ENSG00000103549,RNF40,literal_official,273
K562,RNF41,ENSG00000181852,RNF41,literal_official,257
K562,RNF44,ENSG00000146083,RNF44,literal_official,176
K562,RNF5,ENSG00000204308,RNF5,literal_official,119
K562,RNF6,ENSG00000127870,RNF6,literal_official,138
K562,RNF7,ENSG00000114125,RNF7,literal_official,188
K562,RNF8,ENSG00000112130,RNF8,literal_official,352
K562,RNFT1,ENSG00000189050,RNFT1,literal_official,164
K562,RNFT2,ENSG00000135119,RNFT2,literal_official,201
K562,RNGTT,ENSG00000111880,RNGTT,literal_official,208
K562,RNH1,ENSG00000023191,RNH1,literal_official,189
K562,RNMT,ENSG00000101654,RNMT,literal_official,208
K562,RNPC3,ENSG00000185946,RNPC3,literal_official,90
K562,RNPEP,ENSG00000176393,RNPEP,literal_official,252
K562,RNPEPL1,ENSG00000142327,RNPEPL1,literal_official,104
K562,RNPS1,ENSG00000205937,RNPS1,literal_official,219
K562,RO60,ENSG00000116747,RO60,literal_official,298
K562,ROCK1,ENSG00000067900,ROCK1,literal_official,170
K562,ROCK2,ENSG00000134318,ROCK2,literal_official,153
K562,ROGDI,ENSG00000067836,ROGDI,literal_official,238
K562,ROMO1,ENSG00000125995,ROMO1,literal_official,149
K562,ROR2,ENSG00000169071,ROR2,literal_official,195
K562,RORA,ENSG00000069667,RORA,literal_official,128
K562,RORB,ENSG00000198963,RORB,literal_official,117
K562,RORC,ENSG00000143365,RORC,literal_official,215
K562,RP9,ENSG00000164610,RP9,literal_official,32
K562,RPA1,ENSG00000132383,RPA1,literal_official,321
K562,RPA2,ENSG00000117748,RPA2,literal_official,117
K562,RPA3,ENSG00000106399,RPA3,literal_official,101
K562,RPAIN,ENSG00000129197,RPAIN,literal_official,146
K562,RPAP1,ENSG00000103932,RPAP1,literal_official,75
K562,RPAP2,ENSG00000122484,RPAP2,literal_official,152
K562,RPAP3,ENSG00000005175,RPAP3,literal_official,34
K562,RPE,ENSG00000197713,RPE,literal_official,206
K562,RPF1,ENSG00000117133,RPF1,literal_official,57
K562,RPF2,ENSG00000197498,RPF2,literal_official,29
K562,RPGR,ENSG00000156313,RPGR,literal_official,178
K562,RPGRIP1L,ENSG00000103494,RPGRIP1L,literal_official,150
K562,RPIA,ENSG00000153574,RPIA,literal_official,303
K562,RPL10,ENSG00000147403,RPL10,unique_hgnc_bridge,143
K562,RPL10A,ENSG00000198755,RPL10A,unique_hgnc_bridge,116
K562,RPL11,ENSG00000142676,RPL11,unique_hgnc_bridge,204
K562,RPL12,ENSG00000197958,RPL12,unique_hgnc_bridge,147
K562,RPL13,ENSG00000167526,RPL13,unique_hgnc_bridge,152
K562,RPL13A,ENSG00000142541,RPL13A,unique_hgnc_bridge,283
K562,RPL14,ENSG00000188846,RPL14,unique_hgnc_bridge,64
K562,RPL15,ENSG00000174748,RPL15,unique_hgnc_bridge,98
K562,RPL17,ENSG00000265681,RPL17,unique_hgnc_bridge,32
K562,RPL17-C18orf32,nan,RPL17-C18orf32,unique_hgnc_bridge,96
K562,RPL18,ENSG00000063177,RPL18,unique_hgnc_bridge,148
K562,RPL18A,ENSG00000105640,RPL18A,unique_hgnc_bridge,56
K562,RPL19,ENSG00000108298,RPL19,unique_hgnc_bridge,117
K562,RPL21,ENSG00000122026,RPL21,unique_hgnc_bridge,118
K562,RPL22,ENSG00000116251,RPL22,unique_hgnc_bridge,280
K562,RPL22L1,ENSG00000163584,RPL22L1,unique_hgnc_bridge,226
K562,RPL23,ENSG00000125691,RPL23,unique_hgnc_bridge,132
K562,RPL23A,ENSG00000198242,RPL23A,unique_hgnc_bridge,52
K562,RPL24,ENSG00000114391,RPL24,unique_hgnc_bridge,189
K562,RPL26,ENSG00000161970,RPL26,unique_hgnc_bridge,87
K562,RPL26L1,ENSG00000037241,RPL26L1,unique_hgnc_bridge,315
K562,RPL27,ENSG00000131469,RPL27,unique_hgnc_bridge,15
K562,RPL27A,ENSG00000166441,RPL27A,unique_hgnc_bridge,40
K562,RPL28,ENSG00000108107,RPL28,unique_hgnc_bridge,106
K562,RPL29,ENSG00000162244,RPL29,unique_hgnc_bridge,142
K562,RPL3,ENSG00000100316,RPL3,unique_hgnc_bridge,1963
K562,RPL30,ENSG00000156482,RPL30,unique_hgnc_bridge,161
K562,RPL31,ENSG00000071082,RPL31,unique_hgnc_bridge,118
K562,RPL32,ENSG00000144713,RPL32,unique_hgnc_bridge,147
K562,RPL34,ENSG00000109475,RPL34,unique_hgnc_bridge,151
K562,RPL35,ENSG00000136942,RPL35,unique_hgnc_bridge,51
K562,RPL35A,ENSG00000182899,RPL35A,unique_hgnc_bridge,91
K562,RPL36,ENSG00000130255,RPL36,unique_hgnc_bridge,86
K562,RPL36A,ENSG00000241343,RPL36A,unique_hgnc_bridge,104
K562,RPL36AL,ENSG00000165502,RPL36AL,unique_hgnc_bridge,313
K562,RPL37,ENSG00000145592,RPL37,unique_hgnc_bridge,277
K562,RPL37A,ENSG00000197756,RPL37A,unique_hgnc_bridge,264
K562,RPL38,ENSG00000172809,RPL38,unique_hgnc_bridge,82
K562,RPL39,ENSG00000198918,RPL39,unique_hgnc_bridge,67
K562,RPL39L,ENSG00000163923,RPL39L,unique_hgnc_bridge,231
K562,RPL4,ENSG00000174444,RPL4,unique_hgnc_bridge,187
K562,RPL41,ENSG00000229117,RPL41,unique_hgnc_bridge,93
K562,RPL5,ENSG00000122406,RPL5,unique_hgnc_bridge,109
K562,RPL6,ENSG00000089009,RPL6,unique_hgnc_bridge,90
K562,RPL7,ENSG00000147604,RPL7,unique_hgnc_bridge,130
K562,RPL7A,ENSG00000148303,RPL7A,unique_hgnc_bridge,10
K562,RPL7L1,ENSG00000146223,RPL7L1,unique_hgnc_bridge,37
K562,RPL8,ENSG00000161016,RPL8,unique_hgnc_bridge,233
K562,RPL9,ENSG00000163682,RPL9,unique_hgnc_bridge,136
K562,RPLP0,ENSG00000089157,RPLP0,unique_hgnc_bridge,87
K562,RPLP1,ENSG00000137818,RPLP1,unique_hgnc_bridge,97
K562,RPLP2,ENSG00000177600,RPLP2,unique_hgnc_bridge,179
K562,RPN1,ENSG00000163902,RPN1,literal_official,103
K562,RPN2,ENSG00000118705,RPN2,literal_official,191
K562,RPP14,ENSG00000163684,RPP14,literal_official,87
K562,RPP21,ENSG00000241370,RPP21,literal_official,111
K562,RPP25,ENSG00000178718,RPP25,literal_official,219
K562,RPP25L,ENSG00000164967,RPP25L,literal_official,63
K562,RPP30,ENSG00000148688,RPP30,literal_official,101
K562,RPP38,ENSG00000152464,RPP38,literal_official,58
K562,RPP40,ENSG00000124787,RPP40,literal_official,49
K562,RPRD1A,ENSG00000141425,RPRD1A,literal_official,87
K562,RPRD1B,ENSG00000101413,RPRD1B,literal_official,64
K562,RPRD2,ENSG00000163125,RPRD2,literal_official,105
K562,RPS10,ENSG00000124614,RPS10,unique_hgnc_bridge,70
K562,RPS10-NUDT3,ENSG00000270800,RPS10-NUDT3,unique_hgnc_bridge,114
K562,RPS11,ENSG00000142534,RPS11,unique_hgnc_bridge,115
K562,RPS12,ENSG00000112306,RPS12,unique_hgnc_bridge,261
K562,RPS13,ENSG00000110700,RPS13,unique_hgnc_bridge,32
K562,RPS14,ENSG00000164587,RPS14,unique_hgnc_bridge,93
K562,RPS15,ENSG00000115268,RPS15,unique_hgnc_bridge,19
K562,RPS15A,ENSG00000134419,RPS15A,unique_hgnc_bridge,175
K562,RPS16,ENSG00000105193,RPS16,unique_hgnc_bridge,20
K562,RPS17,ENSG00000182774,RPS17,unique_hgnc_bridge,130
K562,RPS18,ENSG00000231500,RPS18,unique_hgnc_bridge,41
K562,RPS19,ENSG00000105372,RPS19,unique_hgnc_bridge,160
K562,RPS19BP1,ENSG00000187051,RPS19BP1,unique_hgnc_bridge,60
K562,RPS2,ENSG00000140988,RPS2,unique_hgnc_bridge,78
K562,RPS20,ENSG00000008988,RPS20,unique_hgnc_bridge,128
K562,RPS21,ENSG00000171858,RPS21,unique_hgnc_bridge,94
K562,RPS23,ENSG00000186468,RPS23,unique_hgnc_bridge,68
K562,RPS24,ENSG00000138326,RPS24,unique_hgnc_bridge,89
K562,RPS25,ENSG00000118181,RPS25,unique_hgnc_bridge,75
K562,RPS26,ENSG00000197728,RPS26,unique_hgnc_bridge,32
K562,RPS27,ENSG00000177954,RPS27,unique_hgnc_bridge,87
K562,RPS27A,ENSG00000143947,RPS27A,unique_hgnc_bridge,26
K562,RPS27L,ENSG00000185088,RPS27L,unique_hgnc_bridge,139
K562,RPS28,ENSG00000233927,RPS28,unique_hgnc_bridge,202
K562,RPS29,ENSG00000213741,RPS29,unique_hgnc_bridge,377
K562,RPS3,ENSG00000149273,RPS3,unique_hgnc_bridge,163
K562,RPS3A,ENSG00000145425,RPS3A,unique_hgnc_bridge,129
K562,RPS4X,ENSG00000198034,RPS4X,unique_hgnc_bridge,63
K562,RPS5,ENSG00000083845,RPS5,unique_hgnc_bridge,41
K562,RPS6,ENSG00000137154,RPS6,unique_hgnc_bridge,58
K562,RPS6KA1,ENSG00000117676,RPS6KA1,unique_hgnc_bridge,332
K562,RPS6KA3,ENSG00000177189,RPS6KA3,unique_hgnc_bridge,434
K562,RPS6KA4,ENSG00000162302,RPS6KA4,unique_hgnc_bridge,204
K562,RPS6KB1,ENSG00000108443,RPS6KB1,unique_hgnc_bridge,146
K562,RPS6KB2,ENSG00000175634,RPS6KB2,unique_hgnc_bridge,45
K562,RPS6KC1,ENSG00000136643,RPS6KC1,unique_hgnc_bridge,118
K562,RPS6KL1,ENSG00000198208,RPS6KL1,unique_hgnc_bridge,264
K562,RPS7,ENSG00000171863,RPS7,unique_hgnc_bridge,125
K562,RPS8,ENSG00000142937,RPS8,unique_hgnc_bridge,17
K562,RPS9,ENSG00000170889,RPS9,unique_hgnc_bridge,181
K562,RPSA,ENSG00000168028,RPSA,unique_hgnc_bridge,109
K562,RPTOR,ENSG00000141564,RPTOR,literal_official,105
K562,RPUSD1,ENSG00000007376,RPUSD1,literal_official,424
K562,RPUSD2,ENSG00000166133,RPUSD2,literal_official,160
K562,RPUSD3,ENSG00000156990,RPUSD3,literal_official,254
K562,RPUSD4,ENSG00000165526,RPUSD4,literal_official,181
K562,RRAGA,ENSG00000155876,RRAGA,literal_official,66
K562,RRAGB,ENSG00000083750,RRAGB,literal_official,89
K562,RRAGC,ENSG00000116954,RRAGC,literal_official,362
K562,RRAGD,ENSG00000025039,RRAGD,literal_official,246
K562,RRAS,ENSG00000126458,RRAS,literal_official,188
K562,RRAS2,ENSG00000133818,RRAS2,literal_official,197
K562,RRBP1,ENSG00000125844,RRBP1,literal_official,188
K562,RREB1,ENSG00000124782,RREB1,literal_official,151
K562,RRM1,ENSG00000167325,RRM1,literal_official,74
K562,RRM2,ENSG00000171848,RRM2,literal_official,493
K562,RRM2B,ENSG00000048392,RRM2B,literal_official,265
K562,RRN3,ENSG00000085721,RRN3,literal_official,59
K562,RRNAD1,ENSG00000143303,RRNAD1,literal_official,151
K562,RRP1,ENSG00000160214,RRP1,literal_official,112
K562,RRP12,ENSG00000052749,RRP12,literal_official,87
K562,RRP15,ENSG00000067533,RRP15,literal_official,36
K562,RRP1B,ENSG00000160208,RRP1B,literal_official,125
K562,RRP36,ENSG00000124541,RRP36,literal_official,61
K562,RRP7A,ENSG00000189306,RRP7A,literal_official,70
K562,RRP8,ENSG00000132275,RRP8,literal_official,215
K562,RRP9,ENSG00000114767,RRP9,literal_official,185
K562,RRS1,ENSG00000179041,RRS1,literal_official,67
K562,RSAD1,ENSG00000136444,RSAD1,literal_official,205
K562,RSBN1,ENSG00000081019,RSBN1,literal_official,166
K562,RSBN1L,ENSG00000187257,RSBN1L,literal_official,154
K562,RSC1A1,ENSG00000215695,DDI2,unique_hgnc_bridge,71
K562,RSF1,ENSG00000048649,RSF1,literal_official,68
K562,RSKR,ENSG00000167524,RSKR,unique_hgnc_bridge,248
K562,RSL1D1,ENSG00000171490,RSL1D1,literal_official,427
K562,RSL24D1,ENSG00000137876,RSL24D1,literal_official,78
K562,RSPRY1,ENSG00000159579,RSPRY1,literal_official,139
K562,RSRC1,ENSG00000174891,RSRC1,literal_official,69
K562,RSRC2,ENSG00000111011,RSRC2,literal_official,167
K562,RSU1,ENSG00000148484,RSU1,literal_official,24
K562,RTCA,ENSG00000137996,RTCA,literal_official,144
K562,RTCB,ENSG00000100220,RTCB,literal_official,298
K562,RTEL1,ENSG00000258366,RTEL1,literal_official,424
K562,RTF1,ENSG00000137815,RTF1,literal_official,56
K562,RTF2,ENSG00000022277,RTF2,literal_official,175
K562,RTKN2,ENSG00000182010,RTKN2,literal_official,86
K562,RTL10,ENSG00000215012,RTL10,literal_official,39
K562,RTL8A,ENSG00000203950,RTL8A,literal_official,225
K562,RTL8C,ENSG00000134590,RTL8C,literal_official,318
K562,RTN2,ENSG00000125744,RTN2,literal_official,158
K562,RTN3,ENSG00000133318,RTN3,literal_official,112
K562,RTN4,ENSG00000115310,RTN4,literal_official,122
K562,RTN4IP1,ENSG00000130347,RTN4IP1,literal_official,144
K562,RTRAF,ENSG00000087302,RTRAF,literal_official,298
K562,RTTN,ENSG00000176225,RTTN,literal_official,237
K562,RUFY1,ENSG00000176783,RUFY1,literal_official,264
K562,RUFY2,ENSG00000204130,RUFY2,literal_official,190
K562,RUFY3,ENSG00000018189,RUFY3,literal_official,444
K562,RUNDC1,ENSG00000198863,RUNDC1,literal_official,164
K562,RUNX1,ENSG00000159216,RUNX1,literal_official,180
K562,RUNX2,ENSG00000124813,RUNX2,literal_official,153
K562,RUNX3,ENSG00000020633,RUNX3,literal_official,255
K562,RUSC1,ENSG00000160753,RUSC1,literal_official,282
K562,RUVBL1,ENSG00000175792,RUVBL1,literal_official,67
K562,RUVBL2,ENSG00000183207,RUVBL2,literal_official,6
K562,RWDD1,ENSG00000111832,RWDD1,literal_official,181
K562,RWDD2B,ENSG00000156253,RWDD2B,literal_official,136
K562,RWDD3,ENSG00000122481,RWDD3,literal_official,60
K562,RWDD4,ENSG00000182552,RWDD4,literal_official,204
K562,RXRA,ENSG00000186350,RXRA,literal_official,92
K562,RXRB,ENSG00000204231,RXRB,literal_official,116
K562,RXRG,ENSG00000143171,RXRG,literal_official,96
K562,RXYLT1,ENSG00000118600,RXYLT1,literal_official,248
K562,RYBP,ENSG00000163602,RYBP,literal_official,134
K562,RYK,ENSG00000163785,RYK,literal_official,298
K562,S100A1,ENSG00000160678,S100A1,literal_official,394
K562,S100A10,ENSG00000197747,S100A10,literal_official,250
K562,S100A11,ENSG00000163191,S100A11,literal_official,199
K562,S100A13,ENSG00000189171,S100A13,literal_official,230
K562,S100A4,ENSG00000196154,S100A4,literal_official,261
K562,S100A6,ENSG00000197956,S100A6,literal_official,111
K562,S100P,ENSG00000163993,S100P,literal_official,37
K562,S100PBP,ENSG00000116497,S100PBP,literal_official,118
K562,SAAL1,ENSG00000166788,SAAL1,literal_official,296
K562,SAC3D1,ENSG00000168061,SAC3D1,literal_official,132
K562,SACM1L,ENSG00000211456,SACM1L,literal_official,240
K562,SACS,ENSG00000151835,SACS,literal_official,283
K562,SAE1,ENSG00000142230,SAE1,literal_official,99
K562,SAFB,ENSG00000160633,SAFB,literal_official,112
K562,SAFB2,ENSG00000130254,SAFB2,literal_official,178
K562,SAGE1,ENSG00000181433,SAGE1,literal_official,160
K562,SALL1,ENSG00000103449,SALL1,literal_official,70
K562,SALL2,ENSG00000165821,SALL2,literal_official,254
K562,SALL3,ENSG00000256463,SALL3,literal_official,221
K562,SALL4,ENSG00000101115,SALL4,literal_official,67
K562,SAMD1,ENSG00000141858,SAMD1,literal_official,196
K562,SAMD4B,ENSG00000179134,SAMD4B,literal_official,176
K562,SAMHD1,ENSG00000101347,SAMHD1,literal_official,205
K562,SAMM50,ENSG00000100347,SAMM50,literal_official,103
K562,SAMSN1,ENSG00000155307,SAMSN1,literal_official,128
K562,SAP130,ENSG00000136715,SAP130,literal_official,266
K562,SAP18,ENSG00000150459,SAP18,literal_official,88
K562,SAP30,ENSG00000164105,SAP30,literal_official,39
K562,SAP30BP,ENSG00000161526,SAP30BP,literal_official,97
K562,SAP30L,ENSG00000164576,SAP30L,literal_official,149
K562,SAPCD2,ENSG00000186193,SAPCD2,literal_official,375
K562,SAR1A,ENSG00000079332,SAR1A,literal_official,185
K562,SAR1B,ENSG00000152700,SAR1B,literal_official,251
K562,SARNP,ENSG00000205323,SARNP,literal_official,185
K562,SARS,ENSG00000031698,SARS,literal_official,20
K562,SARS2,ENSG00000104835,SARS2,literal_official,317
K562,SART1,ENSG00000175467,SART1,literal_official,224
K562,SART3,ENSG00000075856,SART3,literal_official,137
K562,SASS6,ENSG00000156876,SASS6,literal_official,129
K562,SAT1,ENSG00000130066,SAT1,literal_official,303
K562,SAT2,ENSG00000141504,SAT2,literal_official,89
K562,SATB1,ENSG00000182568,SATB1,literal_official,385
K562,SATB2,ENSG00000119042,SATB2,literal_official,355
K562,SAV1,ENSG00000151748,SAV1,literal_official,117
K562,SAYSD1,ENSG00000112167,SAYSD1,literal_official,134
K562,SBDS,ENSG00000126524,SBDS,literal_official,261
K562,SBF1,ENSG00000100241,SBF1,literal_official,192
K562,SBNO1,ENSG00000139697,SBNO1,literal_official,414
K562,SBNO2,ENSG00000064932,SBNO2,literal_official,167
K562,SC5D,ENSG00000109929,SC5D,literal_official,181
K562,SCAF1,ENSG00000126461,SCAF1,literal_official,146
K562,SCAF11,ENSG00000139218,SCAF11,literal_official,167
K562,SCAF4,ENSG00000156304,SCAF4,literal_official,254
K562,SCAF8,ENSG00000213079,SCAF8,literal_official,181
K562,SCAI,ENSG00000173611,SCAI,literal_official,258
K562,SCAMP1,ENSG00000085365,SCAMP1,literal_official,31
K562,SCAMP2,ENSG00000140497,SCAMP2,literal_official,363
K562,SCAMP3,ENSG00000116521,SCAMP3,literal_official,203
K562,SCAMP4,ENSG00000227500,SCAMP4,literal_official,153
K562,SCAND1,ENSG00000171222,SCAND1,literal_official,318
K562,SCAP,ENSG00000114650,SCAP,literal_official,334
K562,SCAPER,ENSG00000140386,SCAPER,literal_official,74
K562,SCARB1,ENSG00000073060,SCARB1,literal_official,218
K562,SCARB2,ENSG00000138760,SCARB2,literal_official,308
K562,SCCPDH,ENSG00000143653,SCCPDH,literal_official,209
K562,SCD,ENSG00000099194,SCD,literal_official,22
K562,SCFD1,ENSG00000092108,SCFD1,literal_official,118
K562,SCFD2,ENSG00000184178,SCFD2,literal_official,141
K562,SCG3,ENSG00000104112,SCG3,literal_official,74
K562,SCIN,ENSG00000006747,SCIN,literal_official,133
K562,SCLT1,ENSG00000151466,SCLT1,literal_official,210
K562,SCLY,ENSG00000132330,SCLY,literal_official,184
K562,SCMH1,ENSG00000010803,SCMH1,literal_official,188
K562,SCML2,ENSG00000102098,SCML2,literal_official,64
K562,SCML4,ENSG00000146285,SCML4,literal_official,132
K562,SCNM1,ENSG00000163156,SCNM1,literal_official,337
K562,SCO1,ENSG00000133028,SCO1,literal_official,202
K562,SCO2,ENSG00000284194,SCO2,literal_official,153
K562,SCOC,ENSG00000153130,SCOC,literal_official,275
K562,SCP2,ENSG00000116171,SCP2,literal_official,200
K562,SCRIB,ENSG00000180900,SCRIB,literal_official,175
K562,SCRN2,ENSG00000141295,SCRN2,literal_official,293
K562,SCRN3,ENSG00000144306,SCRN3,literal_official,109
K562,SCRT1,ENSG00000261678,SCRT1,literal_official,234
K562,SCRT2,ENSG00000215397,SCRT2,literal_official,240
K562,SCYL1,ENSG00000142186,SCYL1,literal_official,127
K562,SCYL2,ENSG00000136021,SCYL2,literal_official,275
K562,SDAD1,ENSG00000198301,SDAD1,literal_official,140
K562,SDC1,ENSG00000115884,SDC1,literal_official,283
K562,SDC3,ENSG00000162512,SDC3,literal_official,112
K562,SDCBP,ENSG00000137575,SDCBP,literal_official,324
K562,SDCCAG8,ENSG00000054282,SDCCAG8,literal_official,153
K562,SDE2,ENSG00000143751,SDE2,literal_official,215
K562,SDF2,ENSG00000132581,SDF2,literal_official,103
K562,SDF2L1,ENSG00000128228,SDF2L1,literal_official,82
K562,SDF4,ENSG00000078808,SDF4,literal_official,163
K562,SDHA,ENSG00000073578,SDHA,literal_official,128
K562,SDHAF1,ENSG00000205138,SDHAF1,literal_official,21
K562,SDHAF2,ENSG00000167985,SDHAF2,literal_official,267
K562,SDHB,ENSG00000117118,SDHB,literal_official,34
K562,SDHC,ENSG00000143252,SDHC,literal_official,198
K562,SDHD,ENSG00000204370,SDHD,unique_hgnc_bridge,103
K562,SDR39U1,ENSG00000100445,SDR39U1,literal_official,148
K562,SDSL,ENSG00000139410,SDSL,literal_official,89
K562,SEBOX,ENSG00000274529,SEBOX,literal_official,60
K562,SEC11A,ENSG00000140612,SEC11A,literal_official,329
K562,SEC11C,ENSG00000166562,SEC11C,literal_official,73
K562,SEC13,ENSG00000157020,SEC13,literal_official,22
K562,SEC14L1,ENSG00000129657,SEC14L1,literal_official,514
K562,SEC16A,ENSG00000148396,SEC16A,literal_official,368
K562,SEC22A,ENSG00000121542,SEC22A,literal_official,96
K562,SEC22B,ENSG00000265808,SEC22B,literal_official,116
K562,SEC22C,ENSG00000093183,SEC22C,literal_official,82
K562,SEC23A,ENSG00000100934,SEC23A,literal_official,183
K562,SEC23B,ENSG00000101310,SEC23B,literal_official,280
K562,SEC23IP,ENSG00000107651,SEC23IP,literal_official,108
K562,SEC24A,ENSG00000113615,SEC24A,literal_official,110
K562,SEC24B,ENSG00000138802,SEC24B,literal_official,93
K562,SEC24C,ENSG00000176986,SEC24C,literal_official,70
K562,SEC24D,ENSG00000150961,SEC24D,literal_official,102
K562,SEC31A,ENSG00000138674,SEC31A,literal_official,384
K562,SEC61A1,ENSG00000058262,SEC61A1,literal_official,207
K562,SEC61B,ENSG00000106803,SEC61B,literal_official,244
K562,SEC61G,ENSG00000132432,SEC61G,literal_official,55
K562,SEC62,ENSG00000008952,SEC62,literal_official,18
K562,SEC63,ENSG00000025796,SEC63,literal_official,115
K562,SECISBP2,ENSG00000187742,SECISBP2,literal_official,230
K562,SECISBP2L,ENSG00000138593,SECISBP2L,literal_official,235
K562,SEH1L,ENSG00000085415,SEH1L,literal_official,95
K562,SEL1L,ENSG00000071537,SEL1L,literal_official,348
K562,SEL1L3,ENSG00000091490,SEL1L3,literal_official,172
K562,SELENBP1,ENSG00000143416,SELENBP1,literal_official,185
K562,SELENOF,ENSG00000183291,SELENOF,literal_official,183
K562,SELENOH,ENSG00000211450,SELENOH,literal_official,223
K562,SELENOI,ENSG00000138018,SELENOI,literal_official,144
K562,SELENOK,ENSG00000113811,SELENOK,literal_official,123
K562,SELENOM,ENSG00000198832,SELENOM,literal_official,103
K562,SELENOO,ENSG00000073169,SELENOO,literal_official,185
K562,SELENOP,ENSG00000250722,SELENOP,literal_official,242
K562,SELENOS,ENSG00000131871,SELENOS,literal_official,111
K562,SELENOT,ENSG00000198843,SELENOT,literal_official,169
K562,SELENOW,ENSG00000178980,SELENOW,literal_official,80
K562,SELPLG,ENSG00000110876,SELPLG,literal_official,186
K562,SEM1,ENSG00000127922,SEM1,literal_official,21
K562,SEMA4B,ENSG00000185033,SEMA4B,literal_official,157
K562,SEMA4C,ENSG00000168758,SEMA4C,literal_official,542
K562,SENP1,ENSG00000079387,SENP1,literal_official,116
K562,SENP2,ENSG00000163904,SENP2,literal_official,155
K562,SENP3,ENSG00000161956,SENP3,literal_official,333
K562,SENP5,ENSG00000119231,SENP5,literal_official,70
K562,SENP6,ENSG00000112701,SENP6,literal_official,169
K562,SENP7,ENSG00000138468,SENP7,literal_official,353
K562,SEPHS1,ENSG00000086475,SEPHS1,literal_official,96
K562,SEPHS2,ENSG00000179918,SEPHS2,literal_official,254
K562,SEPSECS,ENSG00000109618,SEPSECS,literal_official,228
K562,SEPTIN1,ENSG00000180096,SEPTIN1,literal_official,643
K562,SEPTIN11,ENSG00000138758,SEPTIN11,literal_official,177
K562,SEPTIN2,ENSG00000168385,SEPTIN2,literal_official,16
K562,SEPTIN5,ENSG00000184702,SEPTIN5,literal_official,274
K562,SEPTIN6,ENSG00000125354,SEPTIN6,literal_official,126
K562,SEPTIN7,ENSG00000122545,SEPTIN7,literal_official,175
K562,SEPTIN8,ENSG00000164402,SEPTIN8,literal_official,299
K562,SEPTIN9,ENSG00000184640,SEPTIN9,literal_official,284
K562,SERBP1,ENSG00000142864,SERBP1,literal_official,278
K562,SERF1B,ENSG00000205572,SERF1B,unique_hgnc_bridge,218
K562,SERF2,ENSG00000140264,SERF2,literal_official,392
K562,SERGEF,ENSG00000129158,SERGEF,literal_official,156
K562,SERHL2,ENSG00000183569,SERHL2,literal_official,147
K562,SERINC1,ENSG00000111897,SERINC1,literal_official,135
K562,SERINC3,ENSG00000132824,SERINC3,literal_official,416
K562,SERP1,ENSG00000120742,SERP1,literal_official,121
K562,SERPINB1,ENSG00000021355,SERPINB1,literal_official,111
K562,SERPINB6,ENSG00000124570,SERPINB6,literal_official,87
K562,SERPINB9,ENSG00000170542,SERPINB9,literal_official,66
K562,SERPINF1,ENSG00000132386,SERPINF1,literal_official,218
K562,SERPING1,ENSG00000149131,SERPING1,literal_official,245
K562,SERPINH1,ENSG00000149257,SERPINH1,literal_official,169
K562,SERTAD1,ENSG00000197019,SERTAD1,literal_official,107
K562,SERTAD2,ENSG00000179833,SERTAD2,literal_official,198
K562,SERTAD3,ENSG00000167565,SERTAD3,literal_official,46
K562,SESN1,ENSG00000080546,SESN1,literal_official,50
K562,SESN2,ENSG00000130766,SESN2,literal_official,332
K562,SET,ENSG00000119335,SET,literal_official,54
K562,SETBP1,ENSG00000152217,SETBP1,literal_official,86
K562,SETD1A,ENSG00000099381,SETD1A,literal_official,89
K562,SETD1B,ENSG00000139718,SETD1B,literal_official,98
K562,SETD2,ENSG00000181555,SETD2,unique_hgnc_bridge,311
K562,SETD3,ENSG00000183576,SETD3,literal_official,277
K562,SETD4,ENSG00000185917,SETD4,literal_official,156
K562,SETD5,ENSG00000168137,SETD5,literal_official,347
K562,SETD6,ENSG00000103037,SETD6,literal_official,210
K562,SETD7,ENSG00000145391,SETD7,literal_official,194
K562,SETD9,ENSG00000155542,SETD9,literal_official,208
K562,SETDB1,ENSG00000143379,SETDB1,literal_official,319
K562,SETDB2,ENSG00000136169,SETDB2,literal_official,96
K562,SETMAR,ENSG00000170364,SETMAR,literal_official,182
K562,SETX,ENSG00000107290,SETX,literal_official,409
K562,SEZ6L2,ENSG00000174938,SEZ6L2,literal_official,233
K562,SF1,ENSG00000168066,SF1,literal_official,107
K562,SF3A1,ENSG00000099995,SF3A1,literal_official,462
K562,SF3A2,ENSG00000104897,SF3A2,literal_official,316
K562,SF3A3,ENSG00000183431,SF3A3,literal_official,22
K562,SF3B1,ENSG00000115524,SF3B1,literal_official,96
K562,SF3B2,ENSG00000087365,SF3B2,literal_official,429
K562,SF3B3,ENSG00000189091,SF3B3,literal_official,335
K562,SF3B4,ENSG00000143368,SF3B4,literal_official,140
K562,SF3B5,ENSG00000169976,SF3B5,literal_official,51
K562,SFI1,ENSG00000198089,SFI1,literal_official,167
K562,SFMBT1,ENSG00000163935,SFMBT1,literal_official,279
K562,SFPQ,ENSG00000116560,SFPQ,literal_official,183
K562,SFSWAP,ENSG00000061936,SFSWAP,literal_official,221
K562,SFT2D1,ENSG00000198818,SFT2D1,literal_official,133
K562,SFT2D2,ENSG00000213064,SFT2D2,literal_official,236
K562,SFT2D3,ENSG00000173349,SFT2D3,literal_official,288
K562,SFXN1,ENSG00000164466,SFXN1,literal_official,129
K562,SFXN2,ENSG00000156398,SFXN2,literal_official,197
K562,SFXN4,ENSG00000183605,SFXN4,literal_official,149
K562,SFXN5,ENSG00000144040,SFXN5,literal_official,165
K562,SGK1,ENSG00000118515,SGK1,literal_official,142
K562,SGK3,ENSG00000104205,SGK3,literal_official,275
K562,SGMS1,ENSG00000198964,SGMS1,literal_official,129
K562,SGO1,ENSG00000129810,SGO1,literal_official,84
K562,SGO2,ENSG00000163535,SGO2,literal_official,262
K562,SGPL1,ENSG00000166224,SGPL1,literal_official,108
K562,SGPP1,ENSG00000126821,SGPP1,literal_official,348
K562,SGSH,ENSG00000181523,SGSH,literal_official,143
K562,SGSM2,ENSG00000141258,SGSM2,literal_official,237
K562,SGSM3,ENSG00000100359,SGSM3,literal_official,149
K562,SGTA,ENSG00000104969,SGTA,literal_official,122
K562,SGTB,ENSG00000197860,SGTB,literal_official,206
K562,SH2B1,ENSG00000178188,SH2B1,literal_official,169
K562,SH2B3,ENSG00000111252,SH2B3,literal_official,308
K562,SH2D2A,ENSG00000027869,SH2D2A,literal_official,334
K562,SH2D3A,ENSG00000125731,SH2D3A,literal_official,175
K562,SH3BGR,ENSG00000185437,SH3BGR,literal_official,280
K562,SH3BGRL,ENSG00000131171,SH3BGRL,literal_official,103
K562,SH3BGRL2,ENSG00000198478,SH3BGRL2,literal_official,132
K562,SH3BGRL3,ENSG00000142669,SH3BGRL3,literal_official,60
K562,SH3BP1,ENSG00000100092,SH3BP1,literal_official,44
K562,SH3BP2,ENSG00000087266,SH3BP2,literal_official,305
K562,SH3BP5,ENSG00000131370,SH3BP5,literal_official,215
K562,SH3BP5L,ENSG00000175137,SH3BP5L,literal_official,223
K562,SH3GL1,ENSG00000141985,SH3GL1,literal_official,213
K562,SH3GL3,ENSG00000140600,SH3GL3,literal_official,336
K562,SH3GLB1,ENSG00000097033,SH3GLB1,literal_official,521
K562,SH3GLB2,ENSG00000148341,SH3GLB2,literal_official,140
K562,SH3KBP1,ENSG00000147010,SH3KBP1,literal_official,128
K562,SHARPIN,ENSG00000179526,SHARPIN,literal_official,287
K562,SHB,ENSG00000107338,SHB,literal_official,666
K562,SHC1,ENSG00000160691,SHC1,literal_official,394
K562,SHCBP1,ENSG00000171241,SHCBP1,literal_official,173
K562,SHFL,ENSG00000130813,SHFL,literal_official,166
K562,SHISA5,ENSG00000164054,SHISA5,literal_official,204
K562,SHKBP1,ENSG00000160410,SHKBP1,literal_official,157
K562,SHLD1,ENSG00000171984,SHLD1,literal_official,209
K562,SHLD2,ENSG00000122376,SHLD2,literal_official,103
K562,SHMT1,ENSG00000176974,SHMT1,literal_official,215
K562,SHMT2,ENSG00000182199,SHMT2,literal_official,55
K562,SHOC2,ENSG00000108061,SHOC2,literal_official,267
K562,SHOX,ENSG00000185960,SHOX,literal_official,126
K562,SHOX2,ENSG00000168779,SHOX2,literal_official,352
K562,SHPK,ENSG00000197417,SHPK,literal_official,144
K562,SHPRH,ENSG00000146414,SHPRH,literal_official,224
K562,SHQ1,ENSG00000144736,SHQ1,literal_official,242
K562,SHROOM1,ENSG00000164403,SHROOM1,literal_official,360
K562,SIAH1,ENSG00000196470,SIAH1,literal_official,90
K562,SIAH2,ENSG00000181788,SIAH2,literal_official,147
K562,SIGIRR,ENSG00000185187,SIGIRR,literal_official,264
K562,SIGLEC14,ENSG00000254415,SIGLEC14,literal_official,264
K562,SIGMAR1,ENSG00000147955,SIGMAR1,literal_official,32
K562,SIK3,ENSG00000160584,SIK3,literal_official,182
K562,SIKE1,ENSG00000052723,SIKE1,literal_official,79
K562,SIL1,ENSG00000120725,SIL1,literal_official,222
K562,SIM1,ENSG00000112246,SIM1,literal_official,155
K562,SIM2,ENSG00000159263,SIM2,literal_official,156
K562,SIMC1,ENSG00000170085,SIMC1,literal_official,1170
K562,SIN3A,ENSG00000169375,SIN3A,literal_official,478
K562,SIN3B,ENSG00000127511,SIN3B,literal_official,92
K562,SINHCAF,ENSG00000139146,SINHCAF,literal_official,69
K562,SIPA1,ENSG00000213445,SIPA1,literal_official,270
K562,SIRT1,ENSG00000096717,SIRT1,literal_official,180
K562,SIRT2,ENSG00000068903,SIRT2,literal_official,153
K562,SIRT3,ENSG00000142082,SIRT3,literal_official,161
K562,SIRT5,ENSG00000124523,SIRT5,literal_official,154
K562,SIRT6,ENSG00000077463,SIRT6,literal_official,126
K562,SIRT7,ENSG00000187531,SIRT7,literal_official,81
K562,SIVA1,ENSG00000184990,SIVA1,literal_official,126
K562,SIX1,ENSG00000126778,SIX1,literal_official,196
K562,SIX2,ENSG00000170577,SIX2,literal_official,206
K562,SIX3,ENSG00000138083,SIX3,literal_official,134
K562,SIX4,ENSG00000100625,SIX4,literal_official,239
K562,SIX5,ENSG00000177045,SIX5,literal_official,294
K562,SIX6,ENSG00000184302,SIX6,literal_official,258
K562,SKA1,ENSG00000154839,SKA1,literal_official,112
K562,SKA2,ENSG00000182628,SKA2,literal_official,67
K562,SKA3,ENSG00000165480,SKA3,literal_official,139
K562,SKAP2,ENSG00000005020,SKAP2,literal_official,224
K562,SKI,ENSG00000157933,SKI,literal_official,235
K562,SKIL,ENSG00000136603,SKIL,literal_official,234
K562,SKIV2L,ENSG00000204351,SKIV2L,literal_official,44
K562,SKOR1,ENSG00000188779,SKOR1,literal_official,275
K562,SKOR2,ENSG00000215474,SKOR2,literal_official,227
K562,SKP1,ENSG00000113558,SKP1,literal_official,74
K562,SKP2,ENSG00000145604,SKP2,literal_official,381
K562,SLAIN2,ENSG00000109171,SLAIN2,literal_official,237
K562,SLBP,ENSG00000163950,SLBP,literal_official,85
K562,SLC10A3,ENSG00000126903,SLC10A3,literal_official,85
K562,SLC10A4,ENSG00000145248,SLC10A4,literal_official,79
K562,SLC10A7,ENSG00000120519,SLC10A7,literal_official,256
K562,SLC11A2,ENSG00000110911,SLC11A2,literal_official,390
K562,SLC12A2,ENSG00000064651,SLC12A2,literal_official,228
K562,SLC12A4,ENSG00000124067,SLC12A4,literal_official,124
K562,SLC12A5,ENSG00000124140,SLC12A5,literal_official,476
K562,SLC12A7,ENSG00000113504,SLC12A7,literal_official,51
K562,SLC12A9,ENSG00000146828,SLC12A9,literal_official,262
K562,SLC13A3,ENSG00000158296,SLC13A3,literal_official,251
K562,SLC15A4,ENSG00000139370,SLC15A4,literal_official,90
K562,SLC16A1,ENSG00000155380,SLC16A1,literal_official,233
K562,SLC16A5,ENSG00000170190,SLC16A5,literal_official,397
K562,SLC16A9,ENSG00000165449,SLC16A9,literal_official,230
K562,SLC17A5,ENSG00000119899,SLC17A5,literal_official,67
K562,SLC18B1,ENSG00000146409,SLC18B1,literal_official,285
K562,SLC19A1,ENSG00000173638,SLC19A1,literal_official,156
K562,SLC19A2,ENSG00000117479,SLC19A2,literal_official,152
K562,SLC1A4,ENSG00000115902,SLC1A4,literal_official,217
K562,SLC1A5,ENSG00000105281,SLC1A5,literal_official,870
K562,SLC20A1,ENSG00000144136,SLC20A1,literal_official,284
K562,SLC20A2,ENSG00000168575,SLC20A2,literal_official,308
K562,SLC22A23,ENSG00000137266,SLC22A23,literal_official,23
K562,SLC25A1,ENSG00000100075,SLC25A1,literal_official,208
K562,SLC25A10,ENSG00000183048,SLC25A10,literal_official,472
K562,SLC25A11,ENSG00000108528,SLC25A11,literal_official,125
K562,SLC25A12,ENSG00000115840,SLC25A12,literal_official,231
K562,SLC25A13,ENSG00000004864,SLC25A13,literal_official,152
K562,SLC25A14,ENSG00000102078,SLC25A14,literal_official,219
K562,SLC25A15,ENSG00000102743,SLC25A15,literal_official,114
K562,SLC25A16,ENSG00000122912,SLC25A16,literal_official,196
K562,SLC25A17,ENSG00000100372,SLC25A17,literal_official,193
K562,SLC25A19,ENSG00000125454,SLC25A19,literal_official,137
K562,SLC25A20,ENSG00000178537,SLC25A20,literal_official,234
K562,SLC25A21,ENSG00000183032,SLC25A21,literal_official,108
K562,SLC25A22,ENSG00000177542,SLC25A22,literal_official,130
K562,SLC25A23,ENSG00000125648,SLC25A23,literal_official,288
K562,SLC25A24,ENSG00000085491,SLC25A24,literal_official,212
K562,SLC25A25,ENSG00000148339,SLC25A25,literal_official,197
K562,SLC25A26,ENSG00000144741,SLC25A26,literal_official,75
K562,SLC25A28,ENSG00000155287,SLC25A28,literal_official,50
K562,SLC25A29,ENSG00000197119,SLC25A29,literal_official,302
K562,SLC25A3,ENSG00000075415,SLC25A3,literal_official,174
K562,SLC25A32,ENSG00000164933,SLC25A32,literal_official,212
K562,SLC25A33,ENSG00000171612,SLC25A33,literal_official,222
K562,SLC25A36,ENSG00000114120,SLC25A36,literal_official,73
K562,SLC25A37,ENSG00000147454,SLC25A37,literal_official,76
K562,SLC25A38,ENSG00000144659,SLC25A38,literal_official,194
K562,SLC25A39,ENSG00000013306,SLC25A39,literal_official,222
K562,SLC25A4,ENSG00000151729,SLC25A4,literal_official,151
K562,SLC25A41,ENSG00000181240,SLC25A41,literal_official,91
K562,SLC25A42,ENSG00000181035,SLC25A42,literal_official,80
K562,SLC25A44,ENSG00000160785,SLC25A44,literal_official,125
K562,SLC25A46,ENSG00000164209,SLC25A46,literal_official,182
K562,SLC25A5,ENSG00000005022,SLC25A5,literal_official,170
K562,SLC25A51,ENSG00000122696,SLC25A51,literal_official,95
K562,SLC25A53,ENSG00000269743,SLC25A53,literal_official,365
K562,SLC25A6,ENSG00000169100,SLC25A6,literal_official,466
K562,SLC26A6,ENSG00000225697,SLC26A6,literal_official,224
K562,SLC27A2,ENSG00000140284,SLC27A2,literal_official,271
K562,SLC27A4,ENSG00000167114,SLC27A4,literal_official,180
K562,SLC27A5,ENSG00000083807,SLC27A5,literal_official,198
K562,SLC29A1,ENSG00000112759,SLC29A1,literal_official,514
K562,SLC29A2,ENSG00000174669,SLC29A2,literal_official,274
K562,SLC2A1,ENSG00000117394,SLC2A1,literal_official,120
K562,SLC2A11,ENSG00000133460,SLC2A11,literal_official,161
K562,SLC2A13,ENSG00000151229,SLC2A13,literal_official,169
K562,SLC2A3,ENSG00000059804,SLC2A3,literal_official,160
K562,SLC2A4RG,ENSG00000125520,SLC2A4RG,literal_official,259
K562,SLC2A8,ENSG00000136856,SLC2A8,literal_official,53
K562,SLC30A1,ENSG00000170385,SLC30A1,literal_official,323
K562,SLC30A5,ENSG00000145740,SLC30A5,literal_official,316
K562,SLC30A6,ENSG00000152683,SLC30A6,literal_official,111
K562,SLC30A7,ENSG00000162695,SLC30A7,literal_official,166
K562,SLC30A9,ENSG00000014824,SLC30A9,literal_official,116
K562,SLC31A1,ENSG00000136868,SLC31A1,literal_official,138
K562,SLC33A1,ENSG00000169359,SLC33A1,literal_official,253
K562,SLC35A1,ENSG00000164414,SLC35A1,literal_official,78
K562,SLC35A2,ENSG00000102100,SLC35A2,literal_official,195
K562,SLC35A3,ENSG00000117620,SLC35A3,literal_official,233
K562,SLC35A4,ENSG00000176087,SLC35A4,literal_official,52
K562,SLC35B1,ENSG00000121073,SLC35B1,literal_official,112
K562,SLC35B2,ENSG00000157593,SLC35B2,literal_official,162
K562,SLC35B3,ENSG00000124786,SLC35B3,literal_official,114
K562,SLC35B4,ENSG00000205060,SLC35B4,literal_official,128
K562,SLC35C2,ENSG00000080189,SLC35C2,literal_official,144
K562,SLC35D1,ENSG00000116704,SLC35D1,literal_official,334
K562,SLC35D2,ENSG00000130958,SLC35D2,literal_official,252
K562,SLC35E1,ENSG00000127526,SLC35E1,literal_official,360
K562,SLC35E2B,ENSG00000189339,SLC35E2B,literal_official,121
K562,SLC35E3,ENSG00000175782,SLC35E3,literal_official,41
K562,SLC35F2,ENSG00000110660,SLC35F2,literal_official,129
K562,SLC35F5,ENSG00000115084,SLC35F5,literal_official,89
K562,SLC35F6,ENSG00000213699,SLC35F6,literal_official,219
K562,SLC35G1,ENSG00000176273,SLC35G1,literal_official,144
K562,SLC35G2,ENSG00000168917,SLC35G2,literal_official,121
K562,SLC35G6,ENSG00000259224,SLC35G6,literal_official,376
K562,SLC37A1,ENSG00000160190,SLC37A1,literal_official,198
K562,SLC37A3,ENSG00000157800,SLC37A3,literal_official,227
K562,SLC37A4,ENSG00000137700,SLC37A4,literal_official,43
K562,SLC38A1,ENSG00000111371,SLC38A1,literal_official,287
K562,SLC38A10,ENSG00000157637,SLC38A10,literal_official,98
K562,SLC38A2,ENSG00000134294,SLC38A2,literal_official,140
K562,SLC38A5,ENSG00000017483,SLC38A5,literal_official,119
K562,SLC38A6,ENSG00000139974,SLC38A6,literal_official,139
K562,SLC38A7,ENSG00000103042,SLC38A7,literal_official,141
K562,SLC38A9,ENSG00000177058,SLC38A9,literal_official,195
K562,SLC39A1,ENSG00000143570,SLC39A1,literal_official,203
K562,SLC39A10,ENSG00000196950,SLC39A10,literal_official,352
K562,SLC39A11,ENSG00000133195,SLC39A11,literal_official,217
K562,SLC39A13,ENSG00000165915,SLC39A13,literal_official,315
K562,SLC39A14,ENSG00000104635,SLC39A14,literal_official,263
K562,SLC39A3,ENSG00000141873,SLC39A3,literal_official,288
K562,SLC39A4,ENSG00000147804,SLC39A4,literal_official,270
K562,SLC39A6,ENSG00000141424,SLC39A6,literal_official,220
K562,SLC39A7,ENSG00000112473,SLC39A7,literal_official,297
K562,SLC39A8,ENSG00000138821,SLC39A8,literal_official,234
K562,SLC39A9,ENSG00000029364,SLC39A9,literal_official,800
K562,SLC3A2,ENSG00000168003,SLC3A2,literal_official,166
K562,SLC40A1,ENSG00000138449,SLC40A1,literal_official,605
K562,SLC41A3,ENSG00000114544,SLC41A3,literal_official,267
K562,SLC43A1,ENSG00000149150,SLC43A1,literal_official,39
K562,SLC43A3,ENSG00000134802,SLC43A3,literal_official,281
K562,SLC44A2,ENSG00000129353,SLC44A2,literal_official,218
K562,SLC44A4,ENSG00000204385,SLC44A4,literal_official,253
K562,SLC45A4,ENSG00000022567,SLC45A4,literal_official,91
K562,SLC48A1,ENSG00000211584,SLC48A1,literal_official,299
K562,SLC4A1AP,ENSG00000163798,SLC4A1AP,literal_official,182
K562,SLC4A2,ENSG00000164889,SLC4A2,literal_official,403
K562,SLC4A5,ENSG00000188687,SLC4A5,literal_official,430
K562,SLC4A7,ENSG00000033867,SLC4A7,literal_official,55
K562,SLC50A1,ENSG00000169241,SLC50A1,literal_official,145
K562,SLC52A2,ENSG00000185803,SLC52A2,literal_official,37
K562,SLC5A3,ENSG00000198743,SLC5A3,literal_official,48
K562,SLC5A6,ENSG00000138074,SLC5A6,literal_official,60
K562,SLC66A1,ENSG00000040487,SLC66A1,literal_official,164
K562,SLC66A2,ENSG00000122490,SLC66A2,literal_official,232
K562,SLC66A3,ENSG00000162976,SLC66A3,literal_official,193
K562,SLC6A19,ENSG00000174358,SLC6A19,literal_official,162
K562,SLC6A6,ENSG00000131389,SLC6A6,literal_official,74
K562,SLC6A8,ENSG00000130821,SLC6A8,literal_official,258
K562,SLC7A1,ENSG00000139514,SLC7A1,literal_official,81
K562,SLC7A11,ENSG00000151012,SLC7A11,literal_official,152
K562,SLC7A5,ENSG00000103257,SLC7A5,literal_official,596
K562,SLC7A6,ENSG00000103064,SLC7A6,literal_official,183
K562,SLC7A6OS,ENSG00000103061,SLC7A6OS,literal_official,70
K562,SLC7A8,ENSG00000092068,SLC7A8,literal_official,96
K562,SLC8B1,ENSG00000089060,SLC8B1,literal_official,485
K562,SLC9A3R1,ENSG00000109062,SLC9A3R1,literal_official,195
K562,SLC9A3R2,ENSG00000065054,SLC9A3R2,literal_official,436
K562,SLC9A6,ENSG00000198689,SLC9A6,literal_official,221
K562,SLC9B1,ENSG00000164037,SLC9B1,literal_official,182
K562,SLC9B2,ENSG00000164038,SLC9B2,literal_official,213
K562,SLCO4A1,ENSG00000101187,SLCO4A1,literal_official,165
K562,SLIRP,ENSG00000119705,SLIRP,literal_official,49
K562,SLK,ENSG00000065613,SLK,literal_official,48
K562,SLMAP,ENSG00000163681,SLMAP,literal_official,51
K562,SLTM,ENSG00000137776,SLTM,literal_official,205
K562,SLU7,ENSG00000164609,SLU7,literal_official,63
K562,SLX1A,ENSG00000132207,SLX1A,unique_hgnc_bridge,186
K562,SLX4IP,ENSG00000149346,SLX4IP,literal_official,190
K562,SMAD1,ENSG00000170365,SMAD1,literal_official,342
K562,SMAD2,ENSG00000175387,SMAD2,literal_official,320
K562,SMAD3,ENSG00000166949,SMAD3,literal_official,148
K562,SMAD4,ENSG00000141646,SMAD4,literal_official,161
K562,SMAD5,ENSG00000113658,SMAD5,literal_official,127
K562,SMAD6,ENSG00000137834,SMAD6,literal_official,162
K562,SMAD9,ENSG00000120693,SMAD9,literal_official,224
K562,SMAGP,ENSG00000170545,SMAGP,literal_official,281
K562,SMAP1,ENSG00000112305,SMAP1,literal_official,106
K562,SMAP2,ENSG00000084070,SMAP2,literal_official,303
K562,SMARCA1,ENSG00000102038,SMARCA1,literal_official,81
K562,SMARCA2,ENSG00000080503,SMARCA2,literal_official,63
K562,SMARCA4,ENSG00000127616,SMARCA4,literal_official,132
K562,SMARCA5,ENSG00000153147,SMARCA5,literal_official,140
K562,SMARCAD1,ENSG00000163104,SMARCAD1,literal_official,116
K562,SMARCAL1,ENSG00000138375,SMARCAL1,literal_official,78
K562,SMARCB1,ENSG00000099956,SMARCB1,literal_official,431
K562,SMARCC1,ENSG00000173473,SMARCC1,literal_official,117
K562,SMARCC2,ENSG00000139613,SMARCC2,literal_official,272
K562,SMARCD1,ENSG00000066117,SMARCD1,literal_official,342
K562,SMARCD2,ENSG00000108604,SMARCD2,literal_official,307
K562,SMARCD3,ENSG00000082014,SMARCD3,literal_official,565
K562,SMARCE1,ENSG00000073584,SMARCE1,literal_official,46
K562,SMC1A,ENSG00000072501,SMC1A,literal_official,82
K562,SMC2,ENSG00000136824,SMC2,literal_official,37
K562,SMC3,ENSG00000108055,SMC3,literal_official,31
K562,SMC4,ENSG00000113810,SMC4,literal_official,254
K562,SMC5,ENSG00000198887,SMC5,literal_official,251
K562,SMC6,ENSG00000163029,SMC6,literal_official,123
K562,SMCHD1,ENSG00000101596,SMCHD1,literal_official,304
K562,SMCO4,ENSG00000166002,SMCO4,literal_official,191
K562,SMDT1,ENSG00000183172,SMDT1,literal_official,158
K562,SMG1,ENSG00000157106,SMG1,literal_official,83
K562,SMG5,ENSG00000198952,SMG5,literal_official,159
K562,SMG6,ENSG00000070366,SMG6,literal_official,173
K562,SMG7,ENSG00000116698,SMG7,literal_official,41
K562,SMG8,ENSG00000167447,SMG8,literal_official,174
K562,SMG9,ENSG00000105771,SMG9,literal_official,142
K562,SMIM1,ENSG00000235169,SMIM1,literal_official,262
K562,SMIM10,ENSG00000184785,SMIM10,literal_official,244
K562,SMIM12,ENSG00000163866,SMIM12,literal_official,40
K562,SMIM13,ENSG00000224531,SMIM13,literal_official,240
K562,SMIM14,ENSG00000163683,SMIM14,literal_official,260
K562,SMIM15,ENSG00000188725,SMIM15,literal_official,168
K562,SMIM19,ENSG00000176209,SMIM19,literal_official,199
K562,SMIM20,ENSG00000250317,SMIM20,literal_official,284
K562,SMIM29,ENSG00000186577,SMIM29,literal_official,238
K562,SMIM3,ENSG00000256235,SMIM3,literal_official,205
K562,SMIM4,ENSG00000168273,SMIM4,literal_official,125
K562,SMIM7,ENSG00000214046,SMIM7,literal_official,83
K562,SMIM8,ENSG00000111850,SMIM8,literal_official,234
K562,SMN2,ENSG00000205571,SMN2,unique_hgnc_bridge,99
K562,SMNDC1,ENSG00000119953,SMNDC1,literal_official,36
K562,SMPD2,ENSG00000135587,SMPD2,literal_official,70
K562,SMPD4,ENSG00000136699,SMPD4,literal_official,118
K562,SMS,ENSG00000102172,SMS,literal_official,268
K562,SMTN,ENSG00000183963,SMTN,literal_official,126
K562,SMU1,ENSG00000122692,SMU1,literal_official,49
K562,SMUG1,ENSG00000123415,SMUG1,literal_official,109
K562,SMURF1,ENSG00000198742,SMURF1,literal_official,189
K562,SMURF2,ENSG00000108854,SMURF2,literal_official,382
K562,SMYD2,ENSG00000143499,SMYD2,literal_official,205
K562,SMYD3,ENSG00000185420,SMYD3,literal_official,274
K562,SMYD4,ENSG00000186532,SMYD4,literal_official,19
K562,SMYD5,ENSG00000135632,SMYD5,literal_official,393
K562,SNAI1,ENSG00000124216,SNAI1,literal_official,178
K562,SNAI2,ENSG00000019549,SNAI2,literal_official,155
K562,SNAI3,ENSG00000185669,SNAI3,literal_official,244
K562,SNAP23,ENSG00000092531,SNAP23,literal_official,83
K562,SNAP29,ENSG00000099940,SNAP29,literal_official,277
K562,SNAP47,ENSG00000143740,SNAP47,literal_official,241
K562,SNAPC1,ENSG00000023608,SNAPC1,literal_official,104
K562,SNAPC2,ENSG00000104976,SNAPC2,literal_official,109
K562,SNAPC3,ENSG00000164975,SNAPC3,literal_official,404
K562,SNAPC4,ENSG00000165684,SNAPC4,literal_official,262
K562,SNAPC5,ENSG00000174446,SNAPC5,literal_official,274
K562,SNAPIN,ENSG00000143553,SNAPIN,literal_official,129
K562,SNCG,ENSG00000173267,SNCG,literal_official,416
K562,SND1,ENSG00000197157,SND1,literal_official,207
K562,SNF8,ENSG00000159210,SNF8,literal_official,282
K562,SNHG32,ENSG00000204387,SNHG32,literal_official,148
K562,SNIP1,ENSG00000163877,SNIP1,literal_official,62
K562,SNRK,ENSG00000163788,SNRK,literal_official,224
K562,SNRNP200,ENSG00000144028,SNRNP200,literal_official,160
K562,SNRNP25,ENSG00000161981,SNRNP25,literal_official,207
K562,SNRNP27,ENSG00000124380,SNRNP27,literal_official,52
K562,SNRNP35,ENSG00000184209,SNRNP35,literal_official,119
K562,SNRNP40,ENSG00000060688,SNRNP40,literal_official,423
K562,SNRNP48,ENSG00000168566,SNRNP48,literal_official,95
K562,SNRNP70,ENSG00000104852,SNRNP70,literal_official,70
K562,SNRPA,ENSG00000077312,SNRPA,literal_official,168
K562,SNRPA1,ENSG00000131876,SNRPA1,literal_official,117
K562,SNRPB,ENSG00000125835,SNRPB,literal_official,197
K562,SNRPB2,ENSG00000125870,SNRPB2,literal_official,74
K562,SNRPC,ENSG00000124562,SNRPC,literal_official,43
K562,SNRPD1,ENSG00000167088,SNRPD1,literal_official,70
K562,SNRPD2,ENSG00000125743,SNRPD2,literal_official,14
K562,SNRPD3,ENSG00000100028,SNRPD3,literal_official,73
K562,SNRPE,ENSG00000182004,SNRPE,literal_official,98
K562,SNRPF,ENSG00000139343,SNRPF,literal_official,66
K562,SNRPG,ENSG00000143977,SNRPG,literal_official,209
K562,SNTA1,ENSG00000101400,SNTA1,literal_official,94
K562,SNTB2,ENSG00000168807,SNTB2,literal_official,228
K562,SNUPN,ENSG00000169371,SNUPN,literal_official,348
K562,SNW1,ENSG00000100603,SNW1,literal_official,361
K562,SNX1,ENSG00000028528,SNX1,literal_official,203
K562,SNX10,ENSG00000086300,SNX10,literal_official,147
K562,SNX11,ENSG00000002919,SNX11,literal_official,239
K562,SNX12,ENSG00000147164,SNX12,literal_official,331
K562,SNX13,ENSG00000071189,SNX13,literal_official,158
K562,SNX14,ENSG00000135317,SNX14,literal_official,122
K562,SNX15,ENSG00000110025,SNX15,literal_official,697
K562,SNX17,ENSG00000115234,SNX17,literal_official,204
K562,SNX19,ENSG00000120451,SNX19,literal_official,88
K562,SNX2,ENSG00000205302,SNX2,literal_official,165
K562,SNX24,ENSG00000064652,SNX24,literal_official,257
K562,SNX25,ENSG00000109762,SNX25,literal_official,132
K562,SNX27,ENSG00000143376,SNX27,literal_official,190
K562,SNX29,ENSG00000048471,SNX29,literal_official,31
K562,SNX3,ENSG00000112335,SNX3,literal_official,92
K562,SNX33,ENSG00000173548,SNX33,literal_official,216
K562,SNX4,ENSG00000114520,SNX4,literal_official,74
K562,SNX5,ENSG00000089006,SNX5,literal_official,292
K562,SNX6,ENSG00000129515,SNX6,literal_official,221
K562,SNX8,ENSG00000106266,SNX8,literal_official,232
K562,SNX9,ENSG00000130340,SNX9,literal_official,319
K562,SOAT1,ENSG00000057252,SOAT1,literal_official,104
K562,SOCS1,ENSG00000185338,SOCS1,literal_official,101
K562,SOCS2,ENSG00000120833,SOCS2,literal_official,252
K562,SOCS3,ENSG00000184557,SOCS3,literal_official,40
K562,SOCS4,ENSG00000180008,SOCS4,literal_official,114
K562,SOD1,ENSG00000142168,SOD1,literal_official,366
K562,SOD2,ENSG00000112096,SOD2,literal_official_id_unresolved,350
K562,SOGA1,ENSG00000149639,SOGA1,literal_official,268
K562,SOHLH1,ENSG00000165643,SOHLH1,literal_official,61
K562,SOHLH2,ENSG00000120669,SOHLH2,literal_official,317
K562,SON,ENSG00000159140,SON,literal_official,276
K562,SORBS3,ENSG00000120896,SORBS3,literal_official,363
K562,SORD,ENSG00000140263,SORD,literal_official,263
K562,SORT1,ENSG00000134243,SORT1,literal_official,97
K562,SOS1,ENSG00000115904,SOS1,literal_official,115
K562,SOSTDC1,ENSG00000171243,SOSTDC1,literal_official,221
K562,SOX1,ENSG00000182968,SOX1,literal_official,478
K562,SOX10,ENSG00000100146,SOX10,literal_official,96
K562,SOX11,ENSG00000176887,SOX11,unique_hgnc_bridge,257
K562,SOX12,ENSG00000177732,SOX12,literal_official,130
K562,SOX13,ENSG00000143842,SOX13,literal_official,142
K562,SOX14,ENSG00000168875,SOX14,literal_official,186
K562,SOX15,ENSG00000129194,SOX15,literal_official,214
K562,SOX17,ENSG00000164736,SOX17,literal_official,237
K562,SOX18,ENSG00000203883,SOX18,literal_official,248
K562,SOX2,ENSG00000181449,SOX2,literal_official,7
K562,SOX21,ENSG00000125285,SOX21,literal_official,117
K562,SOX3,ENSG00000134595,SOX3,literal_official,65
K562,SOX30,ENSG00000039600,SOX30,literal_official,306
K562,SOX4,ENSG00000124766,SOX4,literal_official,344
K562,SOX5,ENSG00000134532,SOX5,literal_official,302
K562,SOX6,ENSG00000110693,SOX6,literal_official,428
K562,SOX8,ENSG00000005513,SOX8,literal_official,202
K562,SOX9,ENSG00000125398,SOX9,literal_official,151
K562,SP1,ENSG00000185591,SP1,literal_official,198
K562,SP100,ENSG00000067066,SP100,literal_official,370
K562,SP110,ENSG00000135899,SP110,literal_official,69
K562,SP140,ENSG00000079263,SP140,literal_official,100
K562,SP140L,ENSG00000185404,SP140L,literal_official,205
K562,SP2,ENSG00000167182,SP2,literal_official,234
K562,SP3,ENSG00000172845,SP3,literal_official,146
K562,SP4,ENSG00000105866,SP4,literal_official,95
K562,SP5,ENSG00000204335,SP5,literal_official,130
K562,SP6,ENSG00000189120,SP6,literal_official,328
K562,SP7,ENSG00000170374,SP7,literal_official,107
K562,SP8,ENSG00000164651,SP8,literal_official,79
K562,SP9,ENSG00000217236,SP9,literal_official,32
K562,SPA17,ENSG00000064199,SPA17,literal_official,42
K562,SPAG5,ENSG00000076382,SPAG5,literal_official,192
K562,SPAG7,ENSG00000091640,SPAG7,literal_official,83
K562,SPAG9,ENSG00000008294,SPAG9,literal_official,180
K562,SPARC,ENSG00000113140,SPARC,literal_official,138
K562,SPART,ENSG00000133104,SPART,literal_official,277
K562,SPAST,ENSG00000021574,SPAST,literal_official,152
K562,SPATA22,ENSG00000141255,SPATA22,literal_official,171
K562,SPATA24,ENSG00000170469,SPATA24,literal_official,221
K562,SPATA2L,ENSG00000158792,SPATA2L,literal_official,217
K562,SPATA33,ENSG00000167523,SPATA33,literal_official,313
K562,SPATA5,ENSG00000145375,SPATA5,literal_official,142
K562,SPATA5L1,ENSG00000171763,SPATA5L1,literal_official,157
K562,SPATC1L,ENSG00000160284,SPATC1L,literal_official,189
K562,SPATS2,ENSG00000123352,SPATS2,literal_official,66
K562,SPATS2L,ENSG00000196141,SPATS2L,literal_official,263
K562,SPC24,ENSG00000161888,SPC24,literal_official,24
K562,SPC25,ENSG00000152253,SPC25,literal_official,40
K562,SPCS1,ENSG00000114902,SPCS1,literal_official,101
K562,SPCS2,ENSG00000118363,SPCS2,literal_official,229
K562,SPCS3,ENSG00000129128,SPCS3,literal_official,277
K562,SPDEF,ENSG00000124664,SPDEF,literal_official,140
K562,SPDL1,ENSG00000040275,SPDL1,literal_official,79
K562,SPDYC,ENSG00000204710,SPDYC,literal_official,96
K562,SPDYE2,ENSG00000205238,SPDYE2,unique_hgnc_bridge,371
K562,SPECC1,ENSG00000128487,SPECC1,literal_official,209
K562,SPECC1L,ENSG00000100014,SPECC1L,literal_official,182
K562,SPEG,ENSG00000072195,SPEG,literal_official,474
K562,SPEN,ENSG00000065526,SPEN,literal_official,305
K562,SPG11,ENSG00000104133,SPG11,literal_official,278
K562,SPG21,ENSG00000090487,SPG21,literal_official,118
K562,SPG7,ENSG00000197912,SPG7,literal_official,205
K562,SPHK1,ENSG00000176170,SPHK1,literal_official,287
K562,SPHK2,ENSG00000063176,SPHK2,literal_official,121
K562,SPI1,ENSG00000066336,SPI1,literal_official,82
K562,SPIB,ENSG00000269404,SPIB,literal_official,373
K562,SPIC,ENSG00000166211,SPIC,literal_official,85
K562,SPICE1,ENSG00000163611,SPICE1,literal_official,141
K562,SPIDR,ENSG00000164808,SPIDR,literal_official,67
K562,SPIN1,ENSG00000106723,SPIN1,literal_official,187
K562,SPIN2B,ENSG00000186787,SPIN2B,literal_official,114
K562,SPIN4,ENSG00000186767,SPIN4,literal_official,79
K562,SPINDOC,ENSG00000168005,SPINDOC,literal_official,109
K562,SPINT2,ENSG00000167642,SPINT2,literal_official,106
K562,SPIRE1,ENSG00000134278,SPIRE1,literal_official,38
K562,SPN,ENSG00000197471,SPN,literal_official,296
K562,SPNS1,ENSG00000169682,SPNS1,literal_official,184
K562,SPOP,ENSG00000121067,SPOP,literal_official,36
K562,SPOUT1,ENSG00000198917,SPOUT1,literal_official,73
K562,SPPL2A,ENSG00000138600,SPPL2A,literal_official,206
K562,SPPL2B,ENSG00000005206,SPPL2B,literal_official,139
K562,SPPL3,ENSG00000157837,SPPL3,literal_official,128
K562,SPR,ENSG00000116096,SPR,literal_official,154
K562,SPRED1,ENSG00000166068,SPRED1,literal_official,75
K562,SPRED2,ENSG00000198369,SPRED2,literal_official,124
K562,SPRTN,ENSG00000010072,SPRTN,literal_official,351
K562,SPRY1,ENSG00000164056,SPRY1,literal_official,55
K562,SPRY2,ENSG00000136158,SPRY2,literal_official,392
K562,SPRY4,ENSG00000187678,SPRY4,literal_official,226
K562,SPRYD3,ENSG00000167778,SPRYD3,literal_official,336
K562,SPRYD4,ENSG00000176422,SPRYD4,literal_official,206
K562,SPRYD7,ENSG00000123178,SPRYD7,literal_official,121
K562,SPSB2,ENSG00000111671,SPSB2,literal_official,173
K562,SPSB3,ENSG00000162032,SPSB3,literal_official,172
K562,SPTA1,ENSG00000163554,SPTA1,literal_official,21
K562,SPTAN1,ENSG00000197694,SPTAN1,literal_official,221
K562,SPTB,ENSG00000070182,SPTB,literal_official,124
K562,SPTBN1,ENSG00000115306,SPTBN1,literal_official,219
K562,SPTBN2,ENSG00000173898,SPTBN2,literal_official,105
K562,SPTLC1,ENSG00000090054,SPTLC1,literal_official,65
K562,SPTLC2,ENSG00000100596,SPTLC2,literal_official,101
K562,SPTSSA,ENSG00000165389,SPTSSA,literal_official,266
K562,SPTY2D1,ENSG00000179119,SPTY2D1,literal_official,422
K562,SPZ1,ENSG00000164299,SPZ1,literal_official,85
K562,SQLE,ENSG00000104549,SQLE,literal_official,244
K562,SQSTM1,ENSG00000161011,SQSTM1,literal_official,215
K562,SRA1,ENSG00000213523,SRA1,literal_official,273
K562,SRBD1,ENSG00000068784,SRBD1,literal_official,64
K562,SRCAP,ENSG00000080603,SRCAP,literal_official,400
K562,SRD5A1,ENSG00000145545,SRD5A1,literal_official,260
K562,SRD5A3,ENSG00000128039,SRD5A3,literal_official,152
K562,SREBF1,ENSG00000072310,SREBF1,literal_official,127
K562,SREBF2,ENSG00000198911,SREBF2,literal_official,191
K562,SREK1,ENSG00000153914,SREK1,unique_hgnc_bridge,188
K562,SREK1IP1,ENSG00000153006,SREK1IP1,literal_official,135
K562,SRF,ENSG00000112658,SRF,literal_official,367
K562,SRFBP1,ENSG00000151304,SRFBP1,literal_official,92
K562,SRGAP2,ENSG00000266028,SRGAP2,literal_official,128
K562,SRGN,ENSG00000122862,SRGN,literal_official,318
K562,SRI,ENSG00000075142,SRI,literal_official,203
K562,SRM,ENSG00000116649,SRM,literal_official,320
K562,SRP14,ENSG00000140319,SRP14,unique_hgnc_bridge,290
K562,SRP19,ENSG00000153037,SRP19,literal_official,207
K562,SRP54,ENSG00000100883,SRP54,literal_official,160
K562,SRP68,ENSG00000167881,SRP68,literal_official,111
K562,SRP72,ENSG00000174780,SRP72,literal_official,303
K562,SRP9,ENSG00000143742,SRP9,literal_official,324
K562,SRPK1,ENSG00000096063,SRPK1,literal_official,347
K562,SRPK2,ENSG00000135250,SRPK2,literal_official,210
K562,SRPRB,ENSG00000144867,SRPRB,literal_official,244
K562,SRR,ENSG00000167720,SRR,literal_official,154
K562,SRRD,ENSG00000100104,SRRD,literal_official,146
K562,SRRM1,ENSG00000133226,SRRM1,literal_official,295
K562,SRRM2,ENSG00000167978,SRRM2,literal_official,341
K562,SRRT,ENSG00000087087,SRRT,literal_official,100
K562,SRSF1,ENSG00000136450,SRSF1,literal_official,117
K562,SRSF10,ENSG00000188529,SRSF10,literal_official,248
K562,SRSF11,ENSG00000116754,SRSF11,literal_official,880
K562,SRSF2,ENSG00000161547,SRSF2,literal_official,140
K562,SRSF3,ENSG00000112081,SRSF3,literal_official,37
K562,SRSF4,ENSG00000116350,SRSF4,literal_official,272
K562,SRSF5,ENSG00000100650,SRSF5,literal_official,201
K562,SRSF6,ENSG00000124193,SRSF6,literal_official,505
K562,SRSF7,ENSG00000115875,SRSF7,literal_official,104
K562,SRSF8,ENSG00000263465,SRSF8,literal_official,69
K562,SRSF9,ENSG00000111786,SRSF9,literal_official,221
K562,SRXN1,ENSG00000271303,SRXN1,literal_official,98
K562,SRY,ENSG00000184895,SRY,literal_official,63
K562,SS18,ENSG00000141380,SS18,literal_official,254
K562,SS18L1,ENSG00000184402,SS18L1,literal_official,118
K562,SS18L2,ENSG00000008324,SS18L2,literal_official,344
K562,SSB,ENSG00000138385,SSB,unique_hgnc_bridge,98
K562,SSBP1,ENSG00000106028,SSBP1,literal_official,220
K562,SSBP2,ENSG00000145687,SSBP2,literal_official,170
K562,SSBP3,ENSG00000157216,SSBP3,literal_official,261
K562,SSBP4,ENSG00000130511,SSBP4,literal_official,177
K562,SSH2,ENSG00000141298,SSH2,literal_official,266
K562,SSNA1,ENSG00000176101,SSNA1,literal_official,106
K562,SSR1,ENSG00000124783,SSR1,literal_official,92
K562,SSR2,ENSG00000163479,SSR2,literal_official,101
K562,SSR3,ENSG00000114850,SSR3,literal_official,62
K562,SSR4,ENSG00000180879,SSR4,literal_official,128
K562,SSRP1,ENSG00000149136,SSRP1,literal_official,314
K562,SSU72,ENSG00000160075,SSU72,literal_official,169
K562,SSX1,ENSG00000126752,SSX1,literal_official,114
K562,SSX2IP,ENSG00000117155,SSX2IP,literal_official,39
K562,SSX3,ENSG00000165584,SSX3,literal_official,34
K562,SSX4,ENSG00000268009,SSX4,unique_hgnc_bridge,211
K562,ST13,ENSG00000100380,ST13,literal_official,375
K562,ST18,ENSG00000147488,ST18,literal_official,120
K562,ST20-MTHFS,nan,ST20-MTHFS,unique_hgnc_bridge,52
K562,ST3GAL2,ENSG00000157350,ST3GAL2,literal_official,354
K562,ST3GAL4,ENSG00000110080,ST3GAL4,literal_official,173
K562,ST6GAL1,ENSG00000073849,ST6GAL1,literal_official,385
K562,ST6GALNAC1,ENSG00000070526,ST6GALNAC1,literal_official,126
K562,ST6GALNAC4,ENSG00000136840,ST6GALNAC4,literal_official,283
K562,ST6GALNAC6,ENSG00000160408,ST6GALNAC6,literal_official,179
K562,ST7,ENSG00000004866,ST7,literal_official,68
K562,ST7L,ENSG00000007341,ST7L,literal_official,132
K562,STAC3,ENSG00000185482,STAC3,literal_official,95
K562,STAG1,ENSG00000118007,STAG1,literal_official,95
K562,STAG2,ENSG00000101972,STAG2,literal_official,268
K562,STAM,ENSG00000136738,STAM,literal_official,217
K562,STAM2,ENSG00000115145,STAM2,literal_official,423
K562,STAMBP,ENSG00000124356,STAMBP,literal_official,261
K562,STAP2,ENSG00000178078,STAP2,literal_official,248
K562,STAR,ENSG00000147465,STAR,literal_official,240
K562,STARD10,ENSG00000214530,STARD10,literal_official,144
K562,STARD3,ENSG00000131748,STARD3,literal_official,36
K562,STARD3NL,ENSG00000010270,STARD3NL,literal_official,86
K562,STARD4,ENSG00000164211,STARD4,literal_official,99
K562,STARD7,ENSG00000084090,STARD7,literal_official,252
K562,STARD8,ENSG00000130052,STARD8,literal_official,155
K562,STAT1,ENSG00000115415,STAT1,literal_official,127
K562,STAT2,ENSG00000170581,STAT2,literal_official,69
K562,STAT3,ENSG00000168610,STAT3,literal_official,170
K562,STAT4,ENSG00000138378,STAT4,literal_official,113
K562,STAT5A,ENSG00000126561,STAT5A,literal_official,474
K562,STAT5B,ENSG00000173757,STAT5B,literal_official,129
K562,STAT6,ENSG00000166888,STAT6,literal_official,23
K562,STAU1,ENSG00000124214,STAU1,literal_official,127
K562,STAU2,ENSG00000040341,STAU2,literal_official,331
K562,STC2,ENSG00000113739,STC2,literal_official,217
K562,STEAP1B,ENSG00000105889,STEAP1B,literal_official,152
K562,STEAP3,ENSG00000115107,STEAP3,literal_official,274
K562,STIL,ENSG00000123473,STIL,literal_official,345
K562,STIM1,ENSG00000167323,STIM1,literal_official,240
K562,STIM2,ENSG00000109689,STIM2,literal_official,223
K562,STIP1,ENSG00000168439,STIP1,literal_official,55
K562,STK11,ENSG00000118046,STK11,literal_official,271
K562,STK11IP,ENSG00000144589,STK11IP,literal_official,217
K562,STK16,ENSG00000115661,STK16,literal_official,181
K562,STK17A,ENSG00000164543,STK17A,literal_official,218
K562,STK17B,ENSG00000081320,STK17B,literal_official,198
K562,STK19,ENSG00000204344,STK19,literal_official,158
K562,STK24,ENSG00000102572,STK24,literal_official,31
K562,STK25,ENSG00000115694,STK25,literal_official,347
K562,STK3,ENSG00000104375,STK3,literal_official,185
K562,STK32C,ENSG00000165752,STK32C,literal_official,305
K562,STK35,ENSG00000125834,STK35,literal_official,359
K562,STK38,ENSG00000112079,STK38,literal_official,245
K562,STK38L,ENSG00000211455,STK38L,literal_official,1169
K562,STK4,ENSG00000101109,STK4,literal_official,241
K562,STK40,ENSG00000196182,STK40,literal_official,195
K562,STMN1,ENSG00000117632,STMN1,literal_official,219
K562,STMN3,ENSG00000197457,STMN3,literal_official,247
K562,STMP1,ENSG00000243317,STMP1,literal_official,161
K562,STN1,ENSG00000107960,STN1,literal_official,18
K562,STOM,ENSG00000148175,STOM,literal_official,184
K562,STOML1,ENSG00000067221,STOML1,literal_official,66
K562,STOML2,ENSG00000165283,STOML2,literal_official,59
K562,STON2,ENSG00000140022,STON2,literal_official,152
K562,STPG1,ENSG00000001460,STPG1,literal_official,201
K562,STRADA,ENSG00000266173,STRADA,literal_official,121
K562,STRADB,ENSG00000082146,STRADB,literal_official,231
K562,STRAP,ENSG00000023734,STRAP,literal_official,231
K562,STRBP,ENSG00000165209,STRBP,literal_official,243
K562,STRIP1,ENSG00000143093,STRIP1,literal_official,224
K562,STRIP2,ENSG00000128578,STRIP2,literal_official,176
K562,STRN,ENSG00000115808,STRN,literal_official,271
K562,STRN3,ENSG00000196792,STRN3,literal_official,151
K562,STRN4,ENSG00000090372,STRN4,literal_official,39
K562,STT3A,ENSG00000134910,STT3A,literal_official,66
K562,STT3B,ENSG00000163527,STT3B,literal_official,136
K562,STUB1,ENSG00000103266,STUB1,literal_official,104
K562,STX10,ENSG00000104915,STX10,literal_official,146
K562,STX12,ENSG00000117758,STX12,literal_official,101
K562,STX16,ENSG00000124222,STX16,literal_official,267
K562,STX17,ENSG00000136874,STX17,literal_official,182
K562,STX18,ENSG00000168818,STX18,literal_official,106
K562,STX1A,ENSG00000106089,STX1A,literal_official,146
K562,STX2,ENSG00000111450,STX2,literal_official,173
K562,STX3,ENSG00000166900,STX3,literal_official,192
K562,STX4,ENSG00000103496,STX4,literal_official,136
K562,STX5,ENSG00000162236,STX5,literal_official,78
K562,STX6,ENSG00000135823,STX6,literal_official,261
K562,STX7,ENSG00000079950,STX7,literal_official,225
K562,STX8,ENSG00000170310,STX8,literal_official,359
K562,STXBP1,ENSG00000136854,STXBP1,literal_official,211
K562,STXBP2,ENSG00000076944,STXBP2,literal_official,214
K562,STXBP3,ENSG00000116266,STXBP3,literal_official,76
K562,STXBP4,ENSG00000166263,STXBP4,literal_official,279
K562,STXBP5,ENSG00000164506,STXBP5,literal_official,149
K562,STXBP6,ENSG00000168952,STXBP6,literal_official,193
K562,STYX,ENSG00000198252,STYX,literal_official,217
K562,STYXL1,ENSG00000127952,STYXL1,literal_official,286
K562,SUB1,ENSG00000113387,SUB1,literal_official,198
K562,SUCLA2,ENSG00000136143,SUCLA2,literal_official,147
K562,SUCLG1,ENSG00000163541,SUCLG1,literal_official,32
K562,SUCLG2,ENSG00000172340,SUCLG2,literal_official,167
K562,SUCO,ENSG00000094975,SUCO,literal_official,131
K562,SUDS3,ENSG00000111707,SUDS3,literal_official,132
K562,SUGP1,ENSG00000105705,SUGP1,literal_official,267
K562,SUGP2,ENSG00000064607,SUGP2,literal_official,206
K562,SUGT1,ENSG00000165416,SUGT1,literal_official,89
K562,SULT1A1,ENSG00000196502,SULT1A1,literal_official,131
K562,SULT1A3,ENSG00000261052,SULT1A3,unique_hgnc_bridge,843
K562,SUMF2,ENSG00000129103,SUMF2,literal_official,411
K562,SUMO1,ENSG00000116030,SUMO1,unique_hgnc_bridge,111
K562,SUMO2,ENSG00000188612,SUMO2,literal_official,170
K562,SUMO3,ENSG00000184900,SUMO3,literal_official,166
K562,SUN1,ENSG00000164828,SUN1,literal_official,502
K562,SUN2,ENSG00000100242,SUN2,literal_official,267
K562,SUOX,ENSG00000139531,SUOX,literal_official,317
K562,SUPT16H,ENSG00000092201,SUPT16H,literal_official,101
K562,SUPT20H,ENSG00000102710,SUPT20H,literal_official,224
K562,SUPT3H,ENSG00000196284,SUPT3H,literal_official,110
K562,SUPT4H1,ENSG00000213246,SUPT4H1,literal_official,146
K562,SUPT5H,ENSG00000196235,SUPT5H,literal_official,139
K562,SUPT6H,ENSG00000109111,SUPT6H,literal_official,105
K562,SUPT7L,ENSG00000119760,SUPT7L,literal_official,127
K562,SUPV3L1,ENSG00000156502,SUPV3L1,literal_official,154
K562,SURF1,ENSG00000148290,SURF1,literal_official,231
K562,SURF2,ENSG00000148291,SURF2,literal_official,37
K562,SURF4,ENSG00000148248,SURF4,literal_official,170
K562,SURF6,ENSG00000148296,SURF6,literal_official,158
K562,SUSD1,ENSG00000106868,SUSD1,literal_official,304
K562,SUSD3,ENSG00000157303,SUSD3,literal_official,257
K562,SUV39H1,ENSG00000101945,SUV39H1,literal_official,94
K562,SUV39H2,ENSG00000152455,SUV39H2,literal_official,66
K562,SUZ12,ENSG00000178691,SUZ12,literal_official,257
K562,SVIP,ENSG00000198168,SVIP,literal_official,240
K562,SWI5,ENSG00000175854,SWI5,literal_official,164
K562,SWSAP1,ENSG00000173928,SWSAP1,literal_official,145
K562,SYAP1,ENSG00000169895,SYAP1,literal_official,163
K562,SYCE1,ENSG00000171772,SYCE1,literal_official,238
K562,SYCP2,ENSG00000196074,SYCP2,literal_official,207
K562,SYCP2L,ENSG00000153157,SYCP2L,literal_official,176
K562,SYF2,ENSG00000117614,SYF2,literal_official,109
K562,SYK,ENSG00000165025,SYK,literal_official,454
K562,SYMPK,ENSG00000125755,SYMPK,literal_official,88
K562,SYNC,ENSG00000162520,SYNC,literal_official,170
K562,SYNCRIP,ENSG00000135316,SYNCRIP,literal_official,72
K562,SYNGR1,ENSG00000100321,SYNGR1,literal_official,132
K562,SYNGR2,ENSG00000108639,SYNGR2,literal_official,119
K562,SYNGR3,ENSG00000127561,SYNGR3,literal_official,575
K562,SYNJ2,ENSG00000078269,SYNJ2,literal_official,201
K562,SYNJ2BP,ENSG00000213463,SYNJ2BP,literal_official,88
K562,SYNRG,ENSG00000275066,SYNRG,literal_official,178
K562,SYP,ENSG00000102003,SYP,literal_official,155
K562,SYPL1,ENSG00000008282,SYPL1,literal_official,301
K562,SYPL2,ENSG00000143028,SYPL2,literal_official,189
K562,SYS1,ENSG00000204070,SYS1,literal_official,182
K562,SYT5,ENSG00000129990,SYT5,literal_official,194
K562,SYTL4,ENSG00000102362,SYTL4,literal_official,33
K562,SYVN1,ENSG00000162298,SYVN1,literal_official,169
K562,SZRD1,ENSG00000055070,SZRD1,literal_official,96
K562,SZT2,ENSG00000198198,SZT2,literal_official,208
K562,TAB1,ENSG00000100324,TAB1,literal_official,187
K562,TAB2,ENSG00000055208,TAB2,literal_official,212
K562,TAB3,ENSG00000157625,TAB3,literal_official,148
K562,TAC3,ENSG00000166863,TAC3,literal_official,102
K562,TACC1,ENSG00000147526,TACC1,literal_official,169
K562,TACC3,ENSG00000013810,TACC3,literal_official,213
K562,TACO1,ENSG00000136463,TACO1,literal_official,245
K562,TADA1,ENSG00000152382,TADA1,literal_official,280
K562,TADA2A,ENSG00000276234,TADA2A,literal_official,123
K562,TADA2B,ENSG00000173011,TADA2B,literal_official,159
K562,TADA3,ENSG00000171148,TADA3,literal_official,356
K562,TAF1,ENSG00000147133,TAF1,literal_official,88
K562,TAF10,ENSG00000166337,TAF10,literal_official,52
K562,TAF11,ENSG00000064995,TAF11,literal_official,151
K562,TAF12,ENSG00000120656,TAF12,literal_official,58
K562,TAF13,ENSG00000197780,TAF13,literal_official,71
K562,TAF15,ENSG00000270647,TAF15,literal_official,282
K562,TAF1A,ENSG00000143498,TAF1A,literal_official,66
K562,TAF1B,ENSG00000115750,TAF1B,literal_official,128
K562,TAF1C,ENSG00000103168,TAF1C,literal_official,201
K562,TAF1D,ENSG00000166012,TAF1D,literal_official,219
K562,TAF2,ENSG00000064313,TAF2,literal_official,142
K562,TAF3,ENSG00000165632,TAF3,literal_official,140
K562,TAF4B,ENSG00000141384,TAF4B,literal_official,132
K562,TAF5,ENSG00000148835,TAF5,literal_official,39
K562,TAF5L,ENSG00000135801,TAF5L,literal_official,28
K562,TAF6,ENSG00000106290,TAF6,literal_official,154
K562,TAF6L,ENSG00000162227,TAF6L,literal_official,134
K562,TAF7,ENSG00000178913,TAF7,literal_official,91
K562,TAF8,ENSG00000137413,TAF8,literal_official,107
K562,TAF9,ENSG00000273841,TAF9,literal_official,154
K562,TAF9B,ENSG00000187325,TAF9B,literal_official,167
K562,TAFA2,ENSG00000198673,TAFA2,literal_official,199
K562,TAGLN2,ENSG00000158710,TAGLN2,literal_official,269
K562,TAL1,ENSG00000162367,TAL1,literal_official,408
K562,TAL2,ENSG00000186051,TAL2,literal_official,192
K562,TALDO1,ENSG00000177156,TALDO1,literal_official,156
K562,TAMM41,ENSG00000144559,TAMM41,literal_official,214
K562,TANGO2,ENSG00000183597,TANGO2,literal_official,183
K562,TANGO6,ENSG00000103047,TANGO6,literal_official,66
K562,TANK,ENSG00000136560,TANK,literal_official,275
K562,TAOK1,ENSG00000160551,TAOK1,literal_official,128
K562,TAOK2,ENSG00000149930,TAOK2,literal_official,287
K562,TAOK3,ENSG00000135090,TAOK3,literal_official,277
K562,TAP2,ENSG00000204267,TAP2,literal_official,94
K562,TAPBP,ENSG00000231925,TAPBP,literal_official,216
K562,TAPT1,ENSG00000169762,TAPT1,literal_official,81
K562,TARBP1,ENSG00000059588,TARBP1,literal_official,335
K562,TARBP2,ENSG00000139546,TARBP2,literal_official,92
K562,TARDBP,ENSG00000120948,TARDBP,literal_official,376
K562,TARS,ENSG00000113407,TARS,literal_official,175
K562,TARS2,ENSG00000143374,TARS2,literal_official,156
K562,TARSL2,ENSG00000185418,TARSL2,literal_official,210
K562,TASOR,ENSG00000163946,TASOR,literal_official,25
K562,TASOR2,ENSG00000108021,TASOR2,literal_official,148
K562,TASP1,ENSG00000089123,TASP1,literal_official,173
K562,TATDN1,ENSG00000147687,TATDN1,literal_official,66
K562,TATDN2,ENSG00000157014,TATDN2,literal_official,223
K562,TATDN3,ENSG00000203705,TATDN3,literal_official,338
K562,TAX1BP1,ENSG00000106052,TAX1BP1,literal_official,304
K562,TAX1BP3,ENSG00000213977,TAX1BP3,literal_official,266
K562,TAZ,ENSG00000102125,TAZ,literal_official,130
K562,TBC1D1,ENSG00000065882,TBC1D1,literal_official,87
K562,TBC1D10A,ENSG00000099992,TBC1D10A,literal_official,147
K562,TBC1D10B,ENSG00000169221,TBC1D10B,literal_official,100
K562,TBC1D12,ENSG00000108239,TBC1D12,literal_official,206
K562,TBC1D13,ENSG00000107021,TBC1D13,literal_official,200
K562,TBC1D14,ENSG00000132405,TBC1D14,literal_official,166
K562,TBC1D15,ENSG00000121749,TBC1D15,literal_official,104
K562,TBC1D20,ENSG00000125875,TBC1D20,literal_official,323
K562,TBC1D22A,ENSG00000054611,TBC1D22A,literal_official,338
K562,TBC1D22B,ENSG00000065491,TBC1D22B,literal_official,170
K562,TBC1D23,ENSG00000036054,TBC1D23,literal_official,124
K562,TBC1D24,ENSG00000162065,TBC1D24,literal_official,565
K562,TBC1D28,ENSG00000189375,TBC1D28,literal_official,219
K562,TBC1D3,ENSG00000274611,TBC1D3,unique_hgnc_bridge,71
K562,TBC1D31,ENSG00000156787,TBC1D31,literal_official,64
K562,TBC1D4,ENSG00000136111,TBC1D4,literal_official,134
K562,TBC1D5,ENSG00000131374,TBC1D5,literal_official,105
K562,TBC1D7,ENSG00000145979,TBC1D7,literal_official,186
K562,TBC1D9B,ENSG00000197226,TBC1D9B,literal_official,61
K562,TBCA,ENSG00000171530,TBCA,unique_hgnc_bridge,315
K562,TBCB,ENSG00000105254,TBCB,literal_official,198
K562,TBCC,ENSG00000124659,TBCC,literal_official,268
K562,TBCCD1,ENSG00000113838,TBCCD1,literal_official,219
K562,TBCD,ENSG00000141556,TBCD,literal_official,38
K562,TBCE,ENSG00000285053,TBCE,literal_official_id_unresolved,116
K562,TBCK,ENSG00000145348,TBCK,literal_official,188
K562,TBK1,ENSG00000183735,TBK1,literal_official,267
K562,TBKBP1,ENSG00000198933,TBKBP1,literal_official,114
K562,TBL1X,ENSG00000101849,TBL1X,literal_official,106
K562,TBL1XR1,ENSG00000177565,TBL1XR1,literal_official,74
K562,TBL2,ENSG00000106638,TBL2,literal_official,372
K562,TBL3,ENSG00000183751,TBL3,literal_official,86
K562,TBP,ENSG00000112592,TBP,literal_official,301
K562,TBPL1,ENSG00000028839,TBPL1,literal_official,146
K562,TBPL2,ENSG00000182521,TBPL2,literal_official,138
K562,TBR1,ENSG00000136535,TBR1,literal_official,46
K562,TBRG1,ENSG00000154144,TBRG1,literal_official,245
K562,TBRG4,ENSG00000136270,TBRG4,literal_official,95
K562,TBX1,ENSG00000184058,TBX1,literal_official,623
K562,TBX10,ENSG00000167800,TBX10,literal_official,282
K562,TBX15,ENSG00000092607,TBX15,literal_official,297
K562,TBX18,ENSG00000112837,TBX18,literal_official,242
K562,TBX19,ENSG00000143178,TBX19,literal_official,207
K562,TBX2,ENSG00000121068,TBX2,literal_official,207
K562,TBX20,ENSG00000164532,TBX20,unique_hgnc_bridge,241
K562,TBX21,ENSG00000073861,TBX21,literal_official,82
K562,TBX22,ENSG00000122145,TBX22,literal_official,139
K562,TBX3,ENSG00000135111,TBX3,literal_official,263
K562,TBX4,ENSG00000121075,TBX4,literal_official,456
K562,TBX5,ENSG00000089225,TBX5,literal_official,158
K562,TBX6,ENSG00000149922,TBX6,literal_official,283
K562,TBXA2R,ENSG00000006638,TBXA2R,literal_official,297
K562,TBXAS1,ENSG00000059377,TBXAS1,literal_official,175
K562,TBXT,ENSG00000164458,TBXT,literal_official,368
K562,TCAIM,ENSG00000179152,TCAIM,literal_official,182
K562,TCEA1,ENSG00000187735,TCEA1,unique_hgnc_bridge,118
K562,TCEA2,ENSG00000171703,TCEA2,literal_official,40
K562,TCEAL1,ENSG00000172465,TCEAL1,literal_official,47
K562,TCEAL8,ENSG00000180964,TCEAL8,literal_official,215
K562,TCEAL9,ENSG00000185222,TCEAL9,literal_official,172
K562,TCEANC2,ENSG00000116205,TCEANC2,literal_official,125
K562,TCERG1,ENSG00000113649,TCERG1,literal_official,138
K562,TCF12,ENSG00000140262,TCF12,literal_official,247
K562,TCF15,ENSG00000125878,TCF15,literal_official,275
K562,TCF19,ENSG00000137310,TCF19,literal_official,343
K562,TCF20,ENSG00000100207,TCF20,literal_official,136
K562,TCF21,ENSG00000118526,TCF21,literal_official,186
K562,TCF23,ENSG00000163792,TCF23,literal_official,178
K562,TCF24,ENSG00000261787,TCF24,literal_official,279
K562,TCF25,ENSG00000141002,TCF25,literal_official,54
K562,TCF3,ENSG00000071564,TCF3,literal_official,94
K562,TCF4,ENSG00000196628,TCF4,literal_official,159
K562,TCF7,ENSG00000081059,TCF7,literal_official,63
K562,TCF7L1,ENSG00000152284,TCF7L1,literal_official,107
K562,TCF7L2,ENSG00000148737,TCF7L2,literal_official,185
K562,TCFL5,ENSG00000101190,TCFL5,literal_official,35
K562,TCHP,ENSG00000139437,TCHP,literal_official,136
K562,TCIRG1,ENSG00000110719,TCIRG1,literal_official,410
K562,TCOF1,ENSG00000070814,TCOF1,literal_official,163
K562,TCP1,ENSG00000120438,TCP1,literal_official,30
K562,TCP11L1,ENSG00000176148,TCP11L1,literal_official,179
K562,TCTA,ENSG00000145022,TCTA,literal_official,214
K562,TCTEX1D2,ENSG00000213123,TCTEX1D2,literal_official,121
K562,TCTN1,ENSG00000204852,TCTN1,literal_official,95
K562,TCTN3,ENSG00000119977,TCTN3,literal_official,177
K562,TDG,ENSG00000139372,TDG,literal_official,160
K562,TDGF1,ENSG00000241186,TDGF1,literal_official,243
K562,TDP1,ENSG00000042088,TDP1,literal_official,198
K562,TDP2,ENSG00000111802,TDP2,literal_official,351
K562,TDRD3,ENSG00000083544,TDRD3,literal_official,63
K562,TDRKH,ENSG00000182134,TDRKH,literal_official,196
K562,TEAD1,ENSG00000187079,TEAD1,literal_official,59
K562,TEAD2,ENSG00000074219,TEAD2,literal_official,168
K562,TEAD3,ENSG00000007866,TEAD3,literal_official,717
K562,TEAD4,ENSG00000197905,TEAD4,literal_official,144
K562,TEC,ENSG00000135605,TEC,literal_official,246
K562,TECPR1,ENSG00000205356,TECPR1,literal_official,245
K562,TECR,ENSG00000099797,TECR,literal_official,188
K562,TEDC1,ENSG00000185347,TEDC1,literal_official,140
K562,TEDC2,ENSG00000162062,TEDC2,literal_official,302
K562,TEF,ENSG00000167074,TEF,literal_official,321
K562,TEFM,ENSG00000172171,TEFM,literal_official,341
K562,TEKT2,ENSG00000092850,TEKT2,literal_official,182
K562,TEKT4,ENSG00000163060,TEKT4,unique_hgnc_bridge,237
K562,TELO2,ENSG00000100726,TELO2,literal_official,80
K562,TEN1,ENSG00000257949,TEN1,literal_official,220
K562,TENT2,ENSG00000164329,TENT2,literal_official,29
K562,TENT4A,ENSG00000112941,TENT4A,literal_official,248
K562,TENT4B,ENSG00000121274,TENT4B,literal_official,51
K562,TEPSIN,ENSG00000167302,TEPSIN,literal_official,49
K562,TERF1,ENSG00000147601,TERF1,literal_official,198
K562,TERF2,ENSG00000132604,TERF2,literal_official,46
K562,TERF2IP,ENSG00000166848,TERF2IP,literal_official,190
K562,TES,ENSG00000135269,TES,literal_official,196
K562,TESC,ENSG00000088992,TESC,literal_official,160
K562,TESMIN,ENSG00000132749,TESMIN,literal_official,70
K562,TET1,ENSG00000138336,TET1,literal_official,160
K562,TET2,ENSG00000168769,TET2,literal_official,201
K562,TET3,ENSG00000187605,TET3,literal_official,190
K562,TEX10,ENSG00000136891,TEX10,literal_official,142
K562,TEX15,ENSG00000133863,TEX15,literal_official,94
K562,TEX2,ENSG00000136478,TEX2,literal_official,290
K562,TEX261,ENSG00000144043,TEX261,literal_official,217
K562,TEX264,ENSG00000164081,TEX264,literal_official,530
K562,TEX30,ENSG00000151287,TEX30,literal_official,215
K562,TFAM,ENSG00000108064,TFAM,literal_official,147
K562,TFAP2A,ENSG00000137203,TFAP2A,literal_official,290
K562,TFAP2B,ENSG00000008196,TFAP2B,literal_official,37
K562,TFAP2C,ENSG00000087510,TFAP2C,literal_official,140
K562,TFAP2D,ENSG00000008197,TFAP2D,literal_official,54
K562,TFAP2E,ENSG00000116819,TFAP2E,literal_official,106
K562,TFAP4,ENSG00000090447,TFAP4,literal_official,53
K562,TFB1M,ENSG00000029639,TFB1M,literal_official,182
K562,TFB2M,ENSG00000162851,TFB2M,literal_official,434
K562,TFCP2,ENSG00000135457,TFCP2,literal_official,330
K562,TFCP2L1,ENSG00000115112,TFCP2L1,literal_official,18
K562,TFDP1,ENSG00000198176,TFDP1,literal_official,318
K562,TFDP2,ENSG00000114126,TFDP2,literal_official,193
K562,TFDP3,ENSG00000183434,TFDP3,literal_official,102
K562,TFE3,ENSG00000068323,TFE3,literal_official,220
K562,TFEB,ENSG00000112561,TFEB,literal_official,451
K562,TFEC,ENSG00000105967,TFEC,literal_official,72
K562,TFG,ENSG00000114354,TFG,literal_official,223
K562,TFIP11,ENSG00000100109,TFIP11,literal_official,101
K562,TFPI,ENSG00000003436,TFPI,literal_official,30
K562,TFPT,ENSG00000105619,TFPT,literal_official,209
K562,TFR2,ENSG00000106327,TFR2,literal_official,17
K562,TFRC,ENSG00000072274,TFRC,literal_official,169
K562,TGDS,ENSG00000088451,TGDS,literal_official,79
K562,TGFB1,ENSG00000105329,TGFB1,literal_official,262
K562,TGFBR1,ENSG00000106799,TGFBR1,literal_official,46
K562,TGFBR3,ENSG00000069702,TGFBR3,literal_official,191
K562,TGFBRAP1,ENSG00000135966,TGFBRAP1,literal_official,309
K562,TGIF1,ENSG00000177426,TGIF1,literal_official,299
K562,TGIF2,ENSG00000118707,TGIF2,literal_official,163
K562,TGIF2LX,ENSG00000153779,TGIF2LX,literal_official,164
K562,TGIF2LY,ENSG00000176679,TGIF2LY,literal_official,182
K562,TGM2,ENSG00000198959,TGM2,literal_official,215
K562,TGOLN2,ENSG00000152291,TGOLN2,literal_official,181
K562,TGS1,ENSG00000137574,TGS1,literal_official,374
K562,THADA,ENSG00000115970,THADA,literal_official,42
K562,THAP1,ENSG00000131931,THAP1,literal_official,183
K562,THAP10,ENSG00000129028,THAP10,literal_official,323
K562,THAP11,ENSG00000168286,THAP11,literal_official,158
K562,THAP12,ENSG00000137492,THAP12,literal_official,134
K562,THAP2,ENSG00000173451,THAP2,literal_official,242
K562,THAP3,ENSG00000041988,THAP3,literal_official,146
K562,THAP4,ENSG00000176946,THAP4,literal_official,42
K562,THAP5,ENSG00000177683,THAP5,literal_official,141
K562,THAP6,ENSG00000174796,THAP6,literal_official,98
K562,THAP7,ENSG00000184436,THAP7,literal_official,299
K562,THAP8,ENSG00000161277,THAP8,literal_official,108
K562,THAP9,ENSG00000168152,THAP9,literal_official,241
K562,THEM4,ENSG00000159445,THEM4,literal_official,105
K562,THEM6,ENSG00000130193,THEM6,literal_official,88
K562,THEMIS2,ENSG00000130775,THEMIS2,literal_official,124
K562,THG1L,ENSG00000113272,THG1L,literal_official,54
K562,THOC1,ENSG00000079134,THOC1,literal_official,55
K562,THOC2,ENSG00000125676,THOC2,literal_official,47
K562,THOC3,ENSG00000051596,THOC3,literal_official,281
K562,THOC5,ENSG00000100296,THOC5,literal_official,21
K562,THOC6,ENSG00000131652,THOC6,literal_official,291
K562,THOC7,ENSG00000163634,THOC7,literal_official,153
K562,THOP1,ENSG00000172009,THOP1,literal_official,255
K562,THRA,ENSG00000126351,THRA,literal_official,295
K562,THRAP3,ENSG00000054118,THRAP3,literal_official,175
K562,THRB,ENSG00000151090,THRB,literal_official,305
K562,THTPA,ENSG00000259431,THTPA,unique_hgnc_bridge,21
K562,THUMPD1,ENSG00000066654,THUMPD1,literal_official,73
K562,THUMPD2,ENSG00000138050,THUMPD2,literal_official,366
K562,THUMPD3,ENSG00000134077,THUMPD3,literal_official,239
K562,THYN1,ENSG00000151500,THYN1,literal_official,83
K562,TIA1,ENSG00000116001,TIA1,literal_official,121
K562,TIAL1,ENSG00000151923,TIAL1,literal_official,13
K562,TICRR,ENSG00000140534,TICRR,literal_official,133
K562,TIFA,ENSG00000145365,TIFA,literal_official,30
K562,TIGD1,ENSG00000221944,TIGD1,literal_official,133
K562,TIGD2,ENSG00000180346,TIGD2,literal_official,72
K562,TIGD3,ENSG00000173825,TIGD3,literal_official,189
K562,TIGD4,ENSG00000169989,TIGD4,literal_official,251
K562,TIGD5,ENSG00000179886,TIGD5,literal_official,53
K562,TIGD6,ENSG00000164296,TIGD6,literal_official,229
K562,TIGD7,ENSG00000140993,TIGD7,literal_official,100
K562,TIMELESS,ENSG00000111602,TIMELESS,literal_official,122
K562,TIMM10,ENSG00000134809,TIMM10,literal_official,140
K562,TIMM10B,ENSG00000132286,TIMM10B,literal_official,209
K562,TIMM13,ENSG00000099800,TIMM13,literal_official,237
K562,TIMM17A,ENSG00000134375,TIMM17A,literal_official,129
K562,TIMM17B,ENSG00000126768,TIMM17B,literal_official,138
K562,TIMM21,ENSG00000075336,TIMM21,literal_official,70
K562,TIMM22,ENSG00000177370,TIMM22,literal_official,111
K562,TIMM23B,ENSG00000204152,TIMM23B,unique_hgnc_bridge,169
K562,TIMM29,ENSG00000142444,TIMM29,literal_official,183
K562,TIMM44,ENSG00000104980,TIMM44,literal_official,63
K562,TIMM50,ENSG00000105197,TIMM50,literal_official,53
K562,TIMM8A,ENSG00000126953,TIMM8A,literal_official,405
K562,TIMM8B,ENSG00000150779,TIMM8B,literal_official,325
K562,TIMM9,ENSG00000100575,TIMM9,literal_official,314
K562,TIMMDC1,ENSG00000113845,TIMMDC1,literal_official,43
K562,TIMP1,ENSG00000102265,TIMP1,literal_official,418
K562,TINF2,ENSG00000092330,TINF2,literal_official,115
K562,TIPARP,ENSG00000163659,TIPARP,literal_official,44
K562,TIPIN,ENSG00000075131,TIPIN,literal_official,210
K562,TIPRL,ENSG00000143155,TIPRL,literal_official,106
K562,TJAP1,ENSG00000137221,TJAP1,literal_official,301
K562,TJP1,ENSG00000104067,TJP1,literal_official,303
K562,TJP2,ENSG00000119139,TJP2,literal_official,299
K562,TK1,ENSG00000167900,TK1,literal_official,98
K562,TKT,ENSG00000163931,TKT,literal_official,484
K562,TLCD1,ENSG00000160606,TLCD1,literal_official,309
K562,TLCD3A,ENSG00000167695,TLCD3A,literal_official,168
K562,TLCD5,ENSG00000181264,TLCD5,literal_official,166
K562,TLE3,ENSG00000140332,TLE3,literal_official,235
K562,TLE4,ENSG00000106829,TLE4,literal_official,76
K562,TLE5,ENSG00000104964,TLE5,literal_official,167
K562,TLK1,ENSG00000198586,TLK1,literal_official,134
K562,TLK2,ENSG00000146872,TLK2,literal_official,244
K562,TLN1,ENSG00000137076,TLN1,literal_official,246
K562,TLNRD1,ENSG00000140406,TLNRD1,literal_official,274
K562,TLX1,ENSG00000107807,TLX1,literal_official,331
K562,TLX2,ENSG00000115297,TLX2,literal_official,112
K562,TLX3,ENSG00000164438,TLX3,literal_official,110
K562,TM2D1,ENSG00000162604,TM2D1,literal_official,89
K562,TM2D2,ENSG00000169490,TM2D2,literal_official,88
K562,TM2D3,ENSG00000184277,TM2D3,literal_official,96
K562,TM4SF19,ENSG00000145107,TM4SF19,literal_official,171
K562,TM7SF2,ENSG00000149809,TM7SF2,literal_official,250
K562,TM7SF3,ENSG00000064115,TM7SF3,literal_official,187
K562,TM9SF1,ENSG00000100926,TM9SF1,literal_official,346
K562,TM9SF2,ENSG00000125304,TM9SF2,literal_official,180
K562,TM9SF3,ENSG00000077147,TM9SF3,literal_official,216
K562,TM9SF4,ENSG00000101337,TM9SF4,literal_official,167
K562,TMA16,ENSG00000198498,TMA16,literal_official,233
K562,TMA7,ENSG00000232112,TMA7,literal_official,284
K562,TMBIM1,ENSG00000135926,TMBIM1,literal_official,96
K562,TMBIM4,ENSG00000155957,TMBIM4,literal_official,160
K562,TMBIM6,ENSG00000139644,TMBIM6,literal_official,133
K562,TMC6,ENSG00000141524,TMC6,literal_official,215
K562,TMCO1,ENSG00000143183,TMCO1,literal_official,261
K562,TMCO3,ENSG00000150403,TMCO3,literal_official,259
K562,TMCO6,ENSG00000113119,TMCO6,literal_official,113
K562,TMED1,ENSG00000099203,TMED1,literal_official,144
K562,TMED10,ENSG00000170348,TMED10,literal_official,315
K562,TMED2,ENSG00000086598,TMED2,literal_official,353
K562,TMED3,ENSG00000166557,TMED3,literal_official,258
K562,TMED4,ENSG00000158604,TMED4,literal_official,124
K562,TMED5,ENSG00000117500,TMED5,literal_official,160
K562,TMED7,ENSG00000134970,TMED7,literal_official,368
K562,TMED8,ENSG00000100580,TMED8,literal_official,156
K562,TMED9,ENSG00000184840,TMED9,literal_official,69
K562,TMEM101,ENSG00000091947,TMEM101,literal_official,121
K562,TMEM106B,ENSG00000106460,TMEM106B,literal_official,270
K562,TMEM106C,ENSG00000134291,TMEM106C,literal_official,281
K562,TMEM107,ENSG00000179029,TMEM107,literal_official,83
K562,TMEM109,ENSG00000110108,TMEM109,literal_official,200
K562,TMEM11,ENSG00000178307,TMEM11,literal_official,164
K562,TMEM115,ENSG00000126062,TMEM115,literal_official,125
K562,TMEM116,ENSG00000198270,TMEM116,literal_official,208
K562,TMEM120A,ENSG00000189077,TMEM120A,literal_official,266
K562,TMEM120B,ENSG00000188735,TMEM120B,literal_official,65
K562,TMEM123,ENSG00000152558,TMEM123,literal_official,126
K562,TMEM126A,ENSG00000171202,TMEM126A,literal_official,228
K562,TMEM126B,ENSG00000171204,TMEM126B,literal_official,82
K562,TMEM127,ENSG00000135956,TMEM127,literal_official,386
K562,TMEM128,ENSG00000132406,TMEM128,literal_official,127
K562,TMEM129,ENSG00000168936,TMEM129,literal_official,39
K562,TMEM131,ENSG00000075568,TMEM131,literal_official,310
K562,TMEM131L,ENSG00000121210,TMEM131L,literal_official,203
K562,TMEM134,ENSG00000172663,TMEM134,literal_official,273
K562,TMEM135,ENSG00000166575,TMEM135,literal_official,200
K562,TMEM138,ENSG00000149483,TMEM138,literal_official,302
K562,TMEM141,ENSG00000244187,TMEM141,literal_official,161
K562,TMEM147,ENSG00000105677,TMEM147,literal_official,93
K562,TMEM14A,ENSG00000096092,TMEM14A,literal_official,125
K562,TMEM14B,ENSG00000137210,TMEM14B,literal_official,173
K562,TMEM14C,ENSG00000111843,TMEM14C,literal_official,172
K562,TMEM150A,ENSG00000168890,TMEM150A,literal_official,319
K562,TMEM158,ENSG00000249992,TMEM158,literal_official,57
K562,TMEM159,ENSG00000011638,TMEM159,literal_official,109
K562,TMEM160,ENSG00000130748,TMEM160,literal_official,381
K562,TMEM161A,ENSG00000064545,TMEM161A,literal_official,172
K562,TMEM161B,ENSG00000164180,TMEM161B,literal_official,199
K562,TMEM164,ENSG00000157600,TMEM164,literal_official,213
K562,TMEM165,ENSG00000134851,TMEM165,literal_official,135
K562,TMEM167A,ENSG00000174695,TMEM167A,literal_official,77
K562,TMEM167B,ENSG00000215717,TMEM167B,literal_official,126
K562,TMEM168,ENSG00000146802,TMEM168,literal_official,197
K562,TMEM170A,ENSG00000166822,TMEM170A,literal_official,293
K562,TMEM173,ENSG00000184584,TMEM173,literal_official,263
K562,TMEM175,ENSG00000127419,TMEM175,literal_official,141
K562,TMEM177,ENSG00000144120,TMEM177,literal_official,261
K562,TMEM179B,ENSG00000185475,TMEM179B,literal_official,198
K562,TMEM18,ENSG00000151353,TMEM18,literal_official,130
K562,TMEM181,ENSG00000146433,TMEM181,literal_official,237
K562,TMEM183A,ENSG00000163444,TMEM183A,literal_official,61
K562,TMEM184B,ENSG00000198792,TMEM184B,literal_official,96
K562,TMEM184C,ENSG00000164168,TMEM184C,literal_official,101
K562,TMEM185B,ENSG00000226479,TMEM185B,literal_official,234
K562,TMEM186,ENSG00000184857,TMEM186,literal_official,79
K562,TMEM189,ENSG00000240849,TMEM189,literal_official,239
K562,TMEM19,ENSG00000139291,TMEM19,literal_official,209
K562,TMEM192,ENSG00000170088,TMEM192,literal_official,213
K562,TMEM198,ENSG00000188760,TMEM198,literal_official,205
K562,TMEM199,ENSG00000244045,TMEM199,literal_official,218
K562,TMEM201,ENSG00000188807,TMEM201,literal_official,103
K562,TMEM203,ENSG00000187713,TMEM203,literal_official,249
K562,TMEM205,ENSG00000105518,TMEM205,literal_official,146
K562,TMEM208,ENSG00000168701,TMEM208,literal_official,104
K562,TMEM209,ENSG00000146842,TMEM209,literal_official,197
K562,TMEM214,ENSG00000119777,TMEM214,literal_official,208
K562,TMEM216,ENSG00000187049,TMEM216,literal_official,308
K562,TMEM218,ENSG00000150433,TMEM218,literal_official,215
K562,TMEM219,ENSG00000149932,TMEM219,literal_official,78
K562,TMEM222,ENSG00000186501,TMEM222,literal_official,218
K562,TMEM223,ENSG00000168569,TMEM223,literal_official,111
K562,TMEM230,ENSG00000089063,TMEM230,literal_official,133
K562,TMEM231,ENSG00000205084,TMEM231,literal_official,165
K562,TMEM234,ENSG00000160055,TMEM234,literal_official,123
K562,TMEM237,ENSG00000155755,TMEM237,literal_official,299
K562,TMEM240,ENSG00000205090,TMEM240,literal_official,394
K562,TMEM241,ENSG00000134490,TMEM241,literal_official,136
K562,TMEM242,ENSG00000215712,TMEM242,literal_official,146
K562,TMEM243,ENSG00000135185,TMEM243,literal_official,162
K562,TMEM245,ENSG00000106771,TMEM245,literal_official,334
K562,TMEM248,ENSG00000106609,TMEM248,literal_official,195
K562,TMEM250,ENSG00000238227,TMEM250,literal_official,173
K562,TMEM251,ENSG00000153485,TMEM251,literal_official,189
K562,TMEM256,ENSG00000205544,TMEM256,literal_official,245
K562,TMEM258,ENSG00000134825,TMEM258,literal_official,287
K562,TMEM259,ENSG00000182087,TMEM259,literal_official,256
K562,TMEM267,ENSG00000151881,TMEM267,literal_official,120
K562,TMEM273,ENSG00000204161,TMEM273,literal_official,153
K562,TMEM30A,ENSG00000112697,TMEM30A,literal_official,98
K562,TMEM33,ENSG00000109133,TMEM33,literal_official,207
K562,TMEM38B,ENSG00000095209,TMEM38B,literal_official,189
K562,TMEM39A,ENSG00000176142,TMEM39A,literal_official,249
K562,TMEM39B,ENSG00000121775,TMEM39B,literal_official,209
K562,TMEM41A,ENSG00000163900,TMEM41A,literal_official,122
K562,TMEM41B,ENSG00000166471,TMEM41B,literal_official,41
K562,TMEM43,ENSG00000170876,TMEM43,literal_official,59
K562,TMEM44,ENSG00000145014,TMEM44,literal_official,221
K562,TMEM50A,ENSG00000183726,TMEM50A,literal_official,287
K562,TMEM50B,ENSG00000142188,TMEM50B,literal_official,253
K562,TMEM52,ENSG00000178821,TMEM52,literal_official,399
K562,TMEM53,ENSG00000126106,TMEM53,literal_official,195
K562,TMEM54,ENSG00000121900,TMEM54,literal_official,161
K562,TMEM59,ENSG00000116209,TMEM59,literal_official,196
K562,TMEM60,ENSG00000135211,TMEM60,literal_official,100
K562,TMEM62,ENSG00000137842,TMEM62,literal_official,75
K562,TMEM63A,ENSG00000196187,TMEM63A,literal_official,237
K562,TMEM63B,ENSG00000137216,TMEM63B,literal_official,210
K562,TMEM64,ENSG00000180694,TMEM64,literal_official,290
K562,TMEM65,ENSG00000164983,TMEM65,literal_official,130
K562,TMEM68,ENSG00000167904,TMEM68,literal_official,169
K562,TMEM69,ENSG00000159596,TMEM69,literal_official,249
K562,TMEM70,ENSG00000175606,TMEM70,literal_official,246
K562,TMEM74B,ENSG00000125895,TMEM74B,literal_official,268
K562,TMEM80,ENSG00000177042,TMEM80,literal_official,123
K562,TMEM87A,ENSG00000103978,TMEM87A,literal_official,276
K562,TMEM8A,ENSG00000129925,TMEM8A,literal_official,188
K562,TMEM9,ENSG00000116857,TMEM9,literal_official,242
K562,TMEM97,ENSG00000109084,TMEM97,literal_official,127
K562,TMEM98,ENSG00000006042,TMEM98,literal_official,280
K562,TMEM99,ENSG00000167920,TMEM99,literal_official,108
K562,TMEM9B,ENSG00000175348,TMEM9B,literal_official,125
K562,TMF1,ENSG00000144747,TMF1,literal_official,143
K562,TMLHE,ENSG00000185973,TMLHE,literal_official,197
K562,TMOD1,ENSG00000136842,TMOD1,literal_official,132
K562,TMOD3,ENSG00000138594,TMOD3,literal_official,154
K562,TMPO,ENSG00000120802,TMPO,literal_official,318
K562,TMSB10,ENSG00000034510,TMSB10,literal_official,433
K562,TMSB4X,ENSG00000205542,TMSB4X,literal_official,173
K562,TMTC4,ENSG00000125247,TMTC4,literal_official,103
K562,TMUB1,ENSG00000164897,TMUB1,literal_official,147
K562,TMUB2,ENSG00000168591,TMUB2,literal_official,267
K562,TMX1,ENSG00000139921,TMX1,literal_official,149
K562,TMX2,ENSG00000213593,TMX2,literal_official,111
K562,TMX3,ENSG00000166479,TMX3,literal_official,311
K562,TMX4,ENSG00000125827,TMX4,literal_official,135
K562,TNFAIP1,ENSG00000109079,TNFAIP1,literal_official,249
K562,TNFAIP2,ENSG00000185215,TNFAIP2,literal_official,260
K562,TNFAIP8,ENSG00000145779,TNFAIP8,literal_official,308
K562,TNFAIP8L1,ENSG00000185361,TNFAIP8L1,literal_official,157
K562,TNFAIP8L2,ENSG00000163154,TNFAIP8L2,literal_official,232
K562,TNFRSF10A,ENSG00000104689,TNFRSF10A,literal_official,86
K562,TNFRSF10B,ENSG00000120889,TNFRSF10B,literal_official,212
K562,TNFRSF12A,ENSG00000006327,TNFRSF12A,literal_official,154
K562,TNFRSF1A,ENSG00000067182,TNFRSF1A,literal_official,168
K562,TNFRSF1B,ENSG00000028137,TNFRSF1B,literal_official,473
K562,TNFRSF8,ENSG00000120949,TNFRSF8,literal_official,143
K562,TNFSF10,ENSG00000121858,TNFSF10,literal_official,62
K562,TNFSF9,ENSG00000125657,TNFSF9,literal_official,256
K562,TNIK,ENSG00000154310,TNIK,literal_official,245
K562,TNIP1,ENSG00000145901,TNIP1,literal_official,404
K562,TNIP2,ENSG00000168884,TNIP2,literal_official,243
K562,TNK2,ENSG00000061938,TNK2,literal_official,345
K562,TNKS,ENSG00000173273,TNKS,literal_official,211
K562,TNKS1BP1,ENSG00000149115,TNKS1BP1,literal_official,241
K562,TNKS2,ENSG00000107854,TNKS2,literal_official,99
K562,TNNI3,ENSG00000129991,TNNI3,literal_official,253
K562,TNNT1,ENSG00000105048,TNNT1,literal_official,355
K562,TNNT2,ENSG00000118194,TNNT2,literal_official,48
K562,TNPO1,ENSG00000083312,TNPO1,literal_official,112
K562,TNPO2,ENSG00000105576,TNPO2,literal_official,307
K562,TNPO3,ENSG00000064419,TNPO3,literal_official,210
K562,TNRC18,ENSG00000182095,TNRC18,literal_official,146
K562,TNRC6A,ENSG00000090905,TNRC6A,literal_official,379
K562,TNRC6B,ENSG00000100354,TNRC6B,literal_official,87
K562,TNRC6C,ENSG00000078687,TNRC6C,literal_official,240
K562,TNXB,ENSG00000168477,TNXB,literal_official,80
K562,TOB1,ENSG00000141232,TOB1,literal_official,196
K562,TOB2,ENSG00000183864,TOB2,literal_official,215
K562,TOE1,ENSG00000132773,TOE1,literal_official,318
K562,TOGARAM1,ENSG00000198718,TOGARAM1,literal_official,281
K562,TOLLIP,ENSG00000078902,TOLLIP,literal_official,125
K562,TOM1,ENSG00000100284,TOM1,literal_official,151
K562,TOM1L1,ENSG00000141198,TOM1L1,literal_official,168
K562,TOMM20,ENSG00000173726,TOMM20,literal_official,182
K562,TOMM22,ENSG00000100216,TOMM22,literal_official,114
K562,TOMM34,ENSG00000025772,TOMM34,literal_official,190
K562,TOMM40,ENSG00000130204,TOMM40,literal_official,197
K562,TOMM40L,ENSG00000158882,TOMM40L,literal_official,123
K562,TOMM5,ENSG00000175768,TOMM5,literal_official,113
K562,TOMM6,ENSG00000214736,TOMM6,literal_official,66
K562,TOMM7,ENSG00000196683,TOMM7,literal_official,265
K562,TOMM70,ENSG00000154174,TOMM70,literal_official,186
K562,TONSL,ENSG00000160949,TONSL,literal_official,34
K562,TOP1,ENSG00000198900,TOP1,literal_official,218
K562,TOP1MT,ENSG00000184428,TOP1MT,literal_official,181
K562,TOP2A,ENSG00000131747,TOP2A,literal_official,22
K562,TOP2B,ENSG00000077097,TOP2B,literal_official,275
K562,TOP3A,ENSG00000177302,TOP3A,literal_official,294
K562,TOP3B,ENSG00000100038,TOP3B,literal_official,96
K562,TOPBP1,ENSG00000163781,TOPBP1,literal_official,106
K562,TOPORS,ENSG00000197579,TOPORS,literal_official,201
K562,TOR1A,ENSG00000136827,TOR1A,literal_official,215
K562,TOR1AIP1,ENSG00000143337,TOR1AIP1,literal_official,66
K562,TOR1AIP2,ENSG00000169905,TOR1AIP2,literal_official,187
K562,TOR1B,ENSG00000136816,TOR1B,literal_official,146
K562,TOR2A,ENSG00000160404,TOR2A,literal_official,139
K562,TOR3A,ENSG00000186283,TOR3A,literal_official,158
K562,TOR4A,ENSG00000198113,TOR4A,literal_official,274
K562,TOX4,ENSG00000092203,TOX4,literal_official,256
K562,TP53,ENSG00000141510,TP53,literal_official,220
K562,TP53BP1,ENSG00000067369,TP53BP1,literal_official,293
K562,TP53BP2,ENSG00000143514,TP53BP2,literal_official,238
K562,TP53I13,ENSG00000167543,TP53I13,literal_official,159
K562,TP53I3,ENSG00000115129,TP53I3,literal_official,300
K562,TP53RK,ENSG00000172315,TP53RK,literal_official,249
K562,TP63,ENSG00000073282,TP63,literal_official,150
K562,TP73,ENSG00000078900,TP73,literal_official,196
K562,TPD52L1,ENSG00000111907,TPD52L1,literal_official,275
K562,TPD52L2,ENSG00000101150,TPD52L2,literal_official,240
K562,TPGS1,ENSG00000141933,TPGS1,literal_official,175
K562,TPGS2,ENSG00000134779,TPGS2,literal_official,152
K562,TPI1,ENSG00000111669,TPI1,unique_hgnc_bridge,72
K562,TPM1,ENSG00000140416,TPM1,literal_official,434
K562,TPM3,ENSG00000143549,TPM3,unique_hgnc_bridge,189
K562,TPM4,ENSG00000167460,TPM4,literal_official,586
K562,TPMT,ENSG00000137364,TPMT,literal_official,127
K562,TPP1,ENSG00000166340,TPP1,literal_official,195
K562,TPP2,ENSG00000134900,TPP2,literal_official,41
K562,TPR,ENSG00000047410,TPR,literal_official,92
K562,TPRA1,ENSG00000163870,TPRA1,literal_official,234
K562,TPRKB,ENSG00000144034,TPRKB,literal_official,38
K562,TPRN,ENSG00000176058,TPRN,literal_official,229
K562,TPRX1,ENSG00000178928,TPRX1,literal_official,121
K562,TPST2,ENSG00000128294,TPST2,literal_official,265
K562,TPT1,ENSG00000133112,TPT1,unique_hgnc_bridge,96
K562,TPX2,ENSG00000088325,TPX2,literal_official,171
K562,TRA2A,ENSG00000164548,TRA2A,literal_official,464
K562,TRA2B,ENSG00000136527,TRA2B,literal_official,389
K562,TRABD,ENSG00000170638,TRABD,literal_official,348
K562,TRADD,ENSG00000102871,TRADD,literal_official,126
K562,TRAF2,ENSG00000127191,TRAF2,literal_official,78
K562,TRAF3,ENSG00000131323,TRAF3,literal_official,241
K562,TRAF3IP1,ENSG00000204104,TRAF3IP1,literal_official,187
K562,TRAF3IP2,ENSG00000056972,TRAF3IP2,literal_official,204
K562,TRAF4,ENSG00000076604,TRAF4,literal_official,200
K562,TRAF5,ENSG00000082512,TRAF5,literal_official,277
K562,TRAF7,ENSG00000131653,TRAF7,literal_official,374
K562,TRAFD1,ENSG00000135148,TRAFD1,literal_official,136
K562,TRAIP,ENSG00000183763,TRAIP,literal_official,202
K562,TRAK1,ENSG00000182606,TRAK1,literal_official,175
K562,TRAM1,ENSG00000067167,TRAM1,literal_official,272
K562,TRAM2,ENSG00000065308,TRAM2,literal_official,253
K562,TRAP1,ENSG00000126602,TRAP1,literal_official,271
K562,TRAPPC1,ENSG00000170043,TRAPPC1,literal_official,194
K562,TRAPPC10,ENSG00000160218,TRAPPC10,literal_official,54
K562,TRAPPC11,ENSG00000168538,TRAPPC11,literal_official,125
K562,TRAPPC12,ENSG00000171853,TRAPPC12,literal_official,227
K562,TRAPPC13,ENSG00000113597,TRAPPC13,literal_official,171
K562,TRAPPC2,ENSG00000196459,TRAPPC2,literal_official,208
K562,TRAPPC2L,ENSG00000167515,TRAPPC2L,literal_official,88
K562,TRAPPC3,ENSG00000054116,TRAPPC3,literal_official,377
K562,TRAPPC4,ENSG00000196655,TRAPPC4,literal_official,443
K562,TRAPPC5,ENSG00000181029,TRAPPC5,literal_official,103
K562,TRAPPC6A,ENSG00000007255,TRAPPC6A,literal_official,163
K562,TRAPPC6B,ENSG00000182400,TRAPPC6B,literal_official,147
K562,TRAPPC8,ENSG00000153339,TRAPPC8,literal_official,270
K562,TRDMT1,ENSG00000107614,TRDMT1,literal_official,153
K562,TREML2,ENSG00000112195,TREML2,literal_official,169
K562,TRERF1,ENSG00000124496,TRERF1,literal_official,156
K562,TRIAP1,ENSG00000170855,TRIAP1,literal_official,164
K562,TRIB2,ENSG00000071575,TRIB2,literal_official,334
K562,TRIB3,ENSG00000101255,TRIB3,literal_official,167
K562,TRIM11,ENSG00000154370,TRIM11,literal_official,124
K562,TRIM13,ENSG00000204977,TRIM13,literal_official,118
K562,TRIM14,ENSG00000106785,TRIM14,literal_official,228
K562,TRIM16,ENSG00000221926,TRIM16,literal_official,241
K562,TRIM21,ENSG00000132109,TRIM21,literal_official,110
K562,TRIM23,ENSG00000113595,TRIM23,literal_official,230
K562,TRIM24,ENSG00000122779,TRIM24,literal_official,104
K562,TRIM25,ENSG00000121060,TRIM25,literal_official,116
K562,TRIM26,ENSG00000234127,TRIM26,literal_official,220
K562,TRIM27,ENSG00000204713,TRIM27,literal_official,77
K562,TRIM28,ENSG00000130726,TRIM28,literal_official,57
K562,TRIM33,ENSG00000197323,TRIM33,literal_official,244
K562,TRIM35,ENSG00000104228,TRIM35,literal_official,382
K562,TRIM37,ENSG00000108395,TRIM37,literal_official,187
K562,TRIM38,ENSG00000112343,TRIM38,literal_official,95
K562,TRIM39,ENSG00000204599,TRIM39,literal_official,136
K562,TRIM4,ENSG00000146833,TRIM4,literal_official,137
K562,TRIM41,ENSG00000146063,TRIM41,literal_official,158
K562,TRIM44,ENSG00000166326,TRIM44,literal_official,282
K562,TRIM49C,ENSG00000204449,TRIM49C,literal_official,197
K562,TRIM5,ENSG00000132256,TRIM5,literal_official,254
K562,TRIM56,ENSG00000169871,TRIM56,literal_official,134
K562,TRIM58,ENSG00000162722,TRIM58,literal_official,253
K562,TRIM59,ENSG00000213186,TRIM59,literal_official,122
K562,TRIM65,ENSG00000141569,TRIM65,literal_official,117
K562,TRIM68,ENSG00000167333,TRIM68,literal_official,37
K562,TRIM7,ENSG00000146054,TRIM7,literal_official,116
K562,TRIM71,ENSG00000206557,TRIM71,literal_official,251
K562,TRIM8,ENSG00000171206,TRIM8,literal_official,248
K562,TRIOBP,ENSG00000100106,TRIOBP,literal_official,392
K562,TRIP10,ENSG00000125733,TRIP10,literal_official,276
K562,TRIP11,ENSG00000100815,TRIP11,literal_official,228
K562,TRIP12,ENSG00000153827,TRIP12,literal_official,89
K562,TRIP13,ENSG00000071539,TRIP13,literal_official,170
K562,TRIP4,ENSG00000103671,TRIP4,literal_official,137
K562,TRIP6,ENSG00000087077,TRIP6,literal_official,320
K562,TRIR,ENSG00000123144,TRIR,literal_official,146
K562,TRIT1,ENSG00000043514,TRIT1,literal_official,111
K562,TRMT1,ENSG00000104907,TRMT1,literal_official,177
K562,TRMT10A,ENSG00000145331,TRMT10A,literal_official,150
K562,TRMT10B,ENSG00000165275,TRMT10B,literal_official,137
K562,TRMT10C,ENSG00000174173,TRMT10C,literal_official,181
K562,TRMT11,ENSG00000066651,TRMT11,literal_official,151
K562,TRMT112,ENSG00000173113,TRMT112,literal_official,179
K562,TRMT12,ENSG00000183665,TRMT12,literal_official,212
K562,TRMT13,ENSG00000122435,TRMT13,literal_official,205
K562,TRMT1L,ENSG00000121486,TRMT1L,literal_official,110
K562,TRMT2A,ENSG00000099899,TRMT2A,literal_official,268
K562,TRMT2B,ENSG00000188917,TRMT2B,literal_official,222
K562,TRMT44,ENSG00000155275,TRMT44,literal_official,49
K562,TRMT5,ENSG00000126814,TRMT5,literal_official,112
K562,TRMT6,ENSG00000089195,TRMT6,literal_official,204
K562,TRMT61A,ENSG00000166166,TRMT61A,literal_official,156
K562,TRMT61B,ENSG00000171103,TRMT61B,literal_official,243
K562,TRMU,ENSG00000100416,TRMU,literal_official,169
K562,TRNAU1AP,ENSG00000180098,TRNAU1AP,literal_official,68
K562,TRNP1,ENSG00000253368,TRNP1,literal_official,403
K562,TRNT1,ENSG00000072756,TRNT1,literal_official,386
K562,TROAP,ENSG00000135451,TROAP,literal_official,259
K562,TRPC4AP,ENSG00000100991,TRPC4AP,literal_official,99
K562,TRPM4,ENSG00000130529,TRPM4,literal_official,295
K562,TRPM7,ENSG00000092439,TRPM7,literal_official,56
K562,TRPS1,ENSG00000104447,TRPS1,literal_official,246
K562,TRPT1,ENSG00000149743,TRPT1,literal_official,312
K562,TRPV2,ENSG00000187688,TRPV2,literal_official,213
K562,TRRAP,ENSG00000196367,TRRAP,literal_official,325
K562,TRUB1,ENSG00000165832,TRUB1,literal_official,79
K562,TRUB2,ENSG00000167112,TRUB2,literal_official,199
K562,TSC1,ENSG00000165699,TSC1,literal_official,81
K562,TSC2,ENSG00000103197,TSC2,literal_official,250
K562,TSC22D1,ENSG00000102804,TSC22D1,literal_official,120
K562,TSC22D2,ENSG00000196428,TSC22D2,literal_official,112
K562,TSC22D4,ENSG00000166925,TSC22D4,literal_official,300
K562,TSEN15,ENSG00000198860,TSEN15,literal_official,144
K562,TSEN2,ENSG00000154743,TSEN2,literal_official,254
K562,TSEN34,ENSG00000170892,TSEN34,literal_official,540
K562,TSEN54,ENSG00000182173,TSEN54,literal_official,107
K562,TSFM,ENSG00000123297,TSFM,literal_official,150
K562,TSG101,ENSG00000074319,TSG101,literal_official,74
K562,TSHZ1,ENSG00000179981,TSHZ1,literal_official,236
K562,TSHZ2,ENSG00000182463,TSHZ2,literal_official,237
K562,TSHZ3,ENSG00000121297,TSHZ3,literal_official,121
K562,TSKU,ENSG00000182704,TSKU,literal_official,171
K562,TSN,ENSG00000211460,TSN,literal_official,199
K562,TSNARE1,ENSG00000171045,TSNARE1,literal_official,119
K562,TSNAX,ENSG00000116918,TSNAX,literal_official,132
K562,TSPAN13,ENSG00000106537,TSPAN13,literal_official,243
K562,TSPAN14,ENSG00000108219,TSPAN14,literal_official,58
K562,TSPAN17,ENSG00000048140,TSPAN17,literal_official,414
K562,TSPAN18,ENSG00000157570,TSPAN18,literal_official,216
K562,TSPAN3,ENSG00000140391,TSPAN3,literal_official,178
K562,TSPAN31,ENSG00000135452,TSPAN31,literal_official,125
K562,TSPAN32,ENSG00000064201,TSPAN32,literal_official,147
K562,TSPAN4,ENSG00000214063,TSPAN4,literal_official,418
K562,TSPO,ENSG00000100300,TSPO,literal_official,253
K562,TSPYL1,ENSG00000189241,TSPYL1,literal_official,211
K562,TSPYL2,ENSG00000184205,TSPYL2,literal_official,302
K562,TSPYL4,ENSG00000187189,TSPYL4,literal_official,304
K562,TSPYL5,ENSG00000180543,TSPYL5,literal_official,229
K562,TSPYL6,ENSG00000178021,TSPYL6,literal_official,183
K562,TSR1,ENSG00000167721,TSR1,literal_official,329
K562,TSR2,ENSG00000158526,TSR2,literal_official,192
K562,TSR3,ENSG00000007520,TSR3,literal_official,303
K562,TSSC4,ENSG00000184281,TSSC4,literal_official,265
K562,TSSK3,ENSG00000162526,TSSK3,literal_official,449
K562,TST,ENSG00000128311,TST,literal_official,179
K562,TSTA3,ENSG00000104522,TSTA3,literal_official,268
K562,TSTD2,ENSG00000136925,TSTD2,literal_official,213
K562,TSTD3,ENSG00000279170,TSTD3P,unique_hgnc_bridge,82
K562,TTC1,ENSG00000113312,TTC1,literal_official,86
K562,TTC12,ENSG00000149292,TTC12,literal_official,66
K562,TTC13,ENSG00000143643,TTC13,literal_official,182
K562,TTC14,ENSG00000163728,TTC14,literal_official,148
K562,TTC17,ENSG00000052841,TTC17,literal_official,172
K562,TTC19,ENSG00000011295,TTC19,literal_official,117
K562,TTC21B,ENSG00000123607,TTC21B,literal_official,242
K562,TTC26,ENSG00000105948,TTC26,literal_official,75
K562,TTC27,ENSG00000018699,TTC27,literal_official,73
K562,TTC3,ENSG00000182670,TTC3,literal_official,158
K562,TTC31,ENSG00000115282,TTC31,literal_official,211
K562,TTC32,ENSG00000183891,TTC32,literal_official,180
K562,TTC33,ENSG00000113638,TTC33,literal_official,198
K562,TTC37,ENSG00000198677,TTC37,literal_official,194
K562,TTC38,ENSG00000075234,TTC38,literal_official,72
K562,TTC4,ENSG00000243725,TTC4,literal_official,172
K562,TTC5,ENSG00000136319,TTC5,literal_official,131
K562,TTC7A,ENSG00000068724,TTC7A,literal_official,256
K562,TTC7B,ENSG00000165914,TTC7B,literal_official,66
K562,TTC8,ENSG00000165533,TTC8,literal_official,125
K562,TTC9C,ENSG00000162222,TTC9C,literal_official,183
K562,TTF1,ENSG00000125482,TTF1,literal_official,30
K562,TTF2,ENSG00000116830,TTF2,literal_official,52
K562,TTI1,ENSG00000101407,TTI1,literal_official,241
K562,TTI2,ENSG00000129696,TTI2,literal_official,93
K562,TTK,ENSG00000112742,TTK,literal_official,65
K562,TTL,ENSG00000114999,TTL,literal_official,48
K562,TTLL12,ENSG00000100304,TTLL12,literal_official,263
K562,TTLL3,ENSG00000214021,TTLL3,literal_official,200
K562,TTLL4,ENSG00000135912,TTLL4,literal_official,190
K562,TTLL5,ENSG00000119685,TTLL5,literal_official,50
K562,TTPAL,ENSG00000124120,TTPAL,literal_official,155
K562,TUBA1A,ENSG00000167552,TUBA1A,literal_official,125
K562,TUBA1B,ENSG00000123416,TUBA1B,literal_official,134
K562,TUBA1C,ENSG00000167553,TUBA1C,literal_official,103
K562,TUBA3D,ENSG00000075886,TUBA3D,literal_official,165
K562,TUBA4A,ENSG00000127824,TUBA4A,literal_official,298
K562,TUBB,ENSG00000196230,TUBB,literal_official,140
K562,TUBB2A,ENSG00000137267,TUBB2A,literal_official,300
K562,TUBB2B,ENSG00000137285,TUBB2B,literal_official,306
K562,TUBB3,ENSG00000258947,TUBB3,literal_official,312
K562,TUBB4B,ENSG00000188229,TUBB4B,literal_official,227
K562,TUBB6,ENSG00000176014,TUBB6,literal_official,81
K562,TUBD1,ENSG00000108423,TUBD1,literal_official,410
K562,TUBE1,ENSG00000074935,TUBE1,literal_official,280
K562,TUBG1,ENSG00000131462,TUBG1,literal_official,31
K562,TUBGCP2,ENSG00000130640,TUBGCP2,literal_official,116
K562,TUBGCP3,ENSG00000126216,TUBGCP3,literal_official,13
K562,TUBGCP4,ENSG00000137822,TUBGCP4,literal_official,63
K562,TUBGCP5,ENSG00000275835,TUBGCP5,literal_official,61
K562,TUBGCP6,ENSG00000128159,TUBGCP6,literal_official,378
K562,TUFM,ENSG00000178952,TUFM,literal_official,103
K562,TULP1,ENSG00000112041,TULP1,literal_official,233
K562,TULP4,ENSG00000130338,TULP4,literal_official,163
K562,TUSC2,ENSG00000114383,TUSC2,literal_official,204
K562,TUSC3,ENSG00000104723,TUSC3,literal_official,253
K562,TUT1,ENSG00000149016,TUT1,literal_official,553
K562,TUT4,ENSG00000134744,TUT4,literal_official,148
K562,TUT7,ENSG00000083223,TUT7,literal_official,179
K562,TVP23B,ENSG00000171928,TVP23B,literal_official,110
K562,TVP23C,ENSG00000175106,TVP23C,literal_official,205
K562,TWF1,ENSG00000151239,TWF1,literal_official,258
K562,TWF2,ENSG00000247596,TWF2,literal_official,284
K562,TWIST1,ENSG00000122691,TWIST1,literal_official,194
K562,TWIST2,ENSG00000233608,TWIST2,literal_official,230
K562,TWISTNB,ENSG00000105849,TWISTNB,literal_official,62
K562,TWNK,ENSG00000107815,TWNK,literal_official,119
K562,TWSG1,ENSG00000128791,TWSG1,literal_official,200
K562,TXLNA,ENSG00000084652,TXLNA,literal_official,225
K562,TXLNG,ENSG00000086712,TXLNG,literal_official,131
K562,TXN,ENSG00000136810,TXN,unique_hgnc_bridge,97
K562,TXN2,ENSG00000100348,TXN2,literal_official,77
K562,TXNDC11,ENSG00000153066,TXNDC11,literal_official,239
K562,TXNDC12,ENSG00000117862,TXNDC12,literal_official,35
K562,TXNDC15,ENSG00000113621,TXNDC15,literal_official,153
K562,TXNDC17,ENSG00000129235,TXNDC17,literal_official,167
K562,TXNDC5,ENSG00000239264,TXNDC5,literal_official,241
K562,TXNDC9,ENSG00000115514,TXNDC9,literal_official,31
K562,TXNIP,ENSG00000265972,TXNIP,literal_official,100
K562,TXNL1,ENSG00000091164,TXNL1,literal_official,217
K562,TXNL4A,ENSG00000141759,TXNL4A,literal_official,145
K562,TXNL4B,ENSG00000140830,TXNL4B,literal_official,254
K562,TXNRD1,ENSG00000198431,TXNRD1,literal_official,184
K562,TXNRD2,ENSG00000184470,TXNRD2,literal_official,330
K562,TYK2,ENSG00000105397,TYK2,literal_official,144
K562,TYMP,ENSG00000025708,TYMP,literal_official,116
K562,TYMS,ENSG00000176890,TYMS,literal_official,89
K562,TYRO3,ENSG00000092445,TYRO3,literal_official,281
K562,TYROBP,ENSG00000011600,TYROBP,literal_official,93
K562,TYW1,ENSG00000198874,TYW1,literal_official,63
K562,TYW1B,ENSG00000277149,TYW1B,literal_official,71
K562,TYW3,ENSG00000162623,TYW3,literal_official,16
K562,TYW5,ENSG00000162971,TYW5,literal_official,152
K562,U2AF1,ENSG00000160201,U2AF1,unique_hgnc_bridge,45
K562,U2AF1L4,ENSG00000161265,U2AF1L4,literal_official,262
K562,U2AF2,ENSG00000063244,U2AF2,literal_official,208
K562,U2SURP,ENSG00000163714,U2SURP,literal_official,116
K562,UAP1,ENSG00000117143,UAP1,literal_official,221
K562,UBA1,ENSG00000130985,UBA1,literal_official,137
K562,UBA2,ENSG00000126261,UBA2,literal_official,228
K562,UBA3,ENSG00000144744,UBA3,literal_official,140
K562,UBA5,ENSG00000081307,UBA5,literal_official,217
K562,UBA52,ENSG00000221983,UBA52,literal_official,138
K562,UBA6,ENSG00000033178,UBA6,literal_official,88
K562,UBAC1,ENSG00000130560,UBAC1,literal_official,160
K562,UBAC2,ENSG00000134882,UBAC2,literal_official,162
K562,UBALD1,ENSG00000153443,UBALD1,literal_official,211
K562,UBALD2,ENSG00000185262,UBALD2,literal_official,260
K562,UBAP1,ENSG00000165006,UBAP1,literal_official,155
K562,UBAP2,ENSG00000137073,UBAP2,literal_official,87
K562,UBAP2L,ENSG00000143569,UBAP2L,literal_official,112
K562,UBB,ENSG00000170315,UBB,literal_official,289
K562,UBC,ENSG00000150991,UBC,literal_official,230
K562,UBE2A,ENSG00000077721,UBE2A,literal_official,247
K562,UBE2B,ENSG00000119048,UBE2B,literal_official,94
K562,UBE2D1,ENSG00000072401,UBE2D1,literal_official,403
K562,UBE2D2,ENSG00000131508,UBE2D2,literal_official,101
K562,UBE2D3,ENSG00000109332,UBE2D3,literal_official,401
K562,UBE2D4,ENSG00000078967,UBE2D4,literal_official,248
K562,UBE2E1,ENSG00000170142,UBE2E1,literal_official,155
K562,UBE2E3,ENSG00000170035,UBE2E3,literal_official,216
K562,UBE2F,ENSG00000184182,UBE2F,literal_official,53
K562,UBE2G1,ENSG00000132388,UBE2G1,literal_official,106
K562,UBE2G2,ENSG00000184787,UBE2G2,literal_official,190
K562,UBE2H,ENSG00000186591,UBE2H,literal_official,404
K562,UBE2I,ENSG00000103275,UBE2I,literal_official,103
K562,UBE2J1,ENSG00000198833,UBE2J1,literal_official,199
K562,UBE2J2,ENSG00000160087,UBE2J2,literal_official,44
K562,UBE2K,ENSG00000078140,UBE2K,literal_official,112
K562,UBE2L3,ENSG00000185651,UBE2L3,literal_official,520
K562,UBE2L6,ENSG00000156587,UBE2L6,literal_official,156
K562,UBE2M,ENSG00000130725,UBE2M,literal_official,409
K562,UBE2N,ENSG00000177889,UBE2N,literal_official,399
K562,UBE2O,ENSG00000175931,UBE2O,literal_official,244
K562,UBE2Q1,ENSG00000160714,UBE2Q1,literal_official,162
K562,UBE2Q2,ENSG00000140367,UBE2Q2,literal_official,83
K562,UBE2R2,ENSG00000107341,UBE2R2,literal_official,35
K562,UBE2S,ENSG00000108106,UBE2S,literal_official,156
K562,UBE2T,ENSG00000077152,UBE2T,literal_official,79
K562,UBE2V1,ENSG00000244687,UBE2V1,literal_official,162
K562,UBE2V2,ENSG00000169139,UBE2V2,literal_official,34
K562,UBE2W,ENSG00000104343,UBE2W,literal_official,181
K562,UBE2Z,ENSG00000159202,UBE2Z,literal_official,104
K562,UBE3A,ENSG00000114062,UBE3A,literal_official,228
K562,UBE3B,ENSG00000151148,UBE3B,literal_official,127
K562,UBE3C,ENSG00000009335,UBE3C,literal_official,178
K562,UBE3D,ENSG00000118420,UBE3D,literal_official,243
K562,UBE4A,ENSG00000110344,UBE4A,literal_official,53
K562,UBE4B,ENSG00000130939,UBE4B,literal_official,195
K562,UBFD1,ENSG00000103353,UBFD1,literal_official,175
K562,UBIAD1,ENSG00000120942,UBIAD1,literal_official,181
K562,UBL3,ENSG00000122042,UBL3,literal_official,78
K562,UBL4A,ENSG00000102178,UBL4A,literal_official,232
K562,UBL5,ENSG00000198258,UBL5,literal_official,119
K562,UBL7,ENSG00000138629,UBL7,literal_official,143
K562,UBLCP1,ENSG00000164332,UBLCP1,literal_official,72
K562,UBN1,ENSG00000118900,UBN1,literal_official,205
K562,UBN2,ENSG00000157741,UBN2,literal_official,258
K562,UBP1,ENSG00000153560,UBP1,literal_official,185
K562,UBQLN1,ENSG00000135018,UBQLN1,literal_official,205
K562,UBQLN2,ENSG00000188021,UBQLN2,literal_official,172
K562,UBQLN4,ENSG00000160803,UBQLN4,literal_official,298
K562,UBR1,ENSG00000159459,UBR1,unique_hgnc_bridge,308
K562,UBR2,ENSG00000024048,UBR2,literal_official,33
K562,UBR3,ENSG00000144357,UBR3,literal_official,146
K562,UBR4,ENSG00000127481,UBR4,literal_official,50
K562,UBR5,ENSG00000104517,UBR5,literal_official,102
K562,UBR7,ENSG00000012963,UBR7,literal_official,339
K562,UBTF,ENSG00000108312,UBTF,literal_official,511
K562,UBXN1,ENSG00000162191,UBXN1,literal_official,287
K562,UBXN10,ENSG00000162543,UBXN10,literal_official,455
K562,UBXN11,ENSG00000158062,UBXN11,literal_official,225
K562,UBXN2A,ENSG00000173960,UBXN2A,literal_official,82
K562,UBXN2B,ENSG00000215114,UBXN2B,literal_official,238
K562,UBXN4,ENSG00000144224,UBXN4,literal_official,232
K562,UBXN6,ENSG00000167671,UBXN6,literal_official,451
K562,UBXN7,ENSG00000163960,UBXN7,literal_official,140
K562,UBXN8,ENSG00000104691,UBXN8,literal_official,235
K562,UCHL3,ENSG00000118939,UCHL3,literal_official,100
K562,UCHL5,ENSG00000116750,UCHL5,literal_official,238
K562,UCK1,ENSG00000130717,UCK1,literal_official,222
K562,UCK2,ENSG00000143179,UCK2,literal_official,156
K562,UCKL1,ENSG00000198276,UCKL1,literal_official,181
K562,UCP2,ENSG00000175567,UCP2,literal_official,363
K562,UFC1,ENSG00000143222,UFC1,literal_official,264
K562,UFD1,ENSG00000070010,UFD1,literal_official,111
K562,UFL1,ENSG00000014123,UFL1,literal_official,473
K562,UFM1,ENSG00000120686,UFM1,literal_official,260
K562,UFSP1,ENSG00000176125,UFSP1,literal_official,178
K562,UFSP2,ENSG00000109775,UFSP2,literal_official,187
K562,UGCG,ENSG00000148154,UGCG,literal_official,141
K562,UGDH,ENSG00000109814,UGDH,literal_official,100
K562,UGGT1,ENSG00000136731,UGGT1,literal_official,239
K562,UGGT2,ENSG00000102595,UGGT2,literal_official,223
K562,UGP2,ENSG00000169764,UGP2,literal_official,200
K562,UGT8,ENSG00000174607,UGT8,literal_official,210
K562,UHMK1,ENSG00000152332,UHMK1,literal_official,275
K562,UHRF1,ENSG00000276043,UHRF1,literal_official,193
K562,UHRF1BP1,ENSG00000065060,UHRF1BP1,literal_official,102
K562,UHRF1BP1L,ENSG00000111647,UHRF1BP1L,literal_official,131
K562,UHRF2,ENSG00000147854,UHRF2,literal_official,215
K562,UIMC1,ENSG00000087206,UIMC1,literal_official,227
K562,ULK3,ENSG00000140474,ULK3,literal_official,232
K562,UMPS,ENSG00000114491,UMPS,literal_official,27
K562,UNC119,ENSG00000109103,UNC119,literal_official,354
K562,UNC119B,ENSG00000175970,UNC119B,literal_official,297
K562,UNC13D,ENSG00000092929,UNC13D,literal_official,248
K562,UNC45A,ENSG00000140553,UNC45A,literal_official,351
K562,UNC50,ENSG00000115446,UNC50,literal_official,114
K562,UNC93B1,ENSG00000110057,UNC93B1,literal_official,271
K562,UNCX,ENSG00000164853,UNCX,literal_official,308
K562,UNG,ENSG00000076248,UNG,literal_official,270
K562,UNK,ENSG00000132478,UNK,literal_official,225
K562,UNKL,ENSG00000059145,UNKL,unique_hgnc_bridge,248
K562,UPF1,ENSG00000005007,UPF1,literal_official,270
K562,UPF2,ENSG00000151461,UPF2,literal_official,351
K562,UPF3A,ENSG00000169062,UPF3A,literal_official,187
K562,UPF3B,ENSG00000125351,UPF3B,literal_official,193
K562,UPRT,ENSG00000094841,UPRT,literal_official,180
K562,UQCC1,ENSG00000101019,UQCC1,literal_official,102
K562,UQCC2,ENSG00000137288,UQCC2,literal_official,171
K562,UQCR10,ENSG00000184076,UQCR10,literal_official,89
K562,UQCR11,ENSG00000127540,UQCR11,literal_official,240
K562,UQCRB,ENSG00000156467,UQCRB,literal_official,208
K562,UQCRC1,ENSG00000010256,UQCRC1,literal_official,643
K562,UQCRC2,ENSG00000140740,UQCRC2,literal_official,118
K562,UQCRFS1,ENSG00000169021,UQCRFS1,literal_official,168
K562,UQCRH,ENSG00000173660,UQCRH,literal_official,216
K562,UQCRHL,ENSG00000233954,UQCRHL,literal_official,103
K562,UQCRQ,ENSG00000164405,UQCRQ,literal_official,189
K562,URB1,ENSG00000142207,URB1,literal_official,107
K562,URB2,ENSG00000135763,URB2,literal_official,249
K562,URGCP,ENSG00000106608,URGCP,literal_official,275
K562,URI1,ENSG00000105176,URI1,literal_official,142
K562,URM1,ENSG00000167118,URM1,literal_official,246
K562,UROD,ENSG00000126088,UROD,literal_official,412
K562,UROS,ENSG00000188690,UROS,literal_official,217
K562,USB1,ENSG00000103005,USB1,literal_official,140
K562,USE1,ENSG00000053501,USE1,literal_official,156
K562,USF1,ENSG00000158773,USF1,literal_official,161
K562,USF2,ENSG00000105698,USF2,literal_official,409
K562,USO1,ENSG00000138768,USO1,literal_official,183
K562,USP1,ENSG00000162607,USP1,literal_official,45
K562,USP10,ENSG00000103194,USP10,literal_official,251
K562,USP11,ENSG00000102226,USP11,literal_official,211
K562,USP12,ENSG00000152484,USP12,literal_official,297
K562,USP13,ENSG00000058056,USP13,literal_official,208
K562,USP14,ENSG00000101557,USP14,literal_official,212
K562,USP15,ENSG00000135655,USP15,literal_official,125
K562,USP16,ENSG00000156256,USP16,literal_official,194
K562,USP19,ENSG00000172046,USP19,literal_official,187
K562,USP2,ENSG00000036672,USP2,literal_official,352
K562,USP20,ENSG00000136878,USP20,literal_official,242
K562,USP21,ENSG00000143258,USP21,literal_official,170
K562,USP22,ENSG00000124422,USP22,literal_official,286
K562,USP24,ENSG00000162402,USP24,literal_official,301
K562,USP25,ENSG00000155313,USP25,literal_official,122
K562,USP28,ENSG00000048028,USP28,literal_official,180
K562,USP3,ENSG00000140455,USP3,literal_official,226
K562,USP30,ENSG00000135093,USP30,literal_official,302
K562,USP32,ENSG00000170832,USP32,literal_official,143
K562,USP33,ENSG00000077254,USP33,literal_official,107
K562,USP34,ENSG00000115464,USP34,literal_official,78
K562,USP36,ENSG00000055483,USP36,literal_official,303
K562,USP37,ENSG00000135913,USP37,literal_official,100
K562,USP38,ENSG00000170185,USP38,literal_official,310
K562,USP39,ENSG00000168883,USP39,literal_official,159
K562,USP4,ENSG00000114316,USP4,literal_official,23
K562,USP40,ENSG00000085982,USP40,literal_official,144
K562,USP42,ENSG00000106346,USP42,literal_official,151
K562,USP44,ENSG00000136014,USP44,literal_official,194
K562,USP45,ENSG00000123552,USP45,literal_official,264
K562,USP46,ENSG00000109189,USP46,literal_official,180
K562,USP47,ENSG00000170242,USP47,literal_official,374
K562,USP48,ENSG00000090686,USP48,literal_official,214
K562,USP49,ENSG00000164663,USP49,literal_official,105
K562,USP5,ENSG00000111667,USP5,literal_official,341
K562,USP51,ENSG00000247746,USP51,literal_official,262
K562,USP53,ENSG00000145390,USP53,literal_official,186
K562,USP54,ENSG00000166348,USP54,literal_official,302
K562,USP6NL,ENSG00000148429,USP6NL,literal_official,233
K562,USP7,ENSG00000187555,USP7,literal_official,615
K562,USP8,ENSG00000138592,USP8,literal_official,151
K562,USP9X,ENSG00000124486,USP9X,literal_official,231
K562,USPL1,ENSG00000132952,USPL1,literal_official,131
K562,UTP11,ENSG00000183520,UTP11,literal_official,80
K562,UTP14A,ENSG00000156697,UTP14A,literal_official,8
K562,UTP15,ENSG00000164338,UTP15,literal_official,85
K562,UTP18,ENSG00000011260,UTP18,literal_official,147
K562,UTP20,ENSG00000120800,UTP20,literal_official,108
K562,UTP23,ENSG00000147679,UTP23,literal_official,183
K562,UTP25,ENSG00000117597,UTP25,literal_official,43
K562,UTP3,ENSG00000132467,UTP3,literal_official,19
K562,UTP6,ENSG00000108651,UTP6,literal_official,57
K562,UTRN,ENSG00000152818,UTRN,literal_official,172
K562,UVRAG,ENSG00000198382,UVRAG,literal_official,22
K562,UXS1,ENSG00000115652,UXS1,literal_official,284
K562,UXT,ENSG00000126756,UXT,literal_official,217
K562,VAC14,ENSG00000103043,VAC14,literal_official,145
K562,VAMP1,ENSG00000139190,VAMP1,literal_official,147
K562,VAMP2,ENSG00000220205,VAMP2,literal_official,127
K562,VAMP3,ENSG00000049245,VAMP3,literal_official,132
K562,VAMP4,ENSG00000117533,VAMP4,literal_official,114
K562,VAMP7,ENSG00000124333,VAMP7,literal_official,152
K562,VAMP8,ENSG00000118640,VAMP8,literal_official,270
K562,VAPA,ENSG00000101558,VAPA,literal_official,126
K562,VAPB,ENSG00000124164,VAPB,literal_official,148
K562,VARS,ENSG00000204394,VARS,literal_official,113
K562,VARS2,ENSG00000137411,VARS2,literal_official,194
K562,VASP,ENSG00000125753,VASP,literal_official,111
K562,VAT1,ENSG00000108828,VAT1,literal_official,376
K562,VAV1,ENSG00000141968,VAV1,literal_official,174
K562,VAX1,ENSG00000148704,VAX1,literal_official,167
K562,VAX2,ENSG00000116035,VAX2,literal_official,144
K562,VBP1,ENSG00000155959,VBP1,literal_official,249
K562,VCL,ENSG00000035403,VCL,literal_official,246
K562,VCP,ENSG00000165280,VCP,literal_official,288
K562,VCPIP1,ENSG00000175073,VCPIP1,literal_official,79
K562,VCX,ENSG00000182583,VCX,literal_official,37
K562,VDAC1,ENSG00000213585,VDAC1,literal_official,88
K562,VDAC2,ENSG00000165637,VDAC2,literal_official,88
K562,VDAC3,ENSG00000078668,VDAC3,literal_official,52
K562,VDR,ENSG00000111424,VDR,literal_official,125
K562,VEGFA,ENSG00000112715,VEGFA,literal_official,122
K562,VEGFB,ENSG00000173511,VEGFB,literal_official,340
K562,VENTX,ENSG00000151650,VENTX,literal_official,57
K562,VEZF1,ENSG00000136451,VEZF1,literal_official,114
K562,VEZT,ENSG00000028203,VEZT,literal_official,483
K562,VGF,ENSG00000128564,VGF,literal_official,195
K562,VGLL4,ENSG00000144560,VGLL4,literal_official,200
K562,VHL,ENSG00000134086,VHL,literal_official,378
K562,VILL,ENSG00000136059,VILL,literal_official,300
K562,VIM,ENSG00000026025,VIM,literal_official,100
K562,VIPAS39,ENSG00000151445,VIPAS39,literal_official,219
K562,VIRMA,ENSG00000164944,VIRMA,literal_official,52
K562,VKORC1,ENSG00000167397,VKORC1,literal_official,97
K562,VKORC1L1,ENSG00000196715,VKORC1L1,literal_official,403
K562,VMA21,ENSG00000160131,VMA21,literal_official,80
K562,VMP1,ENSG00000062716,VMP1,literal_official,193
K562,VOPP1,ENSG00000154978,VOPP1,literal_official,239
K562,VPS11,ENSG00000160695,VPS11,literal_official,59
K562,VPS13A,ENSG00000197969,VPS13A,literal_official,63
K562,VPS13B,ENSG00000132549,VPS13B,literal_official,110
K562,VPS13C,ENSG00000129003,VPS13C,literal_official,368
K562,VPS13D,ENSG00000048707,VPS13D,literal_official,334
K562,VPS16,ENSG00000215305,VPS16,literal_official,130
K562,VPS18,ENSG00000104142,VPS18,literal_official,337
K562,VPS25,ENSG00000131475,VPS25,literal_official,166
K562,VPS26A,ENSG00000122958,VPS26A,literal_official,151
K562,VPS26B,ENSG00000151502,VPS26B,literal_official,177
K562,VPS26C,ENSG00000157538,VPS26C,literal_official,203
K562,VPS28,ENSG00000160948,VPS28,literal_official,37
K562,VPS29,ENSG00000111237,VPS29,literal_official,187
K562,VPS33A,ENSG00000139719,VPS33A,literal_official,305
K562,VPS33B,ENSG00000184056,VPS33B,literal_official,215
K562,VPS35,ENSG00000069329,VPS35,literal_official,52
K562,VPS35L,ENSG00000103544,VPS35L,literal_official,170
K562,VPS36,ENSG00000136100,VPS36,literal_official,288
K562,VPS37A,ENSG00000155975,VPS37A,literal_official,304
K562,VPS37B,ENSG00000139722,VPS37B,literal_official,212
K562,VPS37C,ENSG00000167987,VPS37C,literal_official,378
K562,VPS39,ENSG00000166887,VPS39,literal_official,249
K562,VPS41,ENSG00000006715,VPS41,literal_official,731
K562,VPS45,ENSG00000136631,VPS45,literal_official,211
K562,VPS4A,ENSG00000132612,VPS4A,literal_official,114
K562,VPS4B,ENSG00000119541,VPS4B,literal_official,131
K562,VPS51,ENSG00000149823,VPS51,literal_official,175
K562,VPS52,ENSG00000223501,VPS52,literal_official,58
K562,VPS53,ENSG00000141252,VPS53,literal_official,148
K562,VPS54,ENSG00000143952,VPS54,literal_official,194
K562,VPS72,ENSG00000163159,VPS72,literal_official,200
K562,VPS8,ENSG00000156931,VPS8,literal_official,266
K562,VRK1,ENSG00000100749,VRK1,literal_official,187
K562,VRK2,ENSG00000028116,VRK2,literal_official,287
K562,VRK3,ENSG00000105053,VRK3,literal_official,228
K562,VSIG10,ENSG00000176834,VSIG10,literal_official,144
K562,VSX1,ENSG00000100987,VSX1,literal_official,75
K562,VSX2,ENSG00000119614,VSX2,literal_official,37
K562,VTA1,ENSG00000009844,VTA1,literal_official,254
K562,VTI1A,ENSG00000151532,VTI1A,literal_official,93
K562,VTI1B,ENSG00000100568,VTI1B,literal_official,101
K562,VWA1,ENSG00000179403,VWA1,literal_official,31
K562,VWA8,ENSG00000102763,VWA8,literal_official,216
K562,VWDE,ENSG00000146530,VWDE,literal_official,157
K562,WAC,ENSG00000095787,WAC,literal_official,331
K562,WARS,ENSG00000140105,WARS,literal_official,206
K562,WARS2,ENSG00000116874,WARS2,literal_official,179
K562,WAS,ENSG00000015285,WAS,literal_official,163
K562,WASF1,ENSG00000112290,WASF1,literal_official,183
K562,WASF2,ENSG00000158195,WASF2,literal_official,105
K562,WASHC2A,ENSG00000099290,WASHC2A,literal_official,196
K562,WASHC2C,ENSG00000172661,WASHC2C,unique_hgnc_bridge,268
K562,WASHC3,ENSG00000120860,WASHC3,literal_official,229
K562,WASHC4,ENSG00000136051,WASHC4,literal_official,117
K562,WASHC5,ENSG00000164961,WASHC5,literal_official,223
K562,WASL,ENSG00000106299,WASL,literal_official,146
K562,WBP1,ENSG00000239779,WBP1,literal_official,247
K562,WBP11,ENSG00000084463,WBP11,literal_official,368
K562,WBP1L,ENSG00000166272,WBP1L,literal_official,583
K562,WBP2,ENSG00000132471,WBP2,literal_official,146
K562,WBP4,ENSG00000120688,WBP4,literal_official,234
K562,WDCP,ENSG00000163026,WDCP,literal_official,156
K562,WDFY1,ENSG00000085449,WDFY1,literal_official,166
K562,WDFY2,ENSG00000139668,WDFY2,literal_official,98
K562,WDFY3,ENSG00000163625,WDFY3,literal_official,172
K562,WDHD1,ENSG00000198554,WDHD1,literal_official,404
K562,WDR1,ENSG00000071127,WDR1,literal_official,203
K562,WDR11,ENSG00000120008,WDR11,literal_official,126
K562,WDR12,ENSG00000138442,WDR12,literal_official,68
K562,WDR13,ENSG00000101940,WDR13,literal_official,210
K562,WDR18,ENSG00000065268,WDR18,literal_official,174
K562,WDR19,ENSG00000157796,WDR19,literal_official,182
K562,WDR20,ENSG00000140153,WDR20,literal_official,246
K562,WDR24,ENSG00000127580,WDR24,literal_official,114
K562,WDR25,ENSG00000176473,WDR25,literal_official,454
K562,WDR26,ENSG00000162923,WDR26,literal_official,409
K562,WDR27,ENSG00000184465,WDR27,literal_official,82
K562,WDR3,ENSG00000065183,WDR3,literal_official,220
K562,WDR33,ENSG00000136709,WDR33,literal_official,74
K562,WDR34,ENSG00000119333,WDR34,literal_official,196
K562,WDR36,ENSG00000134987,WDR36,literal_official,168
K562,WDR37,ENSG00000047056,WDR37,literal_official,142
K562,WDR4,ENSG00000160193,WDR4,literal_official,731
K562,WDR41,ENSG00000164253,WDR41,literal_official,172
K562,WDR43,ENSG00000163811,WDR43,literal_official,138
K562,WDR44,ENSG00000131725,WDR44,literal_official,199
K562,WDR45,ENSG00000196998,WDR45,literal_official,220
K562,WDR45B,ENSG00000141580,WDR45B,literal_official,195
K562,WDR46,ENSG00000227057,WDR46,literal_official,110
K562,WDR48,ENSG00000114742,WDR48,literal_official,102
K562,WDR5,ENSG00000196363,WDR5,literal_official,96
K562,WDR53,ENSG00000185798,WDR53,literal_official,314
K562,WDR54,ENSG00000005448,WDR54,literal_official,453
K562,WDR55,ENSG00000120314,WDR55,literal_official,106
K562,WDR59,ENSG00000103091,WDR59,literal_official,214
K562,WDR6,ENSG00000178252,WDR6,literal_official,226
K562,WDR60,ENSG00000126870,WDR60,literal_official,141
K562,WDR61,ENSG00000140395,WDR61,literal_official,188
K562,WDR62,ENSG00000075702,WDR62,literal_official,235
K562,WDR66,ENSG00000158023,WDR66,literal_official,100
K562,WDR7,ENSG00000091157,WDR7,literal_official,150
K562,WDR70,ENSG00000082068,WDR70,literal_official,20
K562,WDR73,ENSG00000177082,WDR73,literal_official,20
K562,WDR74,ENSG00000133316,WDR74,literal_official,286
K562,WDR75,ENSG00000115368,WDR75,literal_official,84
K562,WDR76,ENSG00000092470,WDR76,literal_official,228
K562,WDR77,ENSG00000116455,WDR77,literal_official,57
K562,WDR81,ENSG00000167716,WDR81,literal_official,396
K562,WDR82,ENSG00000164091,WDR82,literal_official,151
K562,WDR83,ENSG00000123154,WDR83,literal_official,262
K562,WDR83OS,ENSG00000105583,WDR83OS,literal_official,202
K562,WDR89,ENSG00000140006,WDR89,literal_official,156
K562,WDR91,ENSG00000105875,WDR91,literal_official,178
K562,WDR92,ENSG00000243667,WDR92,literal_official,138
K562,WDSUB1,ENSG00000196151,WDSUB1,literal_official,148
K562,WDTC1,ENSG00000142784,WDTC1,literal_official,209
K562,WDYHV1,ENSG00000156795,WDYHV1,literal_official,89
K562,WEE1,ENSG00000166483,WEE1,literal_official,88
K562,WHAMM,ENSG00000156232,WHAMM,literal_official,268
K562,WIPF1,ENSG00000115935,WIPF1,literal_official,149
K562,WIPF2,ENSG00000171475,WIPF2,literal_official,252
K562,WIPF3,ENSG00000122574,WIPF3,literal_official,215
K562,WIPI1,ENSG00000070540,WIPI1,literal_official,382
K562,WIPI2,ENSG00000157954,WIPI2,literal_official,100
K562,WIZ,ENSG00000011451,WIZ,literal_official,161
K562,WNK1,ENSG00000060237,WNK1,literal_official,304
K562,WNK2,ENSG00000165238,WNK2,literal_official,204
K562,WNK4,ENSG00000126562,WNK4,literal_official,217
K562,WNT5B,ENSG00000111186,WNT5B,literal_official,278
K562,WRAP53,ENSG00000141499,WRAP53,literal_official,271
K562,WRAP73,ENSG00000116213,WRAP73,literal_official,219
K562,WRN,ENSG00000165392,WRN,literal_official,85
K562,WRNIP1,ENSG00000124535,WRNIP1,literal_official,364
K562,WSB1,ENSG00000109046,WSB1,literal_official,231
K562,WSB2,ENSG00000176871,WSB2,literal_official,156
K562,WT1,ENSG00000184937,WT1,literal_official,281
K562,WTAP,ENSG00000146457,WTAP,literal_official,225
K562,WWC2,ENSG00000151718,WWC2,literal_official,227
K562,WWOX,ENSG00000186153,WWOX,literal_official,178
K562,WWP1,ENSG00000123124,WWP1,literal_official,142
K562,WWP2,ENSG00000198373,WWP2,literal_official,138
K562,XAB2,ENSG00000076924,XAB2,literal_official,157
K562,XAGE1B,ENSG00000204382,XAGE1B,unique_hgnc_bridge,73
K562,XBP1,ENSG00000100219,XBP1,literal_official,273
K562,XIAP,ENSG00000101966,XIAP,literal_official,167
K562,XK,ENSG00000047597,XK,literal_official,72
K562,XPA,ENSG00000136936,XPA,literal_official,198
K562,XPC,ENSG00000154767,XPC,literal_official,225
K562,XPNPEP1,ENSG00000108039,XPNPEP1,literal_official,142
K562,XPNPEP3,ENSG00000196236,XPNPEP3,literal_official,177
K562,XPO1,ENSG00000082898,XPO1,literal_official,130
K562,XPO4,ENSG00000132953,XPO4,literal_official,211
K562,XPO5,ENSG00000124571,XPO5,literal_official,476
K562,XPO6,ENSG00000169180,XPO6,literal_official,201
K562,XPO7,ENSG00000130227,XPO7,literal_official,230
K562,XPOT,ENSG00000184575,XPOT,literal_official,232
K562,XPR1,ENSG00000143324,XPR1,literal_official,344
K562,XRCC1,ENSG00000073050,XRCC1,literal_official,509
K562,XRCC2,ENSG00000196584,XRCC2,literal_official,344
K562,XRCC3,ENSG00000126215,XRCC3,literal_official,78
K562,XRCC4,ENSG00000152422,XRCC4,literal_official,215
K562,XRCC5,ENSG00000079246,XRCC5,literal_official,78
K562,XRCC6,ENSG00000196419,XRCC6,literal_official,29
K562,XRN1,ENSG00000114127,XRN1,literal_official,26
K562,XRN2,ENSG00000088930,XRN2,literal_official,118
K562,XRRA1,ENSG00000166435,XRRA1,literal_official,234
K562,XXYLT1,ENSG00000173950,XXYLT1,literal_official,86
K562,XYLB,ENSG00000093217,XYLB,literal_official,198
K562,XYLT2,ENSG00000015532,XYLT2,literal_official,92
K562,YAE1,ENSG00000241127,YAE1,literal_official,51
K562,YAF2,ENSG00000015153,YAF2,literal_official,84
K562,YARS,ENSG00000134684,YARS,literal_official,382
K562,YARS2,ENSG00000139131,YARS2,literal_official,272
K562,YBEY,ENSG00000182362,YBEY,literal_official,214
K562,YBX1,ENSG00000065978,YBX1,literal_official,158
K562,YBX2,ENSG00000006047,YBX2,literal_official,281
K562,YBX3,ENSG00000060138,YBX3,literal_official,233
K562,YDJC,ENSG00000161179,YDJC,literal_official,96
K562,YEATS2,ENSG00000163872,YEATS2,literal_official,354
K562,YEATS4,ENSG00000127337,YEATS4,literal_official,472
K562,YES1,ENSG00000176105,YES1,literal_official,283
K562,YIF1A,ENSG00000174851,YIF1A,literal_official,232
K562,YIF1B,ENSG00000167645,YIF1B,literal_official,205
K562,YIPF1,ENSG00000058799,YIPF1,literal_official,220
K562,YIPF2,ENSG00000130733,YIPF2,literal_official,126
K562,YIPF3,ENSG00000137207,YIPF3,literal_official,86
K562,YIPF4,ENSG00000119820,YIPF4,literal_official,204
K562,YIPF5,ENSG00000145817,YIPF5,literal_official,75
K562,YIPF6,ENSG00000181704,YIPF6,literal_official,81
K562,YJEFN3,ENSG00000250067,YJEFN3,literal_official,270
K562,YJU2,ENSG00000105248,YJU2,literal_official,139
K562,YKT6,ENSG00000106636,YKT6,literal_official,93
K562,YLPM1,ENSG00000119596,YLPM1,unique_hgnc_bridge,28
K562,YME1L1,ENSG00000136758,YME1L1,literal_official,90
K562,YOD1,ENSG00000180667,YOD1,literal_official,234
K562,YPEL1,ENSG00000100027,YPEL1,literal_official,225
K562,YPEL3,ENSG00000090238,YPEL3,literal_official,109
K562,YPEL5,ENSG00000119801,YPEL5,literal_official,163
K562,YRDC,ENSG00000196449,YRDC,literal_official,227
K562,YTHDC1,ENSG00000083896,YTHDC1,literal_official,137
K562,YTHDC2,ENSG00000047188,YTHDC2,literal_official,231
K562,YTHDF1,ENSG00000149658,YTHDF1,literal_official,278
K562,YTHDF2,ENSG00000198492,YTHDF2,literal_official,88
K562,YTHDF3,ENSG00000185728,YTHDF3,literal_official,163
K562,YWHAB,ENSG00000166913,YWHAB,literal_official,185
K562,YWHAE,ENSG00000108953,YWHAE,literal_official,88
K562,YWHAG,ENSG00000170027,YWHAG,literal_official,109
K562,YWHAH,ENSG00000128245,YWHAH,literal_official,246
K562,YWHAQ,ENSG00000134308,YWHAQ,literal_official,212
K562,YWHAZ,ENSG00000164924,YWHAZ,literal_official,377
K562,YY1,ENSG00000100811,YY1,literal_official,177
K562,YY1AP1,ENSG00000163374,YY1AP1,literal_official,155
K562,YY2,ENSG00000230797,YY2,literal_official,310
K562,ZADH2,ENSG00000180011,ZADH2,literal_official,310
K562,ZBED1,ENSG00000214717,ZBED1,literal_official,284
K562,ZBED2,ENSG00000177494,ZBED2,literal_official,10
K562,ZBED3,ENSG00000132846,ZBED3,literal_official,249
K562,ZBED4,ENSG00000100426,ZBED4,literal_official,227
K562,ZBED5,ENSG00000236287,ZBED5,literal_official,172
K562,ZBED6,ENSG00000257315,ZBED6,literal_official,133
K562,ZBED6CL,ENSG00000188707,ZBED6CL,literal_official,99
K562,ZBTB1,ENSG00000126804,ZBTB1,literal_official,283
K562,ZBTB10,ENSG00000205189,ZBTB10,literal_official,134
K562,ZBTB11,ENSG00000066422,ZBTB11,literal_official,306
K562,ZBTB12,ENSG00000204366,ZBTB12,literal_official,173
K562,ZBTB14,ENSG00000198081,ZBTB14,literal_official,34
K562,ZBTB16,ENSG00000109906,ZBTB16,literal_official,33
K562,ZBTB17,ENSG00000116809,ZBTB17,literal_official,318
K562,ZBTB18,ENSG00000179456,ZBTB18,literal_official,176
K562,ZBTB2,ENSG00000181472,ZBTB2,literal_official,76
K562,ZBTB20,ENSG00000181722,ZBTB20,literal_official,200
K562,ZBTB21,ENSG00000173276,ZBTB21,literal_official,191
K562,ZBTB22,ENSG00000236104,ZBTB22,literal_official,119
K562,ZBTB24,ENSG00000112365,ZBTB24,literal_official,278
K562,ZBTB25,ENSG00000089775,ZBTB25,literal_official,62
K562,ZBTB26,ENSG00000171448,ZBTB26,literal_official,249
K562,ZBTB3,ENSG00000185670,ZBTB3,literal_official,147
K562,ZBTB32,ENSG00000011590,ZBTB32,literal_official,291
K562,ZBTB33,ENSG00000177485,ZBTB33,literal_official,106
K562,ZBTB34,ENSG00000177125,ZBTB34,literal_official,154
K562,ZBTB37,ENSG00000185278,ZBTB37,literal_official,299
K562,ZBTB38,ENSG00000177311,ZBTB38,literal_official,437
K562,ZBTB39,ENSG00000166860,ZBTB39,literal_official,90
K562,ZBTB4,ENSG00000174282,ZBTB4,literal_official,363
K562,ZBTB40,ENSG00000184677,ZBTB40,literal_official,129
K562,ZBTB41,ENSG00000177888,ZBTB41,literal_official,154
K562,ZBTB42,ENSG00000179627,ZBTB42,literal_official,171
K562,ZBTB43,ENSG00000169155,ZBTB43,literal_official,187
K562,ZBTB44,ENSG00000196323,ZBTB44,literal_official,260
K562,ZBTB45,ENSG00000119574,ZBTB45,literal_official,198
K562,ZBTB46,ENSG00000130584,ZBTB46,literal_official,89
K562,ZBTB47,ENSG00000114853,ZBTB47,literal_official,308
K562,ZBTB48,ENSG00000204859,ZBTB48,literal_official,83
K562,ZBTB49,ENSG00000168826,ZBTB49,literal_official,276
K562,ZBTB5,ENSG00000168795,ZBTB5,literal_official,151
K562,ZBTB6,ENSG00000186130,ZBTB6,literal_official,87
K562,ZBTB7A,ENSG00000178951,ZBTB7A,literal_official,970
K562,ZBTB7B,ENSG00000160685,ZBTB7B,literal_official,120
K562,ZBTB7C,ENSG00000184828,ZBTB7C,literal_official,514
K562,ZBTB8A,ENSG00000160062,ZBTB8A,literal_official,211
K562,ZBTB8B,ENSG00000273274,ZBTB8B,literal_official,90
K562,ZBTB8OS,ENSG00000176261,ZBTB8OS,literal_official,133
K562,ZBTB9,ENSG00000213588,ZBTB9,literal_official,53
K562,ZC2HC1C,ENSG00000119703,ZC2HC1C,literal_official,146
K562,ZC3H11A,ENSG00000058673,ZC3H11A,literal_official,120
K562,ZC3H12A,ENSG00000163874,ZC3H12A,literal_official,172
K562,ZC3H13,ENSG00000123200,ZC3H13,literal_official,148
K562,ZC3H14,ENSG00000100722,ZC3H14,literal_official,218
K562,ZC3H15,ENSG00000065548,ZC3H15,literal_official,127
K562,ZC3H18,ENSG00000158545,ZC3H18,literal_official,67
K562,ZC3H3,ENSG00000014164,ZC3H3,literal_official,171
K562,ZC3H4,ENSG00000130749,ZC3H4,literal_official,465
K562,ZC3H7A,ENSG00000122299,ZC3H7A,literal_official,95
K562,ZC3H7B,ENSG00000100403,ZC3H7B,literal_official,123
K562,ZC3H8,ENSG00000144161,ZC3H8,literal_official,16
K562,ZC3HAV1,ENSG00000105939,ZC3HAV1,literal_official,183
K562,ZC3HC1,ENSG00000091732,ZC3HC1,literal_official,166
K562,ZCCHC10,ENSG00000155329,ZCCHC10,literal_official,112
K562,ZCCHC17,ENSG00000121766,ZCCHC17,literal_official,157
K562,ZCCHC3,ENSG00000247315,ZCCHC3,literal_official,136
K562,ZCCHC4,ENSG00000168228,ZCCHC4,literal_official,176
K562,ZCCHC7,ENSG00000147905,ZCCHC7,literal_official,140
K562,ZCCHC8,ENSG00000033030,ZCCHC8,literal_official,190
K562,ZCCHC9,ENSG00000131732,ZCCHC9,literal_official,68
K562,ZCRB1,ENSG00000139168,ZCRB1,literal_official,275
K562,ZDHHC12,ENSG00000160446,ZDHHC12,literal_official,282
K562,ZDHHC14,ENSG00000175048,ZDHHC14,literal_official,134
K562,ZDHHC16,ENSG00000171307,ZDHHC16,literal_official,309
K562,ZDHHC17,ENSG00000186908,ZDHHC17,literal_official,234
K562,ZDHHC18,ENSG00000204160,ZDHHC18,literal_official,192
K562,ZDHHC19,ENSG00000163958,ZDHHC19,literal_official,134
K562,ZDHHC20,ENSG00000180776,ZDHHC20,literal_official,148
K562,ZDHHC24,ENSG00000174165,ZDHHC24,literal_official,140
K562,ZDHHC3,ENSG00000163812,ZDHHC3,literal_official,166
K562,ZDHHC4,ENSG00000136247,ZDHHC4,literal_official,125
K562,ZDHHC5,ENSG00000156599,ZDHHC5,literal_official,286
K562,ZDHHC6,ENSG00000023041,ZDHHC6,literal_official,354
K562,ZDHHC7,ENSG00000153786,ZDHHC7,literal_official,127
K562,ZDHHC8,ENSG00000099904,ZDHHC8,literal_official,100
K562,ZDHHC9,ENSG00000188706,ZDHHC9,literal_official,192
K562,ZEB1,ENSG00000148516,ZEB1,literal_official,438
K562,ZEB2,ENSG00000169554,ZEB2,literal_official,61
K562,ZER1,ENSG00000160445,ZER1,literal_official,253
K562,ZFAND1,ENSG00000104231,ZFAND1,literal_official,219
K562,ZFAND2A,ENSG00000178381,ZFAND2A,literal_official,165
K562,ZFAND2B,ENSG00000158552,ZFAND2B,literal_official,204
K562,ZFAND3,ENSG00000156639,ZFAND3,literal_official,86
K562,ZFAND5,ENSG00000107372,ZFAND5,literal_official,145
K562,ZFAND6,ENSG00000086666,ZFAND6,literal_official,198
K562,ZFAT,ENSG00000066827,ZFAT,literal_official,241
K562,ZFC3H1,ENSG00000133858,ZFC3H1,literal_official,209
K562,ZFHX2,ENSG00000136367,ZFHX2,literal_official,364
K562,ZFHX3,ENSG00000140836,ZFHX3,literal_official,337
K562,ZFHX4,ENSG00000091656,ZFHX4,literal_official,329
K562,ZFP1,ENSG00000184517,ZFP1,literal_official,72
K562,ZFP14,ENSG00000142065,ZFP14,literal_official,154
K562,ZFP2,ENSG00000198939,ZFP2,literal_official,286
K562,ZFP28,ENSG00000196867,ZFP28,literal_official,498
K562,ZFP3,ENSG00000180787,ZFP3,literal_official,151
K562,ZFP30,ENSG00000120784,ZFP30,literal_official,120
K562,ZFP36L1,ENSG00000185650,ZFP36L1,literal_official,481
K562,ZFP36L2,ENSG00000152518,ZFP36L2,literal_official,207
K562,ZFP37,ENSG00000136866,ZFP37,literal_official,47
K562,ZFP41,ENSG00000181638,ZFP41,literal_official,205
K562,ZFP42,ENSG00000179059,ZFP42,literal_official,341
K562,ZFP57,ENSG00000204644,ZFP57,literal_official,127
K562,ZFP62,ENSG00000196670,ZFP62,literal_official,131
K562,ZFP64,ENSG00000020256,ZFP64,literal_official,181
K562,ZFP69,ENSG00000187815,ZFP69,literal_official,124
K562,ZFP69B,ENSG00000187801,ZFP69B,literal_official,406
K562,ZFP82,ENSG00000181007,ZFP82,literal_official,116
K562,ZFP90,ENSG00000184939,ZFP90,literal_official,247
K562,ZFP91,ENSG00000186660,ZFP91,literal_official,230
K562,ZFP92,ENSG00000189420,ZFP92,literal_official,271
K562,ZFPL1,ENSG00000162300,ZFPL1,literal_official,285
K562,ZFPM1,ENSG00000179588,ZFPM1,unique_hgnc_bridge,160
K562,ZFPM2,ENSG00000169946,ZFPM2,literal_official,275
K562,ZFR,ENSG00000056097,ZFR,literal_official,170
K562,ZFX,ENSG00000005889,ZFX,literal_official,157
K562,ZFY,ENSG00000067646,ZFY,literal_official,253
K562,ZFYVE16,ENSG00000039319,ZFYVE16,literal_official,150
K562,ZFYVE19,ENSG00000166140,ZFYVE19,literal_official,47
K562,ZFYVE21,ENSG00000100711,ZFYVE21,literal_official,279
K562,ZFYVE27,ENSG00000155256,ZFYVE27,literal_official,155
K562,ZFYVE28,ENSG00000159733,ZFYVE28,literal_official,323
K562,ZFYVE9,ENSG00000157077,ZFYVE9,literal_official,273
K562,ZGLP1,ENSG00000220201,ZGLP1,literal_official,192
K562,ZGPAT,ENSG00000197114,ZGPAT,literal_official,111
K562,ZHX1,ENSG00000165156,ZHX1,literal_official,131
K562,ZHX2,ENSG00000178764,ZHX2,literal_official,238
K562,ZHX3,ENSG00000174306,ZHX3,literal_official,261
K562,ZIC1,ENSG00000152977,ZIC1,literal_official,138
K562,ZIC2,ENSG00000043355,ZIC2,literal_official,279
K562,ZIC3,ENSG00000156925,ZIC3,literal_official,161
K562,ZIC4,ENSG00000174963,ZIC4,literal_official,451
K562,ZIC5,ENSG00000139800,ZIC5,literal_official,19
K562,ZIK1,ENSG00000171649,ZIK1,literal_official,261
K562,ZIM2,ENSG00000269699,ZIM2,literal_official,147
K562,ZIM3,ENSG00000141946,ZIM3,literal_official,94
K562,ZKSCAN1,ENSG00000106261,ZKSCAN1,literal_official,323
K562,ZKSCAN2,ENSG00000155592,ZKSCAN2,literal_official,136
K562,ZKSCAN3,ENSG00000189298,ZKSCAN3,literal_official,92
K562,ZKSCAN4,ENSG00000187626,ZKSCAN4,literal_official,34
K562,ZKSCAN5,ENSG00000196652,ZKSCAN5,literal_official,90
K562,ZKSCAN7,ENSG00000196345,ZKSCAN7,literal_official,111
K562,ZKSCAN8,ENSG00000198315,ZKSCAN8,literal_official,110
K562,ZMAT1,ENSG00000166432,ZMAT1,literal_official,296
K562,ZMAT2,ENSG00000146007,ZMAT2,literal_official,364
K562,ZMAT3,ENSG00000172667,ZMAT3,literal_official,215
K562,ZMAT4,ENSG00000165061,ZMAT4,literal_official,272
K562,ZMAT5,ENSG00000100319,ZMAT5,literal_official,109
K562,ZMIZ2,ENSG00000122515,ZMIZ2,literal_official,234
K562,ZMPSTE24,ENSG00000084073,ZMPSTE24,literal_official,206
K562,ZMYM1,ENSG00000197056,ZMYM1,literal_official,100
K562,ZMYM2,ENSG00000121741,ZMYM2,literal_official,94
K562,ZMYM3,ENSG00000147130,ZMYM3,literal_official,463
K562,ZMYM4,ENSG00000146463,ZMYM4,literal_official,105
K562,ZMYM5,ENSG00000132950,ZMYM5,literal_official,203
K562,ZMYM6,ENSG00000163867,ZMYM6,literal_official,233
K562,ZMYND11,ENSG00000015171,ZMYND11,literal_official,229
K562,ZMYND19,ENSG00000165724,ZMYND19,literal_official,140
K562,ZMYND8,ENSG00000101040,ZMYND8,literal_official,166
K562,ZNF10,ENSG00000256223,ZNF10,literal_official,154
K562,ZNF100,ENSG00000197020,ZNF100,literal_official,167
K562,ZNF101,ENSG00000181896,ZNF101,literal_official,219
K562,ZNF106,ENSG00000103994,ZNF106,literal_official,123
K562,ZNF107,ENSG00000196247,ZNF107,literal_official,128
K562,ZNF112,ENSG00000062370,ZNF112,literal_official,49
K562,ZNF114,ENSG00000178150,ZNF114,literal_official,287
K562,ZNF117,ENSG00000152926,ZNF117,literal_official,123
K562,ZNF12,ENSG00000164631,ZNF12,literal_official,303
K562,ZNF121,ENSG00000197961,ZNF121,literal_official,29
K562,ZNF124,ENSG00000196418,ZNF124,literal_official,185
K562,ZNF131,ENSG00000172262,ZNF131,literal_official,73
K562,ZNF132,ENSG00000131849,ZNF132,literal_official,168
K562,ZNF133,ENSG00000125846,ZNF133,literal_official,240
K562,ZNF134,ENSG00000213762,ZNF134,literal_official,54
K562,ZNF135,ENSG00000176293,ZNF135,literal_official,112
K562,ZNF136,ENSG00000196646,ZNF136,literal_official,65
K562,ZNF138,ENSG00000197008,ZNF138,literal_official,45
K562,ZNF14,ENSG00000105708,ZNF14,literal_official,204
K562,ZNF140,ENSG00000196387,ZNF140,literal_official,101
K562,ZNF141,ENSG00000131127,ZNF141,literal_official,192
K562,ZNF142,ENSG00000115568,ZNF142,literal_official,146
K562,ZNF143,ENSG00000166478,ZNF143,literal_official,195
K562,ZNF146,ENSG00000167635,ZNF146,literal_official,61
K562,ZNF148,ENSG00000163848,ZNF148,literal_official,89
K562,ZNF154,ENSG00000179909,ZNF154,literal_official,130
K562,ZNF155,ENSG00000204920,ZNF155,literal_official,43
K562,ZNF157,ENSG00000147117,ZNF157,literal_official,97
K562,ZNF16,ENSG00000170631,ZNF16,literal_official,88
K562,ZNF160,ENSG00000170949,ZNF160,literal_official,218
K562,ZNF165,ENSG00000197279,ZNF165,literal_official,189
K562,ZNF169,ENSG00000175787,ZNF169,literal_official,213
K562,ZNF17,ENSG00000186272,ZNF17,literal_official,123
K562,ZNF174,ENSG00000103343,ZNF174,literal_official,23
K562,ZNF175,ENSG00000105497,ZNF175,literal_official,187
K562,ZNF177,ENSG00000188629,ZNF177,literal_official,224
K562,ZNF18,ENSG00000154957,ZNF18,literal_official,267
K562,ZNF180,ENSG00000167384,ZNF180,literal_official,181
K562,ZNF181,ENSG00000197841,ZNF181,literal_official,194
K562,ZNF182,ENSG00000147118,ZNF182,literal_official,204
K562,ZNF184,ENSG00000096654,ZNF184,literal_official,266
K562,ZNF189,ENSG00000136870,ZNF189,literal_official,162
K562,ZNF19,ENSG00000157429,ZNF19,literal_official,189
K562,ZNF195,ENSG00000005801,ZNF195,literal_official,209
K562,ZNF197,ENSG00000186448,ZNF197,literal_official,284
K562,ZNF2,ENSG00000275111,ZNF2,literal_official,116
K562,ZNF20,ENSG00000132010,ZNF20,literal_official,337
K562,ZNF200,ENSG00000010539,ZNF200,literal_official,148
K562,ZNF202,ENSG00000166261,ZNF202,literal_official,300
K562,ZNF205,ENSG00000122386,ZNF205,literal_official,198
K562,ZNF207,ENSG00000010244,ZNF207,literal_official,510
K562,ZNF208,ENSG00000160321,ZNF208,literal_official,51
K562,ZNF211,ENSG00000121417,ZNF211,literal_official,289
K562,ZNF212,ENSG00000170260,ZNF212,literal_official,187
K562,ZNF213,ENSG00000085644,ZNF213,literal_official,155
K562,ZNF214,ENSG00000149050,ZNF214,literal_official,257
K562,ZNF215,ENSG00000149054,ZNF215,literal_official,166
K562,ZNF217,ENSG00000171940,ZNF217,literal_official,235
K562,ZNF219,ENSG00000165804,ZNF219,literal_official,74
K562,ZNF22,ENSG00000165512,ZNF22,literal_official,149
K562,ZNF221,ENSG00000159905,ZNF221,literal_official,198
K562,ZNF222,ENSG00000159885,ZNF222,literal_official,145
K562,ZNF223,ENSG00000178386,ZNF223,literal_official,124
K562,ZNF224,ENSG00000267680,ZNF224,literal_official,174
K562,ZNF225,ENSG00000256294,ZNF225,literal_official,81
K562,ZNF226,ENSG00000167380,ZNF226,literal_official,307
K562,ZNF227,ENSG00000131115,ZNF227,literal_official,183
K562,ZNF229,ENSG00000278318,ZNF229,literal_official,294
K562,ZNF23,ENSG00000167377,ZNF23,literal_official,332
K562,ZNF230,ENSG00000159882,ZNF230,literal_official,42
K562,ZNF232,ENSG00000167840,ZNF232,literal_official,611
K562,ZNF233,ENSG00000159915,ZNF233,literal_official,66
K562,ZNF234,ENSG00000263002,ZNF234,literal_official,135
K562,ZNF235,ENSG00000159917,ZNF235,literal_official,90
K562,ZNF236,ENSG00000130856,ZNF236,literal_official,82
K562,ZNF239,ENSG00000196793,ZNF239,literal_official,148
K562,ZNF24,ENSG00000172466,ZNF24,literal_official,175
K562,ZNF248,ENSG00000198105,ZNF248,literal_official,257
K562,ZNF25,ENSG00000175395,ZNF25,literal_official,184
K562,ZNF250,ENSG00000196150,ZNF250,literal_official,47
K562,ZNF251,ENSG00000198169,ZNF251,literal_official,219
K562,ZNF253,ENSG00000256771,ZNF253,literal_official,245
K562,ZNF254,ENSG00000213096,ZNF254,literal_official,250
K562,ZNF256,ENSG00000152454,ZNF256,literal_official,177
K562,ZNF257,ENSG00000197134,ZNF257,literal_official,61
K562,ZNF26,ENSG00000198393,ZNF26,literal_official,51
K562,ZNF260,ENSG00000254004,ZNF260,literal_official,13
K562,ZNF263,ENSG00000006194,ZNF263,literal_official,333
K562,ZNF264,ENSG00000083844,ZNF264,literal_official,186
K562,ZNF266,ENSG00000174652,ZNF266,literal_official,174
K562,ZNF267,ENSG00000185947,ZNF267,literal_official,313
K562,ZNF268,ENSG00000090612,ZNF268,literal_official,212
K562,ZNF273,ENSG00000198039,ZNF273,literal_official,406
K562,ZNF274,ENSG00000171606,ZNF274,literal_official,75
K562,ZNF275,ENSG00000063587,ZNF275,literal_official,73
K562,ZNF276,ENSG00000158805,ZNF276,literal_official,70
K562,ZNF277,ENSG00000198839,ZNF277,literal_official,173
K562,ZNF28,ENSG00000198538,ZNF28,literal_official,217
K562,ZNF280A,ENSG00000169548,ZNF280A,literal_official,160
K562,ZNF280B,ENSG00000275004,ZNF280B,literal_official,210
K562,ZNF280C,ENSG00000056277,ZNF280C,literal_official,64
K562,ZNF280D,ENSG00000137871,ZNF280D,literal_official,209
K562,ZNF281,ENSG00000162702,ZNF281,literal_official,351
K562,ZNF282,ENSG00000170265,ZNF282,literal_official,362
K562,ZNF283,ENSG00000167637,ZNF283,literal_official,124
K562,ZNF284,ENSG00000186026,ZNF284,literal_official,386
K562,ZNF285,ENSG00000267508,ZNF285,literal_official,148
K562,ZNF286A,ENSG00000187607,ZNF286A,literal_official,129
K562,ZNF286B,nan,ZNF286B,unique_hgnc_bridge,240
K562,ZNF287,ENSG00000141040,ZNF287,literal_official,265
K562,ZNF292,ENSG00000188994,ZNF292,literal_official,343
K562,ZNF296,ENSG00000170684,ZNF296,literal_official,146
K562,ZNF3,ENSG00000166526,ZNF3,literal_official,40
K562,ZNF30,ENSG00000168661,ZNF30,literal_official,337
K562,ZNF300,ENSG00000145908,ZNF300,literal_official,150
K562,ZNF302,ENSG00000089335,ZNF302,literal_official,319
K562,ZNF304,ENSG00000131845,ZNF304,literal_official,201
K562,ZNF311,ENSG00000197935,ZNF311,literal_official,227
K562,ZNF317,ENSG00000130803,ZNF317,literal_official,322
K562,ZNF318,ENSG00000171467,ZNF318,literal_official,80
K562,ZNF319,ENSG00000166188,ZNF319,literal_official,370
K562,ZNF32,ENSG00000169740,ZNF32,literal_official,108
K562,ZNF320,ENSG00000182986,ZNF320,literal_official,228
K562,ZNF322,ENSG00000181315,ZNF322,literal_official,85
K562,ZNF324,ENSG00000083812,ZNF324,literal_official,47
K562,ZNF324B,ENSG00000249471,ZNF324B,literal_official,183
K562,ZNF326,ENSG00000162664,ZNF326,literal_official,145
K562,ZNF329,ENSG00000181894,ZNF329,literal_official,131
K562,ZNF330,ENSG00000109445,ZNF330,literal_official,204
K562,ZNF331,ENSG00000130844,ZNF331,literal_official,197
K562,ZNF333,ENSG00000160961,ZNF333,literal_official,304
K562,ZNF334,ENSG00000198185,ZNF334,literal_official,142
K562,ZNF335,ENSG00000198026,ZNF335,literal_official,283
K562,ZNF337,ENSG00000130684,ZNF337,literal_official,129
K562,ZNF33A,ENSG00000189180,ZNF33A,literal_official,139
K562,ZNF33B,ENSG00000196693,ZNF33B,literal_official,90
K562,ZNF34,ENSG00000196378,ZNF34,literal_official,238
K562,ZNF341,ENSG00000131061,ZNF341,literal_official,266
K562,ZNF343,ENSG00000088876,ZNF343,literal_official,82
K562,ZNF345,ENSG00000251247,ZNF345,literal_official,239
K562,ZNF346,ENSG00000113761,ZNF346,literal_official,100
K562,ZNF347,ENSG00000197937,ZNF347,literal_official,150
K562,ZNF35,ENSG00000169981,ZNF35,literal_official,280
K562,ZNF350,ENSG00000256683,ZNF350,literal_official,197
K562,ZNF354A,ENSG00000169131,ZNF354A,literal_official,239
K562,ZNF354B,ENSG00000178338,ZNF354B,literal_official,149
K562,ZNF354C,ENSG00000177932,ZNF354C,literal_official,100
K562,ZNF358,ENSG00000198816,ZNF358,literal_official,277
K562,ZNF362,ENSG00000160094,ZNF362,literal_official,45
K562,ZNF365,ENSG00000138311,ZNF365,literal_official,199
K562,ZNF366,ENSG00000178175,ZNF366,literal_official,365
K562,ZNF367,ENSG00000165244,ZNF367,literal_official,149
K562,ZNF37A,ENSG00000075407,ZNF37A,literal_official,196
K562,ZNF382,ENSG00000161298,ZNF382,literal_official,187
K562,ZNF383,ENSG00000188283,ZNF383,literal_official,95
K562,ZNF384,ENSG00000126746,ZNF384,literal_official,128
K562,ZNF385A,ENSG00000161642,ZNF385A,literal_official,328
K562,ZNF385B,ENSG00000144331,ZNF385B,literal_official,93
K562,ZNF385C,ENSG00000187595,ZNF385C,literal_official,141
K562,ZNF385D,ENSG00000151789,ZNF385D,literal_official,310
K562,ZNF391,ENSG00000124613,ZNF391,literal_official,177
K562,ZNF394,ENSG00000160908,ZNF394,literal_official,152
K562,ZNF395,ENSG00000186918,ZNF395,literal_official,48
K562,ZNF396,ENSG00000186496,ZNF396,literal_official,130
K562,ZNF397,ENSG00000186812,ZNF397,literal_official,63
K562,ZNF398,ENSG00000197024,ZNF398,literal_official,218
K562,ZNF404,ENSG00000176222,ZNF404,literal_official,100
K562,ZNF407,ENSG00000215421,ZNF407,literal_official,234
K562,ZNF408,ENSG00000175213,ZNF408,literal_official,177
K562,ZNF41,ENSG00000147124,ZNF41,literal_official,106
K562,ZNF410,ENSG00000119725,ZNF410,literal_official,125
K562,ZNF414,ENSG00000133250,ZNF414,literal_official,112
K562,ZNF415,ENSG00000170954,ZNF415,literal_official,80
K562,ZNF416,ENSG00000083817,ZNF416,literal_official,278
K562,ZNF417,ENSG00000173480,ZNF417,literal_official,137
K562,ZNF418,ENSG00000196724,ZNF418,literal_official,245
K562,ZNF419,ENSG00000105136,ZNF419,literal_official,251
K562,ZNF420,ENSG00000197050,ZNF420,literal_official,398
K562,ZNF423,ENSG00000102935,ZNF423,literal_official,309
K562,ZNF425,ENSG00000204947,ZNF425,literal_official,97
K562,ZNF426,ENSG00000130818,ZNF426,literal_official,198
K562,ZNF428,ENSG00000131116,ZNF428,literal_official,206
K562,ZNF429,ENSG00000197013,ZNF429,literal_official,89
K562,ZNF43,ENSG00000198521,ZNF43,literal_official,542
K562,ZNF430,ENSG00000118620,ZNF430,literal_official,163
K562,ZNF431,ENSG00000196705,ZNF431,literal_official,228
K562,ZNF432,ENSG00000256087,ZNF432,literal_official,212
K562,ZNF433,ENSG00000197647,ZNF433,literal_official,163
K562,ZNF436,ENSG00000125945,ZNF436,literal_official,351
K562,ZNF438,ENSG00000183621,ZNF438,literal_official,311
K562,ZNF439,ENSG00000171291,ZNF439,literal_official,219
K562,ZNF44,ENSG00000197857,ZNF44,literal_official,140
K562,ZNF440,ENSG00000171295,ZNF440,literal_official,236
K562,ZNF441,ENSG00000197044,ZNF441,literal_official,148
K562,ZNF442,ENSG00000198342,ZNF442,literal_official,72
K562,ZNF443,ENSG00000180855,ZNF443,literal_official,189
K562,ZNF444,ENSG00000167685,ZNF444,literal_official,198
K562,ZNF445,ENSG00000185219,ZNF445,literal_official,167
K562,ZNF446,ENSG00000083838,ZNF446,literal_official,96
K562,ZNF449,ENSG00000173275,ZNF449,literal_official,146
K562,ZNF45,ENSG00000124459,ZNF45,literal_official,87
K562,ZNF451,ENSG00000112200,ZNF451,literal_official,247
K562,ZNF454,ENSG00000178187,ZNF454,literal_official,133
K562,ZNF460,ENSG00000197714,ZNF460,literal_official,179
K562,ZNF461,ENSG00000197808,ZNF461,literal_official,128
K562,ZNF462,ENSG00000148143,ZNF462,literal_official,300
K562,ZNF467,ENSG00000181444,ZNF467,literal_official,189
K562,ZNF468,ENSG00000204604,ZNF468,literal_official,393
K562,ZNF469,ENSG00000225614,ZNF469,literal_official,180
K562,ZNF470,ENSG00000197016,ZNF470,literal_official,360
K562,ZNF471,ENSG00000196263,ZNF471,literal_official,198
K562,ZNF473,ENSG00000142528,ZNF473,literal_official,107
K562,ZNF474,ENSG00000164185,ZNF474,literal_official,151
K562,ZNF479,ENSG00000185177,ZNF479,literal_official,314
K562,ZNF48,ENSG00000180035,ZNF48,literal_official,187
K562,ZNF480,ENSG00000198464,ZNF480,literal_official,202
K562,ZNF483,ENSG00000173258,ZNF483,literal_official,142
K562,ZNF484,ENSG00000127081,ZNF484,literal_official,170
K562,ZNF485,ENSG00000198298,ZNF485,literal_official,184
K562,ZNF486,ENSG00000256229,ZNF486,literal_official,126
K562,ZNF488,ENSG00000265763,ZNF488,literal_official,480
K562,ZNF490,ENSG00000188033,ZNF490,literal_official,183
K562,ZNF491,ENSG00000177599,ZNF491,literal_official,76
K562,ZNF492,ENSG00000229676,ZNF492,literal_official,344
K562,ZNF493,ENSG00000196268,ZNF493,literal_official,264
K562,ZNF496,ENSG00000162714,ZNF496,literal_official,148
K562,ZNF497,ENSG00000174586,ZNF497,literal_official,12
K562,ZNF500,ENSG00000103199,ZNF500,literal_official,218
K562,ZNF501,ENSG00000186446,ZNF501,literal_official,207
K562,ZNF502,ENSG00000196653,ZNF502,literal_official,132
K562,ZNF503,ENSG00000165655,ZNF503,literal_official,187
K562,ZNF506,ENSG00000081665,ZNF506,unique_hgnc_bridge,360
K562,ZNF507,ENSG00000168813,ZNF507,literal_official,279
K562,ZNF510,ENSG00000081386,ZNF510,literal_official,42
K562,ZNF511,ENSG00000198546,ZNF511,literal_official,33
K562,ZNF512,ENSG00000243943,ZNF512,literal_official,94
K562,ZNF512B,ENSG00000196700,ZNF512B,literal_official,243
K562,ZNF513,ENSG00000163795,ZNF513,literal_official,127
K562,ZNF514,ENSG00000144026,ZNF514,literal_official,300
K562,ZNF516,ENSG00000101493,ZNF516,literal_official,71
K562,ZNF517,ENSG00000197363,ZNF517,literal_official,178
K562,ZNF518A,ENSG00000177853,ZNF518A,literal_official,117
K562,ZNF518B,ENSG00000178163,ZNF518B,literal_official,239
K562,ZNF519,ENSG00000175322,ZNF519,literal_official,147
K562,ZNF521,ENSG00000198795,ZNF521,literal_official,136
K562,ZNF524,ENSG00000171443,ZNF524,literal_official,117
K562,ZNF526,ENSG00000167625,ZNF526,literal_official,212
K562,ZNF527,ENSG00000189164,ZNF527,literal_official,397
K562,ZNF528,ENSG00000167555,ZNF528,literal_official,151
K562,ZNF529,ENSG00000186020,ZNF529,literal_official,223
K562,ZNF530,ENSG00000183647,ZNF530,literal_official,264
K562,ZNF532,ENSG00000074657,ZNF532,literal_official,168
K562,ZNF534,ENSG00000198633,ZNF534,literal_official,252
K562,ZNF536,ENSG00000198597,ZNF536,literal_official,102
K562,ZNF540,ENSG00000171817,ZNF540,literal_official,374
K562,ZNF541,ENSG00000118156,ZNF541,literal_official,185
K562,ZNF543,ENSG00000178229,ZNF543,literal_official,211
K562,ZNF544,ENSG00000198131,ZNF544,literal_official,189
K562,ZNF546,ENSG00000187187,ZNF546,literal_official,124
K562,ZNF547,ENSG00000152433,ZNF547,literal_official,303
K562,ZNF548,ENSG00000188785,ZNF548,literal_official,153
K562,ZNF549,ENSG00000121406,ZNF549,literal_official,232
K562,ZNF550,ENSG00000251369,ZNF550,literal_official,214
K562,ZNF551,ENSG00000204519,ZNF551,literal_official,257
K562,ZNF552,ENSG00000178935,ZNF552,literal_official,357
K562,ZNF554,ENSG00000172006,ZNF554,literal_official,37
K562,ZNF555,ENSG00000186300,ZNF555,literal_official,238
K562,ZNF556,ENSG00000172000,ZNF556,literal_official,183
K562,ZNF557,ENSG00000130544,ZNF557,literal_official,184
K562,ZNF558,ENSG00000167785,ZNF558,literal_official,126
K562,ZNF559,ENSG00000188321,ZNF559,literal_official,249
K562,ZNF560,ENSG00000198028,ZNF560,literal_official,271
K562,ZNF561,ENSG00000171469,ZNF561,literal_official,248
K562,ZNF562,ENSG00000171466,ZNF562,literal_official,110
K562,ZNF563,ENSG00000188868,ZNF563,literal_official,216
K562,ZNF564,ENSG00000249709,ZNF564,literal_official,227
K562,ZNF565,ENSG00000196357,ZNF565,literal_official,324
K562,ZNF566,ENSG00000186017,ZNF566,literal_official,200
K562,ZNF567,ENSG00000189042,ZNF567,literal_official,37
K562,ZNF568,ENSG00000198453,ZNF568,literal_official,167
K562,ZNF569,ENSG00000196437,ZNF569,literal_official,103
K562,ZNF57,ENSG00000171970,ZNF57,literal_official,197
K562,ZNF570,ENSG00000171827,ZNF570,literal_official,295
K562,ZNF571,ENSG00000180479,ZNF571,literal_official,114
K562,ZNF572,ENSG00000180938,ZNF572,literal_official,241
K562,ZNF573,ENSG00000189144,ZNF573,literal_official,86
K562,ZNF574,ENSG00000105732,ZNF574,literal_official,642
K562,ZNF575,ENSG00000176472,ZNF575,literal_official,213
K562,ZNF576,ENSG00000124444,ZNF576,literal_official,102
K562,ZNF577,ENSG00000161551,ZNF577,literal_official,182
K562,ZNF578,ENSG00000258405,ZNF578,literal_official,197
K562,ZNF579,ENSG00000218891,ZNF579,literal_official,157
K562,ZNF580,ENSG00000213015,ZNF580,literal_official,736
K562,ZNF581,ENSG00000171425,ZNF581,literal_official,208
K562,ZNF582,ENSG00000018869,ZNF582,literal_official,152
K562,ZNF583,ENSG00000198440,ZNF583,literal_official,276
K562,ZNF584,ENSG00000171574,ZNF584,literal_official,282
K562,ZNF585A,ENSG00000196967,ZNF585A,literal_official,11
K562,ZNF585B,ENSG00000245680,ZNF585B,literal_official,71
K562,ZNF586,ENSG00000083828,ZNF586,literal_official,141
K562,ZNF587,ENSG00000198466,ZNF587,literal_official,184
K562,ZNF587B,ENSG00000269343,ZNF587B,literal_official,111
K562,ZNF589,ENSG00000164048,ZNF589,literal_official,97
K562,ZNF592,ENSG00000166716,ZNF592,literal_official,109
K562,ZNF593,ENSG00000142684,ZNF593,literal_official,276
K562,ZNF594,ENSG00000180626,ZNF594,literal_official,134
K562,ZNF595,ENSG00000272602,ZNF595,literal_official,187
K562,ZNF596,ENSG00000172748,ZNF596,literal_official,156
K562,ZNF597,ENSG00000167981,ZNF597,literal_official,162
K562,ZNF598,ENSG00000167962,ZNF598,literal_official,125
K562,ZNF599,ENSG00000153896,ZNF599,literal_official,234
K562,ZNF600,ENSG00000189190,ZNF600,literal_official,178
K562,ZNF605,ENSG00000196458,ZNF605,literal_official,52
K562,ZNF606,ENSG00000166704,ZNF606,literal_official,155
K562,ZNF607,ENSG00000198182,ZNF607,literal_official,172
K562,ZNF608,ENSG00000168916,ZNF608,literal_official,150
K562,ZNF609,ENSG00000180357,ZNF609,literal_official,188
K562,ZNF610,ENSG00000167554,ZNF610,literal_official,118
K562,ZNF611,ENSG00000213020,ZNF611,literal_official,79
K562,ZNF613,ENSG00000176024,ZNF613,literal_official,143
K562,ZNF614,ENSG00000142556,ZNF614,literal_official,145
K562,ZNF615,ENSG00000197619,ZNF615,literal_official,188
K562,ZNF616,ENSG00000204611,ZNF616,literal_official,123
K562,ZNF618,ENSG00000157657,ZNF618,literal_official,183
K562,ZNF619,ENSG00000177873,ZNF619,literal_official,281
K562,ZNF620,ENSG00000177842,ZNF620,literal_official,127
K562,ZNF621,ENSG00000172888,ZNF621,literal_official,178
K562,ZNF622,ENSG00000173545,ZNF622,literal_official,92
K562,ZNF623,ENSG00000183309,ZNF623,literal_official,218
K562,ZNF624,ENSG00000197566,ZNF624,literal_official,158
K562,ZNF626,ENSG00000188171,ZNF626,literal_official,115
K562,ZNF627,ENSG00000198551,ZNF627,literal_official,150
K562,ZNF628,ENSG00000197483,ZNF628,literal_official,147
K562,ZNF629,ENSG00000102870,ZNF629,literal_official,374
K562,ZNF630,ENSG00000221994,ZNF630,literal_official,285
K562,ZNF638,ENSG00000075292,ZNF638,literal_official,51
K562,ZNF639,ENSG00000121864,ZNF639,literal_official,264
K562,ZNF641,ENSG00000167528,ZNF641,literal_official,144
K562,ZNF644,ENSG00000122482,ZNF644,literal_official,158
K562,ZNF646,ENSG00000167395,ZNF646,literal_official,162
K562,ZNF648,ENSG00000179930,ZNF648,literal_official,207
K562,ZNF649,ENSG00000198093,ZNF649,literal_official,249
K562,ZNF652,ENSG00000198740,ZNF652,literal_official,188
K562,ZNF653,ENSG00000161914,ZNF653,literal_official,125
K562,ZNF654,ENSG00000175105,ZNF654,literal_official,216
K562,ZNF655,ENSG00000197343,ZNF655,literal_official,139
K562,ZNF658,ENSG00000274349,ZNF658,literal_official,264
K562,ZNF660,ENSG00000144792,ZNF660,literal_official,126
K562,ZNF662,ENSG00000182983,ZNF662,literal_official,251
K562,ZNF664,ENSG00000179195,ZNF664,literal_official,150
K562,ZNF665,ENSG00000197497,ZNF665,literal_official,231
K562,ZNF667,ENSG00000198046,ZNF667,literal_official,53
K562,ZNF668,ENSG00000167394,ZNF668,literal_official,130
K562,ZNF669,ENSG00000188295,ZNF669,literal_official,177
K562,ZNF670,ENSG00000277462,ZNF670,literal_official,101
K562,ZNF671,ENSG00000083814,ZNF671,literal_official,60
K562,ZNF672,ENSG00000171161,ZNF672,literal_official,334
K562,ZNF674,ENSG00000251192,ZNF674,literal_official,348
K562,ZNF675,ENSG00000197372,ZNF675,literal_official,87
K562,ZNF676,ENSG00000196109,ZNF676,literal_official,175
K562,ZNF677,ENSG00000197928,ZNF677,literal_official,172
K562,ZNF678,ENSG00000181450,ZNF678,literal_official,218
K562,ZNF679,ENSG00000197123,ZNF679,literal_official,196
K562,ZNF680,ENSG00000173041,ZNF680,literal_official,259
K562,ZNF681,ENSG00000196172,ZNF681,literal_official,38
K562,ZNF682,ENSG00000197124,ZNF682,literal_official,270
K562,ZNF683,ENSG00000176083,ZNF683,literal_official,216
K562,ZNF684,ENSG00000117010,ZNF684,literal_official,122
K562,ZNF687,ENSG00000143373,ZNF687,literal_official,416
K562,ZNF688,ENSG00000229809,ZNF688,literal_official,167
K562,ZNF689,ENSG00000156853,ZNF689,literal_official,150
K562,ZNF69,ENSG00000198429,ZNF69,literal_official,286
K562,ZNF691,ENSG00000164011,ZNF691,literal_official,187
K562,ZNF692,ENSG00000171163,ZNF692,literal_official,112
K562,ZNF695,ENSG00000197472,ZNF695,literal_official,108
K562,ZNF696,ENSG00000185730,ZNF696,literal_official,205
K562,ZNF697,ENSG00000143067,ZNF697,literal_official,145
K562,ZNF699,ENSG00000196110,ZNF699,literal_official,286
K562,ZNF7,ENSG00000147789,ZNF7,literal_official,268
K562,ZNF70,ENSG00000187792,ZNF70,literal_official,185
K562,ZNF700,ENSG00000196757,ZNF700,literal_official,58
K562,ZNF701,ENSG00000167562,ZNF701,literal_official,186
K562,ZNF703,ENSG00000183779,ZNF703,literal_official,80
K562,ZNF704,ENSG00000164684,ZNF704,literal_official,166
K562,ZNF705A,ENSG00000196946,ZNF705A,literal_official,148
K562,ZNF705B,ENSG00000215356,ZNF705B,literal_official,107
K562,ZNF705D,ENSG00000215343,ZNF705D,literal_official,23
K562,ZNF705G,ENSG00000215372,ZNF705G,literal_official,135
K562,ZNF706,ENSG00000120963,ZNF706,literal_official,191
K562,ZNF707,ENSG00000181135,ZNF707,literal_official,181
K562,ZNF708,ENSG00000182141,ZNF708,literal_official,47
K562,ZNF709,ENSG00000242852,ZNF709,literal_official,341
K562,ZNF71,ENSG00000197951,ZNF71,literal_official,200
K562,ZNF710,ENSG00000140548,ZNF710,literal_official,51
K562,ZNF711,ENSG00000147180,ZNF711,literal_official,229
K562,ZNF713,ENSG00000178665,ZNF713,literal_official,180
K562,ZNF714,ENSG00000160352,ZNF714,literal_official,67
K562,ZNF716,ENSG00000182111,ZNF716,literal_official,247
K562,ZNF717,ENSG00000227124,ZNF717,literal_official,101
K562,ZNF718,ENSG00000250312,ZNF718,literal_official,795
K562,ZNF720,ENSG00000197302,ZNF720,literal_official,205
K562,ZNF721,ENSG00000182903,ZNF721,literal_official,428
K562,ZNF726,ENSG00000213967,ZNF726,literal_official,181
K562,ZNF727,ENSG00000214652,ZNF727,literal_official,170
K562,ZNF728,ENSG00000269067,ZNF728,literal_official,253
K562,ZNF729,ENSG00000196350,ZNF729,literal_official,95
K562,ZNF730,ENSG00000183850,ZNF730,literal_official,162
K562,ZNF732,ENSG00000186777,ZNF732,literal_official,228
K562,ZNF735,ENSG00000223614,ZNF735,literal_official,145
K562,ZNF736,ENSG00000234444,ZNF736,literal_official,376
K562,ZNF737,ENSG00000237440,ZNF737,literal_official,64
K562,ZNF74,ENSG00000185252,ZNF74,literal_official,223
K562,ZNF740,ENSG00000139651,ZNF740,literal_official,151
K562,ZNF746,ENSG00000181220,ZNF746,literal_official,336
K562,ZNF747,ENSG00000169955,ZNF747,literal_official,117
K562,ZNF749,ENSG00000186230,ZNF749,unique_hgnc_bridge,97
K562,ZNF750,ENSG00000141579,ZNF750,literal_official,122
K562,ZNF75A,ENSG00000162086,ZNF75A,literal_official,227
K562,ZNF75D,ENSG00000186376,ZNF75D,literal_official,126
K562,ZNF76,ENSG00000065029,ZNF76,literal_official,234
K562,ZNF761,ENSG00000160336,ZNF761,unique_hgnc_bridge,158
K562,ZNF763,ENSG00000197054,ZNF763,literal_official,373
K562,ZNF764,ENSG00000169951,ZNF764,literal_official,256
K562,ZNF765,ENSG00000196417,ZNF765,literal_official,257
K562,ZNF766,ENSG00000196214,ZNF766,literal_official,100
K562,ZNF768,ENSG00000169957,ZNF768,literal_official,168
K562,ZNF77,ENSG00000175691,ZNF77,literal_official,91
K562,ZNF770,ENSG00000198146,ZNF770,literal_official,170
K562,ZNF771,ENSG00000179965,ZNF771,literal_official,114
K562,ZNF772,ENSG00000197128,ZNF772,literal_official,192
K562,ZNF773,ENSG00000152439,ZNF773,literal_official,172
K562,ZNF774,ENSG00000196391,ZNF774,literal_official,2
K562,ZNF775,ENSG00000196456,ZNF775,literal_official,153
K562,ZNF776,ENSG00000152443,ZNF776,literal_official,138
K562,ZNF777,ENSG00000196453,ZNF777,literal_official,70
K562,ZNF778,ENSG00000170100,ZNF778,literal_official,254
K562,ZNF780A,ENSG00000197782,ZNF780A,literal_official,88
K562,ZNF780B,ENSG00000128000,ZNF780B,literal_official,129
K562,ZNF781,ENSG00000196381,ZNF781,literal_official,159
K562,ZNF782,ENSG00000196597,ZNF782,literal_official,99
K562,ZNF783,ENSG00000204946,ZNF783,literal_official,166
K562,ZNF784,ENSG00000179922,ZNF784,literal_official,182
K562,ZNF785,ENSG00000197162,ZNF785,literal_official,123
K562,ZNF786,ENSG00000197362,ZNF786,literal_official,152
K562,ZNF787,ENSG00000142409,ZNF787,literal_official,244
K562,ZNF789,ENSG00000198556,ZNF789,literal_official,64
K562,ZNF79,ENSG00000196152,ZNF79,literal_official,158
K562,ZNF790,ENSG00000197863,ZNF790,literal_official,314
K562,ZNF791,ENSG00000173875,ZNF791,literal_official,158
K562,ZNF792,ENSG00000180884,ZNF792,literal_official,254
K562,ZNF793,ENSG00000188227,ZNF793,literal_official,108
K562,ZNF799,ENSG00000196466,ZNF799,literal_official,36
K562,ZNF8,ENSG00000278129,ZNF8,literal_official,210
K562,ZNF80,ENSG00000174255,ZNF80,literal_official,30
K562,ZNF800,ENSG00000048405,ZNF800,literal_official,228
K562,ZNF804A,ENSG00000170396,ZNF804A,literal_official,246
K562,ZNF804B,ENSG00000182348,ZNF804B,literal_official,223
K562,ZNF805,ENSG00000204524,ZNF805,literal_official,198
K562,ZNF808,ENSG00000198482,ZNF808,literal_official,212
K562,ZNF81,ENSG00000197779,ZNF81,literal_official,176
K562,ZNF813,ENSG00000198346,ZNF813,literal_official,194
K562,ZNF814,ENSG00000204514,ZNF814,literal_official,98
K562,ZNF816,ENSG00000180257,ZNF816,literal_official,331
K562,ZNF821,ENSG00000102984,ZNF821,literal_official,336
K562,ZNF823,ENSG00000197933,ZNF823,literal_official,146
K562,ZNF827,ENSG00000151612,ZNF827,literal_official,60
K562,ZNF829,ENSG00000185869,ZNF829,literal_official,48
K562,ZNF83,ENSG00000167766,ZNF83,literal_official,423
K562,ZNF830,ENSG00000198783,ZNF830,literal_official,5
K562,ZNF831,ENSG00000124203,ZNF831,literal_official,247
K562,ZNF835,ENSG00000127903,ZNF835,literal_official,118
K562,ZNF836,ENSG00000196267,ZNF836,literal_official,113
K562,ZNF837,ENSG00000152475,ZNF837,literal_official,280
K562,ZNF84,ENSG00000198040,ZNF84,literal_official,289
K562,ZNF841,ENSG00000197608,ZNF841,literal_official,143
K562,ZNF843,ENSG00000176723,ZNF843,literal_official,304
K562,ZNF844,ENSG00000223547,ZNF844,literal_official,145
K562,ZNF845,ENSG00000213799,ZNF845,literal_official,206
K562,ZNF846,ENSG00000196605,ZNF846,unique_hgnc_bridge,152
K562,ZNF85,ENSG00000105750,ZNF85,literal_official,254
K562,ZNF850,ENSG00000267041,ZNF850,literal_official,119
K562,ZNF852,ENSG00000178917,ZNF852,literal_official,113
K562,ZNF853,ENSG00000236609,ZNF853,literal_official,285
K562,ZNF860,ENSG00000197385,ZNF860,literal_official,161
K562,ZNF865,ENSG00000261221,ZNF865,unique_hgnc_bridge,144
K562,ZNF875,ENSG00000181666,ZNF875,literal_official,201
K562,ZNF878,ENSG00000257446,ZNF878,literal_official,169
K562,ZNF879,ENSG00000234284,ZNF879,literal_official,127
K562,ZNF880,ENSG00000221923,ZNF880,literal_official,124
K562,ZNF883,ENSG00000285447,ZNF883,literal_official_id_unresolved,308
K562,ZNF888,ENSG00000213793,ZNF888,literal_official,187
K562,ZNF891,ENSG00000214029,ZNF891,literal_official,137
K562,ZNF90,ENSG00000213988,ZNF90,literal_official,194
K562,ZNF91,ENSG00000167232,ZNF91,literal_official,104
K562,ZNF92,ENSG00000146757,ZNF92,literal_official,189
K562,ZNF93,ENSG00000184635,ZNF93,literal_official,131
K562,ZNF98,ENSG00000197360,ZNF98,literal_official,136
K562,ZNF99,ENSG00000213973,ZNF99,literal_official,178
K562,ZNFX1,ENSG00000124201,ZNFX1,literal_official,187
K562,ZNHIT1,ENSG00000106400,ZNHIT1,literal_official,162
K562,ZNHIT2,ENSG00000174276,ZNHIT2,literal_official,137
K562,ZNHIT3,ENSG00000273611,ZNHIT3,unique_hgnc_bridge,128
K562,ZNHIT6,ENSG00000117174,ZNHIT6,literal_official,132
K562,ZNRD1,ENSG00000066379,ZNRD1,literal_official,81
K562,ZNRD2,ENSG00000173465,ZNRD2,literal_official,165
K562,ZNRF1,ENSG00000186187,ZNRF1,literal_official,146
K562,ZNRF2,ENSG00000180233,ZNRF2,literal_official,254
K562,ZRANB2,ENSG00000132485,ZRANB2,literal_official,90
K562,ZRANB3,ENSG00000121988,ZRANB3,literal_official,45
K562,ZRSR2,ENSG00000169249,ZRSR2,literal_official,148
K562,ZSCAN1,ENSG00000152467,ZSCAN1,literal_official,62
K562,ZSCAN10,ENSG00000130182,ZSCAN10,literal_official,133
K562,ZSCAN12,ENSG00000158691,ZSCAN12,literal_official,163
K562,ZSCAN16,ENSG00000196812,ZSCAN16,literal_official,62
K562,ZSCAN18,ENSG00000121413,ZSCAN18,literal_official,533
K562,ZSCAN2,ENSG00000176371,ZSCAN2,literal_official,68
K562,ZSCAN20,ENSG00000121903,ZSCAN20,literal_official,253
K562,ZSCAN21,ENSG00000166529,ZSCAN21,literal_official,117
K562,ZSCAN22,ENSG00000182318,ZSCAN22,literal_official,180
K562,ZSCAN23,ENSG00000187987,ZSCAN23,literal_official,82
K562,ZSCAN25,ENSG00000197037,ZSCAN25,literal_official,54
K562,ZSCAN26,ENSG00000197062,ZSCAN26,literal_official,29
K562,ZSCAN29,ENSG00000140265,ZSCAN29,literal_official,66
K562,ZSCAN30,ENSG00000186814,ZSCAN30,literal_official,204
K562,ZSCAN31,ENSG00000235109,ZSCAN31,literal_official,193
K562,ZSCAN32,ENSG00000140987,ZSCAN32,literal_official,60
K562,ZSCAN5A,ENSG00000131848,ZSCAN5A,literal_official,364
K562,ZSCAN5B,ENSG00000197213,ZSCAN5B,literal_official,303
K562,ZSCAN9,ENSG00000137185,ZSCAN9,literal_official,334
K562,ZSWIM1,ENSG00000168612,ZSWIM1,literal_official,144
K562,ZSWIM7,ENSG00000214941,ZSWIM7,literal_official,214
K562,ZSWIM8,ENSG00000214655,ZSWIM8,literal_official,162
K562,ZUP1,ENSG00000153975,ZUP1,literal_official,147
K562,ZW10,ENSG00000086827,ZW10,literal_official,295
K562,ZWILCH,ENSG00000174442,ZWILCH,literal_official,33
K562,ZWINT,ENSG00000122952,ZWINT,literal_official,26
K562,ZXDA,ENSG00000198205,ZXDA,literal_official,168
K562,ZXDB,ENSG00000198455,ZXDB,literal_official,198
K562,ZXDC,ENSG00000070476,ZXDC,literal_official,47
K562,ZYG11A,ENSG00000203995,ZYG11A,literal_official,92
K562,ZYG11B,ENSG00000162378,ZYG11B,literal_official,120
K562,ZYX,ENSG00000159840,ZYX,literal_official,506
K562,ZZEF1,ENSG00000074755,ZZEF1,literal_official,271
K562,non-targeting,non-targeting,non-targeting,control,75328
RPE1,AAAS,ENSG00000094914,AAAS,literal_official,86
RPE1,AAMP,ENSG00000127837,AAMP,literal_official,14
RPE1,AAR2,ENSG00000131043,AAR2,literal_official,11
RPE1,AARS,ENSG00000090861,AARS,literal_official,59
RPE1,AARS2,ENSG00000124608,AARS2,literal_official,95
RPE1,AASDHPPT,ENSG00000149313,AASDHPPT,literal_official,62
RPE1,AATF,ENSG00000275700,AATF,literal_official,29
RPE1,ABCB10,ENSG00000135776,ABCB10,literal_official,27
RPE1,ABCB7,ENSG00000131269,ABCB7,literal_official,45
RPE1,ABCE1,ENSG00000164163,ABCE1,literal_official,54
RPE1,ABCF1,ENSG00000204574,ABCF1,literal_official,157
RPE1,ABCG1,ENSG00000160179,ABCG1,literal_official,134
RPE1,ABHD11,ENSG00000106077,ABHD11,literal_official,56
RPE1,ABHD17A,ENSG00000129968,ABHD17A,literal_official,187
RPE1,ABT1,ENSG00000146109,ABT1,literal_official,26
RPE1,AC118549.1,ENSG00000036549,AC118549.1,literal_official,62
RPE1,ACD,ENSG00000102977,ACD,literal_official,45
RPE1,ACIN1,ENSG00000100813,ACIN1,literal_official,162
RPE1,ACOT12,ENSG00000172497,ACOT12,literal_official,203
RPE1,ACSS2,ENSG00000131069,ACSS2,literal_official,81
RPE1,ACTB,ENSG00000075624,ACTB,literal_official,235
RPE1,ACTL6A,ENSG00000136518,ACTL6A,literal_official,15
RPE1,ACTR10,ENSG00000131966,ACTR10,literal_official,29
RPE1,ACTR1A,ENSG00000138107,ACTR1A,literal_official,139
RPE1,ACTR1B,ENSG00000115073,ACTR1B,literal_official,175
RPE1,ACTR2,ENSG00000138071,ACTR2,literal_official,69
RPE1,ACTR3,ENSG00000115091,ACTR3,literal_official,21
RPE1,ACTR5,ENSG00000101442,ACTR5,literal_official,63
RPE1,ACTR6,ENSG00000075089,ACTR6,literal_official,104
RPE1,ACTR8,ENSG00000113812,ACTR8,literal_official,88
RPE1,ADAM10,ENSG00000137845,ADAM10,literal_official,384
RPE1,ADAT2,ENSG00000189007,ADAT2,literal_official,72
RPE1,ADAT3,ENSG00000213638,ADAT3,literal_official,286
RPE1,ADNP2,ENSG00000101544,ADNP2,literal_official,25
RPE1,ADRM1,ENSG00000130706,ADRM1,literal_official,85
RPE1,ADSL,ENSG00000239900,ADSL,literal_official,127
RPE1,AFG3L2,ENSG00000141385,AFG3L2,literal_official,85
RPE1,AGBL5,ENSG00000084693,AGBL5,literal_official,41
RPE1,AHCTF1,ENSG00000153207,AHCTF1,literal_official,79
RPE1,AHCY,ENSG00000101444,AHCY,literal_official,89
RPE1,AIFM1,ENSG00000156709,AIFM1,literal_official,115
RPE1,AKIRIN2,ENSG00000135334,AKIRIN2,literal_official,31
RPE1,ALDOA,ENSG00000149925,ALDOA,unique_hgnc_bridge,73
RPE1,ALG1,ENSG00000033011,ALG1,literal_official,82
RPE1,ALG11,ENSG00000253710,ALG11,literal_official,21
RPE1,ALG13,ENSG00000101901,ALG13,literal_official,44
RPE1,ALG14,ENSG00000172339,ALG14,literal_official,115
RPE1,ALG1L,ENSG00000189366,ALG1L,literal_official,212
RPE1,ALG2,ENSG00000119523,ALG2,literal_official,78
RPE1,ALYREF,ENSG00000183684,ALYREF,literal_official,54
RPE1,ANAPC1,ENSG00000153107,ANAPC1,literal_official,76
RPE1,ANAPC10,ENSG00000164162,ANAPC10,literal_official,25
RPE1,ANAPC11,ENSG00000141552,ANAPC11,literal_official,84
RPE1,ANAPC13,ENSG00000129055,ANAPC13,literal_official,116
RPE1,ANAPC15,ENSG00000110200,ANAPC15,literal_official,532
RPE1,ANAPC2,ENSG00000176248,ANAPC2,literal_official,30
RPE1,ANAPC4,ENSG00000053900,ANAPC4,literal_official,17
RPE1,ANAPC5,ENSG00000089053,ANAPC5,literal_official,40
RPE1,ANKLE2,ENSG00000176915,ANKLE2,literal_official,49
RPE1,ANKRD11,ENSG00000167522,ANKRD11,literal_official,165
RPE1,ANKRD17,ENSG00000132466,ANKRD17,literal_official,35
RPE1,ANKRD39,ENSG00000213337,ANKRD39,literal_official,41
RPE1,ANKRD49,ENSG00000168876,ANKRD49,literal_official,92
RPE1,ANKS6,ENSG00000165138,ANKS6,literal_official,264
RPE1,ANLN,ENSG00000011426,ANLN,literal_official,5
RPE1,AP2A1,ENSG00000196961,AP2A1,literal_official,14
RPE1,AP2M1,ENSG00000161203,AP2M1,literal_official,224
RPE1,AP2S1,ENSG00000042753,AP2S1,literal_official,67
RPE1,AQP7,ENSG00000165269,AQP7,literal_official,192
RPE1,AQR,ENSG00000021776,AQR,literal_official,18
RPE1,ARCN1,ENSG00000095139,ARCN1,literal_official,77
RPE1,ARF4,ENSG00000168374,ARF4,literal_official,23
RPE1,ARFRP1,ENSG00000101246,ARFRP1,literal_official,116
RPE1,ARGFX,ENSG00000186103,ARGFX,literal_official,108
RPE1,ARGLU1,ENSG00000134884,ARGLU1,literal_official,105
RPE1,ARHGAP11B,ENSG00000284906,ARHGAP11B,literal_official_id_unresolved,105
RPE1,ARHGAP6,ENSG00000047648,ARHGAP6,literal_official,50
RPE1,ARID3A,ENSG00000116017,ARID3A,literal_official,119
RPE1,ARID5B,ENSG00000150347,ARID5B,literal_official,118
RPE1,ARIH1,ENSG00000166233,ARIH1,literal_official,57
RPE1,ARL2,ENSG00000213465,ARL2,literal_official,215
RPE1,ARL4D,ENSG00000175906,ARL4D,literal_official,145
RPE1,ARL6IP6,ENSG00000177917,ARL6IP6,literal_official,17
RPE1,ARMC6,ENSG00000105676,ARMC6,literal_official,91
RPE1,ARMC7,ENSG00000125449,ARMC7,literal_official,74
RPE1,ARPC1B,ENSG00000130429,ARPC1B,literal_official,35
RPE1,ARPC2,ENSG00000163466,ARPC2,literal_official,140
RPE1,ARPC3,ENSG00000111229,ARPC3,literal_official,80
RPE1,ARPC4,ENSG00000241553,ARPC4,literal_official,84
RPE1,ARRB2,ENSG00000141480,ARRB2,literal_official,13
RPE1,ASCC3,ENSG00000112249,ASCC3,literal_official,127
RPE1,ASF1B,ENSG00000105011,ASF1B,literal_official,162
RPE1,ATF4,ENSG00000128272,ATF4,literal_official,49
RPE1,ATF5,ENSG00000169136,ATF5,literal_official,69
RPE1,ATIC,ENSG00000138363,ATIC,literal_official,86
RPE1,ATL2,ENSG00000119787,ATL2,literal_official,71
RPE1,ATP11B,ENSG00000058063,ATP11B,literal_official,128
RPE1,ATP1A1,ENSG00000163399,ATP1A1,literal_official,102
RPE1,ATP2A2,ENSG00000174437,ATP2A2,literal_official,144
RPE1,ATP5F1A,ENSG00000152234,ATP5F1A,literal_official,92
RPE1,ATP5F1B,ENSG00000110955,ATP5F1B,literal_official,108
RPE1,ATP5F1C,ENSG00000165629,ATP5F1C,literal_official,44
RPE1,ATP5MD,ENSG00000173915,ATP5MD,literal_official,18
RPE1,ATP5ME,ENSG00000169020,ATP5ME,literal_official,136
RPE1,ATP5MF,ENSG00000241468,ATP5MF,literal_official,232
RPE1,ATP5PD,ENSG00000167863,ATP5PD,literal_official,207
RPE1,ATP5PO,ENSG00000241837,ATP5PO,literal_official,139
RPE1,ATP6AP1,ENSG00000071553,ATP6AP1,literal_official,178
RPE1,ATP6AP2,ENSG00000182220,ATP6AP2,literal_official,283
RPE1,ATP6V0B,ENSG00000117410,ATP6V0B,literal_official,115
RPE1,ATP6V0C,ENSG00000185883,ATP6V0C,literal_official,251
RPE1,ATP6V0D1,ENSG00000159720,ATP6V0D1,literal_official,99
RPE1,ATP6V1A,ENSG00000114573,ATP6V1A,literal_official,79
RPE1,ATP6V1B2,ENSG00000147416,ATP6V1B2,literal_official,163
RPE1,ATP6V1C1,ENSG00000155097,ATP6V1C1,literal_official,46
RPE1,ATP6V1D,ENSG00000100554,ATP6V1D,literal_official,65
RPE1,ATP6V1E1,ENSG00000131100,ATP6V1E1,literal_official,58
RPE1,ATP6V1F,ENSG00000128524,ATP6V1F,literal_official,41
RPE1,ATP6V1G1,ENSG00000136888,ATP6V1G1,literal_official,135
RPE1,ATP6V1H,ENSG00000047249,ATP6V1H,literal_official,79
RPE1,ATR,ENSG00000175054,ATR,literal_official,161
RPE1,ATRIP,ENSG00000164053,ATRIP,literal_official,74
RPE1,ATXN10,ENSG00000130638,ATXN10,literal_official,59
RPE1,AURKA,ENSG00000087586,AURKA,literal_official,35
RPE1,AURKAIP1,ENSG00000175756,AURKAIP1,literal_official,29
RPE1,AURKB,ENSG00000178999,AURKB,literal_official,5
RPE1,BAG6,ENSG00000204463,BAG6,literal_official,71
RPE1,BANF1,ENSG00000175334,BANF1,literal_official,33
RPE1,BANP,ENSG00000172530,BANP,literal_official,32
RPE1,BAP1,ENSG00000163930,BAP1,literal_official,114
RPE1,BARD1,ENSG00000138376,BARD1,literal_official,21
RPE1,BCAR1,ENSG00000050820,BCAR1,literal_official,922
RPE1,BCAS2,ENSG00000116752,BCAS2,literal_official,38
RPE1,BCL2L1,ENSG00000171552,BCL2L1,literal_official,414
RPE1,BCLAF1,ENSG00000029363,BCLAF1,literal_official,82
RPE1,BCR,ENSG00000186716,BCR,literal_official,98
RPE1,BCS1L,ENSG00000074582,BCS1L,literal_official,106
RPE1,BDP1,ENSG00000145734,BDP1,literal_official,47
RPE1,BET1,ENSG00000105829,BET1,literal_official,68
RPE1,BGLAP,ENSG00000242252,BGLAP,literal_official,59
RPE1,BIRC5,ENSG00000089685,BIRC5,literal_official,15
RPE1,BMP2K,ENSG00000138756,BMP2K,literal_official,23
RPE1,BMS1,ENSG00000165733,BMS1,literal_official,53
RPE1,BNIP1,ENSG00000113734,BNIP1,literal_official,59
RPE1,BOD1L1,ENSG00000038219,BOD1L1,literal_official,97
RPE1,BOP1,ENSG00000261236,BOP1,literal_official,166
RPE1,BORA,ENSG00000136122,BORA,literal_official,73
RPE1,BPTF,ENSG00000171634,BPTF,literal_official,101
RPE1,BRCA1,ENSG00000012048,BRCA1,literal_official,14
RPE1,BRCA2,ENSG00000139618,BRCA2,literal_official,83
RPE1,BRD2,ENSG00000204256,BRD2,literal_official,83
RPE1,BRD4,ENSG00000141867,BRD4,literal_official,77
RPE1,BRD8,ENSG00000112983,BRD8,literal_official,25
RPE1,BRF1,ENSG00000185024,BRF1,literal_official,61
RPE1,BRF2,ENSG00000104221,BRF2,literal_official,94
RPE1,BRIP1,ENSG00000136492,BRIP1,literal_official,110
RPE1,BRIX1,ENSG00000113460,BRIX1,literal_official,42
RPE1,BRK1,ENSG00000254999,BRK1,literal_official,49
RPE1,BTAF1,ENSG00000095564,BTAF1,literal_official,74
RPE1,BTF3,ENSG00000145741,BTF3,literal_official,110
RPE1,BTF3L4,ENSG00000134717,BTF3L4,literal_official,277
RPE1,BUB1,ENSG00000169679,BUB1,literal_official,75
RPE1,BUB1B,ENSG00000156970,BUB1B,literal_official,106
RPE1,BUB3,ENSG00000154473,BUB3,literal_official,17
RPE1,BUD13,ENSG00000137656,BUD13,literal_official,36
RPE1,BUD23,ENSG00000071462,BUD23,literal_official,7
RPE1,BUD31,ENSG00000106245,BUD31,literal_official,45
RPE1,BYSL,ENSG00000112578,BYSL,literal_official,17
RPE1,C12orf45,ENSG00000151131,C12orf45,literal_official,18
RPE1,C12orf60,ENSG00000182993,C12orf60,literal_official,42
RPE1,C14orf178,ENSG00000197734,C14orf178,literal_official,292
RPE1,C16orf86,ENSG00000159761,C16orf86,literal_official,181
RPE1,C17orf58,ENSG00000186665,C17orf58,literal_official,189
RPE1,C18orf21,ENSG00000141428,C18orf21,literal_official,8
RPE1,C19orf25,ENSG00000119559,C19orf25,literal_official,53
RPE1,C19orf53,ENSG00000104979,C19orf53,literal_official,12
RPE1,C1D,ENSG00000197223,C1D,literal_official,53
RPE1,C1QBP,ENSG00000108561,C1QBP,literal_official,22
RPE1,C1QTNF4,ENSG00000172247,C1QTNF4,literal_official,75
RPE1,C1orf109,ENSG00000116922,C1orf109,literal_official,214
RPE1,C1orf131,ENSG00000143633,C1orf131,literal_official,14
RPE1,C5orf30,ENSG00000181751,C5orf30,literal_official,45
RPE1,C6orf15,ENSG00000204542,C6orf15,literal_official,105
RPE1,C7orf26,ENSG00000146576,C7orf26,literal_official,380
RPE1,C7orf50,ENSG00000146540,C7orf50,literal_official,93
RPE1,C9orf16,ENSG00000171159,C9orf16,literal_official,160
RPE1,C9orf78,ENSG00000136819,C9orf78,literal_official,97
RPE1,CA5A,ENSG00000174990,CA5A,literal_official,115
RPE1,CABIN1,ENSG00000099991,CABIN1,literal_official,173
RPE1,CACNB3,ENSG00000167535,CACNB3,literal_official,244
RPE1,CACTIN,ENSG00000105298,CACTIN,literal_official,90
RPE1,CAD,ENSG00000084774,CAD,literal_official,96
RPE1,CADM4,ENSG00000105767,CADM4,literal_official,247
RPE1,CALR,ENSG00000179218,CALR,literal_official,74
RPE1,CAMLG,ENSG00000164615,CAMLG,literal_official,161
RPE1,CAP1,ENSG00000131236,CAP1,literal_official,35
RPE1,CAPZB,ENSG00000077549,CAPZB,literal_official,88
RPE1,CARF,ENSG00000138380,CARF,literal_official,14
RPE1,CARS,ENSG00000110619,CARS,literal_official,54
RPE1,CASC3,ENSG00000108349,CASC3,literal_official,170
RPE1,CASP8AP2,ENSG00000118412,CASP8AP2,literal_official,28
RPE1,CAST,ENSG00000153113,CAST,literal_official,56
RPE1,CBFA2T3,ENSG00000129993,CBFA2T3,literal_official,111
RPE1,CBLL1,ENSG00000105879,CBLL1,literal_official,74
RPE1,CBLN1,ENSG00000102924,CBLN1,literal_official,80
RPE1,CBX1,ENSG00000108468,CBX1,literal_official,125
RPE1,CCAR1,ENSG00000060339,CCAR1,literal_official,119
RPE1,CCDC115,ENSG00000136710,CCDC115,literal_official,53
RPE1,CCDC130,ENSG00000104957,CCDC130,literal_official,114
RPE1,CCDC137,ENSG00000185298,CCDC137,literal_official,41
RPE1,CCDC144A,ENSG00000170160,CCDC144A,literal_official,140
RPE1,CCDC144NL,ENSG00000205212,CCDC144NL,literal_official,250
RPE1,CCDC174,ENSG00000154781,CCDC174,literal_official,26
RPE1,CCDC59,ENSG00000133773,CCDC59,literal_official,48
RPE1,CCDC6,ENSG00000108091,CCDC6,literal_official,1086
RPE1,CCDC78,ENSG00000162004,CCDC78,literal_official,492
RPE1,CCDC84,ENSG00000186166,CCDC84,literal_official,44
RPE1,CCDC86,ENSG00000110104,CCDC86,literal_official,11
RPE1,CCNA2,ENSG00000145386,CCNA2,literal_official,13
RPE1,CCNB1,ENSG00000134057,CCNB1,literal_official,108
RPE1,CCNC,ENSG00000112237,CCNC,literal_official,128
RPE1,CCND1,ENSG00000110092,CCND1,literal_official,62
RPE1,CCND3,ENSG00000112576,CCND3,literal_official,83
RPE1,CCNH,ENSG00000134480,CCNH,literal_official,71
RPE1,CCNK,ENSG00000090061,CCNK,literal_official,349
RPE1,CCNL1,ENSG00000163660,CCNL1,literal_official,52
RPE1,CCNQ,ENSG00000262919,CCNQ,literal_official,42
RPE1,CCP110,ENSG00000103540,CCP110,literal_official,50
RPE1,CCT2,ENSG00000166226,CCT2,literal_official,56
RPE1,CCT3,ENSG00000163468,CCT3,literal_official,58
RPE1,CCT4,ENSG00000115484,CCT4,literal_official,65
RPE1,CCT5,ENSG00000150753,CCT5,literal_official,19
RPE1,CCT6A,ENSG00000146731,CCT6A,literal_official,79
RPE1,CCT7,ENSG00000135624,CCT7,unique_hgnc_bridge,61
RPE1,CCT8,ENSG00000156261,CCT8,literal_official,48
RPE1,CD2BP2,ENSG00000169217,CD2BP2,literal_official,62
RPE1,CD3EAP,ENSG00000117877,CD3EAP,literal_official,38
RPE1,CD8B,ENSG00000172116,CD8B,literal_official,190
RPE1,CDAN1,ENSG00000140326,CDAN1,literal_official,41
RPE1,CDC123,ENSG00000151465,CDC123,literal_official,35
RPE1,CDC16,ENSG00000130177,CDC16,literal_official,106
RPE1,CDC20,ENSG00000117399,CDC20,literal_official,15
RPE1,CDC23,ENSG00000094880,CDC23,literal_official,19
RPE1,CDC26,ENSG00000176386,CDC26,literal_official,28
RPE1,CDC27,ENSG00000004897,CDC27,literal_official,38
RPE1,CDC37,ENSG00000105401,CDC37,literal_official,13
RPE1,CDC40,ENSG00000168438,CDC40,literal_official,10
RPE1,CDC42,ENSG00000070831,CDC42,unique_hgnc_bridge,38
RPE1,CDC45,ENSG00000093009,CDC45,literal_official,27
RPE1,CDC5L,ENSG00000096401,CDC5L,literal_official,71
RPE1,CDC6,ENSG00000094804,CDC6,literal_official,88
RPE1,CDC7,ENSG00000097046,CDC7,literal_official,30
RPE1,CDC73,ENSG00000134371,CDC73,literal_official,61
RPE1,CDCA5,ENSG00000146670,CDCA5,literal_official,91
RPE1,CDCA8,ENSG00000134690,CDCA8,literal_official,9
RPE1,CDIPT,ENSG00000103502,CDIPT,literal_official,82
RPE1,CDK1,ENSG00000170312,CDK1,literal_official,86
RPE1,CDK11A,ENSG00000008128,CDK11A,literal_official,82
RPE1,CDK12,ENSG00000167258,CDK12,literal_official,64
RPE1,CDK2,ENSG00000123374,CDK2,literal_official,206
RPE1,CDK6,ENSG00000105810,CDK6,literal_official,198
RPE1,CDK7,ENSG00000134058,CDK7,literal_official,4
RPE1,CDK9,ENSG00000136807,CDK9,literal_official,32
RPE1,CDT1,ENSG00000167513,CDT1,literal_official,106
RPE1,CEBPG,ENSG00000153879,CEBPG,literal_official,12
RPE1,CEBPZ,ENSG00000115816,CEBPZ,literal_official,51
RPE1,CENPA,ENSG00000115163,CENPA,literal_official,161
RPE1,CENPC,ENSG00000145241,CENPC,literal_official,44
RPE1,CENPE,ENSG00000138778,CENPE,literal_official,34
RPE1,CENPH,ENSG00000153044,CENPH,literal_official,36
RPE1,CENPI,ENSG00000102384,CENPI,literal_official,28
RPE1,CENPJ,ENSG00000151849,CENPJ,literal_official,51
RPE1,CENPK,ENSG00000123219,CENPK,literal_official,80
RPE1,CENPN,ENSG00000166451,CENPN,literal_official,78
RPE1,CENPP,ENSG00000188312,CENPP,literal_official,27
RPE1,CENPT,ENSG00000102901,CENPT,literal_official,316
RPE1,CENPW,ENSG00000203760,CENPW,literal_official,139
RPE1,CEP152,ENSG00000103995,CEP152,literal_official,69
RPE1,CEP192,ENSG00000101639,CEP192,literal_official,57
RPE1,CEP68,ENSG00000011523,CEP68,literal_official,84
RPE1,CEP85,ENSG00000130695,CEP85,literal_official,67
RPE1,CEP97,ENSG00000182504,CEP97,literal_official,63
RPE1,CFDP1,ENSG00000153774,CFDP1,literal_official,106
RPE1,CFL1,ENSG00000172757,CFL1,literal_official,140
RPE1,CHAF1A,ENSG00000167670,CHAF1A,literal_official,31
RPE1,CHAF1B,ENSG00000159259,CHAF1B,literal_official,58
RPE1,CHCHD1,ENSG00000172586,CHCHD1,literal_official,74
RPE1,CHCHD2,ENSG00000106153,CHCHD2,literal_official,94
RPE1,CHCHD3,ENSG00000106554,CHCHD3,literal_official,44
RPE1,CHCHD4,ENSG00000163528,CHCHD4,literal_official,137
RPE1,CHD4,ENSG00000111642,CHD4,literal_official,132
RPE1,CHEK1,ENSG00000149554,CHEK1,literal_official,56
RPE1,CHERP,ENSG00000085872,CHERP,literal_official,65
RPE1,CHMP1A,ENSG00000131165,CHMP1A,literal_official,20
RPE1,CHMP2A,ENSG00000130724,CHMP2A,literal_official,10
RPE1,CHMP3,ENSG00000115561,CHMP3,literal_official,36
RPE1,CHMP4B,ENSG00000101421,CHMP4B,literal_official,10
RPE1,CHMP5,ENSG00000086065,CHMP5,literal_official,72
RPE1,CHMP6,ENSG00000176108,CHMP6,literal_official,107
RPE1,CHMP7,ENSG00000147457,CHMP7,literal_official,68
RPE1,CHORDC1,ENSG00000110172,CHORDC1,literal_official,146
RPE1,CHTF18,ENSG00000127586,CHTF18,literal_official,120
RPE1,CHTF8,ENSG00000168802,CHTF8,literal_official,8
RPE1,CHTOP,ENSG00000160679,CHTOP,literal_official,147
RPE1,CIAO1,ENSG00000144021,CIAO1,literal_official,102
RPE1,CIAPIN1,ENSG00000005194,CIAPIN1,literal_official,99
RPE1,CINP,ENSG00000100865,CINP,literal_official,41
RPE1,CKAP5,ENSG00000175216,CKAP5,literal_official,173
RPE1,CLASRP,ENSG00000104859,CLASRP,literal_official,344
RPE1,CLCC1,ENSG00000121940,CLCC1,literal_official,94
RPE1,CLK2,ENSG00000176444,CLK2,literal_official,78
RPE1,CLNS1A,ENSG00000074201,CLNS1A,literal_official,70
RPE1,CLOCK,ENSG00000134852,CLOCK,literal_official,718
RPE1,CLP1,ENSG00000172409,CLP1,unique_hgnc_bridge,27
RPE1,CLPB,ENSG00000162129,CLPB,literal_official,82
RPE1,CLSPN,ENSG00000092853,CLSPN,literal_official,29
RPE1,CLTC,ENSG00000141367,CLTC,literal_official,50
RPE1,CMC4,ENSG00000182712,CMC4,literal_official,122
RPE1,CMPK1,ENSG00000162368,CMPK1,literal_official,160
RPE1,CMTR1,ENSG00000137200,CMTR1,literal_official,82
RPE1,CMTR2,ENSG00000180917,CMTR2,literal_official,12
RPE1,CNIH4,ENSG00000143771,CNIH4,literal_official,104
RPE1,CNN2,ENSG00000064666,CNN2,literal_official,236
RPE1,CNOT1,ENSG00000125107,CNOT1,literal_official,99
RPE1,CNOT10,ENSG00000182973,CNOT10,literal_official,91
RPE1,CNOT11,ENSG00000158435,CNOT11,literal_official,69
RPE1,CNOT2,ENSG00000111596,CNOT2,literal_official,67
RPE1,CNOT3,ENSG00000088038,CNOT3,literal_official,59
RPE1,CNOT9,ENSG00000144580,CNOT9,literal_official,33
RPE1,COA5,ENSG00000183513,COA5,literal_official,135
RPE1,COASY,ENSG00000068120,COASY,literal_official,63
RPE1,COG1,ENSG00000166685,COG1,literal_official,66
RPE1,COG2,ENSG00000135775,COG2,literal_official,40
RPE1,COG3,ENSG00000136152,COG3,literal_official,15
RPE1,COG4,ENSG00000103051,COG4,literal_official,66
RPE1,COG6,ENSG00000133103,COG6,literal_official,96
RPE1,COG8,ENSG00000213380,COG8,literal_official,20
RPE1,COMTD1,ENSG00000165644,COMTD1,literal_official,142
RPE1,COPA,ENSG00000122218,COPA,literal_official,30
RPE1,COPB1,ENSG00000129083,COPB1,literal_official,30
RPE1,COPB2,ENSG00000184432,COPB2,literal_official,31
RPE1,COPE,ENSG00000105669,COPE,literal_official,17
RPE1,COPG1,ENSG00000181789,COPG1,literal_official,109
RPE1,COPS2,ENSG00000166200,COPS2,literal_official,49
RPE1,COPS3,ENSG00000141030,COPS3,literal_official,47
RPE1,COPS4,ENSG00000138663,COPS4,literal_official,51
RPE1,COPS5,ENSG00000121022,COPS5,literal_official,32
RPE1,COPS6,ENSG00000168090,COPS6,literal_official,55
RPE1,COPS8,ENSG00000198612,COPS8,literal_official,74
RPE1,COPZ1,ENSG00000111481,COPZ1,literal_official,145
RPE1,COQ2,ENSG00000173085,COQ2,literal_official,195
RPE1,COQ4,ENSG00000167113,COQ4,literal_official,41
RPE1,COQ5,ENSG00000110871,COQ5,literal_official,78
RPE1,COTL1,ENSG00000103187,COTL1,literal_official,117
RPE1,COX10,ENSG00000006695,COX10,literal_official,167
RPE1,COX11,ENSG00000166260,COX11,literal_official,116
RPE1,COX15,ENSG00000014919,COX15,literal_official,48
RPE1,COX17,ENSG00000138495,COX17,literal_official,80
RPE1,COX5A,ENSG00000178741,COX5A,unique_hgnc_bridge,193
RPE1,COX5B,ENSG00000135940,COX5B,literal_official,84
RPE1,COX6C,ENSG00000164919,COX6C,literal_official,132
RPE1,COX7B,ENSG00000131174,COX7B,literal_official,70
RPE1,COX7C,ENSG00000127184,COX7C,literal_official,176
RPE1,CPAMD8,ENSG00000160111,CPAMD8,literal_official,208
RPE1,CPEB1,ENSG00000214575,CPEB1,literal_official,32
RPE1,CPNE1,ENSG00000214078,CPNE1,literal_official,58
RPE1,CPNE7,ENSG00000178773,CPNE7,literal_official,185
RPE1,CPOX,ENSG00000080819,CPOX,literal_official,48
RPE1,CPSF1,ENSG00000071894,CPSF1,literal_official,50
RPE1,CPSF2,ENSG00000165934,CPSF2,literal_official,28
RPE1,CPSF3,ENSG00000119203,CPSF3,literal_official,188
RPE1,CPSF4,ENSG00000160917,CPSF4,literal_official,32
RPE1,CPSF6,ENSG00000111605,CPSF6,literal_official,27
RPE1,CRCP,ENSG00000241258,CRCP,literal_official,91
RPE1,CRKL,ENSG00000099942,CRKL,literal_official,37
RPE1,CRLS1,ENSG00000088766,CRLS1,literal_official,51
RPE1,CRNKL1,ENSG00000101343,CRNKL1,literal_official,12
RPE1,CS,ENSG00000062485,CS,literal_official,105
RPE1,CSDE1,ENSG00000009307,CSDE1,literal_official,57
RPE1,CSE1L,ENSG00000124207,CSE1L,literal_official,276
RPE1,CSH2,ENSG00000213218,CSH2,literal_official,328
RPE1,CSNK1A1,ENSG00000113712,CSNK1A1,literal_official,13
RPE1,CSNK2B,ENSG00000204435,CSNK2B,literal_official,78
RPE1,CSTF1,ENSG00000101138,CSTF1,literal_official,119
RPE1,CSTF3,ENSG00000176102,CSTF3,literal_official,67
RPE1,CT45A5,ENSG00000228836,CT45A5,unique_hgnc_bridge,112
RPE1,CTBP2,ENSG00000175029,CTBP2,literal_official,97
RPE1,CTCF,ENSG00000102974,CTCF,literal_official,22
RPE1,CTDP1,ENSG00000060069,CTDP1,literal_official,25
RPE1,CTNNBL1,ENSG00000132792,CTNNBL1,literal_official,80
RPE1,CTPS1,ENSG00000171793,CTPS1,literal_official,26
RPE1,CTR9,ENSG00000198730,CTR9,literal_official,41
RPE1,CTU2,ENSG00000174177,CTU2,literal_official,82
RPE1,CUL1,ENSG00000055130,CUL1,literal_official,73
RPE1,CUL2,ENSG00000108094,CUL2,literal_official,32
RPE1,CUL3,ENSG00000036257,CUL3,literal_official,102
RPE1,CUL7,ENSG00000044090,CUL7,literal_official,36
RPE1,CWC15,ENSG00000150316,CWC15,literal_official,74
RPE1,CWC22,ENSG00000163510,CWC22,literal_official,23
RPE1,CWC25,ENSG00000273559,CWC25,literal_official,31
RPE1,CWF19L2,ENSG00000152404,CWF19L2,literal_official,58
RPE1,CXXC1,ENSG00000154832,CXXC1,literal_official,93
RPE1,CYC1,ENSG00000179091,CYC1,literal_official,92
RPE1,CYCS,ENSG00000172115,CYCS,literal_official,120
RPE1,CYFIP1,ENSG00000273749,CYFIP1,literal_official,27
RPE1,CYP2A13,ENSG00000197838,CYP2A13,literal_official,94
RPE1,CYP4F11,ENSG00000171903,CYP4F11,literal_official,90
RPE1,CYREN,ENSG00000122783,CYREN,literal_official,45
RPE1,CYS1,ENSG00000205795,CYS1,literal_official,177
RPE1,DAD1,ENSG00000129562,DAD1,literal_official,39
RPE1,DAP3,ENSG00000132676,DAP3,literal_official,142
RPE1,DARS,ENSG00000115866,DARS,literal_official,32
RPE1,DAXX,ENSG00000204209,DAXX,literal_official,123
RPE1,DBF4,ENSG00000006634,DBF4,literal_official,87
RPE1,DBR1,ENSG00000138231,DBR1,literal_official,131
RPE1,DCAF6,ENSG00000143164,DCAF6,literal_official,133
RPE1,DCLRE1B,ENSG00000118655,DCLRE1B,literal_official,14
RPE1,DCTN1,ENSG00000204843,DCTN1,literal_official,156
RPE1,DCTN2,ENSG00000175203,DCTN2,literal_official,102
RPE1,DCTN3,ENSG00000137100,DCTN3,literal_official,159
RPE1,DCTN4,ENSG00000132912,DCTN4,literal_official,114
RPE1,DCTN5,ENSG00000166847,DCTN5,literal_official,19
RPE1,DCTN6,ENSG00000104671,DCTN6,literal_official,74
RPE1,DCUN1D5,ENSG00000137692,DCUN1D5,literal_official,87
RPE1,DDB1,ENSG00000167986,DDB1,literal_official,125
RPE1,DDN,ENSG00000181418,DDN,literal_official,266
RPE1,DDOST,ENSG00000244038,DDOST,literal_official,58
RPE1,DDX1,ENSG00000079785,DDX1,literal_official,135
RPE1,DDX10,ENSG00000178105,DDX10,literal_official,37
RPE1,DDX11,ENSG00000013573,DDX11,literal_official,95
RPE1,DDX17,ENSG00000100201,DDX17,literal_official,179
RPE1,DDX18,ENSG00000088205,DDX18,literal_official,14
RPE1,DDX19A,ENSG00000168872,DDX19A,literal_official,400
RPE1,DDX19B,ENSG00000157349,DDX19B,literal_official,369
RPE1,DDX20,ENSG00000064703,DDX20,literal_official,44
RPE1,DDX21,ENSG00000165732,DDX21,literal_official,28
RPE1,DDX23,ENSG00000174243,DDX23,literal_official,184
RPE1,DDX24,ENSG00000089737,DDX24,literal_official,20
RPE1,DDX27,ENSG00000124228,DDX27,literal_official,35
RPE1,DDX3X,ENSG00000215301,DDX3X,literal_official,24
RPE1,DDX41,ENSG00000183258,DDX41,literal_official,32
RPE1,DDX42,ENSG00000198231,DDX42,literal_official,118
RPE1,DDX46,ENSG00000145833,DDX46,literal_official,225
RPE1,DDX47,ENSG00000213782,DDX47,unique_hgnc_bridge,93
RPE1,DDX49,ENSG00000105671,DDX49,literal_official,6
RPE1,DDX5,ENSG00000108654,DDX5,literal_official,203
RPE1,DDX51,ENSG00000185163,DDX51,literal_official,57
RPE1,DDX52,ENSG00000278053,DDX52,literal_official,35
RPE1,DDX54,ENSG00000123064,DDX54,literal_official,120
RPE1,DDX55,ENSG00000111364,DDX55,literal_official,78
RPE1,DDX56,ENSG00000136271,DDX56,literal_official,28
RPE1,DDX59,ENSG00000118197,DDX59,literal_official,49
RPE1,DDX6,ENSG00000110367,DDX6,literal_official,22
RPE1,DENR,ENSG00000139726,DENR,literal_official,79
RPE1,DEPDC5,ENSG00000100150,DEPDC5,literal_official,91
RPE1,DERL2,ENSG00000072849,DERL2,literal_official,147
RPE1,DESI1,ENSG00000100418,DESI1,literal_official,32
RPE1,DGCR8,ENSG00000128191,DGCR8,literal_official,45
RPE1,DHDDS,ENSG00000117682,DHDDS,literal_official,60
RPE1,DHFR,ENSG00000228716,DHFR,literal_official,63
RPE1,DHODH,ENSG00000102967,DHODH,literal_official,184
RPE1,DHPS,ENSG00000095059,DHPS,literal_official,77
RPE1,DHX15,ENSG00000109606,DHX15,literal_official,82
RPE1,DHX16,ENSG00000204560,DHX16,literal_official,73
RPE1,DHX29,ENSG00000067248,DHX29,literal_official,23
RPE1,DHX30,ENSG00000132153,DHX30,literal_official,161
RPE1,DHX33,ENSG00000005100,DHX33,literal_official,45
RPE1,DHX36,ENSG00000174953,DHX36,literal_official,72
RPE1,DHX37,ENSG00000150990,DHX37,literal_official,40
RPE1,DHX8,ENSG00000067596,DHX8,literal_official,95
RPE1,DHX9,ENSG00000135829,DHX9,literal_official,89
RPE1,DICER1,ENSG00000100697,DICER1,literal_official,94
RPE1,DIMT1,ENSG00000086189,DIMT1,literal_official,36
RPE1,DIS3,ENSG00000083520,DIS3,literal_official,11
RPE1,DKC1,ENSG00000130826,DKC1,literal_official,27
RPE1,DLD,ENSG00000091140,DLD,literal_official,76
RPE1,DMAP1,ENSG00000178028,DMAP1,literal_official,43
RPE1,DMRTA2,ENSG00000142700,DMRTA2,literal_official,116
RPE1,DNAAF3,ENSG00000167646,DNAAF3,literal_official,319
RPE1,DNAJA1,ENSG00000086061,DNAJA1,literal_official,176
RPE1,DNAJA3,ENSG00000103423,DNAJA3,literal_official,158
RPE1,DNAJC11,ENSG00000007923,DNAJC11,literal_official,89
RPE1,DNAJC17,ENSG00000104129,DNAJC17,unique_hgnc_bridge,73
RPE1,DNAJC19,ENSG00000205981,DNAJC19,literal_official,127
RPE1,DNAJC8,ENSG00000126698,DNAJC8,literal_official,153
RPE1,DNAJC9,ENSG00000213551,DNAJC9,literal_official,22
RPE1,DNLZ,ENSG00000213221,DNLZ,literal_official,144
RPE1,DNM1,ENSG00000106976,DNM1,literal_official,319
RPE1,DNM1L,ENSG00000087470,DNM1L,literal_official,99
RPE1,DNM2,ENSG00000079805,DNM2,literal_official,53
RPE1,DNMT1,ENSG00000130816,DNMT1,literal_official,113
RPE1,DNTTIP2,ENSG00000067334,DNTTIP2,literal_official,22
RPE1,DOHH,ENSG00000129932,DOHH,literal_official,120
RPE1,DOLK,ENSG00000175283,DOLK,literal_official,121
RPE1,DONSON,ENSG00000159147,DONSON,literal_official,25
RPE1,DPAGT1,ENSG00000172269,DPAGT1,literal_official,62
RPE1,DPH1,ENSG00000108963,DPH1,literal_official,239
RPE1,DPH2,ENSG00000132768,DPH2,literal_official,57
RPE1,DPH3,ENSG00000154813,DPH3,literal_official,63
RPE1,DPH6,ENSG00000134146,DPH6,literal_official,127
RPE1,DPM2,ENSG00000136908,DPM2,literal_official,89
RPE1,DPPA2,ENSG00000163530,DPPA2,literal_official,89
RPE1,DPY19L2,ENSG00000177990,DPY19L2,literal_official,95
RPE1,DPY19L4,ENSG00000156162,DPY19L4,literal_official,188
RPE1,DR1,ENSG00000117505,DR1,literal_official,39
RPE1,DRAP1,ENSG00000175550,DRAP1,literal_official,148
RPE1,DRG1,ENSG00000185721,DRG1,literal_official,130
RPE1,DROSHA,ENSG00000113360,DROSHA,literal_official,25
RPE1,DSN1,ENSG00000149636,DSN1,literal_official,40
RPE1,DSTYK,ENSG00000133059,DSTYK,literal_official,269
RPE1,DTL,ENSG00000143476,DTL,literal_official,49
RPE1,DTYMK,ENSG00000168393,DTYMK,literal_official,107
RPE1,DUT,ENSG00000128951,DUT,literal_official,55
RPE1,DYNC1H1,ENSG00000197102,DYNC1H1,literal_official,35
RPE1,DYNC1I2,ENSG00000077380,DYNC1I2,literal_official,60
RPE1,DYNLL1,ENSG00000088986,DYNLL1,literal_official,69
RPE1,DYNLL2,ENSG00000264364,DYNLL2,literal_official,219
RPE1,DYNLRB1,ENSG00000125971,DYNLRB1,literal_official,242
RPE1,E2F6,ENSG00000169016,E2F6,literal_official,156
RPE1,E4F1,ENSG00000167967,E4F1,literal_official,51
RPE1,EARS2,ENSG00000103356,EARS2,literal_official,129
RPE1,EBNA1BP2,ENSG00000117395,EBNA1BP2,literal_official,43
RPE1,ECD,ENSG00000122882,ECD,literal_official,53
RPE1,ECT2,ENSG00000114346,ECT2,literal_official,24
RPE1,EDC4,ENSG00000038358,EDC4,literal_official,96
RPE1,EEF1A1,ENSG00000156508,EEF1A1,unique_hgnc_bridge,52
RPE1,EEF1B2,ENSG00000114942,EEF1B2,literal_official,87
RPE1,EEF1G,ENSG00000254772,EEF1G,literal_official,61
RPE1,EEF2,ENSG00000167658,EEF2,literal_official,109
RPE1,EEFSEC,ENSG00000132394,EEFSEC,literal_official,35
RPE1,EFR3A,ENSG00000132294,EFR3A,literal_official,219
RPE1,EFTUD2,ENSG00000108883,EFTUD2,literal_official,104
RPE1,EGLN2,ENSG00000269858,EGLN2,literal_official,162
RPE1,EHMT2,ENSG00000204371,EHMT2,literal_official,174
RPE1,EIF1,ENSG00000173812,EIF1,literal_official,165
RPE1,EIF1AD,ENSG00000175376,EIF1AD,literal_official,20
RPE1,EIF1AX,ENSG00000173674,EIF1AX,literal_official,62
RPE1,EIF2B1,ENSG00000111361,EIF2B1,literal_official,102
RPE1,EIF2B2,ENSG00000119718,EIF2B2,literal_official,148
RPE1,EIF2B3,ENSG00000070785,EIF2B3,literal_official,104
RPE1,EIF2B4,ENSG00000115211,EIF2B4,literal_official,67
RPE1,EIF2B5,ENSG00000145191,EIF2B5,literal_official,116
RPE1,EIF2S1,ENSG00000134001,EIF2S1,literal_official,83
RPE1,EIF2S2,ENSG00000125977,EIF2S2,literal_official,39
RPE1,EIF2S3,ENSG00000130741,EIF2S3,literal_official,70
RPE1,EIF3A,ENSG00000107581,EIF3A,literal_official,62
RPE1,EIF3B,ENSG00000106263,EIF3B,literal_official,123
RPE1,EIF3CL,ENSG00000205609,EIF3CL,literal_official,337
RPE1,EIF3D,ENSG00000100353,EIF3D,literal_official,55
RPE1,EIF3E,ENSG00000104408,EIF3E,literal_official,50
RPE1,EIF3F,ENSG00000175390,EIF3F,literal_official,17
RPE1,EIF3G,ENSG00000130811,EIF3G,literal_official,8
RPE1,EIF3H,ENSG00000147677,EIF3H,literal_official,19
RPE1,EIF3I,ENSG00000084623,EIF3I,literal_official,80
RPE1,EIF3J,ENSG00000104131,EIF3J,literal_official,66
RPE1,EIF3L,ENSG00000100129,EIF3L,literal_official,120
RPE1,EIF3M,ENSG00000149100,EIF3M,literal_official,82
RPE1,EIF4A1,ENSG00000161960,EIF4A1,literal_official,51
RPE1,EIF4A3,ENSG00000141543,EIF4A3,literal_official,32
RPE1,EIF4B,ENSG00000063046,EIF4B,literal_official,397
RPE1,EIF4E,ENSG00000151247,EIF4E,literal_official,66
RPE1,EIF4G1,ENSG00000114867,EIF4G1,literal_official,77
RPE1,EIF4G2,ENSG00000110321,EIF4G2,literal_official,177
RPE1,EIF4H,ENSG00000106682,EIF4H,literal_official,169
RPE1,EIF5,ENSG00000100664,EIF5,literal_official,33
RPE1,EIF5A,ENSG00000132507,EIF5A,unique_hgnc_bridge,65
RPE1,EIF6,ENSG00000242372,EIF6,literal_official,57
RPE1,ELAC2,ENSG00000006744,ELAC2,literal_official,104
RPE1,ELL,ENSG00000105656,ELL,literal_official,171
RPE1,ELOB,ENSG00000103363,ELOB,literal_official,134
RPE1,ELOF1,ENSG00000130165,ELOF1,literal_official,154
RPE1,ELOVL1,ENSG00000066322,ELOVL1,literal_official,106
RPE1,ELP2,ENSG00000134759,ELP2,literal_official,74
RPE1,ELP3,ENSG00000134014,ELP3,literal_official,110
RPE1,ELP4,ENSG00000109911,ELP4,literal_official,28
RPE1,ELP5,ENSG00000170291,ELP5,literal_official,103
RPE1,ELP6,ENSG00000163832,ELP6,literal_official,84
RPE1,EMC1,ENSG00000127463,EMC1,literal_official,22
RPE1,EMC3,ENSG00000125037,EMC3,literal_official,153
RPE1,EMC4,ENSG00000128463,EMC4,literal_official,87
RPE1,EMC7,ENSG00000134153,EMC7,literal_official,140
RPE1,EMG1,ENSG00000126749,EMG1,literal_official,7
RPE1,ENO1,ENSG00000074800,ENO1,literal_official,112
RPE1,ENY2,ENSG00000120533,ENY2,literal_official,87
RPE1,EP400,ENSG00000183495,EP400,literal_official,68
RPE1,EPB41L2,ENSG00000079819,EPB41L2,literal_official,129
RPE1,EPRS,ENSG00000136628,EPRS,literal_official,47
RPE1,EPS8L1,ENSG00000131037,EPS8L1,literal_official,640
RPE1,ERAL1,ENSG00000132591,ERAL1,literal_official,129
RPE1,ERCC2,ENSG00000104884,ERCC2,literal_official,97
RPE1,ERCC3,ENSG00000163161,ERCC3,literal_official,30
RPE1,ERH,ENSG00000100632,ERH,literal_official,34
RPE1,ERVW-1,ENSG00000242950,ERVW-1,unique_hgnc_bridge,132
RPE1,ESF1,ENSG00000089048,ESF1,literal_official,94
RPE1,ESPL1,ENSG00000135476,ESPL1,literal_official,26
RPE1,ESPN,ENSG00000187017,ESPN,literal_official,350
RPE1,ESYT1,ENSG00000139641,ESYT1,literal_official,76
RPE1,ESYT2,ENSG00000117868,ESYT2,literal_official,50
RPE1,ETF1,ENSG00000120705,ETF1,literal_official,94
RPE1,ETV4,ENSG00000175832,ETV4,literal_official,71
RPE1,EWSR1,ENSG00000182944,EWSR1,literal_official,116
RPE1,EXOC1,ENSG00000090989,EXOC1,literal_official,48
RPE1,EXOC2,ENSG00000112685,EXOC2,literal_official,86
RPE1,EXOC3,ENSG00000180104,EXOC3,literal_official,54
RPE1,EXOC4,ENSG00000131558,EXOC4,literal_official,29
RPE1,EXOC5,ENSG00000070367,EXOC5,literal_official,94
RPE1,EXOC7,ENSG00000182473,EXOC7,literal_official,33
RPE1,EXOC8,ENSG00000116903,EXOC8,literal_official,46
RPE1,EXOSC1,ENSG00000171311,EXOSC1,literal_official,48
RPE1,EXOSC10,ENSG00000171824,EXOSC10,literal_official,24
RPE1,EXOSC2,ENSG00000130713,EXOSC2,literal_official,45
RPE1,EXOSC3,ENSG00000107371,EXOSC3,literal_official,60
RPE1,EXOSC4,ENSG00000178896,EXOSC4,literal_official,61
RPE1,EXOSC5,ENSG00000077348,EXOSC5,literal_official,64
RPE1,EXOSC6,ENSG00000223496,EXOSC6,literal_official,7
RPE1,EXOSC7,ENSG00000075914,EXOSC7,literal_official,47
RPE1,EXOSC8,ENSG00000120699,EXOSC8,literal_official,47
RPE1,EXOSC9,ENSG00000123737,EXOSC9,literal_official,28
RPE1,F8A1,ENSG00000277203,F8A1,literal_official_id_unresolved,85
RPE1,FAF2,ENSG00000113194,FAF2,literal_official,118
RPE1,FAM102B,ENSG00000162636,FAM102B,literal_official,81
RPE1,FAM133B,ENSG00000234545,FAM133B,literal_official,33
RPE1,FAM136A,ENSG00000035141,FAM136A,literal_official,528
RPE1,FAM207A,ENSG00000160256,FAM207A,literal_official,208
RPE1,FAM229A,ENSG00000225828,FAM229A,literal_official,206
RPE1,FAM32A,ENSG00000105058,FAM32A,literal_official,45
RPE1,FAM50A,ENSG00000071859,FAM50A,literal_official,123
RPE1,FAM72D,ENSG00000215784,FAM72D,literal_official,51
RPE1,FARS2,ENSG00000145982,FARS2,literal_official,29
RPE1,FARSA,ENSG00000179115,FARSA,literal_official,60
RPE1,FARSB,ENSG00000116120,FARSB,literal_official,34
RPE1,FASN,ENSG00000169710,FASN,literal_official,73
RPE1,FASTKD5,ENSG00000215251,FASTKD5,literal_official,119
RPE1,FAU,ENSG00000149806,FAU,unique_hgnc_bridge,60
RPE1,FBL,ENSG00000105202,FBL,literal_official,10
RPE1,FBLIM1,ENSG00000162458,FBLIM1,literal_official,197
RPE1,FBRSL1,ENSG00000112787,FBRSL1,literal_official,81
RPE1,FBXL14,ENSG00000171823,FBXL14,unique_hgnc_bridge,91
RPE1,FBXO42,ENSG00000037637,FBXO42,literal_official,883
RPE1,FBXO5,ENSG00000112029,FBXO5,literal_official,10
RPE1,FBXW7,ENSG00000109670,FBXW7,literal_official,203
RPE1,FCF1,ENSG00000119616,FCF1,literal_official,19
RPE1,FDPS,ENSG00000160752,FDPS,literal_official,63
RPE1,FDXR,ENSG00000161513,FDXR,literal_official,116
RPE1,FEN1,ENSG00000168496,FEN1,literal_official,50
RPE1,FGFR1OP,ENSG00000213066,FGFR1OP,literal_official,22
RPE1,FIP1L1,ENSG00000145216,FIP1L1,literal_official,13
RPE1,FKBP9,ENSG00000122642,FKBP9,literal_official,44
RPE1,FNBP4,ENSG00000109920,FNBP4,literal_official,116
RPE1,FNTA,ENSG00000168522,FNTA,literal_official,40
RPE1,FNTB,ENSG00000257365,FNTB,literal_official,140
RPE1,FOLR3,ENSG00000110203,FOLR3,literal_official,219
RPE1,FOXD4,ENSG00000170122,FOXD4,literal_official,117
RPE1,FOXL2,ENSG00000183770,FOXL2,literal_official,80
RPE1,FOXO1,ENSG00000150907,FOXO1,literal_official,65
RPE1,FOXS1,ENSG00000179772,FOXS1,literal_official,88
RPE1,FRG2,ENSG00000205097,FRG2,literal_official,67
RPE1,FTSJ3,ENSG00000108592,FTSJ3,literal_official,45
RPE1,FUNDC2,ENSG00000165775,FUNDC2,literal_official,44
RPE1,FXN,ENSG00000165060,FXN,literal_official,35
RPE1,FYN,ENSG00000010810,FYN,literal_official,152
RPE1,GAB2,ENSG00000033327,GAB2,literal_official,782
RPE1,GABPA,ENSG00000154727,GABPA,literal_official,67
RPE1,GABPB1,ENSG00000104064,GABPB1,literal_official,48
RPE1,GAK,ENSG00000178950,GAK,literal_official,80
RPE1,GAPDH,ENSG00000111640,GAPDH,unique_hgnc_bridge,131
RPE1,GAR1,ENSG00000109534,GAR1,literal_official,32
RPE1,GARS,ENSG00000106105,GARS,literal_official,120
RPE1,GART,ENSG00000159131,GART,literal_official,49
RPE1,GATA1,ENSG00000102145,GATA1,literal_official,64
RPE1,GBF1,ENSG00000107862,GBF1,literal_official,100
RPE1,GCLC,ENSG00000001084,GCLC,literal_official,198
RPE1,GCOM1,ENSG00000137878,GCOM1,literal_official,169
RPE1,GEMIN4,ENSG00000179409,GEMIN4,literal_official,82
RPE1,GEMIN5,ENSG00000082516,GEMIN5,literal_official,95
RPE1,GEMIN6,ENSG00000152147,GEMIN6,literal_official,48
RPE1,GEMIN7,ENSG00000142252,GEMIN7,literal_official,12
RPE1,GEMIN8,ENSG00000046647,GEMIN8,literal_official,45
RPE1,GET1,ENSG00000182093,GET1,literal_official,113
RPE1,GET3,ENSG00000198356,GET3,literal_official,175
RPE1,GFER,ENSG00000127554,GFER,literal_official,69
RPE1,GFM1,ENSG00000168827,GFM1,literal_official,1699
RPE1,GFOD2,ENSG00000141098,GFOD2,literal_official,126
RPE1,GGPS1,ENSG00000152904,GGPS1,literal_official,57
RPE1,GINS1,ENSG00000101003,GINS1,literal_official,44
RPE1,GINS2,ENSG00000131153,GINS2,literal_official,59
RPE1,GINS3,ENSG00000181938,GINS3,literal_official,24
RPE1,GINS4,ENSG00000147536,GINS4,literal_official,81
RPE1,GIT2,ENSG00000139436,GIT2,literal_official,52
RPE1,GJA3,ENSG00000121743,GJA3,literal_official,95
RPE1,GLB1,ENSG00000170266,GLB1,literal_official,45
RPE1,GLE1,ENSG00000119392,GLE1,literal_official,83
RPE1,GLI4,ENSG00000250571,GLI4,literal_official,62
RPE1,GLMN,ENSG00000174842,GLMN,literal_official,13
RPE1,GLRX3,ENSG00000108010,GLRX3,literal_official,83
RPE1,GLRX5,ENSG00000182512,GLRX5,literal_official,257
RPE1,GMIP,ENSG00000089639,GMIP,literal_official,140
RPE1,GMPPB,ENSG00000173540,GMPPB,literal_official,101
RPE1,GMPS,ENSG00000163655,GMPS,literal_official,21
RPE1,GNB1L,ENSG00000185838,GNB1L,literal_official,105
RPE1,GNL2,ENSG00000134697,GNL2,literal_official,57
RPE1,GNL3,ENSG00000163938,GNL3,literal_official,46
RPE1,GNL3L,ENSG00000130119,GNL3L,literal_official,20
RPE1,GNPAT,ENSG00000116906,GNPAT,literal_official,12
RPE1,GNPNAT1,ENSG00000100522,GNPNAT1,literal_official,189
RPE1,GOLGA6L1,ENSG00000273976,GOLGA6L1,literal_official,121
RPE1,GOLT1B,ENSG00000111711,GOLT1B,literal_official,148
RPE1,GON4L,ENSG00000116580,GON4L,literal_official,122
RPE1,GOSR2,ENSG00000108433,GOSR2,literal_official,25
RPE1,GPKOW,ENSG00000068394,GPKOW,literal_official,42
RPE1,GPN1,ENSG00000198522,GPN1,literal_official,25
RPE1,GPN2,ENSG00000142751,GPN2,literal_official,38
RPE1,GPN3,ENSG00000111231,GPN3,literal_official,36
RPE1,GPR61,ENSG00000156097,GPR61,literal_official,51
RPE1,GPS1,ENSG00000169727,GPS1,literal_official,242
RPE1,GPS2,ENSG00000132522,GPS2,literal_official,127
RPE1,GRB2,ENSG00000177885,GRB2,literal_official,186
RPE1,GRPEL1,ENSG00000109519,GRPEL1,literal_official,101
RPE1,GRSF1,ENSG00000132463,GRSF1,literal_official,133
RPE1,GRWD1,ENSG00000105447,GRWD1,literal_official,71
RPE1,GSDMA,ENSG00000167914,GSDMA,literal_official,114
RPE1,GSK3B,ENSG00000082701,GSK3B,literal_official,95
RPE1,GSPT1,ENSG00000103342,GSPT1,literal_official,50
RPE1,GTF2A1,ENSG00000165417,GTF2A1,literal_official,40
RPE1,GTF2A2,ENSG00000140307,GTF2A2,literal_official,63
RPE1,GTF2B,ENSG00000137947,GTF2B,literal_official,22
RPE1,GTF2E1,ENSG00000153767,GTF2E1,literal_official,47
RPE1,GTF2E2,ENSG00000197265,GTF2E2,literal_official,280
RPE1,GTF2F1,ENSG00000125651,GTF2F1,literal_official,39
RPE1,GTF2F2,ENSG00000188342,GTF2F2,literal_official,64
RPE1,GTF2H1,ENSG00000110768,GTF2H1,literal_official,20
RPE1,GTF2H2,ENSG00000145736,GTF2H2,literal_official,49
RPE1,GTF2H2C,ENSG00000183474,GTF2H2C,literal_official,22
RPE1,GTF2H3,ENSG00000111358,GTF2H3,literal_official,67
RPE1,GTF2H4,ENSG00000213780,GTF2H4,literal_official,57
RPE1,GTF3A,ENSG00000122034,GTF3A,literal_official,37
RPE1,GTF3C1,ENSG00000077235,GTF3C1,literal_official,66
RPE1,GTF3C2,ENSG00000115207,GTF3C2,literal_official,80
RPE1,GTF3C3,ENSG00000119041,GTF3C3,literal_official,71
RPE1,GTF3C4,ENSG00000125484,GTF3C4,literal_official,942
RPE1,GTF3C5,ENSG00000148308,GTF3C5,literal_official,108
RPE1,GTF3C6,ENSG00000155115,GTF3C6,literal_official,138
RPE1,GTPBP4,ENSG00000107937,GTPBP4,literal_official,56
RPE1,GUCD1,ENSG00000138867,GUCD1,literal_official,58
RPE1,GUK1,ENSG00000143774,GUK1,literal_official,138
RPE1,GYG1,ENSG00000163754,GYG1,literal_official,294
RPE1,H2AFX,ENSG00000188486,H2AFX,literal_official,109
RPE1,H2AFZ,ENSG00000164032,H2AFZ,literal_official,274
RPE1,H3F3A,ENSG00000163041,H3F3A,literal_official,137
RPE1,HAMP,ENSG00000105697,HAMP,literal_official,172
RPE1,HAPLN2,ENSG00000132702,HAPLN2,literal_official,67
RPE1,HARS,ENSG00000170445,HARS,literal_official,87
RPE1,HARS2,ENSG00000112855,HARS2,literal_official,24
RPE1,HAUS1,ENSG00000152240,HAUS1,literal_official,49
RPE1,HAUS3,ENSG00000214367,HAUS3,literal_official,40
RPE1,HAUS4,ENSG00000092036,HAUS4,literal_official,155
RPE1,HAUS5,ENSG00000249115,HAUS5,literal_official,90
RPE1,HAUS6,ENSG00000147874,HAUS6,literal_official,62
RPE1,HAUS7,ENSG00000213397,HAUS7,literal_official,117
RPE1,HAUS8,ENSG00000131351,HAUS8,literal_official,172
RPE1,HBS1L,ENSG00000112339,HBS1L,literal_official,49
RPE1,HCFC1,ENSG00000172534,HCFC1,literal_official,19
RPE1,HCRTR1,ENSG00000121764,HCRTR1,literal_official,67
RPE1,HDAC3,ENSG00000171720,HDAC3,literal_official,59
RPE1,HDAC7,ENSG00000061273,HDAC7,literal_official,95
RPE1,HEATR1,ENSG00000119285,HEATR1,literal_official,13
RPE1,HECTD1,ENSG00000092148,HECTD1,literal_official,86
RPE1,HERC1,ENSG00000103657,HERC1,literal_official,91
RPE1,HEXIM1,ENSG00000186834,HEXIM1,literal_official,50
RPE1,HGS,ENSG00000185359,HGS,literal_official,46
RPE1,HHEX,ENSG00000152804,HHEX,literal_official,209
RPE1,HINFP,ENSG00000172273,HINFP,literal_official,10
RPE1,HIPK1,ENSG00000163349,HIPK1,literal_official,70
RPE1,HIRA,ENSG00000100084,HIRA,literal_official,244
RPE1,HIST1H2AB,ENSG00000278463,H2AC4,unique_hgnc_bridge,50
RPE1,HIST1H2AE,ENSG00000277075,HIST1H2AE,literal_official,85
RPE1,HIST1H2AI,ENSG00000196747,HIST1H2AI,literal_official,29
RPE1,HIST1H2BB,ENSG00000276410,HIST1H2BB,literal_official,109
RPE1,HIST1H2BC,ENSG00000180596,H2BC4,unique_hgnc_bridge,239
RPE1,HIST1H2BE,ENSG00000274290,H2BC6,unique_hgnc_bridge,61
RPE1,HIST1H2BJ,ENSG00000124635,H2BC11,unique_hgnc_bridge,67
RPE1,HIST1H2BL,ENSG00000185130,H2BC13,unique_hgnc_bridge,106
RPE1,HIST1H2BM,ENSG00000273703,HIST1H2BM,literal_official,113
RPE1,HIST1H2BN,ENSG00000233822,HIST1H2BN,literal_official,86
RPE1,HIST2H2AA3,ENSG00000203812,H2AC18,unique_hgnc_bridge,45
RPE1,HIST2H2AC,ENSG00000184260,H2AC20,unique_hgnc_bridge,25
RPE1,HIST2H2BE,ENSG00000184678,HIST2H2BE,literal_official,111
RPE1,HIST2H2BF,ENSG00000203814,H2BC18,unique_hgnc_bridge,67
RPE1,HIST2H3A,ENSG00000203852,H3C15,unique_hgnc_bridge,80
RPE1,HIST2H3D,ENSG00000183598,H3C13,unique_hgnc_bridge,118
RPE1,HJURP,ENSG00000123485,HJURP,literal_official,120
RPE1,HLA-C,ENSG00000204525,HLA-C,unique_hgnc_bridge,67
RPE1,HMBOX1,ENSG00000147421,HMBOX1,literal_official,19
RPE1,HMGA1,ENSG00000137309,HMGA1,literal_official,71
RPE1,HMGB1,ENSG00000189403,HMGB1,unique_hgnc_bridge,133
RPE1,HMGB3,ENSG00000029993,HMGB3,literal_official,93
RPE1,HMGCR,ENSG00000113161,HMGCR,literal_official,45
RPE1,HMGCS1,ENSG00000112972,HMGCS1,literal_official,259
RPE1,HMGN2,ENSG00000198830,HMGN2,unique_hgnc_bridge,47
RPE1,HMX3,ENSG00000188620,HMX3,literal_official,54
RPE1,HNRNPA1,ENSG00000135486,HNRNPA1,unique_hgnc_bridge,134
RPE1,HNRNPC,ENSG00000092199,HNRNPC,literal_official,51
RPE1,HNRNPDL,ENSG00000152795,HNRNPDL,literal_official,14
RPE1,HNRNPH1,ENSG00000169045,HNRNPH1,unique_hgnc_bridge,174
RPE1,HNRNPK,ENSG00000165119,HNRNPK,literal_official,88
RPE1,HNRNPL,ENSG00000104824,HNRNPL,literal_official,112
RPE1,HNRNPM,ENSG00000099783,HNRNPM,literal_official,108
RPE1,HNRNPR,ENSG00000125944,HNRNPR,literal_official,53
RPE1,HNRNPU,ENSG00000153187,HNRNPU,literal_official,82
RPE1,HOXA3,ENSG00000105997,HOXA3,literal_official,19
RPE1,HOXC10,ENSG00000180818,HOXC10,literal_official,89
RPE1,HPS5,ENSG00000110756,HPS5,literal_official,39
RPE1,HS6ST1,ENSG00000136720,HS6ST1,literal_official,142
RPE1,HSCB,ENSG00000100209,HSCB,literal_official,237
RPE1,HSD17B10,ENSG00000072506,HSD17B10,literal_official,848
RPE1,HSD17B12,ENSG00000149084,HSD17B12,literal_official,335
RPE1,HSF1,ENSG00000185122,HSF1,literal_official,22
RPE1,HSP90B1,ENSG00000166598,HSP90B1,literal_official,144
RPE1,HSPA14,ENSG00000284024,,symbol_ensembl_conflict,105
RPE1,HSPA5,ENSG00000044574,HSPA5,literal_official,75
RPE1,HSPA8,ENSG00000109971,HSPA8,literal_official,148
RPE1,HSPA9,ENSG00000113013,HSPA9,literal_official,113
RPE1,HSPD1,ENSG00000144381,HSPD1,literal_official,42
RPE1,HSPE1,ENSG00000115541,HSPE1,literal_official,102
RPE1,HSPH1,ENSG00000120694,HSPH1,literal_official,26
RPE1,HTATSF1,ENSG00000102241,HTATSF1,literal_official,61
RPE1,HUS1,ENSG00000136273,HUS1,literal_official,230
RPE1,HUWE1,ENSG00000086758,HUWE1,literal_official,77
RPE1,HYOU1,ENSG00000149428,HYOU1,literal_official,65
RPE1,HYPK,ENSG00000242028,HYPK,literal_official,67
RPE1,IARS,ENSG00000196305,IARS,literal_official,36
RPE1,IARS2,ENSG00000067704,IARS2,literal_official,86
RPE1,ICE1,ENSG00000164151,ICE1,unique_hgnc_bridge,65
RPE1,IFITM2,ENSG00000185201,IFITM2,literal_official,43
RPE1,IFITM3,ENSG00000142089,IFITM3,literal_official,55
RPE1,IGBP1,ENSG00000089289,IGBP1,literal_official,75
RPE1,IK,ENSG00000113141,IK,literal_official,465
RPE1,ILF2,ENSG00000143621,ILF2,literal_official,69
RPE1,ILF3,ENSG00000129351,ILF3,literal_official,33
RPE1,IMP3,ENSG00000177971,IMP3,literal_official,5
RPE1,IMP4,ENSG00000136718,IMP4,literal_official,18
RPE1,IMPA2,ENSG00000141401,IMPA2,literal_official,41
RPE1,IMPDH2,ENSG00000178035,IMPDH2,literal_official,156
RPE1,INCENP,ENSG00000149503,INCENP,literal_official,4
RPE1,INF2,ENSG00000203485,INF2,literal_official,117
RPE1,ING3,ENSG00000071243,ING3,literal_official,134
RPE1,INO80,ENSG00000128908,INO80,literal_official,42
RPE1,INO80B,ENSG00000115274,INO80B,literal_official,80
RPE1,INO80C,ENSG00000153391,INO80C,literal_official,151
RPE1,INO80D,ENSG00000114933,INO80D,literal_official,59
RPE1,INO80E,ENSG00000169592,INO80E,literal_official,81
RPE1,INPPL1,ENSG00000165458,INPPL1,literal_official,110
RPE1,INTS1,ENSG00000164880,INTS1,literal_official,53
RPE1,INTS10,ENSG00000104613,INTS10,literal_official,91
RPE1,INTS11,ENSG00000127054,INTS11,literal_official,20
RPE1,INTS12,ENSG00000138785,INTS12,literal_official,140
RPE1,INTS13,ENSG00000064102,INTS13,literal_official,305
RPE1,INTS14,ENSG00000138614,INTS14,literal_official,355
RPE1,INTS2,ENSG00000108506,INTS2,literal_official,70
RPE1,INTS3,ENSG00000143624,INTS3,literal_official,70
RPE1,INTS4,ENSG00000149262,INTS4,literal_official,50
RPE1,INTS5,ENSG00000185085,INTS5,literal_official,56
RPE1,INTS6,ENSG00000102786,INTS6,literal_official,31
RPE1,INTS7,ENSG00000143493,INTS7,literal_official,21
RPE1,INTS8,ENSG00000164941,INTS8,literal_official,153
RPE1,INTS9,ENSG00000104299,INTS9,literal_official,27
RPE1,IPO11,ENSG00000086200,IPO11,literal_official,77
RPE1,IPO13,ENSG00000117408,IPO13,literal_official,75
RPE1,IPO7,ENSG00000205339,IPO7,unique_hgnc_bridge,48
RPE1,IPO9,ENSG00000198700,IPO9,literal_official,117
RPE1,IRF2BP2,ENSG00000168264,IRF2BP2,literal_official,105
RPE1,ISCA2,ENSG00000165898,ISCA2,literal_official,146
RPE1,ISCU,ENSG00000136003,ISCU,literal_official,32
RPE1,ISG20L2,ENSG00000143319,ISG20L2,literal_official,25
RPE1,IST1,ENSG00000182149,IST1,literal_official,187
RPE1,ISY1,ENSG00000240682,ISY1,literal_official,49
RPE1,ITGB1BP1,ENSG00000119185,ITGB1BP1,literal_official,45
RPE1,IWS1,ENSG00000163166,IWS1,literal_official,114
RPE1,JAZF1,ENSG00000153814,JAZF1,literal_official,237
RPE1,JMJD6,ENSG00000070495,JMJD6,literal_official,185
RPE1,KANSL1,ENSG00000120071,KANSL1,literal_official,35
RPE1,KANSL2,ENSG00000139620,KANSL2,literal_official,23
RPE1,KANSL3,ENSG00000114982,KANSL3,literal_official,52
RPE1,KARS,ENSG00000065427,KARS,literal_official,28
RPE1,KAT5,ENSG00000172977,KAT5,literal_official,34
RPE1,KAT7,ENSG00000136504,KAT7,literal_official,69
RPE1,KAT8,ENSG00000103510,KAT8,literal_official,56
RPE1,KATNB1,ENSG00000140854,KATNB1,literal_official,70
RPE1,KCMF1,ENSG00000176407,KCMF1,literal_official,48
RPE1,KCNA10,ENSG00000143105,KCNA10,literal_official,72
RPE1,KCTD10,ENSG00000110906,KCTD10,literal_official,100
RPE1,KDM1A,ENSG00000004487,KDM1A,literal_official,186
RPE1,KDM2A,ENSG00000173120,KDM2A,literal_official,74
RPE1,KDM5C,ENSG00000126012,KDM5C,literal_official,104
RPE1,KDM6A,ENSG00000147050,KDM6A,literal_official,213
RPE1,KDM8,ENSG00000155666,KDM8,literal_official,81
RPE1,KEAP1,ENSG00000079999,KEAP1,literal_official,163
RPE1,KIAA0586,ENSG00000100578,KIAA0586,literal_official,52
RPE1,KIAA1143,ENSG00000163807,KIAA1143,literal_official,141
RPE1,KIF11,ENSG00000138160,KIF11,literal_official,15
RPE1,KIF14,ENSG00000118193,KIF14,literal_official,130
RPE1,KIF18A,ENSG00000121621,KIF18A,literal_official,26
RPE1,KIF18B,ENSG00000186185,KIF18B,literal_official,34
RPE1,KIF20A,ENSG00000112984,KIF20A,literal_official,9
RPE1,KIF23,ENSG00000137807,KIF23,literal_official,11
RPE1,KIF4A,ENSG00000090889,KIF4A,literal_official,80
RPE1,KIN,ENSG00000151657,KIN,literal_official,40
RPE1,KLC2,ENSG00000174996,KLC2,literal_official,103
RPE1,KLF7,ENSG00000118263,KLF7,literal_official,48
RPE1,KLHL11,ENSG00000178502,KLHL11,literal_official,120
RPE1,KLHL17,ENSG00000187961,KLHL17,literal_official,117
RPE1,KPNA6,ENSG00000025800,KPNA6,literal_official,37
RPE1,KPNB1,ENSG00000108424,KPNB1,literal_official,210
RPE1,KRI1,ENSG00000129347,KRI1,literal_official,43
RPE1,KRR1,ENSG00000111615,KRR1,literal_official,16
RPE1,KRT10,ENSG00000186395,KRT10,literal_official,201
RPE1,KRT17,ENSG00000128422,KRT17,literal_official,563
RPE1,KRT8,ENSG00000170421,KRT8,literal_official,216
RPE1,KRTAP4-2,ENSG00000244537,KRTAP4-2,literal_official,96
RPE1,KRTAP4-7,ENSG00000240871,KRTAP4-7,literal_official,125
RPE1,KTI12,ENSG00000198841,KTI12,literal_official,131
RPE1,KXD1,ENSG00000105700,KXD1,literal_official,82
RPE1,LAMB1,ENSG00000091136,LAMB1,literal_official,14
RPE1,LAMTOR1,ENSG00000149357,LAMTOR1,literal_official,371
RPE1,LAMTOR2,ENSG00000116586,LAMTOR2,literal_official,25
RPE1,LAMTOR3,ENSG00000109270,LAMTOR3,literal_official,38
RPE1,LAMTOR4,ENSG00000188186,LAMTOR4,literal_official,131
RPE1,LARS,ENSG00000133706,LARS,literal_official,44
RPE1,LARS2,ENSG00000011376,LARS2,literal_official,128
RPE1,LAS1L,ENSG00000001497,LAS1L,literal_official,42
RPE1,LCE1C,ENSG00000197084,LCE1C,literal_official,102
RPE1,LCE1E,ENSG00000186226,LCE1E,unique_hgnc_bridge,105
RPE1,LCN10,ENSG00000187922,LCN10,literal_official,93
RPE1,LDB1,ENSG00000198728,LDB1,literal_official,81
RPE1,LENG8,ENSG00000167615,LENG8,literal_official,49
RPE1,LEO1,ENSG00000166477,LEO1,literal_official,31
RPE1,LETM1,ENSG00000168924,LETM1,literal_official,163
RPE1,LIMS1,ENSG00000169756,LIMS1,literal_official,182
RPE1,LIN52,ENSG00000205659,LIN52,literal_official,31
RPE1,LIN54,ENSG00000189308,LIN54,literal_official,163
RPE1,LMO2,ENSG00000135363,LMO2,literal_official,268
RPE1,LONP1,ENSG00000196365,LONP1,literal_official,82
RPE1,LPA,ENSG00000198670,LPA,unique_hgnc_bridge,59
RPE1,LPIN1,ENSG00000134324,LPIN1,literal_official,46
RPE1,LRP5,ENSG00000162337,LRP5,literal_official,107
RPE1,LRPPRC,ENSG00000138095,LRPPRC,literal_official,89
RPE1,LRR1,ENSG00000165501,LRR1,literal_official,51
RPE1,LRRC37A3,ENSG00000176809,LRRC37A3,literal_official,155
RPE1,LRRC37B,ENSG00000185158,LRRC37B,literal_official,88
RPE1,LSG1,ENSG00000041802,LSG1,literal_official,61
RPE1,LSM10,ENSG00000181817,LSM10,literal_official,102
RPE1,LSM11,ENSG00000155858,LSM11,literal_official,15
RPE1,LSM12,ENSG00000161654,LSM12,literal_official,115
RPE1,LSM2,ENSG00000204392,LSM2,literal_official,42
RPE1,LSM3,ENSG00000170860,LSM3,literal_official,54
RPE1,LSM4,ENSG00000130520,LSM4,literal_official,80
RPE1,LSM5,ENSG00000106355,LSM5,literal_official,85
RPE1,LSM6,ENSG00000164167,LSM6,literal_official,47
RPE1,LSM7,ENSG00000130332,LSM7,literal_official,67
RPE1,LST1,ENSG00000204482,LST1,literal_official,157
RPE1,LTB4R2,ENSG00000213906,LTB4R2,literal_official,126
RPE1,LTBP3,ENSG00000168056,LTBP3,literal_official,234
RPE1,LTBP4,ENSG00000090006,LTBP4,literal_official,117
RPE1,LTV1,ENSG00000135521,LTV1,literal_official,26
RPE1,LUC7L3,ENSG00000108848,LUC7L3,literal_official,14
RPE1,LURAP1,ENSG00000171357,LURAP1,literal_official,46
RPE1,LYRM4,ENSG00000214113,LYRM4,literal_official,20
RPE1,LZTR1,ENSG00000099949,LZTR1,literal_official,207
RPE1,MAD2L1,ENSG00000164109,MAD2L1,literal_official,108
RPE1,MAD2L2,ENSG00000116670,MAD2L2,literal_official,234
RPE1,MAGOH,ENSG00000162385,MAGOH,literal_official,116
RPE1,MAK16,ENSG00000198042,MAK16,literal_official,16
RPE1,MALSU1,ENSG00000156928,MALSU1,literal_official,170
RPE1,MANF,ENSG00000145050,MANF,literal_official,178
RPE1,MAP2K7,ENSG00000076984,MAP2K7,literal_official,7
RPE1,MARS,ENSG00000166986,MARS,literal_official,32
RPE1,MARS2,ENSG00000247626,MARS2,literal_official,91
RPE1,MASTL,ENSG00000120539,MASTL,literal_official,28
RPE1,MAT2A,ENSG00000168906,MAT2A,literal_official,160
RPE1,MAU2,ENSG00000129933,MAU2,literal_official,29
RPE1,MAX,ENSG00000125952,MAX,literal_official,89
RPE1,MBD3,ENSG00000071655,MBD3,literal_official,203
RPE1,MBIP,ENSG00000151332,MBIP,literal_official,34
RPE1,MBNL1,ENSG00000152601,MBNL1,literal_official,70
RPE1,MBTPS1,ENSG00000140943,MBTPS1,literal_official,190
RPE1,MBTPS2,ENSG00000012174,MBTPS2,literal_official,154
RPE1,MCEE,ENSG00000124370,MCEE,literal_official,23
RPE1,MCL1,ENSG00000143384,MCL1,literal_official,247
RPE1,MCM10,ENSG00000065328,MCM10,literal_official,58
RPE1,MCM2,ENSG00000073111,MCM2,literal_official,42
RPE1,MCM3,ENSG00000112118,MCM3,literal_official,187
RPE1,MCM3AP,ENSG00000160294,MCM3AP,literal_official,72
RPE1,MCM4,ENSG00000104738,MCM4,literal_official,40
RPE1,MCM5,ENSG00000100297,MCM5,literal_official,60
RPE1,MCM6,ENSG00000076003,MCM6,literal_official,125
RPE1,MCM7,ENSG00000166508,MCM7,literal_official,47
RPE1,MCMBP,ENSG00000197771,MCMBP,literal_official,95
RPE1,MCRS1,ENSG00000187778,MCRS1,literal_official,13
RPE1,MDN1,ENSG00000112159,MDN1,literal_official,29
RPE1,MED1,ENSG00000125686,MED1,literal_official,56
RPE1,MED10,ENSG00000133398,MED10,literal_official,17
RPE1,MED11,ENSG00000161920,MED11,literal_official,33
RPE1,MED12,ENSG00000184634,MED12,literal_official,60
RPE1,MED14,ENSG00000180182,MED14,literal_official,99
RPE1,MED16,ENSG00000175221,MED16,literal_official,45
RPE1,MED17,ENSG00000042429,MED17,literal_official,7
RPE1,MED18,ENSG00000130772,MED18,literal_official,35
RPE1,MED19,ENSG00000156603,MED19,literal_official,201
RPE1,MED20,ENSG00000124641,MED20,literal_official,29
RPE1,MED21,ENSG00000152944,MED21,literal_official,22
RPE1,MED22,ENSG00000148297,MED22,literal_official,29
RPE1,MED24,ENSG00000008838,MED24,literal_official,35
RPE1,MED26,ENSG00000105085,MED26,literal_official,15
RPE1,MED27,ENSG00000160563,MED27,literal_official,11
RPE1,MED28,ENSG00000118579,MED28,literal_official,6
RPE1,MED29,ENSG00000063322,MED29,literal_official,30
RPE1,MED30,ENSG00000164758,MED30,literal_official,17
RPE1,MED31,ENSG00000108590,MED31,literal_official,9
RPE1,MED4,ENSG00000136146,MED4,literal_official,76
RPE1,MED6,ENSG00000133997,MED6,literal_official,26
RPE1,MED7,ENSG00000155868,MED7,literal_official,26
RPE1,MED8,ENSG00000159479,MED8,literal_official,40
RPE1,MED9,ENSG00000141026,MED9,literal_official,25
RPE1,MEF2A,ENSG00000068305,MEF2A,literal_official,24
RPE1,MEIS3,ENSG00000105419,MEIS3,literal_official,114
RPE1,MEMO1,ENSG00000162959,MEMO1,literal_official,77
RPE1,MEN1,ENSG00000133895,MEN1,literal_official,100
RPE1,MEPCE,ENSG00000146834,MEPCE,literal_official,59
RPE1,METAP1,ENSG00000164024,METAP1,unique_hgnc_bridge,56
RPE1,METAP2,ENSG00000111142,METAP2,literal_official,14
RPE1,METTL1,ENSG00000037897,METTL1,literal_official,105
RPE1,METTL14,ENSG00000145388,METTL14,literal_official,76
RPE1,METTL16,ENSG00000127804,METTL16,literal_official,42
RPE1,METTL17,ENSG00000165792,METTL17,literal_official,118
RPE1,METTL21A,ENSG00000144401,METTL21A,literal_official,106
RPE1,METTL23,ENSG00000181038,METTL23,literal_official,90
RPE1,METTL3,ENSG00000165819,METTL3,literal_official,216
RPE1,MEX3A,ENSG00000254726,MEX3A,literal_official,46
RPE1,MFAP1,ENSG00000140259,MFAP1,literal_official,59
RPE1,MFN2,ENSG00000116688,MFN2,literal_official,224
RPE1,MICOS10,ENSG00000173436,MICOS10,literal_official,184
RPE1,MIER1,ENSG00000198160,MIER1,literal_official,155
RPE1,MIOS,ENSG00000164654,MIOS,literal_official,131
RPE1,MIPEP,ENSG00000027001,MIPEP,literal_official,82
RPE1,MIS12,ENSG00000167842,MIS12,literal_official,26
RPE1,MIS18A,ENSG00000159055,MIS18A,literal_official,53
RPE1,MIS18BP1,ENSG00000129534,MIS18BP1,literal_official,38
RPE1,MKRN1,ENSG00000133606,MKRN1,literal_official,187
RPE1,MLLT6,ENSG00000275023,MLLT6,literal_official,105
RPE1,MLST8,ENSG00000167965,MLST8,literal_official,94
RPE1,MMGT1,ENSG00000169446,MMGT1,literal_official,107
RPE1,MMP17,ENSG00000198598,MMP17,literal_official,61
RPE1,MMS19,ENSG00000155229,MMS19,literal_official,89
RPE1,MMS22L,ENSG00000146263,MMS22L,literal_official,33
RPE1,MNAT1,ENSG00000020426,MNAT1,literal_official,82
RPE1,MOB4,ENSG00000115540,MOB4,literal_official,68
RPE1,MOCS3,ENSG00000124217,MOCS3,literal_official,75
RPE1,MOG,ENSG00000204655,MOG,literal_official,60
RPE1,MOK,ENSG00000080823,MOK,literal_official,87
RPE1,MON1A,ENSG00000164077,MON1A,literal_official,175
RPE1,MPG,ENSG00000103152,MPG,literal_official,39
RPE1,MPHOSPH10,ENSG00000124383,MPHOSPH10,literal_official,29
RPE1,MPHOSPH6,ENSG00000135698,MPHOSPH6,literal_official,51
RPE1,MRGBP,ENSG00000101189,MRGBP,literal_official,33
RPE1,MRM1,ENSG00000278619,MRM1,literal_official,29
RPE1,MRPL1,ENSG00000169288,MRPL1,unique_hgnc_bridge,146
RPE1,MRPL10,ENSG00000159111,MRPL10,unique_hgnc_bridge,118
RPE1,MRPL11,ENSG00000174547,MRPL11,unique_hgnc_bridge,54
RPE1,MRPL13,ENSG00000172172,MRPL13,unique_hgnc_bridge,13
RPE1,MRPL14,ENSG00000180992,MRPL14,unique_hgnc_bridge,127
RPE1,MRPL15,ENSG00000137547,MRPL15,unique_hgnc_bridge,142
RPE1,MRPL16,ENSG00000166902,MRPL16,unique_hgnc_bridge,261
RPE1,MRPL17,ENSG00000158042,MRPL17,unique_hgnc_bridge,96
RPE1,MRPL18,ENSG00000112110,MRPL18,unique_hgnc_bridge,98
RPE1,MRPL19,ENSG00000115364,MRPL19,unique_hgnc_bridge,110
RPE1,MRPL2,ENSG00000112651,MRPL2,unique_hgnc_bridge,79
RPE1,MRPL20,ENSG00000242485,MRPL20,unique_hgnc_bridge,109
RPE1,MRPL21,ENSG00000197345,MRPL21,unique_hgnc_bridge,19
RPE1,MRPL22,ENSG00000082515,MRPL22,unique_hgnc_bridge,65
RPE1,MRPL23,ENSG00000214026,MRPL23,unique_hgnc_bridge,85
RPE1,MRPL24,ENSG00000143314,MRPL24,unique_hgnc_bridge,217
RPE1,MRPL27,ENSG00000108826,MRPL27,unique_hgnc_bridge,191
RPE1,MRPL28,ENSG00000086504,MRPL28,unique_hgnc_bridge,111
RPE1,MRPL3,ENSG00000114686,MRPL3,unique_hgnc_bridge,168
RPE1,MRPL32,ENSG00000106591,MRPL32,unique_hgnc_bridge,75
RPE1,MRPL33,ENSG00000243147,MRPL33,unique_hgnc_bridge,166
RPE1,MRPL34,ENSG00000130312,MRPL34,unique_hgnc_bridge,172
RPE1,MRPL35,ENSG00000132313,MRPL35,unique_hgnc_bridge,1491
RPE1,MRPL36,ENSG00000171421,MRPL36,unique_hgnc_bridge,1686
RPE1,MRPL37,ENSG00000116221,MRPL37,unique_hgnc_bridge,90
RPE1,MRPL38,ENSG00000204316,MRPL38,unique_hgnc_bridge,265
RPE1,MRPL39,ENSG00000154719,MRPL39,unique_hgnc_bridge,286
RPE1,MRPL4,ENSG00000105364,MRPL4,unique_hgnc_bridge,153
RPE1,MRPL41,ENSG00000182154,MRPL41,unique_hgnc_bridge,218
RPE1,MRPL42,ENSG00000198015,MRPL42,unique_hgnc_bridge,75
RPE1,MRPL43,ENSG00000055950,MRPL43,unique_hgnc_bridge,91
RPE1,MRPL44,ENSG00000135900,MRPL44,unique_hgnc_bridge,93
RPE1,MRPL45,ENSG00000278845,MRPL45,unique_hgnc_bridge,45
RPE1,MRPL46,ENSG00000259494,MRPL46,unique_hgnc_bridge,106
RPE1,MRPL49,ENSG00000149792,MRPL49,unique_hgnc_bridge,32
RPE1,MRPL50,ENSG00000136897,MRPL50,unique_hgnc_bridge,140
RPE1,MRPL51,ENSG00000111639,MRPL51,unique_hgnc_bridge,99
RPE1,MRPL53,ENSG00000204822,MRPL53,unique_hgnc_bridge,122
RPE1,MRPL54,ENSG00000183617,MRPL54,unique_hgnc_bridge,165
RPE1,MRPL55,ENSG00000162910,MRPL55,unique_hgnc_bridge,95
RPE1,MRPL9,ENSG00000143436,MRPL9,unique_hgnc_bridge,84
RPE1,MRPS10,ENSG00000048544,MRPS10,unique_hgnc_bridge,138
RPE1,MRPS11,ENSG00000181991,MRPS11,unique_hgnc_bridge,128
RPE1,MRPS12,ENSG00000128626,MRPS12,unique_hgnc_bridge,48
RPE1,MRPS14,ENSG00000120333,MRPS14,unique_hgnc_bridge,32
RPE1,MRPS16,ENSG00000182180,MRPS16,unique_hgnc_bridge,228
RPE1,MRPS17,ENSG00000239789,MRPS17,unique_hgnc_bridge,160
RPE1,MRPS18A,ENSG00000096080,MRPS18A,unique_hgnc_bridge,93
RPE1,MRPS18B,ENSG00000204568,MRPS18B,unique_hgnc_bridge,30
RPE1,MRPS18C,ENSG00000163319,MRPS18C,unique_hgnc_bridge,65
RPE1,MRPS2,ENSG00000122140,MRPS2,unique_hgnc_bridge,78
RPE1,MRPS21,ENSG00000266472,MRPS21,unique_hgnc_bridge,251
RPE1,MRPS22,ENSG00000175110,MRPS22,unique_hgnc_bridge,72
RPE1,MRPS23,ENSG00000181610,MRPS23,unique_hgnc_bridge,102
RPE1,MRPS24,ENSG00000062582,MRPS24,unique_hgnc_bridge,81
RPE1,MRPS25,ENSG00000131368,MRPS25,unique_hgnc_bridge,137
RPE1,MRPS26,ENSG00000125901,MRPS26,unique_hgnc_bridge,128
RPE1,MRPS27,ENSG00000113048,MRPS27,unique_hgnc_bridge,137
RPE1,MRPS28,ENSG00000147586,MRPS28,unique_hgnc_bridge,103
RPE1,MRPS30,ENSG00000112996,MRPS30,unique_hgnc_bridge,118
RPE1,MRPS31,ENSG00000102738,MRPS31,unique_hgnc_bridge,69
RPE1,MRPS33,ENSG00000090263,MRPS33,unique_hgnc_bridge,94
RPE1,MRPS34,ENSG00000074071,MRPS34,unique_hgnc_bridge,70
RPE1,MRPS35,ENSG00000061794,MRPS35,unique_hgnc_bridge,104
RPE1,MRPS5,ENSG00000144029,MRPS5,unique_hgnc_bridge,168
RPE1,MRPS6,ENSG00000243927,MRPS6,unique_hgnc_bridge,213
RPE1,MRPS7,ENSG00000125445,MRPS7,unique_hgnc_bridge,118
RPE1,MRPS9,ENSG00000135972,MRPS9,unique_hgnc_bridge,92
RPE1,MRTO4,ENSG00000053372,MRTO4,literal_official,26
RPE1,MSL1,ENSG00000188895,MSL1,literal_official,67
RPE1,MSRB1,ENSG00000198736,MSRB1,literal_official,125
RPE1,MST1,ENSG00000173531,MST1,literal_official,78
RPE1,MSTO1,ENSG00000125459,MSTO1,literal_official,50
RPE1,MT2A,ENSG00000125148,MT2A,literal_official,59
RPE1,MTBP,ENSG00000172167,MTBP,literal_official,86
RPE1,MTCP1,ENSG00000214827,MTCP1,literal_official,43
RPE1,MTG2,ENSG00000101181,MTG2,literal_official,215
RPE1,MTHFD1,ENSG00000100714,MTHFD1,literal_official,98
RPE1,MTOR,ENSG00000198793,MTOR,literal_official,102
RPE1,MTPAP,ENSG00000107951,MTPAP,literal_official,84
RPE1,MTREX,ENSG00000039123,MTREX,literal_official,17
RPE1,MTRNR2L1,ENSG00000256618,MTRNR2L1,unique_hgnc_bridge,28
RPE1,MVD,ENSG00000167508,MVD,literal_official,72
RPE1,MVK,ENSG00000110921,MVK,literal_official,422
RPE1,MYB,ENSG00000118513,MYB,literal_official,66
RPE1,MYBBP1A,ENSG00000132382,MYBBP1A,literal_official,31
RPE1,MYBL2,ENSG00000101057,MYBL2,literal_official,894
RPE1,MYC,ENSG00000136997,MYC,literal_official,86
RPE1,MYCBP,ENSG00000214114,MYCBP,literal_official,23
RPE1,MYO1H,ENSG00000174527,MYO1H,literal_official,140
RPE1,MYSM1,ENSG00000162601,MYSM1,literal_official,108
RPE1,MZF1,ENSG00000099326,MZF1,literal_official,121
RPE1,MZT1,ENSG00000204899,MZT1,literal_official,47
RPE1,N6AMT1,ENSG00000156239,N6AMT1,literal_official,75
RPE1,NAA10,ENSG00000102030,NAA10,literal_official,61
RPE1,NAA15,ENSG00000164134,NAA15,literal_official,57
RPE1,NAA20,ENSG00000173418,NAA20,literal_official,98
RPE1,NAA25,ENSG00000111300,NAA25,literal_official,146
RPE1,NAA30,ENSG00000139977,NAA30,literal_official,135
RPE1,NAA35,ENSG00000135040,NAA35,literal_official,316
RPE1,NAA38,ENSG00000183011,NAA38,literal_official,90
RPE1,NAA50,ENSG00000121579,NAA50,literal_official,64
RPE1,NACA,ENSG00000196531,NACA,unique_hgnc_bridge,31
RPE1,NAE1,ENSG00000159593,NAE1,literal_official,53
RPE1,NAF1,ENSG00000145414,NAF1,literal_official,60
RPE1,NAGLU,ENSG00000108784,NAGLU,literal_official,259
RPE1,NANOG,ENSG00000111704,NANOG,literal_official,73
RPE1,NAPA,ENSG00000105402,NAPA,literal_official,19
RPE1,NAPG,ENSG00000134265,NAPG,literal_official,226
RPE1,NARS,ENSG00000134440,NARS,literal_official,75
RPE1,NARS2,ENSG00000137513,NARS2,literal_official,224
RPE1,NASP,ENSG00000132780,NASP,literal_official,103
RPE1,NAT10,ENSG00000135372,NAT10,literal_official,3
RPE1,NBAS,ENSG00000151779,NBAS,literal_official,70
RPE1,NBEAL1,ENSG00000144426,NBEAL1,literal_official,170
RPE1,NBPF12,ENSG00000268043,NBPF12,literal_official,1159
RPE1,NBPF15,ENSG00000266338,NBPF15,literal_official,154
RPE1,NBPF3,ENSG00000142794,NBPF3,literal_official,83
RPE1,NCAPD2,ENSG00000010292,NCAPD2,literal_official,123
RPE1,NCAPD3,ENSG00000151503,NCAPD3,literal_official,11
RPE1,NCAPG,ENSG00000109805,NCAPG,literal_official,33
RPE1,NCAPG2,ENSG00000146918,NCAPG2,literal_official,43
RPE1,NCAPH,ENSG00000121152,NCAPH,literal_official,36
RPE1,NCAPH2,ENSG00000025770,NCAPH2,literal_official,64
RPE1,NCBP1,ENSG00000136937,NCBP1,literal_official,29
RPE1,NCBP2,ENSG00000114503,NCBP2,literal_official,39
RPE1,NCKAP1,ENSG00000061676,NCKAP1,literal_official,82
RPE1,NCL,ENSG00000115053,NCL,literal_official,94
RPE1,NCOA4,ENSG00000266412,NCOA4,literal_official,106
RPE1,NDC1,ENSG00000058804,NDC1,literal_official,111
RPE1,NDC80,ENSG00000080986,NDC80,literal_official,100
RPE1,NDOR1,ENSG00000188566,NDOR1,literal_official,64
RPE1,NDUFA11,ENSG00000174886,NDUFA11,literal_official,120
RPE1,NDUFA2,ENSG00000131495,NDUFA2,literal_official,35
RPE1,NDUFA3,ENSG00000170906,NDUFA3,literal_official,181
RPE1,NDUFA4,ENSG00000189043,NDUFA4,literal_official,115
RPE1,NDUFA6,ENSG00000184983,NDUFA6,literal_official,110
RPE1,NDUFA8,ENSG00000119421,NDUFA8,literal_official,45
RPE1,NDUFAB1,ENSG00000004779,NDUFAB1,literal_official,76
RPE1,NDUFAF3,ENSG00000178057,NDUFAF3,literal_official,105
RPE1,NDUFAF5,ENSG00000101247,NDUFAF5,literal_official,16
RPE1,NDUFAF7,ENSG00000003509,NDUFAF7,literal_official,20
RPE1,NDUFB10,ENSG00000140990,NDUFB10,literal_official,97
RPE1,NDUFB3,ENSG00000119013,NDUFB3,literal_official,138
RPE1,NDUFB4,ENSG00000065518,NDUFB4,literal_official,166
RPE1,NDUFB6,ENSG00000165264,NDUFB6,literal_official,81
RPE1,NDUFB7,ENSG00000099795,NDUFB7,literal_official,106
RPE1,NDUFB8,ENSG00000166136,NDUFB8,literal_official,154
RPE1,NDUFS3,ENSG00000213619,NDUFS3,literal_official,120
RPE1,NDUFS5,ENSG00000168653,NDUFS5,literal_official,109
RPE1,NDUFV2,ENSG00000178127,NDUFV2,literal_official,84
RPE1,NEDD1,ENSG00000139350,NEDD1,literal_official,151
RPE1,NEDD8,ENSG00000129559,NEDD8,literal_official,61
RPE1,NEDD8-MDP1,nan,NEDD8-MDP1,unique_hgnc_bridge,51
RPE1,NELFA,ENSG00000185049,NELFA,literal_official,60
RPE1,NELFB,ENSG00000188986,NELFB,literal_official,153
RPE1,NELFCD,ENSG00000101158,NELFCD,literal_official,113
RPE1,NELFE,ENSG00000204356,NELFE,literal_official,98
RPE1,NEMF,ENSG00000165525,NEMF,literal_official,79
RPE1,NEPRO,ENSG00000163608,NEPRO,literal_official,15
RPE1,NF1,ENSG00000196712,NF1,literal_official,64
RPE1,NFATC2IP,ENSG00000176953,NFATC2IP,literal_official,150
RPE1,NFKBIE,ENSG00000146232,NFKBIE,literal_official,62
RPE1,NFRKB,ENSG00000170322,NFRKB,literal_official,150
RPE1,NFS1,ENSG00000244005,NFS1,literal_official,56
RPE1,NFYB,ENSG00000120837,NFYB,literal_official,84
RPE1,NFYC,ENSG00000066136,NFYC,literal_official,121
RPE1,NHLRC2,ENSG00000196865,NHLRC2,literal_official,76
RPE1,NHP2,ENSG00000145912,NHP2,literal_official,48
RPE1,NIFK,ENSG00000155438,NIFK,literal_official,63
RPE1,NIP7,ENSG00000132603,NIP7,literal_official,20
RPE1,NISCH,ENSG00000010322,NISCH,literal_official,167
RPE1,NKAP,ENSG00000101882,NKAP,literal_official,83
RPE1,NKAPD1,ENSG00000150776,NKAPD1,literal_official,118
RPE1,NKX6-1,ENSG00000163623,NKX6-1,literal_official,38
RPE1,NLE1,ENSG00000073536,NLE1,literal_official,37
RPE1,NMD3,ENSG00000169251,NMD3,literal_official,42
RPE1,NMT1,ENSG00000136448,NMT1,literal_official,72
RPE1,NOB1,ENSG00000141101,NOB1,literal_official,27
RPE1,NOC2L,ENSG00000188976,NOC2L,literal_official,11
RPE1,NOC3L,ENSG00000173145,NOC3L,literal_official,45
RPE1,NOC4L,ENSG00000184967,NOC4L,literal_official,25
RPE1,NOL10,ENSG00000115761,NOL10,literal_official,14
RPE1,NOL11,ENSG00000130935,NOL11,literal_official,30
RPE1,NOL12,ENSG00000273899,NOL12,literal_official,29
RPE1,NOL6,ENSG00000165271,NOL6,literal_official,17
RPE1,NOL7,ENSG00000225921,NOL7,literal_official,60
RPE1,NOL8,ENSG00000198000,NOL8,literal_official,38
RPE1,NOL9,ENSG00000162408,NOL9,literal_official,19
RPE1,NOLC1,ENSG00000166197,NOLC1,literal_official,39
RPE1,NOM1,ENSG00000146909,NOM1,literal_official,59
RPE1,NOMO1,ENSG00000103512,NOMO1,literal_official,69
RPE1,NOMO3,ENSG00000103226,NOMO3,unique_hgnc_bridge,115
RPE1,NOP10,ENSG00000182117,NOP10,literal_official,18
RPE1,NOP14,ENSG00000087269,NOP14,literal_official,37
RPE1,NOP16,ENSG00000048162,NOP16,literal_official,20
RPE1,NOP2,ENSG00000111641,NOP2,literal_official,16
RPE1,NOP56,ENSG00000101361,NOP56,literal_official,93
RPE1,NOP58,ENSG00000055044,NOP58,literal_official,18
RPE1,NOP9,ENSG00000196943,NOP9,literal_official,39
RPE1,NOS1AP,ENSG00000198929,NOS1AP,literal_official,79
RPE1,NPAT,ENSG00000149308,NPAT,literal_official,3
RPE1,NPB,ENSG00000183979,NPB,literal_official,131
RPE1,NPEPPS,ENSG00000141279,NPEPPS,literal_official,161
RPE1,NPLOC4,ENSG00000182446,NPLOC4,literal_official,193
RPE1,NPM1,ENSG00000181163,NPM1,unique_hgnc_bridge,44
RPE1,NPM3,ENSG00000107833,NPM3,literal_official,57
RPE1,NR2C2AP,ENSG00000184162,NR2C2AP,literal_official,23
RPE1,NRBP1,ENSG00000115216,NRBP1,literal_official,158
RPE1,NRDE2,ENSG00000119720,NRDE2,literal_official,46
RPE1,NRF1,ENSG00000106459,NRF1,literal_official,54
RPE1,NSA2,ENSG00000164346,NSA2,literal_official,41
RPE1,NSF,ENSG00000073969,NSF,literal_official,65
RPE1,NSL1,ENSG00000117697,NSL1,literal_official,51
RPE1,NSMCE1,ENSG00000169189,NSMCE1,literal_official,50
RPE1,NSMCE2,ENSG00000156831,NSMCE2,literal_official,75
RPE1,NSRP1,ENSG00000126653,NSRP1,literal_official,43
RPE1,NSUN4,ENSG00000117481,NSUN4,literal_official,124
RPE1,NUB1,ENSG00000013374,NUB1,literal_official,148
RPE1,NUBP1,ENSG00000103274,NUBP1,literal_official,37
RPE1,NUBP2,ENSG00000095906,NUBP2,literal_official,92
RPE1,NUDC,ENSG00000090273,NUDC,literal_official,57
RPE1,NUDCD3,ENSG00000015676,NUDCD3,literal_official,134
RPE1,NUDT15,ENSG00000136159,NUDT15,literal_official,74
RPE1,NUDT21,ENSG00000167005,NUDT21,literal_official,17
RPE1,NUF2,ENSG00000143228,NUF2,literal_official,62
RPE1,NUFIP1,ENSG00000083635,NUFIP1,literal_official,20
RPE1,NUMA1,ENSG00000137497,NUMA1,literal_official,17
RPE1,NUP107,ENSG00000111581,NUP107,literal_official,143
RPE1,NUP133,ENSG00000069248,NUP133,literal_official,110
RPE1,NUP153,ENSG00000124789,NUP153,literal_official,113
RPE1,NUP155,ENSG00000113569,NUP155,literal_official,31
RPE1,NUP160,ENSG00000030066,NUP160,literal_official,63
RPE1,NUP205,ENSG00000155561,NUP205,literal_official,55
RPE1,NUP214,ENSG00000126883,NUP214,literal_official,74
RPE1,NUP35,ENSG00000163002,NUP35,literal_official,65
RPE1,NUP43,ENSG00000120253,NUP43,literal_official,72
RPE1,NUP54,ENSG00000138750,NUP54,literal_official,80
RPE1,NUP62,ENSG00000213024,NUP62,literal_official,75
RPE1,NUP85,ENSG00000125450,NUP85,literal_official,77
RPE1,NUP88,ENSG00000108559,NUP88,literal_official,114
RPE1,NUP93,ENSG00000102900,NUP93,literal_official,2
RPE1,NUP98,ENSG00000110713,NUP98,literal_official,106
RPE1,NUS1,ENSG00000153989,NUS1,literal_official,75
RPE1,NUTF2,ENSG00000102898,NUTF2,literal_official,66
RPE1,NVL,ENSG00000143748,NVL,literal_official,37
RPE1,NXF1,ENSG00000162231,NXF1,literal_official,196
RPE1,OGFOD1,ENSG00000087263,OGFOD1,literal_official,55
RPE1,OGT,ENSG00000147162,OGT,literal_official,43
RPE1,OIP5,ENSG00000104147,OIP5,literal_official,136
RPE1,OLFML3,ENSG00000116774,OLFML3,literal_official,135
RPE1,OPA1,ENSG00000198836,OPA1,literal_official,61
RPE1,OR1D2,ENSG00000184166,OR1D2,literal_official,77
RPE1,OR1E2,ENSG00000127780,OR1E2,literal_official,191
RPE1,OR2A1,ENSG00000221970,OR2A1,literal_official,44
RPE1,OR2T29,ENSG00000182783,OR2T29,unique_hgnc_bridge,72
RPE1,OR2T5,ENSG00000203661,OR2T5,literal_official,89
RPE1,OR4F4,ENSG00000177693,OR4F4,literal_official,24
RPE1,OR4K1,ENSG00000155249,OR4K1,literal_official,94
RPE1,OR4N2,ENSG00000176294,OR4N2,literal_official,65
RPE1,OR7A10,ENSG00000127515,OR7A10,literal_official,57
RPE1,OR7A17,ENSG00000185385,OR7A17,literal_official,84
RPE1,ORC1,ENSG00000085840,ORC1,literal_official,57
RPE1,ORC3,ENSG00000135336,ORC3,literal_official,58
RPE1,ORC4,ENSG00000115947,ORC4,literal_official,165
RPE1,ORC5,ENSG00000164815,ORC5,literal_official,116
RPE1,ORC6,ENSG00000091651,ORC6,literal_official,37
RPE1,OSBP,ENSG00000110048,OSBP,literal_official,27
RPE1,OSGEP,ENSG00000092094,OSGEP,literal_official,71
RPE1,OSTC,ENSG00000198856,OSTC,literal_official,35
RPE1,OTOP1,ENSG00000163982,OTOP1,literal_official,162
RPE1,OTX1,ENSG00000115507,OTX1,literal_official,127
RPE1,OVCA2,ENSG00000262664,OVCA2,literal_official,101
RPE1,OXA1L,ENSG00000155463,OXA1L,literal_official,41
RPE1,PABPC1,ENSG00000070756,PABPC1,unique_hgnc_bridge,102
RPE1,PABPC4,ENSG00000090621,PABPC4,literal_official,84
RPE1,PABPN1,ENSG00000100836,PABPN1,unique_hgnc_bridge,41
RPE1,PAF1,ENSG00000006712,PAF1,literal_official,75
RPE1,PAFAH1B1,ENSG00000007168,PAFAH1B1,literal_official,29
RPE1,PAK1IP1,ENSG00000111845,PAK1IP1,literal_official,13
RPE1,PALB2,ENSG00000083093,PALB2,literal_official,37
RPE1,PAM16,ENSG00000217930,PAM16,literal_official,80
RPE1,PARN,ENSG00000140694,PARN,literal_official,156
RPE1,PARS2,ENSG00000162396,PARS2,literal_official,292
RPE1,PAXBP1,ENSG00000159086,PAXBP1,literal_official,142
RPE1,PC,ENSG00000173599,PC,literal_official,134
RPE1,PCBP1,ENSG00000169564,PCBP1,literal_official,205
RPE1,PCBP2,ENSG00000197111,PCBP2,literal_official,344
RPE1,PCF11,ENSG00000165494,PCF11,literal_official,42
RPE1,PCID2,ENSG00000126226,PCID2,literal_official,170
RPE1,PCM1,ENSG00000078674,PCM1,literal_official,28
RPE1,PCNA,ENSG00000132646,PCNA,literal_official,56
RPE1,PCNX3,ENSG00000197136,PCNX3,literal_official,176
RPE1,PDAP1,ENSG00000106244,PDAP1,unique_hgnc_bridge,41
RPE1,PDCD11,ENSG00000148843,PDCD11,literal_official,51
RPE1,PDCD2,ENSG00000071994,PDCD2,literal_official,32
RPE1,PDCD5,ENSG00000105185,PDCD5,literal_official,140
RPE1,PDCD6,ENSG00000249915,PDCD6,literal_official,119
RPE1,PDCD6IP,ENSG00000170248,PDCD6IP,literal_official,213
RPE1,PDCD7,ENSG00000090470,PDCD7,literal_official,34
RPE1,PDHA1,ENSG00000131828,PDHA1,literal_official,27
RPE1,PDPK1,ENSG00000140992,PDPK1,literal_official,43
RPE1,PDRG1,ENSG00000088356,PDRG1,literal_official,29
RPE1,PEF1,ENSG00000162517,PEF1,literal_official,46
RPE1,PELO,ENSG00000152684,PELO,literal_official,121
RPE1,PELP1,ENSG00000141456,PELP1,literal_official,72
RPE1,PES1,ENSG00000100029,PES1,literal_official,37
RPE1,PET117,ENSG00000232838,PET117,literal_official,155
RPE1,PEX1,ENSG00000127980,PEX1,literal_official,12
RPE1,PEX19,ENSG00000162735,PEX19,literal_official,69
RPE1,PFDN1,ENSG00000113068,PFDN1,literal_official,59
RPE1,PFDN2,ENSG00000143256,PFDN2,literal_official,40
RPE1,PFDN4,ENSG00000101132,PFDN4,literal_official,100
RPE1,PFDN5,ENSG00000123349,PFDN5,literal_official,48
RPE1,PFDN6,ENSG00000204220,PFDN6,literal_official,31
RPE1,PFN1,ENSG00000108518,PFN1,literal_official,128
RPE1,PGAM1,ENSG00000171314,PGAM1,literal_official,120
RPE1,PGAM5,ENSG00000247077,PGAM5,literal_official,182
RPE1,PGD,ENSG00000142657,PGD,literal_official,102
RPE1,PGK1,ENSG00000102144,PGK1,literal_official,112
RPE1,PGPEP1,ENSG00000130517,PGPEP1,literal_official,14
RPE1,PGS1,ENSG00000087157,PGS1,literal_official,96
RPE1,PHAX,ENSG00000164902,PHAX,literal_official,162
RPE1,PHB,ENSG00000167085,PHB,literal_official,84
RPE1,PHB2,ENSG00000215021,PHB2,literal_official,78
RPE1,PHF10,ENSG00000130024,PHF10,literal_official,126
RPE1,PHF12,ENSG00000109118,PHF12,literal_official,52
RPE1,PHF5A,ENSG00000100410,PHF5A,literal_official,47
RPE1,PI4KA,ENSG00000241973,PI4KA,literal_official,69
RPE1,PIAS1,ENSG00000033800,PIAS1,literal_official,67
RPE1,PIAS4,ENSG00000105229,PIAS4,literal_official,86
RPE1,PIGH,ENSG00000100564,PIGH,literal_official,41
RPE1,PIK3C3,ENSG00000078142,PIK3C3,literal_official,72
RPE1,PIK3R4,ENSG00000196455,PIK3R4,literal_official,68
RPE1,PIP4K2C,ENSG00000166908,PIP4K2C,literal_official,7
RPE1,PITRM1,ENSG00000107959,PITRM1,literal_official,138
RPE1,PKM,ENSG00000067225,PKM,literal_official,232
RPE1,PKMYT1,ENSG00000127564,PKMYT1,literal_official,95
RPE1,PLA2G10,ENSG00000069764,PLA2G10,literal_official,123
RPE1,PLEKHN1,ENSG00000187583,PLEKHN1,literal_official,84
RPE1,PLK1,ENSG00000166851,PLK1,literal_official,36
RPE1,PLK4,ENSG00000142731,PLK4,literal_official,174
RPE1,PLRG1,ENSG00000171566,PLRG1,literal_official,60
RPE1,PMF1,ENSG00000160783,PMF1,literal_official,338
RPE1,PMPCA,ENSG00000165688,PMPCA,literal_official,67
RPE1,PMPCB,ENSG00000105819,PMPCB,literal_official,196
RPE1,PNISR,ENSG00000132424,PNISR,literal_official,152
RPE1,PNKP,ENSG00000039650,PNKP,unique_hgnc_bridge,58
RPE1,PNN,ENSG00000100941,PNN,literal_official,88
RPE1,PNO1,ENSG00000115946,PNO1,literal_official,17
RPE1,PNPT1,ENSG00000138035,PNPT1,literal_official,150
RPE1,POGLUT3,ENSG00000178202,POGLUT3,literal_official,784
RPE1,POGZ,ENSG00000143442,POGZ,literal_official,127
RPE1,POLA1,ENSG00000101868,POLA1,literal_official,53
RPE1,POLA2,ENSG00000014138,POLA2,literal_official,45
RPE1,POLD1,ENSG00000062822,POLD1,literal_official,92
RPE1,POLD2,ENSG00000106628,POLD2,literal_official,108
RPE1,POLD3,ENSG00000077514,POLD3,literal_official,48
RPE1,POLE,ENSG00000177084,POLE,literal_official,38
RPE1,POLE2,ENSG00000100479,POLE2,literal_official,13
RPE1,POLG,ENSG00000140521,POLG,literal_official,77
RPE1,POLG2,ENSG00000256525,POLG2,literal_official,92
RPE1,POLL,ENSG00000166169,POLL,literal_official,47
RPE1,POLR1A,ENSG00000068654,POLR1A,literal_official,11
RPE1,POLR1B,ENSG00000125630,POLR1B,literal_official,11
RPE1,POLR1C,ENSG00000171453,POLR1C,literal_official,233
RPE1,POLR1D,ENSG00000186184,POLR1D,literal_official,23
RPE1,POLR1E,ENSG00000137054,POLR1E,literal_official,74
RPE1,POLR2A,ENSG00000181222,POLR2A,literal_official,10
RPE1,POLR2B,ENSG00000047315,POLR2B,literal_official,33
RPE1,POLR2C,ENSG00000102978,POLR2C,literal_official,22
RPE1,POLR2D,ENSG00000144231,POLR2D,literal_official,82
RPE1,POLR2E,ENSG00000099817,POLR2E,literal_official,87
RPE1,POLR2F,ENSG00000100142,POLR2F,literal_official,85
RPE1,POLR2G,ENSG00000168002,POLR2G,literal_official,15
RPE1,POLR2H,ENSG00000163882,POLR2H,literal_official,18
RPE1,POLR2I,ENSG00000105258,POLR2I,literal_official,174
RPE1,POLR2K,ENSG00000147669,POLR2K,literal_official,25
RPE1,POLR2L,ENSG00000177700,POLR2L,literal_official,16
RPE1,POLR2M,ENSG00000255529,POLR2M,literal_official,173
RPE1,POLR3A,ENSG00000148606,POLR3A,literal_official,14
RPE1,POLR3B,ENSG00000013503,POLR3B,literal_official,34
RPE1,POLR3C,ENSG00000186141,POLR3C,literal_official,45
RPE1,POLR3D,ENSG00000168495,POLR3D,literal_official,31
RPE1,POLR3E,ENSG00000058600,POLR3E,literal_official,43
RPE1,POLR3F,ENSG00000132664,POLR3F,literal_official,40
RPE1,POLR3H,ENSG00000100413,POLR3H,literal_official,52
RPE1,POLR3K,ENSG00000161980,POLR3K,literal_official,23
RPE1,POLRMT,ENSG00000099821,POLRMT,literal_official,212
RPE1,POP1,ENSG00000104356,POP1,literal_official,34
RPE1,POP4,ENSG00000105171,POP4,literal_official,42
RPE1,POP5,ENSG00000167272,POP5,literal_official,41
RPE1,POP7,ENSG00000172336,POP7,literal_official,65
RPE1,POT1,ENSG00000128513,POT1,literal_official,13
RPE1,POTEI,ENSG00000196834,POTEI,literal_official,117
RPE1,POU3F1,ENSG00000185668,POU3F1,literal_official,133
RPE1,POU5F1B,ENSG00000212993,POU5F1B,literal_official,225
RPE1,PPA1,ENSG00000180817,PPA1,literal_official,145
RPE1,PPA2,ENSG00000138777,PPA2,literal_official,81
RPE1,PPAN,ENSG00000130810,PPAN,literal_official,21
RPE1,PPARGC1B,ENSG00000155846,PPARGC1B,literal_official,77
RPE1,PPIA,ENSG00000196262,PPIA,literal_official,119
RPE1,PPIE,ENSG00000084072,PPIE,literal_official,26
RPE1,PPIH,ENSG00000171960,PPIH,literal_official,38
RPE1,PPIL1,ENSG00000137168,PPIL1,literal_official,156
RPE1,PPIL2,ENSG00000100023,PPIL2,literal_official,37
RPE1,PPIL4,ENSG00000131013,PPIL4,literal_official,87
RPE1,PPME1,ENSG00000214517,PPME1,literal_official,169
RPE1,PPP1CA,ENSG00000172531,PPP1CA,literal_official,177
RPE1,PPP1CB,ENSG00000213639,PPP1CB,literal_official,27
RPE1,PPP1R10,ENSG00000204569,PPP1R10,literal_official,28
RPE1,PPP1R11,ENSG00000204619,PPP1R11,literal_official,47
RPE1,PPP1R12A,ENSG00000058272,PPP1R12A,literal_official,52
RPE1,PPP1R15B,ENSG00000158615,PPP1R15B,literal_official,61
RPE1,PPP1R2,ENSG00000184203,PPP1R2,literal_official,82
RPE1,PPP1R37,ENSG00000104866,PPP1R37,literal_official,359
RPE1,PPP1R7,ENSG00000115685,PPP1R7,literal_official,54
RPE1,PPP1R8,ENSG00000117751,PPP1R8,literal_official,145
RPE1,PPP2CA,ENSG00000113575,PPP2CA,literal_official,107
RPE1,PPP2CB,ENSG00000104695,PPP2CB,literal_official,95
RPE1,PPP2R1A,ENSG00000105568,PPP2R1A,literal_official,296
RPE1,PPP2R3C,ENSG00000092020,PPP2R3C,literal_official,134
RPE1,PPP4C,ENSG00000149923,PPP4C,literal_official,43
RPE1,PPP4R2,ENSG00000163605,PPP4R2,literal_official,74
RPE1,PPP6C,ENSG00000119414,PPP6C,literal_official,1581
RPE1,PPRC1,ENSG00000148840,PPRC1,literal_official,55
RPE1,PPWD1,ENSG00000113593,PPWD1,literal_official,48
RPE1,PPY,ENSG00000108849,PPY,literal_official,57
RPE1,PRC1,ENSG00000198901,PRC1,literal_official,54
RPE1,PRDM10,ENSG00000170325,PRDM10,literal_official,54
RPE1,PRDM4,ENSG00000110851,PRDM4,literal_official,108
RPE1,PRDM8,ENSG00000152784,PRDM8,literal_official,30
RPE1,PREB,ENSG00000138073,PREB,literal_official,22
RPE1,PRELID1,ENSG00000169230,PRELID1,literal_official,43
RPE1,PRELID3B,ENSG00000101166,PRELID3B,literal_official,132
RPE1,PRIM1,ENSG00000198056,PRIM1,literal_official,43
RPE1,PRIM2,ENSG00000146143,PRIM2,literal_official,33
RPE1,PRKCA,ENSG00000154229,PRKCA,literal_official,116
RPE1,PRKRA,ENSG00000180228,PRKRA,literal_official,54
RPE1,PRKRIP1,ENSG00000128563,PRKRIP1,unique_hgnc_bridge,186
RPE1,PRMT1,ENSG00000126457,PRMT1,literal_official,40
RPE1,PRMT5,ENSG00000100462,PRMT5,literal_official,172
RPE1,PRODH,ENSG00000100033,PRODH,literal_official,296
RPE1,PRORP,ENSG00000100890,PRORP,literal_official,152
RPE1,PRPF18,ENSG00000165630,PRPF18,literal_official,61
RPE1,PRPF19,ENSG00000110107,PRPF19,literal_official,96
RPE1,PRPF3,ENSG00000117360,PRPF3,literal_official,113
RPE1,PRPF31,ENSG00000105618,PRPF31,literal_official,156
RPE1,PRPF38A,ENSG00000134748,PRPF38A,literal_official,39
RPE1,PRPF38B,ENSG00000134186,PRPF38B,literal_official,9
RPE1,PRPF39,ENSG00000185246,PRPF39,literal_official,185
RPE1,PRPF4,ENSG00000136875,PRPF4,literal_official,85
RPE1,PRPF40A,ENSG00000196504,PRPF40A,literal_official,45
RPE1,PRPF4B,ENSG00000112739,PRPF4B,literal_official,32
RPE1,PRPF6,ENSG00000101161,PRPF6,literal_official,62
RPE1,PRPF8,ENSG00000174231,PRPF8,literal_official,89
RPE1,PRRC2A,ENSG00000204469,PRRC2A,literal_official,155
RPE1,PRSS50,nan,PRSS50,unique_hgnc_bridge,150
RPE1,PRXL2A,ENSG00000122378,PRXL2A,literal_official,70
RPE1,PSAT1,ENSG00000135069,PSAT1,literal_official,160
RPE1,PSMA1,ENSG00000129084,PSMA1,literal_official,23
RPE1,PSMA2,ENSG00000106588,PSMA2,literal_official,33
RPE1,PSMA3,ENSG00000100567,PSMA3,literal_official,45
RPE1,PSMA4,ENSG00000041357,PSMA4,literal_official,94
RPE1,PSMA5,ENSG00000143106,PSMA5,literal_official,9
RPE1,PSMA6,ENSG00000100902,PSMA6,unique_hgnc_bridge,32
RPE1,PSMA7,ENSG00000101182,PSMA7,literal_official,21
RPE1,PSMB1,ENSG00000008018,PSMB1,literal_official,33
RPE1,PSMB2,ENSG00000126067,PSMB2,literal_official,70
RPE1,PSMB3,ENSG00000277791,PSMB3,literal_official,49
RPE1,PSMB4,ENSG00000159377,PSMB4,literal_official,57
RPE1,PSMB5,ENSG00000100804,PSMB5,literal_official,147
RPE1,PSMB6,ENSG00000142507,PSMB6,literal_official,68
RPE1,PSMB7,ENSG00000136930,PSMB7,literal_official,26
RPE1,PSMC1,ENSG00000100764,PSMC1,literal_official,82
RPE1,PSMC2,ENSG00000161057,PSMC2,literal_official,39
RPE1,PSMC3,ENSG00000165916,PSMC3,literal_official,29
RPE1,PSMC4,ENSG00000013275,PSMC4,literal_official,39
RPE1,PSMC5,ENSG00000087191,PSMC5,literal_official,106
RPE1,PSMC6,ENSG00000100519,PSMC6,literal_official,21
RPE1,PSMD1,ENSG00000173692,PSMD1,literal_official,32
RPE1,PSMD11,ENSG00000108671,PSMD11,literal_official,29
RPE1,PSMD12,ENSG00000197170,PSMD12,literal_official,26
RPE1,PSMD13,ENSG00000185627,PSMD13,literal_official,36
RPE1,PSMD14,ENSG00000115233,PSMD14,literal_official,70
RPE1,PSMD2,ENSG00000175166,PSMD2,literal_official,24
RPE1,PSMD3,ENSG00000108344,PSMD3,literal_official,14
RPE1,PSMD4,ENSG00000159352,PSMD4,literal_official,26
RPE1,PSMD6,ENSG00000163636,PSMD6,literal_official,34
RPE1,PSMD7,ENSG00000103035,PSMD7,literal_official,32
RPE1,PSMD8,ENSG00000099341,PSMD8,literal_official,56
RPE1,PSMD9,ENSG00000110801,PSMD9,literal_official,64
RPE1,PSME1,ENSG00000092010,PSME1,literal_official,102
RPE1,PSME2,ENSG00000100911,PSME2,literal_official,106
RPE1,PSMG1,ENSG00000183527,PSMG1,literal_official,25
RPE1,PSMG2,ENSG00000128789,PSMG2,literal_official,57
RPE1,PSMG3,ENSG00000157778,PSMG3,literal_official,266
RPE1,PSMG4,ENSG00000180822,PSMG4,literal_official,23
RPE1,PSTK,ENSG00000179988,PSTK,literal_official,287
RPE1,PTBP1,ENSG00000011304,PTBP1,literal_official,43
RPE1,PTCD1,ENSG00000106246,PTCD1,literal_official,71
RPE1,PTCD3,ENSG00000132300,PTCD3,literal_official,25
RPE1,PTEN,ENSG00000171862,PTEN,literal_official,206
RPE1,PTGR2,ENSG00000140043,PTGR2,literal_official,98
RPE1,PTK2,ENSG00000169398,PTK2,literal_official,85
RPE1,PTMA,ENSG00000187514,PTMA,unique_hgnc_bridge,190
RPE1,PTPMT1,ENSG00000110536,PTPMT1,literal_official,103
RPE1,PTPN1,ENSG00000196396,PTPN1,literal_official,98
RPE1,PTPN11,ENSG00000179295,PTPN11,literal_official,175
RPE1,PTPN23,ENSG00000076201,PTPN23,literal_official,33
RPE1,PUF60,ENSG00000179950,PUF60,literal_official,53
RPE1,PUM1,ENSG00000134644,PUM1,literal_official,82
RPE1,PWP1,ENSG00000136045,PWP1,literal_official,17
RPE1,PWP2,ENSG00000241945,PWP2,unique_hgnc_bridge,14
RPE1,PXN,ENSG00000089159,PXN,literal_official,150
RPE1,PYROXD1,ENSG00000121350,PYROXD1,literal_official,136
RPE1,PYURF,ENSG00000145337,PYURF,literal_official,15
RPE1,QARS,ENSG00000172053,QARS,literal_official,80
RPE1,QRSL1,ENSG00000130348,QRSL1,literal_official,199
RPE1,RAB18,ENSG00000099246,RAB18,literal_official,48
RPE1,RAB4A,ENSG00000168118,RAB4A,literal_official,181
RPE1,RAB4B,ENSG00000167578,RAB4B,literal_official,230
RPE1,RAB6A,ENSG00000175582,RAB6A,literal_official,91
RPE1,RABGGTA,ENSG00000100949,RABGGTA,literal_official,190
RPE1,RABGGTB,ENSG00000137955,RABGGTB,literal_official,110
RPE1,RAC1,ENSG00000136238,RAC1,literal_official,43
RPE1,RAC3,ENSG00000169750,RAC3,literal_official,130
RPE1,RACK1,ENSG00000204628,RACK1,literal_official,13
RPE1,RAD17,ENSG00000152942,RAD17,literal_official,59
RPE1,RAD21,ENSG00000164754,RAD21,literal_official,42
RPE1,RAD51,ENSG00000051180,RAD51,literal_official,22
RPE1,RAD51C,ENSG00000108384,RAD51C,literal_official,26
RPE1,RAD51D,ENSG00000185379,RAD51D,literal_official,125
RPE1,RAD9A,ENSG00000172613,RAD9A,literal_official,149
RPE1,RAE1,ENSG00000101146,RAE1,literal_official,20
RPE1,RAMAC,ENSG00000169612,RAMAC,literal_official,61
RPE1,RAN,ENSG00000132341,RAN,unique_hgnc_bridge,69
RPE1,RANBP2,ENSG00000153201,RANBP2,unique_hgnc_bridge,43
RPE1,RANGAP1,ENSG00000100401,RANGAP1,literal_official,84
RPE1,RARS,ENSG00000113643,RARS,literal_official,48
RPE1,RARS2,ENSG00000146282,RARS2,literal_official,135
RPE1,RBBP4,ENSG00000162521,RBBP4,literal_official,55
RPE1,RBBP5,ENSG00000117222,RBBP5,literal_official,78
RPE1,RBBP6,ENSG00000122257,RBBP6,literal_official,26
RPE1,RBBP8,ENSG00000101773,RBBP8,literal_official,29
RPE1,RBM10,ENSG00000182872,RBM10,literal_official,136
RPE1,RBM12,ENSG00000244462,RBM12,literal_official,89
RPE1,RBM14-RBM4,nan,RBM14-RBM4,unique_hgnc_bridge,257
RPE1,RBM15,ENSG00000162775,RBM15,literal_official,213
RPE1,RBM17,ENSG00000134453,RBM17,literal_official,42
RPE1,RBM19,ENSG00000122965,RBM19,literal_official,19
RPE1,RBM22,ENSG00000086589,RBM22,literal_official,8
RPE1,RBM25,ENSG00000119707,RBM25,literal_official,36
RPE1,RBM28,ENSG00000106344,RBM28,literal_official,25
RPE1,RBM33,ENSG00000184863,RBM33,literal_official,98
RPE1,RBM39,ENSG00000131051,RBM39,literal_official,57
RPE1,RBM4,ENSG00000173933,RBM4,literal_official,52
RPE1,RBM42,ENSG00000126254,RBM42,literal_official,49
RPE1,RBM48,ENSG00000127993,RBM48,literal_official,35
RPE1,RBM8A,ENSG00000265241,RBM8A,literal_official,21
RPE1,RBMX,ENSG00000147274,RBMX,literal_official,29
RPE1,RBMX2,ENSG00000134597,RBMX2,literal_official,105
RPE1,RBMXL1,ENSG00000213516,RBMXL1,literal_official,89
RPE1,RBX1,ENSG00000100387,RBX1,literal_official,79
RPE1,RCC1,ENSG00000180198,RCC1,literal_official,186
RPE1,RCCD1,ENSG00000166965,RCCD1,literal_official,100
RPE1,RCL1,ENSG00000120158,RCL1,literal_official,38
RPE1,RCOR1,ENSG00000089902,RCOR1,literal_official,81
RPE1,RELL2,ENSG00000164620,RELL2,literal_official,49
RPE1,REV3L,ENSG00000009413,REV3L,literal_official,56
RPE1,REXO2,ENSG00000076043,REXO2,literal_official,81
RPE1,RFC1,ENSG00000035928,RFC1,literal_official,56
RPE1,RFC2,ENSG00000049541,RFC2,literal_official,79
RPE1,RFC3,ENSG00000133119,RFC3,literal_official,61
RPE1,RFC4,ENSG00000163918,RFC4,literal_official,36
RPE1,RFC5,ENSG00000111445,RFC5,literal_official,44
RPE1,RFFL,ENSG00000092871,RFFL,literal_official,24
RPE1,RFT1,ENSG00000163933,RFT1,literal_official,95
RPE1,RGP1,ENSG00000107185,RGP1,literal_official,64
RPE1,RGPD6,ENSG00000183054,RGPD6,unique_hgnc_bridge,381
RPE1,RHOQ,ENSG00000119729,RHOQ,literal_official,347
RPE1,RHPN1,ENSG00000158106,RHPN1,literal_official,217
RPE1,RINT1,ENSG00000135249,RINT1,literal_official,72
RPE1,RIOK1,ENSG00000124784,RIOK1,literal_official,47
RPE1,RIOK2,ENSG00000058729,RIOK2,literal_official,13
RPE1,RMI1,ENSG00000178966,RMI1,literal_official,69
RPE1,RNASEH2C,ENSG00000172922,RNASEH2C,literal_official,144
RPE1,RNF103,ENSG00000239305,RNF103,literal_official,75
RPE1,RNF113A,ENSG00000125352,RNF113A,literal_official,59
RPE1,RNF123,ENSG00000164068,RNF123,literal_official,173
RPE1,RNF14,ENSG00000013561,RNF14,literal_official,184
RPE1,RNF168,ENSG00000163961,RNF168,literal_official,55
RPE1,RNF20,ENSG00000155827,RNF20,literal_official,155
RPE1,RNF31,ENSG00000092098,RNF31,literal_official,21
RPE1,RNF4,ENSG00000063978,RNF4,literal_official,52
RPE1,RNF40,ENSG00000103549,RNF40,literal_official,69
RPE1,RNF8,ENSG00000112130,RNF8,literal_official,213
RPE1,RNGTT,ENSG00000111880,RNGTT,literal_official,46
RPE1,RNMT,ENSG00000101654,RNMT,literal_official,71
RPE1,RNPC3,ENSG00000185946,RNPC3,literal_official,65
RPE1,RNPS1,ENSG00000205937,RNPS1,literal_official,36
RPE1,ROMO1,ENSG00000125995,ROMO1,literal_official,12
RPE1,RPA1,ENSG00000132383,RPA1,literal_official,71
RPE1,RPA2,ENSG00000117748,RPA2,literal_official,75
RPE1,RPA3,ENSG00000106399,RPA3,literal_official,110
RPE1,RPAIN,ENSG00000129197,RPAIN,literal_official,27
RPE1,RPAP1,ENSG00000103932,RPAP1,literal_official,37
RPE1,RPAP2,ENSG00000122484,RPAP2,literal_official,11
RPE1,RPAP3,ENSG00000005175,RPAP3,literal_official,39
RPE1,RPE,ENSG00000197713,RPE,literal_official,57
RPE1,RPF1,ENSG00000117133,RPF1,literal_official,21
RPE1,RPF2,ENSG00000197498,RPF2,literal_official,8
RPE1,RPIA,ENSG00000153574,RPIA,literal_official,36
RPE1,RPL10,ENSG00000147403,RPL10,unique_hgnc_bridge,78
RPE1,RPL10A,ENSG00000198755,RPL10A,unique_hgnc_bridge,95
RPE1,RPL11,ENSG00000142676,RPL11,unique_hgnc_bridge,75
RPE1,RPL12,ENSG00000197958,RPL12,unique_hgnc_bridge,81
RPE1,RPL13,ENSG00000167526,RPL13,unique_hgnc_bridge,54
RPE1,RPL13A,ENSG00000142541,RPL13A,unique_hgnc_bridge,53
RPE1,RPL14,ENSG00000188846,RPL14,unique_hgnc_bridge,43
RPE1,RPL15,ENSG00000174748,RPL15,unique_hgnc_bridge,36
RPE1,RPL17,ENSG00000265681,RPL17,unique_hgnc_bridge,60
RPE1,RPL18,ENSG00000063177,RPL18,unique_hgnc_bridge,61
RPE1,RPL18A,ENSG00000105640,RPL18A,unique_hgnc_bridge,41
RPE1,RPL19,ENSG00000108298,RPL19,unique_hgnc_bridge,25
RPE1,RPL21,ENSG00000122026,RPL21,unique_hgnc_bridge,32
RPE1,RPL23,ENSG00000125691,RPL23,unique_hgnc_bridge,110
RPE1,RPL23A,ENSG00000198242,RPL23A,unique_hgnc_bridge,50
RPE1,RPL24,ENSG00000114391,RPL24,unique_hgnc_bridge,65
RPE1,RPL26,ENSG00000161970,RPL26,unique_hgnc_bridge,55
RPE1,RPL26L1,ENSG00000037241,RPL26L1,unique_hgnc_bridge,63
RPE1,RPL27,ENSG00000131469,RPL27,unique_hgnc_bridge,11
RPE1,RPL27A,ENSG00000166441,RPL27A,unique_hgnc_bridge,47
RPE1,RPL28,ENSG00000108107,RPL28,unique_hgnc_bridge,38
RPE1,RPL29,ENSG00000162244,RPL29,unique_hgnc_bridge,34
RPE1,RPL3,ENSG00000100316,RPL3,unique_hgnc_bridge,30
RPE1,RPL30,ENSG00000156482,RPL30,unique_hgnc_bridge,41
RPE1,RPL31,ENSG00000071082,RPL31,unique_hgnc_bridge,44
RPE1,RPL32,ENSG00000144713,RPL32,unique_hgnc_bridge,75
RPE1,RPL34,ENSG00000109475,RPL34,unique_hgnc_bridge,37
RPE1,RPL35,ENSG00000136942,RPL35,unique_hgnc_bridge,68
RPE1,RPL35A,ENSG00000182899,RPL35A,unique_hgnc_bridge,112
RPE1,RPL36,ENSG00000130255,RPL36,unique_hgnc_bridge,80
RPE1,RPL36A,ENSG00000241343,RPL36A,unique_hgnc_bridge,51
RPE1,RPL36AL,ENSG00000165502,RPL36AL,unique_hgnc_bridge,55
RPE1,RPL37,ENSG00000145592,RPL37,unique_hgnc_bridge,42
RPE1,RPL37A,ENSG00000197756,RPL37A,unique_hgnc_bridge,75
RPE1,RPL38,ENSG00000172809,RPL38,unique_hgnc_bridge,27
RPE1,RPL39,ENSG00000198918,RPL39,unique_hgnc_bridge,45
RPE1,RPL4,ENSG00000174444,RPL4,unique_hgnc_bridge,75
RPE1,RPL41,ENSG00000229117,RPL41,unique_hgnc_bridge,185
RPE1,RPL5,ENSG00000122406,RPL5,unique_hgnc_bridge,58
RPE1,RPL6,ENSG00000089009,RPL6,unique_hgnc_bridge,76
RPE1,RPL7,ENSG00000147604,RPL7,unique_hgnc_bridge,122
RPE1,RPL7A,ENSG00000148303,RPL7A,unique_hgnc_bridge,8
RPE1,RPL7L1,ENSG00000146223,RPL7L1,unique_hgnc_bridge,51
RPE1,RPL8,ENSG00000161016,RPL8,unique_hgnc_bridge,69
RPE1,RPL9,ENSG00000163682,RPL9,unique_hgnc_bridge,50
RPE1,RPLP0,ENSG00000089157,RPLP0,unique_hgnc_bridge,114
RPE1,RPLP1,ENSG00000137818,RPLP1,unique_hgnc_bridge,23
RPE1,RPLP2,ENSG00000177600,RPLP2,unique_hgnc_bridge,62
RPE1,RPN1,ENSG00000163902,RPN1,literal_official,70
RPE1,RPN2,ENSG00000118705,RPN2,literal_official,71
RPE1,RPP14,ENSG00000163684,RPP14,literal_official,43
RPE1,RPP21,ENSG00000241370,RPP21,literal_official,127
RPE1,RPP30,ENSG00000148688,RPP30,literal_official,45
RPE1,RPP38,ENSG00000152464,RPP38,literal_official,10
RPE1,RPP40,ENSG00000124787,RPP40,literal_official,19
RPE1,RPRD1B,ENSG00000101413,RPRD1B,literal_official,71
RPE1,RPS10,ENSG00000124614,RPS10,unique_hgnc_bridge,30
RPE1,RPS10-NUDT3,ENSG00000270800,RPS10-NUDT3,unique_hgnc_bridge,45
RPE1,RPS11,ENSG00000142534,RPS11,unique_hgnc_bridge,16
RPE1,RPS12,ENSG00000112306,RPS12,unique_hgnc_bridge,31
RPE1,RPS13,ENSG00000110700,RPS13,unique_hgnc_bridge,132
RPE1,RPS14,ENSG00000164587,RPS14,unique_hgnc_bridge,68
RPE1,RPS15,ENSG00000115268,RPS15,unique_hgnc_bridge,57
RPE1,RPS15A,ENSG00000134419,RPS15A,unique_hgnc_bridge,29
RPE1,RPS16,ENSG00000105193,RPS16,unique_hgnc_bridge,5
RPE1,RPS17,ENSG00000182774,RPS17,unique_hgnc_bridge,26
RPE1,RPS18,ENSG00000231500,RPS18,unique_hgnc_bridge,41
RPE1,RPS19,ENSG00000105372,RPS19,unique_hgnc_bridge,57
RPE1,RPS19BP1,ENSG00000187051,RPS19BP1,unique_hgnc_bridge,28
RPE1,RPS2,ENSG00000140988,RPS2,unique_hgnc_bridge,52
RPE1,RPS20,ENSG00000008988,RPS20,unique_hgnc_bridge,29
RPE1,RPS21,ENSG00000171858,RPS21,unique_hgnc_bridge,18
RPE1,RPS23,ENSG00000186468,RPS23,unique_hgnc_bridge,28
RPE1,RPS24,ENSG00000138326,RPS24,unique_hgnc_bridge,38
RPE1,RPS25,ENSG00000118181,RPS25,unique_hgnc_bridge,16
RPE1,RPS26,ENSG00000197728,RPS26,unique_hgnc_bridge,31
RPE1,RPS27,ENSG00000177954,RPS27,unique_hgnc_bridge,56
RPE1,RPS27A,ENSG00000143947,RPS27A,unique_hgnc_bridge,69
RPE1,RPS28,ENSG00000233927,RPS28,unique_hgnc_bridge,21
RPE1,RPS29,ENSG00000213741,RPS29,unique_hgnc_bridge,135
RPE1,RPS3,ENSG00000149273,RPS3,unique_hgnc_bridge,50
RPE1,RPS3A,ENSG00000145425,RPS3A,unique_hgnc_bridge,40
RPE1,RPS4X,ENSG00000198034,RPS4X,unique_hgnc_bridge,24
RPE1,RPS5,ENSG00000083845,RPS5,unique_hgnc_bridge,16
RPE1,RPS6,ENSG00000137154,RPS6,unique_hgnc_bridge,51
RPE1,RPS7,ENSG00000171863,RPS7,unique_hgnc_bridge,38
RPE1,RPS8,ENSG00000142937,RPS8,unique_hgnc_bridge,34
RPE1,RPS9,ENSG00000170889,RPS9,unique_hgnc_bridge,35
RPE1,RPSA,ENSG00000168028,RPSA,unique_hgnc_bridge,24
RPE1,RPTOR,ENSG00000141564,RPTOR,literal_official,30
RPE1,RPUSD3,ENSG00000156990,RPUSD3,literal_official,112
RPE1,RPUSD4,ENSG00000165526,RPUSD4,literal_official,66
RPE1,RRM1,ENSG00000167325,RRM1,literal_official,67
RPE1,RRM2,ENSG00000171848,RRM2,literal_official,229
RPE1,RRN3,ENSG00000085721,RRN3,literal_official,44
RPE1,RRP1,ENSG00000160214,RRP1,literal_official,12
RPE1,RRP12,ENSG00000052749,RRP12,literal_official,31
RPE1,RRP15,ENSG00000067533,RRP15,literal_official,25
RPE1,RRP7A,ENSG00000189306,RRP7A,literal_official,24
RPE1,RRP9,ENSG00000114767,RRP9,literal_official,30
RPE1,RRS1,ENSG00000179041,RRS1,literal_official,64
RPE1,RSL1D1,ENSG00000171490,RSL1D1,literal_official,228
RPE1,RSL24D1,ENSG00000137876,RSL24D1,literal_official,14
RPE1,RSRC2,ENSG00000111011,RSRC2,literal_official,70
RPE1,RTCB,ENSG00000100220,RTCB,literal_official,65
RPE1,RTEL1,ENSG00000258366,RTEL1,literal_official,305
RPE1,RTF1,ENSG00000137815,RTF1,literal_official,50
RPE1,RTRAF,ENSG00000087302,RTRAF,literal_official,197
RPE1,RTTN,ENSG00000176225,RTTN,literal_official,102
RPE1,RUVBL1,ENSG00000175792,RUVBL1,literal_official,119
RPE1,RUVBL2,ENSG00000183207,RUVBL2,literal_official,64
RPE1,S100A1,ENSG00000160678,S100A1,literal_official,112
RPE1,SACM1L,ENSG00000211456,SACM1L,literal_official,71
RPE1,SAE1,ENSG00000142230,SAE1,literal_official,95
RPE1,SAMD4B,ENSG00000179134,SAMD4B,literal_official,88
RPE1,SAMM50,ENSG00000100347,SAMM50,literal_official,43
RPE1,SAP130,ENSG00000136715,SAP130,literal_official,36
RPE1,SAP18,ENSG00000150459,SAP18,literal_official,17
RPE1,SAP30BP,ENSG00000161526,SAP30BP,literal_official,37
RPE1,SARNP,ENSG00000205323,SARNP,literal_official,52
RPE1,SARS,ENSG00000031698,SARS,literal_official,16
RPE1,SARS2,ENSG00000104835,SARS2,literal_official,109
RPE1,SART1,ENSG00000175467,SART1,literal_official,105
RPE1,SART3,ENSG00000075856,SART3,literal_official,240
RPE1,SASS6,ENSG00000156876,SASS6,literal_official,50
RPE1,SBDS,ENSG00000126524,SBDS,literal_official,87
RPE1,SBNO1,ENSG00000139697,SBNO1,literal_official,172
RPE1,SCAF1,ENSG00000126461,SCAF1,literal_official,73
RPE1,SCAP,ENSG00000114650,SCAP,literal_official,78
RPE1,SCD,ENSG00000099194,SCD,literal_official,138
RPE1,SCFD1,ENSG00000092108,SCFD1,literal_official,67
RPE1,SCNM1,ENSG00000163156,SCNM1,literal_official,85
RPE1,SDAD1,ENSG00000198301,SDAD1,literal_official,38
RPE1,SDC1,ENSG00000115884,SDC1,literal_official,83
RPE1,SDE2,ENSG00000143751,SDE2,literal_official,54
RPE1,SDHA,ENSG00000073578,SDHA,literal_official,76
RPE1,SDHAF2,ENSG00000167985,SDHAF2,literal_official,193
RPE1,SDHC,ENSG00000143252,SDHC,literal_official,49
RPE1,SDHD,ENSG00000204370,SDHD,unique_hgnc_bridge,51
RPE1,SDR39U1,ENSG00000100445,SDR39U1,literal_official,13
RPE1,SEC13,ENSG00000157020,SEC13,literal_official,7
RPE1,SEC16A,ENSG00000148396,SEC16A,literal_official,225
RPE1,SEC61A1,ENSG00000058262,SEC61A1,literal_official,90
RPE1,SEC61B,ENSG00000106803,SEC61B,literal_official,54
RPE1,SEC61G,ENSG00000132432,SEC61G,literal_official,15
RPE1,SEC62,ENSG00000008952,SEC62,literal_official,25
RPE1,SEC63,ENSG00000025796,SEC63,literal_official,75
RPE1,SEH1L,ENSG00000085415,SEH1L,literal_official,124
RPE1,SEM1,ENSG00000127922,SEM1,literal_official,97
RPE1,SENP6,ENSG00000112701,SENP6,literal_official,27
RPE1,SEPHS2,ENSG00000179918,SEPHS2,literal_official,81
RPE1,SEPSECS,ENSG00000109618,SEPSECS,literal_official,168
RPE1,SERBP1,ENSG00000142864,SERBP1,literal_official,102
RPE1,SERF2,ENSG00000140264,SERF2,literal_official,33
RPE1,SERPINB1,ENSG00000021355,SERPINB1,literal_official,87
RPE1,SET,ENSG00000119335,SET,literal_official,43
RPE1,SETD1A,ENSG00000099381,SETD1A,literal_official,83
RPE1,SETD2,ENSG00000181555,SETD2,unique_hgnc_bridge,50
RPE1,SETD5,ENSG00000168137,SETD5,literal_official,89
RPE1,SETDB1,ENSG00000143379,SETDB1,literal_official,122
RPE1,SETX,ENSG00000107290,SETX,literal_official,123
RPE1,SF1,ENSG00000168066,SF1,literal_official,30
RPE1,SF3A1,ENSG00000099995,SF3A1,literal_official,88
RPE1,SF3A2,ENSG00000104897,SF3A2,literal_official,156
RPE1,SF3A3,ENSG00000183431,SF3A3,literal_official,23
RPE1,SF3B1,ENSG00000115524,SF3B1,literal_official,43
RPE1,SF3B2,ENSG00000087365,SF3B2,literal_official,41
RPE1,SF3B3,ENSG00000189091,SF3B3,literal_official,165
RPE1,SF3B4,ENSG00000143368,SF3B4,literal_official,70
RPE1,SF3B5,ENSG00000169976,SF3B5,literal_official,82
RPE1,SFPQ,ENSG00000116560,SFPQ,literal_official,118
RPE1,SFSWAP,ENSG00000061936,SFSWAP,literal_official,30
RPE1,SGPP1,ENSG00000126821,SGPP1,literal_official,105
RPE1,SH3KBP1,ENSG00000147010,SH3KBP1,literal_official,34
RPE1,SHC1,ENSG00000160691,SHC1,literal_official,143
RPE1,SHOC2,ENSG00000108061,SHOC2,literal_official,59
RPE1,SHQ1,ENSG00000144736,SHQ1,literal_official,150
RPE1,SIGLEC14,ENSG00000254415,SIGLEC14,literal_official,79
RPE1,SIN3A,ENSG00000169375,SIN3A,literal_official,147
RPE1,SIRT7,ENSG00000187531,SIRT7,literal_official,255
RPE1,SKA1,ENSG00000154839,SKA1,literal_official,58
RPE1,SKA3,ENSG00000165480,SKA3,literal_official,65
RPE1,SKP1,ENSG00000113558,SKP1,literal_official,27
RPE1,SKP2,ENSG00000145604,SKP2,literal_official,38
RPE1,SLBP,ENSG00000163950,SLBP,literal_official,40
RPE1,SLC16A5,ENSG00000170190,SLC16A5,literal_official,22
RPE1,SLC1A5,ENSG00000105281,SLC1A5,literal_official,1962
RPE1,SLC25A10,ENSG00000183048,SLC25A10,literal_official,224
RPE1,SLC25A26,ENSG00000144741,SLC25A26,literal_official,50
RPE1,SLC25A3,ENSG00000075415,SLC25A3,literal_official,45
RPE1,SLC25A42,ENSG00000181035,SLC25A42,literal_official,53
RPE1,SLC2A8,ENSG00000136856,SLC2A8,literal_official,53
RPE1,SLC35A4,ENSG00000176087,SLC35A4,literal_official,25
RPE1,SLC35B1,ENSG00000121073,SLC35B1,literal_official,42
RPE1,SLC35G2,ENSG00000168917,SLC35G2,literal_official,393
RPE1,SLC35G6,ENSG00000259224,SLC35G6,literal_official,124
RPE1,SLC39A10,ENSG00000196950,SLC39A10,literal_official,142
RPE1,SLC39A7,ENSG00000112473,SLC39A7,literal_official,24
RPE1,SLC39A9,ENSG00000029364,SLC39A9,literal_official,117
RPE1,SLC4A5,ENSG00000188687,SLC4A5,literal_official,107
RPE1,SLC7A5,ENSG00000103257,SLC7A5,literal_official,253
RPE1,SLC7A6OS,ENSG00000103061,SLC7A6OS,literal_official,107
RPE1,SLC9B1,ENSG00000164037,SLC9B1,literal_official,87
RPE1,SLU7,ENSG00000164609,SLU7,literal_official,78
RPE1,SMAGP,ENSG00000170545,SMAGP,literal_official,176
RPE1,SMARCB1,ENSG00000099956,SMARCB1,literal_official,141
RPE1,SMARCC1,ENSG00000173473,SMARCC1,literal_official,89
RPE1,SMARCE1,ENSG00000073584,SMARCE1,literal_official,51
RPE1,SMC1A,ENSG00000072501,SMC1A,literal_official,94
RPE1,SMC2,ENSG00000136824,SMC2,literal_official,82
RPE1,SMC3,ENSG00000108055,SMC3,literal_official,30
RPE1,SMC4,ENSG00000113810,SMC4,literal_official,83
RPE1,SMC5,ENSG00000198887,SMC5,literal_official,61
RPE1,SMC6,ENSG00000163029,SMC6,literal_official,32
RPE1,SMG1,ENSG00000157106,SMG1,literal_official,48
RPE1,SMG5,ENSG00000198952,SMG5,literal_official,468
RPE1,SMG6,ENSG00000070366,SMG6,literal_official,138
RPE1,SMG7,ENSG00000116698,SMG7,literal_official,143
RPE1,SMG8,ENSG00000167447,SMG8,literal_official,89
RPE1,SMG9,ENSG00000105771,SMG9,literal_official,95
RPE1,SMN2,ENSG00000205571,SMN2,unique_hgnc_bridge,424
RPE1,SMNDC1,ENSG00000119953,SMNDC1,literal_official,80
RPE1,SMU1,ENSG00000122692,SMU1,literal_official,82
RPE1,SMUG1,ENSG00000123415,SMUG1,literal_official,21
RPE1,SNAPC1,ENSG00000023608,SNAPC1,literal_official,49
RPE1,SNAPC2,ENSG00000104976,SNAPC2,literal_official,29
RPE1,SNAPC3,ENSG00000164975,SNAPC3,literal_official,126
RPE1,SNAPC4,ENSG00000165684,SNAPC4,literal_official,87
RPE1,SNAPC5,ENSG00000174446,SNAPC5,literal_official,45
RPE1,SNF8,ENSG00000159210,SNF8,literal_official,155
RPE1,SNIP1,ENSG00000163877,SNIP1,literal_official,46
RPE1,SNRNP200,ENSG00000144028,SNRNP200,literal_official,101
RPE1,SNRNP25,ENSG00000161981,SNRNP25,literal_official,47
RPE1,SNRNP27,ENSG00000124380,SNRNP27,literal_official,96
RPE1,SNRNP35,ENSG00000184209,SNRNP35,literal_official,53
RPE1,SNRNP40,ENSG00000060688,SNRNP40,literal_official,229
RPE1,SNRNP48,ENSG00000168566,SNRNP48,literal_official,76
RPE1,SNRNP70,ENSG00000104852,SNRNP70,literal_official,56
RPE1,SNRPA,ENSG00000077312,SNRPA,literal_official,36
RPE1,SNRPA1,ENSG00000131876,SNRPA1,literal_official,26
RPE1,SNRPB,ENSG00000125835,SNRPB,literal_official,55
RPE1,SNRPC,ENSG00000124562,SNRPC,literal_official,108
RPE1,SNRPD1,ENSG00000167088,SNRPD1,literal_official,56
RPE1,SNRPD2,ENSG00000125743,SNRPD2,literal_official,33
RPE1,SNRPD3,ENSG00000100028,SNRPD3,literal_official,40
RPE1,SNRPE,ENSG00000182004,SNRPE,literal_official,49
RPE1,SNRPF,ENSG00000139343,SNRPF,literal_official,55
RPE1,SNRPG,ENSG00000143977,SNRPG,literal_official,67
RPE1,SNTB2,ENSG00000168807,SNTB2,literal_official,57
RPE1,SNUPN,ENSG00000169371,SNUPN,literal_official,66
RPE1,SNW1,ENSG00000100603,SNW1,literal_official,192
RPE1,SNX15,ENSG00000110025,SNX15,literal_official,311
RPE1,SOD1,ENSG00000142168,SOD1,literal_official,23
RPE1,SOD2,ENSG00000112096,SOD2,literal_official_id_unresolved,144
RPE1,SON,ENSG00000159140,SON,literal_official,168
RPE1,SP1,ENSG00000185591,SP1,literal_official,193
RPE1,SP2,ENSG00000167182,SP2,literal_official,72
RPE1,SPAG7,ENSG00000091640,SPAG7,literal_official,13
RPE1,SPATA5,ENSG00000145375,SPATA5,literal_official,50
RPE1,SPATA5L1,ENSG00000171763,SPATA5L1,literal_official,56
RPE1,SPC24,ENSG00000161888,SPC24,literal_official,69
RPE1,SPC25,ENSG00000152253,SPC25,literal_official,495
RPE1,SPCS2,ENSG00000118363,SPCS2,literal_official,59
RPE1,SPCS3,ENSG00000129128,SPCS3,literal_official,145
RPE1,SPDL1,ENSG00000040275,SPDL1,literal_official,11
RPE1,SPDYE2,ENSG00000205238,SPDYE2,unique_hgnc_bridge,83
RPE1,SPEN,ENSG00000065526,SPEN,literal_official,111
RPE1,SPG7,ENSG00000197912,SPG7,literal_official,126
RPE1,SPOUT1,ENSG00000198917,SPOUT1,literal_official,9
RPE1,SPRTN,ENSG00000010072,SPRTN,literal_official,93
RPE1,SPTLC1,ENSG00000090054,SPTLC1,literal_official,34
RPE1,SPTSSA,ENSG00000165389,SPTSSA,literal_official,104
RPE1,SRA1,ENSG00000213523,SRA1,literal_official,172
RPE1,SRBD1,ENSG00000068784,SRBD1,literal_official,54
RPE1,SRCAP,ENSG00000080603,SRCAP,literal_official,125
RPE1,SRF,ENSG00000112658,SRF,literal_official,95
RPE1,SRFBP1,ENSG00000151304,SRFBP1,literal_official,12
RPE1,SRP14,ENSG00000140319,SRP14,unique_hgnc_bridge,93
RPE1,SRP19,ENSG00000153037,SRP19,literal_official,45
RPE1,SRP54,ENSG00000100883,SRP54,literal_official,27
RPE1,SRP68,ENSG00000167881,SRP68,literal_official,55
RPE1,SRP72,ENSG00000174780,SRP72,literal_official,164
RPE1,SRP9,ENSG00000143742,SRP9,literal_official,143
RPE1,SRPRB,ENSG00000144867,SRPRB,literal_official,191
RPE1,SRRM1,ENSG00000133226,SRRM1,literal_official,78
RPE1,SRRM2,ENSG00000167978,SRRM2,literal_official,79
RPE1,SRRT,ENSG00000087087,SRRT,literal_official,84
RPE1,SRSF1,ENSG00000136450,SRSF1,literal_official,42
RPE1,SRSF10,ENSG00000188529,SRSF10,literal_official,119
RPE1,SRSF11,ENSG00000116754,SRSF11,literal_official,317
RPE1,SRSF2,ENSG00000161547,SRSF2,literal_official,40
RPE1,SRSF3,ENSG00000112081,SRSF3,literal_official,47
RPE1,SRSF6,ENSG00000124193,SRSF6,literal_official,175
RPE1,SRSF7,ENSG00000115875,SRSF7,literal_official,151
RPE1,SS18L2,ENSG00000008324,SS18L2,literal_official,166
RPE1,SSBP1,ENSG00000106028,SSBP1,literal_official,53
RPE1,SSBP3,ENSG00000157216,SSBP3,literal_official,447
RPE1,SSRP1,ENSG00000149136,SSRP1,literal_official,10
RPE1,SSU72,ENSG00000160075,SSU72,literal_official,255
RPE1,SSX4,ENSG00000268009,SSX4,unique_hgnc_bridge,76
RPE1,STAG2,ENSG00000101972,STAG2,literal_official,127
RPE1,STARD7,ENSG00000084090,STARD7,literal_official,78
RPE1,STAT5A,ENSG00000126561,STAT5A,literal_official,95
RPE1,STAT5B,ENSG00000173757,STAT5B,literal_official,173
RPE1,STIL,ENSG00000123473,STIL,literal_official,69
RPE1,STRAP,ENSG00000023734,STRAP,literal_official,69
RPE1,STRIP1,ENSG00000143093,STRIP1,literal_official,128
RPE1,STT3B,ENSG00000163527,STT3B,literal_official,38
RPE1,STX18,ENSG00000168818,STX18,literal_official,20
RPE1,STX5,ENSG00000162236,STX5,literal_official,68
RPE1,STXBP4,ENSG00000166263,STXBP4,literal_official,143
RPE1,SUDS3,ENSG00000111707,SUDS3,literal_official,133
RPE1,SUGP1,ENSG00000105705,SUGP1,literal_official,28
RPE1,SUGT1,ENSG00000165416,SUGT1,literal_official,18
RPE1,SUMO2,ENSG00000188612,SUMO2,literal_official,38
RPE1,SUPT16H,ENSG00000092201,SUPT16H,literal_official,33
RPE1,SUPT20H,ENSG00000102710,SUPT20H,literal_official,185
RPE1,SUPT4H1,ENSG00000213246,SUPT4H1,literal_official,21
RPE1,SUPT5H,ENSG00000196235,SUPT5H,literal_official,11
RPE1,SUPT6H,ENSG00000109111,SUPT6H,literal_official,21
RPE1,SUPV3L1,ENSG00000156502,SUPV3L1,literal_official,101
RPE1,SURF6,ENSG00000148296,SURF6,literal_official,39
RPE1,SYF2,ENSG00000117614,SYF2,literal_official,66
RPE1,SYMPK,ENSG00000125755,SYMPK,literal_official,69
RPE1,SYNGR3,ENSG00000127561,SYNGR3,literal_official,77
RPE1,SYS1,ENSG00000204070,SYS1,literal_official,68
RPE1,TACC3,ENSG00000013810,TACC3,literal_official,594
RPE1,TADA1,ENSG00000152382,TADA1,literal_official,138
RPE1,TADA2A,ENSG00000276234,TADA2A,literal_official,119
RPE1,TADA2B,ENSG00000173011,TADA2B,literal_official,83
RPE1,TADA3,ENSG00000171148,TADA3,literal_official,68
RPE1,TAF1,ENSG00000147133,TAF1,literal_official,6
RPE1,TAF10,ENSG00000166337,TAF10,literal_official,27
RPE1,TAF11,ENSG00000064995,TAF11,literal_official,118
RPE1,TAF12,ENSG00000120656,TAF12,literal_official,13
RPE1,TAF13,ENSG00000197780,TAF13,literal_official,186
RPE1,TAF1A,ENSG00000143498,TAF1A,literal_official,10
RPE1,TAF1B,ENSG00000115750,TAF1B,literal_official,12
RPE1,TAF1C,ENSG00000103168,TAF1C,literal_official,19
RPE1,TAF1D,ENSG00000166012,TAF1D,literal_official,90
RPE1,TAF2,ENSG00000064313,TAF2,literal_official,67
RPE1,TAF3,ENSG00000165632,TAF3,literal_official,58
RPE1,TAF5,ENSG00000148835,TAF5,literal_official,23
RPE1,TAF6,ENSG00000106290,TAF6,literal_official,75
RPE1,TAF6L,ENSG00000162227,TAF6L,literal_official,72
RPE1,TAF7,ENSG00000178913,TAF7,literal_official,49
RPE1,TAF8,ENSG00000137413,TAF8,literal_official,76
RPE1,TAMM41,ENSG00000144559,TAMM41,literal_official,115
RPE1,TANGO6,ENSG00000103047,TANGO6,literal_official,56
RPE1,TARDBP,ENSG00000120948,TARDBP,literal_official,1675
RPE1,TARS,ENSG00000113407,TARS,literal_official,63
RPE1,TARS2,ENSG00000143374,TARS2,literal_official,190
RPE1,TAZ,ENSG00000102125,TAZ,literal_official,98
RPE1,TBC1D1,ENSG00000065882,TBC1D1,literal_official,17
RPE1,TBC1D28,ENSG00000189375,TBC1D28,literal_official,165
RPE1,TBC1D3,ENSG00000274611,TBC1D3,unique_hgnc_bridge,88
RPE1,TBCA,ENSG00000171530,TBCA,unique_hgnc_bridge,161
RPE1,TBCB,ENSG00000105254,TBCB,literal_official,40
RPE1,TBCC,ENSG00000124659,TBCC,literal_official,23
RPE1,TBCD,ENSG00000141556,TBCD,literal_official,54
RPE1,TBCE,ENSG00000285053,TBCE,literal_official_id_unresolved,125
RPE1,TBL3,ENSG00000183751,TBL3,literal_official,7
RPE1,TBP,ENSG00000112592,TBP,literal_official,85
RPE1,TBPL1,ENSG00000028839,TBPL1,literal_official,106
RPE1,TBRG4,ENSG00000136270,TBRG4,literal_official,9
RPE1,TBX1,ENSG00000184058,TBX1,literal_official,306
RPE1,TCERG1,ENSG00000113649,TCERG1,literal_official,63
RPE1,TCOF1,ENSG00000070814,TCOF1,literal_official,37
RPE1,TCP1,ENSG00000120438,TCP1,literal_official,30
RPE1,TDGF1,ENSG00000241186,TDGF1,literal_official,44
RPE1,TEAD3,ENSG00000007866,TEAD3,literal_official,143
RPE1,TEFM,ENSG00000172171,TEFM,literal_official,100
RPE1,TELO2,ENSG00000100726,TELO2,literal_official,47
RPE1,TEN1,ENSG00000257949,TEN1,literal_official,130
RPE1,TERF1,ENSG00000147601,TERF1,literal_official,36
RPE1,TERF2,ENSG00000132604,TERF2,literal_official,68
RPE1,TEX10,ENSG00000136891,TEX10,literal_official,78
RPE1,TFAM,ENSG00000108064,TFAM,literal_official,3580
RPE1,TFAP4,ENSG00000090447,TFAP4,literal_official,25
RPE1,TFB1M,ENSG00000029639,TFB1M,literal_official,111
RPE1,TFB2M,ENSG00000162851,TFB2M,literal_official,108
RPE1,TFDP1,ENSG00000198176,TFDP1,literal_official,173
RPE1,TFIP11,ENSG00000100109,TFIP11,literal_official,13
RPE1,TFPT,ENSG00000105619,TFPT,literal_official,8
RPE1,TFRC,ENSG00000072274,TFRC,literal_official,315
RPE1,TGS1,ENSG00000137574,TGS1,literal_official,65
RPE1,THAP1,ENSG00000131931,THAP1,literal_official,152
RPE1,THAP11,ENSG00000168286,THAP11,literal_official,147
RPE1,THG1L,ENSG00000113272,THG1L,literal_official,57
RPE1,THOC1,ENSG00000079134,THOC1,literal_official,26
RPE1,THOC2,ENSG00000125676,THOC2,literal_official,14
RPE1,THOC3,ENSG00000051596,THOC3,literal_official,70
RPE1,THOC5,ENSG00000100296,THOC5,literal_official,61
RPE1,THOC6,ENSG00000131652,THOC6,literal_official,146
RPE1,THOC7,ENSG00000163634,THOC7,literal_official,175
RPE1,THRAP3,ENSG00000054118,THRAP3,literal_official,131
RPE1,THUMPD1,ENSG00000066654,THUMPD1,literal_official,19
RPE1,TICRR,ENSG00000140534,TICRR,literal_official,28
RPE1,TIGD1,ENSG00000221944,TIGD1,literal_official,97
RPE1,TIMELESS,ENSG00000111602,TIMELESS,literal_official,18
RPE1,TIMM10,ENSG00000134809,TIMM10,literal_official,110
RPE1,TIMM13,ENSG00000099800,TIMM13,literal_official,123
RPE1,TIMM22,ENSG00000177370,TIMM22,literal_official,31
RPE1,TIMM23B,ENSG00000204152,TIMM23B,unique_hgnc_bridge,348
RPE1,TIMM44,ENSG00000104980,TIMM44,literal_official,51
RPE1,TIMM8A,ENSG00000126953,TIMM8A,literal_official,150
RPE1,TIMM9,ENSG00000100575,TIMM9,literal_official,41
RPE1,TINF2,ENSG00000092330,TINF2,literal_official,48
RPE1,TIPIN,ENSG00000075131,TIPIN,literal_official,34
RPE1,TKT,ENSG00000163931,TKT,literal_official,257
RPE1,TLCD1,ENSG00000160606,TLCD1,literal_official,131
RPE1,TLN1,ENSG00000137076,TLN1,literal_official,37
RPE1,TM7SF2,ENSG00000149809,TM7SF2,literal_official,160
RPE1,TMA16,ENSG00000198498,TMA16,literal_official,17
RPE1,TMED10,ENSG00000170348,TMED10,literal_official,175
RPE1,TMED2,ENSG00000086598,TMED2,literal_official,77
RPE1,TMEM127,ENSG00000135956,TMEM127,literal_official,98
RPE1,TMEM161B,ENSG00000164180,TMEM161B,literal_official,59
RPE1,TMEM199,ENSG00000244045,TMEM199,literal_official,78
RPE1,TMEM214,ENSG00000119777,TMEM214,literal_official,705
RPE1,TMEM240,ENSG00000205090,TMEM240,literal_official,94
RPE1,TMEM242,ENSG00000215712,TMEM242,literal_official,610
RPE1,TMEM258,ENSG00000134825,TMEM258,literal_official,67
RPE1,TMSB10,ENSG00000034510,TMSB10,literal_official,81
RPE1,TMX2,ENSG00000213593,TMX2,literal_official,143
RPE1,TNFSF10,ENSG00000121858,TNFSF10,literal_official,12
RPE1,TNNT2,ENSG00000118194,TNNT2,literal_official,166
RPE1,TNPO3,ENSG00000064419,TNPO3,literal_official,56
RPE1,TNRC6A,ENSG00000090905,TNRC6A,literal_official,112
RPE1,TOE1,ENSG00000132773,TOE1,literal_official,69
RPE1,TOMM20,ENSG00000173726,TOMM20,literal_official,67
RPE1,TOMM22,ENSG00000100216,TOMM22,literal_official,115
RPE1,TOMM40,ENSG00000130204,TOMM40,literal_official,80
RPE1,TONSL,ENSG00000160949,TONSL,literal_official,46
RPE1,TOP1,ENSG00000198900,TOP1,literal_official,48
RPE1,TOP2A,ENSG00000131747,TOP2A,literal_official,6
RPE1,TOP3A,ENSG00000177302,TOP3A,literal_official,63
RPE1,TOPBP1,ENSG00000163781,TOPBP1,literal_official,19
RPE1,TOR2A,ENSG00000160404,TOR2A,literal_official,51
RPE1,TOX4,ENSG00000092203,TOX4,literal_official,171
RPE1,TP53I13,ENSG00000167543,TP53I13,literal_official,145
RPE1,TP53RK,ENSG00000172315,TP53RK,literal_official,90
RPE1,TPI1,ENSG00000111669,TPI1,unique_hgnc_bridge,67
RPE1,TPP2,ENSG00000134900,TPP2,literal_official,17
RPE1,TPR,ENSG00000047410,TPR,literal_official,131
RPE1,TPRKB,ENSG00000144034,TPRKB,literal_official,134
RPE1,TPT1,ENSG00000133112,TPT1,unique_hgnc_bridge,583
RPE1,TPX2,ENSG00000088325,TPX2,literal_official,28
RPE1,TRA2B,ENSG00000136527,TRA2B,literal_official,100
RPE1,TRAIP,ENSG00000183763,TRAIP,literal_official,59
RPE1,TRAPPC1,ENSG00000170043,TRAPPC1,literal_official,82
RPE1,TRAPPC11,ENSG00000168538,TRAPPC11,literal_official,235
RPE1,TRAPPC3,ENSG00000054116,TRAPPC3,literal_official,77
RPE1,TRAPPC4,ENSG00000196655,TRAPPC4,literal_official,27
RPE1,TRAPPC5,ENSG00000181029,TRAPPC5,literal_official,111
RPE1,TRAPPC8,ENSG00000153339,TRAPPC8,literal_official,34
RPE1,TREML2,ENSG00000112195,TREML2,literal_official,74
RPE1,TREX2,ENSG00000183479,TREX2,literal_official,384
RPE1,TRIAP1,ENSG00000170855,TRIAP1,literal_official,38
RPE1,TRIM49C,ENSG00000204449,TRIM49C,literal_official,59
RPE1,TRMT10C,ENSG00000174173,TRMT10C,literal_official,105
RPE1,TRMT112,ENSG00000173113,TRMT112,literal_official,68
RPE1,TRMT5,ENSG00000126814,TRMT5,literal_official,62
RPE1,TRMT6,ENSG00000089195,TRMT6,literal_official,117
RPE1,TRNP1,ENSG00000253368,TRNP1,literal_official,85
RPE1,TRNT1,ENSG00000072756,TRNT1,literal_official,354
RPE1,TRPM7,ENSG00000092439,TRPM7,literal_official,54
RPE1,TRRAP,ENSG00000196367,TRRAP,literal_official,20
RPE1,TSEN2,ENSG00000154743,TSEN2,literal_official,86
RPE1,TSEN34,ENSG00000170892,TSEN34,literal_official,176
RPE1,TSEN54,ENSG00000182173,TSEN54,literal_official,74
RPE1,TSFM,ENSG00000123297,TSFM,literal_official,101
RPE1,TSG101,ENSG00000074319,TSG101,literal_official,59
RPE1,TSPYL5,ENSG00000180543,TSPYL5,literal_official,47
RPE1,TSR1,ENSG00000167721,TSR1,literal_official,207
RPE1,TSR2,ENSG00000158526,TSR2,literal_official,95
RPE1,TSSK3,ENSG00000162526,TSSK3,literal_official,95
RPE1,TTC1,ENSG00000113312,TTC1,literal_official,122
RPE1,TTC27,ENSG00000018699,TTC27,literal_official,34
RPE1,TTC4,ENSG00000243725,TTC4,literal_official,125
RPE1,TTF2,ENSG00000116830,TTF2,literal_official,67
RPE1,TTI1,ENSG00000101407,TTI1,literal_official,81
RPE1,TTI2,ENSG00000129696,TTI2,literal_official,23
RPE1,TTK,ENSG00000112742,TTK,literal_official,80
RPE1,TUBA1B,ENSG00000123416,TUBA1B,literal_official,207
RPE1,TUBA1C,ENSG00000167553,TUBA1C,literal_official,78
RPE1,TUBA3D,ENSG00000075886,TUBA3D,literal_official,35
RPE1,TUBB,ENSG00000196230,TUBB,literal_official,277
RPE1,TUBB2A,ENSG00000137267,TUBB2A,literal_official,152
RPE1,TUBD1,ENSG00000108423,TUBD1,literal_official,123
RPE1,TUBE1,ENSG00000074935,TUBE1,literal_official,119
RPE1,TUBG1,ENSG00000131462,TUBG1,literal_official,139
RPE1,TUBGCP2,ENSG00000130640,TUBGCP2,literal_official,166
RPE1,TUBGCP3,ENSG00000126216,TUBGCP3,literal_official,70
RPE1,TUBGCP4,ENSG00000137822,TUBGCP4,literal_official,102
RPE1,TUBGCP5,ENSG00000275835,TUBGCP5,literal_official,96
RPE1,TUBGCP6,ENSG00000128159,TUBGCP6,literal_official,31
RPE1,TUFM,ENSG00000178952,TUFM,literal_official,176
RPE1,TULP1,ENSG00000112041,TULP1,literal_official,98
RPE1,TUT1,ENSG00000149016,TUT1,literal_official,222
RPE1,TVP23C,ENSG00000175106,TVP23C,literal_official,104
RPE1,TWF1,ENSG00000151239,TWF1,literal_official,686
RPE1,TWISTNB,ENSG00000105849,TWISTNB,literal_official,15
RPE1,TWNK,ENSG00000107815,TWNK,literal_official,95
RPE1,TWSG1,ENSG00000128791,TWSG1,literal_official,19
RPE1,TXN,ENSG00000136810,TXN,unique_hgnc_bridge,82
RPE1,TXNL4A,ENSG00000141759,TXNL4A,literal_official,33
RPE1,TXNL4B,ENSG00000140830,TXNL4B,literal_official,174
RPE1,TYK2,ENSG00000105397,TYK2,literal_official,60
RPE1,U2AF1,ENSG00000160201,U2AF1,unique_hgnc_bridge,83
RPE1,U2AF2,ENSG00000063244,U2AF2,literal_official,43
RPE1,U2SURP,ENSG00000163714,U2SURP,literal_official,39
RPE1,UBA1,ENSG00000130985,UBA1,literal_official,96
RPE1,UBA2,ENSG00000126261,UBA2,literal_official,156
RPE1,UBA3,ENSG00000144744,UBA3,literal_official,61
RPE1,UBA5,ENSG00000081307,UBA5,literal_official,72
RPE1,UBA52,ENSG00000221983,UBA52,literal_official,156
RPE1,UBAP1,ENSG00000165006,UBAP1,literal_official,30
RPE1,UBC,ENSG00000150991,UBC,literal_official,19
RPE1,UBE2D3,ENSG00000109332,UBE2D3,literal_official,20
RPE1,UBE2H,ENSG00000186591,UBE2H,literal_official,97
RPE1,UBE2I,ENSG00000103275,UBE2I,literal_official,74
RPE1,UBE2L3,ENSG00000185651,UBE2L3,literal_official,129
RPE1,UBE2M,ENSG00000130725,UBE2M,literal_official,279
RPE1,UBE2N,ENSG00000177889,UBE2N,literal_official,121
RPE1,UBE2Z,ENSG00000159202,UBE2Z,literal_official,71
RPE1,UBE3C,ENSG00000009335,UBE3C,literal_official,86
RPE1,UBE3D,ENSG00000118420,UBE3D,literal_official,143
RPE1,UBL5,ENSG00000198258,UBL5,literal_official,126
RPE1,UBQLN4,ENSG00000160803,UBQLN4,literal_official,48
RPE1,UBR4,ENSG00000127481,UBR4,literal_official,73
RPE1,UBR5,ENSG00000104517,UBR5,literal_official,105
RPE1,UBTF,ENSG00000108312,UBTF,literal_official,297
RPE1,UCHL5,ENSG00000116750,UCHL5,literal_official,86
RPE1,UFL1,ENSG00000014123,UFL1,literal_official,115
RPE1,UFM1,ENSG00000120686,UFM1,literal_official,44
RPE1,UHRF1,ENSG00000276043,UHRF1,literal_official,107
RPE1,UMPS,ENSG00000114491,UMPS,literal_official,83
RPE1,UNC45A,ENSG00000140553,UNC45A,literal_official,111
RPE1,UNC50,ENSG00000115446,UNC50,literal_official,32
RPE1,UNCX,ENSG00000164853,UNCX,literal_official,72
RPE1,UPF1,ENSG00000005007,UPF1,literal_official,46
RPE1,UPF2,ENSG00000151461,UPF2,literal_official,113
RPE1,UPF3A,ENSG00000169062,UPF3A,literal_official,33
RPE1,UQCC2,ENSG00000137288,UQCC2,literal_official,8
RPE1,UQCRB,ENSG00000156467,UQCRB,literal_official,119
RPE1,UQCRC1,ENSG00000010256,UQCRC1,literal_official,188
RPE1,UQCRC2,ENSG00000140740,UQCRC2,literal_official,68
RPE1,UQCRFS1,ENSG00000169021,UQCRFS1,literal_official,32
RPE1,UQCRH,ENSG00000173660,UQCRH,literal_official,51
RPE1,UQCRQ,ENSG00000164405,UQCRQ,literal_official,66
RPE1,URB1,ENSG00000142207,URB1,literal_official,27
RPE1,URB2,ENSG00000135763,URB2,literal_official,40
RPE1,URI1,ENSG00000105176,URI1,literal_official,86
RPE1,URM1,ENSG00000167118,URM1,literal_official,69
RPE1,UROD,ENSG00000126088,UROD,literal_official,250
RPE1,USF2,ENSG00000105698,USF2,literal_official,105
RPE1,USP10,ENSG00000103194,USP10,literal_official,78
RPE1,USP14,ENSG00000101557,USP14,literal_official,188
RPE1,USP19,ENSG00000172046,USP19,literal_official,122
RPE1,USP36,ENSG00000055483,USP36,literal_official,9
RPE1,USP37,ENSG00000135913,USP37,literal_official,22
RPE1,USP39,ENSG00000168883,USP39,literal_official,122
RPE1,USP5,ENSG00000111667,USP5,literal_official,174
RPE1,USP7,ENSG00000187555,USP7,literal_official,88
RPE1,USP8,ENSG00000138592,USP8,literal_official,47
RPE1,USP9X,ENSG00000124486,USP9X,literal_official,125
RPE1,USPL1,ENSG00000132952,USPL1,literal_official,36
RPE1,UTP11,ENSG00000183520,UTP11,literal_official,15
RPE1,UTP15,ENSG00000164338,UTP15,literal_official,34
RPE1,UTP18,ENSG00000011260,UTP18,literal_official,51
RPE1,UTP20,ENSG00000120800,UTP20,literal_official,32
RPE1,UTP23,ENSG00000147679,UTP23,literal_official,49
RPE1,UTP25,ENSG00000117597,UTP25,literal_official,10
RPE1,UTP3,ENSG00000132467,UTP3,literal_official,63
RPE1,UTP6,ENSG00000108651,UTP6,literal_official,16
RPE1,UXS1,ENSG00000115652,UXS1,literal_official,166
RPE1,UXT,ENSG00000126756,UXT,literal_official,64
RPE1,VARS,ENSG00000204394,VARS,literal_official,87
RPE1,VARS2,ENSG00000137411,VARS2,literal_official,89
RPE1,VBP1,ENSG00000155959,VBP1,literal_official,83
RPE1,VCP,ENSG00000165280,VCP,literal_official,30
RPE1,VEZT,ENSG00000028203,VEZT,literal_official,111
RPE1,VHL,ENSG00000134086,VHL,literal_official,63
RPE1,VMP1,ENSG00000062716,VMP1,literal_official,55
RPE1,VPS13D,ENSG00000048707,VPS13D,literal_official,97
RPE1,VPS18,ENSG00000104142,VPS18,literal_official,80
RPE1,VPS25,ENSG00000131475,VPS25,literal_official,108
RPE1,VPS28,ENSG00000160948,VPS28,literal_official,51
RPE1,VPS29,ENSG00000111237,VPS29,literal_official,98
RPE1,VPS33A,ENSG00000139719,VPS33A,literal_official,65
RPE1,VPS35,ENSG00000069329,VPS35,literal_official,136
RPE1,VPS37A,ENSG00000155975,VPS37A,literal_official,144
RPE1,VPS37C,ENSG00000167987,VPS37C,literal_official,116
RPE1,VPS41,ENSG00000006715,VPS41,literal_official,272
RPE1,VPS51,ENSG00000149823,VPS51,literal_official,48
RPE1,VPS54,ENSG00000143952,VPS54,literal_official,232
RPE1,VPS72,ENSG00000163159,VPS72,literal_official,89
RPE1,WAC,ENSG00000095787,WAC,literal_official,115
RPE1,WARS,ENSG00000140105,WARS,literal_official,61
RPE1,WBP1,ENSG00000239779,WBP1,literal_official,56
RPE1,WBP11,ENSG00000084463,WBP11,literal_official,168
RPE1,WBP1L,ENSG00000166272,WBP1L,literal_official,121
RPE1,WDFY3,ENSG00000163625,WDFY3,literal_official,54
RPE1,WDHD1,ENSG00000198554,WDHD1,literal_official,40
RPE1,WDR1,ENSG00000071127,WDR1,literal_official,44
RPE1,WDR12,ENSG00000138442,WDR12,literal_official,42
RPE1,WDR18,ENSG00000065268,WDR18,literal_official,81
RPE1,WDR24,ENSG00000127580,WDR24,literal_official,44
RPE1,WDR25,ENSG00000176473,WDR25,literal_official,39
RPE1,WDR26,ENSG00000162923,WDR26,literal_official,51
RPE1,WDR3,ENSG00000065183,WDR3,literal_official,23
RPE1,WDR33,ENSG00000136709,WDR33,literal_official,34
RPE1,WDR36,ENSG00000134987,WDR36,literal_official,17
RPE1,WDR4,ENSG00000160193,WDR4,literal_official,141
RPE1,WDR43,ENSG00000163811,WDR43,literal_official,33
RPE1,WDR44,ENSG00000131725,WDR44,literal_official,92
RPE1,WDR46,ENSG00000227057,WDR46,literal_official,22
RPE1,WDR5,ENSG00000196363,WDR5,literal_official,51
RPE1,WDR54,ENSG00000005448,WDR54,literal_official,246
RPE1,WDR55,ENSG00000120314,WDR55,literal_official,13
RPE1,WDR61,ENSG00000140395,WDR61,literal_official,60
RPE1,WDR7,ENSG00000091157,WDR7,literal_official,86
RPE1,WDR70,ENSG00000082068,WDR70,literal_official,144
RPE1,WDR74,ENSG00000133316,WDR74,literal_official,73
RPE1,WDR75,ENSG00000115368,WDR75,literal_official,18
RPE1,WDR77,ENSG00000116455,WDR77,literal_official,111
RPE1,WDR82,ENSG00000164091,WDR82,literal_official,15
RPE1,WDR83OS,ENSG00000105583,WDR83OS,literal_official,100
RPE1,WDR92,ENSG00000243667,WDR92,literal_official,11
RPE1,WDTC1,ENSG00000142784,WDTC1,literal_official,71
RPE1,WEE1,ENSG00000166483,WEE1,literal_official,73
RPE1,WNK1,ENSG00000060237,WNK1,literal_official,109
RPE1,WTAP,ENSG00000146457,WTAP,literal_official,384
RPE1,XAB2,ENSG00000076924,XAB2,literal_official,15
RPE1,XPO1,ENSG00000082898,XPO1,literal_official,46
RPE1,XPO5,ENSG00000124571,XPO5,literal_official,164
RPE1,XRCC1,ENSG00000073050,XRCC1,literal_official,107
RPE1,XRCC2,ENSG00000196584,XRCC2,literal_official,93
RPE1,XRCC3,ENSG00000126215,XRCC3,literal_official,65
RPE1,XRCC5,ENSG00000079246,XRCC5,literal_official,56
RPE1,XRCC6,ENSG00000196419,XRCC6,literal_official,74
RPE1,XRN1,ENSG00000114127,XRN1,literal_official,51
RPE1,XRN2,ENSG00000088930,XRN2,literal_official,19
RPE1,YAE1,ENSG00000241127,YAE1,literal_official,40
RPE1,YARS,ENSG00000134684,YARS,literal_official,98
RPE1,YARS2,ENSG00000139131,YARS2,literal_official,92
RPE1,YBX1,ENSG00000065978,YBX1,literal_official,29
RPE1,YBX3,ENSG00000060138,YBX3,literal_official,69
RPE1,YEATS2,ENSG00000163872,YEATS2,literal_official,72
RPE1,YEATS4,ENSG00000127337,YEATS4,literal_official,96
RPE1,YJEFN3,ENSG00000250067,YJEFN3,literal_official,237
RPE1,YKT6,ENSG00000106636,YKT6,literal_official,51
RPE1,YPEL1,ENSG00000100027,YPEL1,literal_official,77
RPE1,YPEL5,ENSG00000119801,YPEL5,literal_official,75
RPE1,YRDC,ENSG00000196449,YRDC,literal_official,281
RPE1,YTHDC1,ENSG00000083896,YTHDC1,literal_official,205
RPE1,YY1,ENSG00000100811,YY1,literal_official,86
RPE1,ZBTB11,ENSG00000066422,ZBTB11,literal_official,15
RPE1,ZBTB14,ENSG00000198081,ZBTB14,literal_official,58
RPE1,ZBTB17,ENSG00000116809,ZBTB17,literal_official,285
RPE1,ZBTB4,ENSG00000174282,ZBTB4,literal_official,40
RPE1,ZBTB44,ENSG00000196323,ZBTB44,literal_official,79
RPE1,ZC3H13,ENSG00000123200,ZC3H13,literal_official,112
RPE1,ZC3H18,ENSG00000158545,ZC3H18,literal_official,66
RPE1,ZC3H3,ENSG00000014164,ZC3H3,literal_official,102
RPE1,ZC3H4,ENSG00000130749,ZC3H4,literal_official,71
RPE1,ZC3H8,ENSG00000144161,ZC3H8,literal_official,4
RPE1,ZCCHC9,ENSG00000131732,ZCCHC9,literal_official,24
RPE1,ZCRB1,ENSG00000139168,ZCRB1,literal_official,81
RPE1,ZDHHC7,ENSG00000153786,ZDHHC7,literal_official,405
RPE1,ZFC3H1,ENSG00000133858,ZFC3H1,literal_official,85
RPE1,ZFP69B,ENSG00000187801,ZFP69B,literal_official,283
RPE1,ZFR,ENSG00000056097,ZFR,literal_official,130
RPE1,ZMAT2,ENSG00000146007,ZMAT2,literal_official,214
RPE1,ZMAT5,ENSG00000100319,ZMAT5,literal_official,50
RPE1,ZMYM4,ENSG00000146463,ZMYM4,literal_official,83
RPE1,ZNF100,ENSG00000197020,ZNF100,literal_official,172
RPE1,ZNF131,ENSG00000172262,ZNF131,literal_official,18
RPE1,ZNF133,ENSG00000125846,ZNF133,literal_official,200
RPE1,ZNF143,ENSG00000166478,ZNF143,literal_official,32
RPE1,ZNF207,ENSG00000010244,ZNF207,literal_official,134
RPE1,ZNF236,ENSG00000130856,ZNF236,literal_official,102
RPE1,ZNF24,ENSG00000172466,ZNF24,literal_official,49
RPE1,ZNF253,ENSG00000256771,ZNF253,literal_official,158
RPE1,ZNF284,ENSG00000186026,ZNF284,literal_official,127
RPE1,ZNF292,ENSG00000188994,ZNF292,literal_official,133
RPE1,ZNF317,ENSG00000130803,ZNF317,literal_official,92
RPE1,ZNF335,ENSG00000198026,ZNF335,literal_official,47
RPE1,ZNF407,ENSG00000215421,ZNF407,literal_official,64
RPE1,ZNF468,ENSG00000204604,ZNF468,literal_official,103
RPE1,ZNF492,ENSG00000229676,ZNF492,literal_official,101
RPE1,ZNF506,ENSG00000081665,ZNF506,unique_hgnc_bridge,104
RPE1,ZNF559,ENSG00000188321,ZNF559,literal_official,57
RPE1,ZNF574,ENSG00000105732,ZNF574,literal_official,168
RPE1,ZNF658,ENSG00000274349,ZNF658,literal_official,68
RPE1,ZNF674,ENSG00000251192,ZNF674,literal_official,126
RPE1,ZNF676,ENSG00000196109,ZNF676,literal_official,38
RPE1,ZNF687,ENSG00000143373,ZNF687,literal_official,112
RPE1,ZNF706,ENSG00000120963,ZNF706,literal_official,208
RPE1,ZNF718,ENSG00000250312,ZNF718,literal_official,435
RPE1,ZNF720,ENSG00000197302,ZNF720,literal_official,68
RPE1,ZNF763,ENSG00000197054,ZNF763,literal_official,111
RPE1,ZNF787,ENSG00000142409,ZNF787,literal_official,35
RPE1,ZNF830,ENSG00000198783,ZNF830,literal_official,9
RPE1,ZNF84,ENSG00000198040,ZNF84,literal_official,67
RPE1,ZNHIT1,ENSG00000106400,ZNHIT1,literal_official,38
RPE1,ZNHIT2,ENSG00000174276,ZNHIT2,literal_official,81
RPE1,ZNHIT3,ENSG00000273611,ZNHIT3,unique_hgnc_bridge,78
RPE1,ZNHIT6,ENSG00000117174,ZNHIT6,literal_official,21
RPE1,ZNRD1,ENSG00000066379,ZNRD1,literal_official,26
RPE1,ZRANB2,ENSG00000132485,ZRANB2,literal_official,54
RPE1,ZRSR2,ENSG00000169249,ZRSR2,literal_official,217
RPE1,ZW10,ENSG00000086827,ZW10,literal_official,63
RPE1,ZWINT,ENSG00000122952,ZWINT,literal_official,51
RPE1,non-targeting,non-targeting,non-targeting,control,11485
HepG2,AAAS,ENSG00000094914,AAAS,literal_official,39
HepG2,AAMP,ENSG00000127837,AAMP,literal_official,19
HepG2,AAR2,ENSG00000131043,AAR2,literal_official,38
HepG2,AARS,ENSG00000090861,AARS,literal_official,53
HepG2,AARS2,ENSG00000124608,AARS2,literal_official,24
HepG2,AASDHPPT,ENSG00000149313,AASDHPPT,literal_official,26
HepG2,AATF,ENSG00000275700,AATF,literal_official,51
HepG2,ABCB10,ENSG00000135776,ABCB10,literal_official,22
HepG2,ABCB7,ENSG00000131269,ABCB7,literal_official,71
HepG2,ABCE1,ENSG00000164163,ABCE1,literal_official,27
HepG2,ABCF1,ENSG00000204574,ABCF1,literal_official,96
HepG2,ABCG1,ENSG00000160179,ABCG1,literal_official,57
HepG2,ABHD11,ENSG00000106077,ABHD11,literal_official,33
HepG2,ABHD17A,ENSG00000129968,ABHD17A,literal_official,45
HepG2,ABT1,ENSG00000146109,ABT1,literal_official,108
HepG2,AC118549.1,ENSG00000036549,AC118549.1,literal_official,27
HepG2,ACD,ENSG00000102977,ACD,literal_official,20
HepG2,ACIN1,ENSG00000100813,ACIN1,literal_official,78
HepG2,ACOT12,ENSG00000172497,ACOT12,literal_official,80
HepG2,ACSS2,ENSG00000131069,ACSS2,literal_official,33
HepG2,ACTB,ENSG00000075624,ACTB,literal_official,47
HepG2,ACTL6A,ENSG00000136518,ACTL6A,literal_official,9
HepG2,ACTR10,ENSG00000131966,ACTR10,literal_official,25
HepG2,ACTR1A,ENSG00000138107,ACTR1A,literal_official,39
HepG2,ACTR1B,ENSG00000115073,ACTR1B,literal_official,42
HepG2,ACTR2,ENSG00000138071,ACTR2,literal_official,79
HepG2,ACTR3,ENSG00000115091,ACTR3,literal_official,32
HepG2,ACTR5,ENSG00000101442,ACTR5,literal_official,43
HepG2,ACTR6,ENSG00000075089,ACTR6,literal_official,51
HepG2,ACTR8,ENSG00000113812,ACTR8,literal_official,70
HepG2,ADAM10,ENSG00000137845,ADAM10,literal_official,161
HepG2,ADAT2,ENSG00000189007,ADAT2,literal_official,29
HepG2,ADAT3,ENSG00000213638,ADAT3,literal_official,119
HepG2,ADNP2,ENSG00000101544,ADNP2,literal_official,22
HepG2,ADRM1,ENSG00000130706,ADRM1,literal_official,49
HepG2,ADSL,ENSG00000239900,ADSL,literal_official,26
HepG2,AFG3L2,ENSG00000141385,AFG3L2,literal_official,36
HepG2,AGBL5,ENSG00000084693,AGBL5,literal_official,50
HepG2,AHCTF1,ENSG00000153207,AHCTF1,literal_official,64
HepG2,AHCY,ENSG00000101444,AHCY,literal_official,19
HepG2,AIFM1,ENSG00000156709,AIFM1,literal_official,39
HepG2,AKIRIN2,ENSG00000135334,AKIRIN2,literal_official,92
HepG2,ALDOA,ENSG00000149925,ALDOA,unique_hgnc_bridge,98
HepG2,ALG1,ENSG00000033011,ALG1,literal_official,28
HepG2,ALG11,ENSG00000253710,ALG11,literal_official,32
HepG2,ALG13,ENSG00000101901,ALG13,literal_official,30
HepG2,ALG14,ENSG00000172339,ALG14,literal_official,24
HepG2,ALG1L,ENSG00000189366,ALG1L,literal_official,70
HepG2,ALG2,ENSG00000119523,ALG2,literal_official,42
HepG2,ALYREF,ENSG00000183684,ALYREF,literal_official,28
HepG2,ANAPC1,ENSG00000153107,ANAPC1,literal_official,78
HepG2,ANAPC10,ENSG00000164162,ANAPC10,literal_official,37
HepG2,ANAPC11,ENSG00000141552,ANAPC11,literal_official,80
HepG2,ANAPC13,ENSG00000129055,ANAPC13,literal_official,56
HepG2,ANAPC15,ENSG00000110200,ANAPC15,literal_official,200
HepG2,ANAPC2,ENSG00000176248,ANAPC2,literal_official,56
HepG2,ANAPC4,ENSG00000053900,ANAPC4,literal_official,22
HepG2,ANAPC5,ENSG00000089053,ANAPC5,literal_official,61
HepG2,ANKLE2,ENSG00000176915,ANKLE2,literal_official,102
HepG2,ANKRD11,ENSG00000167522,ANKRD11,literal_official,102
HepG2,ANKRD17,ENSG00000132466,ANKRD17,literal_official,31
HepG2,ANKRD39,ENSG00000213337,ANKRD39,literal_official,32
HepG2,ANKRD49,ENSG00000168876,ANKRD49,literal_official,42
HepG2,ANKS6,ENSG00000165138,ANKS6,literal_official,63
HepG2,ANLN,ENSG00000011426,ANLN,literal_official,12
HepG2,AP2A1,ENSG00000196961,AP2A1,literal_official,28
HepG2,AP2M1,ENSG00000161203,AP2M1,literal_official,44
HepG2,AP2S1,ENSG00000042753,AP2S1,literal_official,14
HepG2,AQP7,ENSG00000165269,AQP7,literal_official,56
HepG2,AQR,ENSG00000021776,AQR,literal_official,12
HepG2,ARCN1,ENSG00000095139,ARCN1,literal_official,94
HepG2,ARF4,ENSG00000168374,ARF4,literal_official,25
HepG2,ARFRP1,ENSG00000101246,ARFRP1,literal_official,40
HepG2,ARGFX,ENSG00000186103,ARGFX,literal_official,48
HepG2,ARGLU1,ENSG00000134884,ARGLU1,literal_official,48
HepG2,ARHGAP11B,ENSG00000284906,ARHGAP11B,literal_official_id_unresolved,27
HepG2,ARHGAP6,ENSG00000047648,ARHGAP6,literal_official,50
HepG2,ARID3A,ENSG00000116017,ARID3A,literal_official,32
HepG2,ARID5B,ENSG00000150347,ARID5B,literal_official,42
HepG2,ARIH1,ENSG00000166233,ARIH1,literal_official,12
HepG2,ARL2,ENSG00000213465,ARL2,literal_official,75
HepG2,ARL4D,ENSG00000175906,ARL4D,literal_official,39
HepG2,ARL6IP6,ENSG00000177917,ARL6IP6,literal_official,48
HepG2,ARMC6,ENSG00000105676,ARMC6,literal_official,25
HepG2,ARMC7,ENSG00000125449,ARMC7,literal_official,66
HepG2,ARPC1B,ENSG00000130429,ARPC1B,literal_official,14
HepG2,ARPC2,ENSG00000163466,ARPC2,literal_official,99
HepG2,ARPC3,ENSG00000111229,ARPC3,literal_official,43
HepG2,ARPC4,ENSG00000241553,ARPC4,literal_official,66
HepG2,ARRB2,ENSG00000141480,ARRB2,literal_official,38
HepG2,ASCC3,ENSG00000112249,ASCC3,literal_official,62
HepG2,ASF1B,ENSG00000105011,ASF1B,literal_official,46
HepG2,ATF4,ENSG00000128272,ATF4,literal_official,23
HepG2,ATF5,ENSG00000169136,ATF5,literal_official,52
HepG2,ATIC,ENSG00000138363,ATIC,literal_official,17
HepG2,ATL2,ENSG00000119787,ATL2,literal_official,22
HepG2,ATP11B,ENSG00000058063,ATP11B,literal_official,62
HepG2,ATP1A1,ENSG00000163399,ATP1A1,literal_official,27
HepG2,ATP2A2,ENSG00000174437,ATP2A2,literal_official,74
HepG2,ATP5F1A,ENSG00000152234,ATP5F1A,literal_official,26
HepG2,ATP5F1B,ENSG00000110955,ATP5F1B,literal_official,10
HepG2,ATP5F1C,ENSG00000165629,ATP5F1C,literal_official,19
HepG2,ATP5MD,ENSG00000173915,ATP5MD,literal_official,23
HepG2,ATP5ME,ENSG00000169020,ATP5ME,literal_official,41
HepG2,ATP5MF,ENSG00000241468,ATP5MF,literal_official,60
HepG2,ATP5PD,ENSG00000167863,ATP5PD,literal_official,47
HepG2,ATP5PO,ENSG00000241837,ATP5PO,literal_official,25
HepG2,ATP6AP1,ENSG00000071553,ATP6AP1,literal_official,61
HepG2,ATP6AP2,ENSG00000182220,ATP6AP2,literal_official,128
HepG2,ATP6V0B,ENSG00000117410,ATP6V0B,literal_official,53
HepG2,ATP6V0C,ENSG00000185883,ATP6V0C,literal_official,63
HepG2,ATP6V0D1,ENSG00000159720,ATP6V0D1,literal_official,56
HepG2,ATP6V1A,ENSG00000114573,ATP6V1A,literal_official,45
HepG2,ATP6V1B2,ENSG00000147416,ATP6V1B2,literal_official,38
HepG2,ATP6V1C1,ENSG00000155097,ATP6V1C1,literal_official,22
HepG2,ATP6V1D,ENSG00000100554,ATP6V1D,literal_official,36
HepG2,ATP6V1E1,ENSG00000131100,ATP6V1E1,literal_official,34
HepG2,ATP6V1F,ENSG00000128524,ATP6V1F,literal_official,37
HepG2,ATP6V1G1,ENSG00000136888,ATP6V1G1,literal_official,68
HepG2,ATP6V1H,ENSG00000047249,ATP6V1H,literal_official,62
HepG2,ATR,ENSG00000175054,ATR,literal_official,100
HepG2,ATRIP,ENSG00000164053,ATRIP,literal_official,41
HepG2,ATXN10,ENSG00000130638,ATXN10,literal_official,20
HepG2,AURKA,ENSG00000087586,AURKA,literal_official,114
HepG2,AURKAIP1,ENSG00000175756,AURKAIP1,literal_official,56
HepG2,AURKB,ENSG00000178999,AURKB,literal_official,3
HepG2,BAG6,ENSG00000204463,BAG6,literal_official,39
HepG2,BANF1,ENSG00000175334,BANF1,literal_official,26
HepG2,BANP,ENSG00000172530,BANP,literal_official,57
HepG2,BAP1,ENSG00000163930,BAP1,literal_official,100
HepG2,BARD1,ENSG00000138376,BARD1,literal_official,50
HepG2,BCAR1,ENSG00000050820,BCAR1,literal_official,346
HepG2,BCAS2,ENSG00000116752,BCAS2,literal_official,8
HepG2,BCL2L1,ENSG00000171552,BCL2L1,literal_official,119
HepG2,BCLAF1,ENSG00000029363,BCLAF1,literal_official,38
HepG2,BCR,ENSG00000186716,BCR,literal_official,42
HepG2,BCS1L,ENSG00000074582,BCS1L,literal_official,38
HepG2,BDP1,ENSG00000145734,BDP1,literal_official,33
HepG2,BET1,ENSG00000105829,BET1,literal_official,36
HepG2,BGLAP,ENSG00000242252,BGLAP,literal_official,20
HepG2,BIRC5,ENSG00000089685,BIRC5,literal_official,8
HepG2,BMP2K,ENSG00000138756,BMP2K,literal_official,17
HepG2,BMS1,ENSG00000165733,BMS1,literal_official,114
HepG2,BNIP1,ENSG00000113734,BNIP1,literal_official,17
HepG2,BOD1L1,ENSG00000038219,BOD1L1,literal_official,45
HepG2,BOP1,ENSG00000261236,BOP1,literal_official,126
HepG2,BORA,ENSG00000136122,BORA,literal_official,56
HepG2,BPTF,ENSG00000171634,BPTF,literal_official,242
HepG2,BRCA1,ENSG00000012048,BRCA1,literal_official,47
HepG2,BRCA2,ENSG00000139618,BRCA2,literal_official,115
HepG2,BRD2,ENSG00000204256,BRD2,literal_official,51
HepG2,BRD4,ENSG00000141867,BRD4,literal_official,24
HepG2,BRD8,ENSG00000112983,BRD8,literal_official,21
HepG2,BRF1,ENSG00000185024,BRF1,literal_official,63
HepG2,BRF2,ENSG00000104221,BRF2,literal_official,46
HepG2,BRIP1,ENSG00000136492,BRIP1,literal_official,58
HepG2,BRIX1,ENSG00000113460,BRIX1,literal_official,102
HepG2,BRK1,ENSG00000254999,BRK1,literal_official,28
HepG2,BTAF1,ENSG00000095564,BTAF1,literal_official,35
HepG2,BTF3,ENSG00000145741,BTF3,literal_official,212
HepG2,BTF3L4,ENSG00000134717,BTF3L4,literal_official,81
HepG2,BUB1,ENSG00000169679,BUB1,literal_official,67
HepG2,BUB1B,ENSG00000156970,BUB1B,literal_official,103
HepG2,BUB3,ENSG00000154473,BUB3,literal_official,30
HepG2,BUD13,ENSG00000137656,BUD13,literal_official,28
HepG2,BUD23,ENSG00000071462,BUD23,literal_official,34
HepG2,BUD31,ENSG00000106245,BUD31,literal_official,32
HepG2,BYSL,ENSG00000112578,BYSL,literal_official,42
HepG2,C12orf45,ENSG00000151131,C12orf45,literal_official,54
HepG2,C12orf60,ENSG00000182993,C12orf60,literal_official,34
HepG2,C14orf178,ENSG00000197734,C14orf178,literal_official,125
HepG2,C16orf86,ENSG00000159761,C16orf86,literal_official,59
HepG2,C17orf58,ENSG00000186665,C17orf58,literal_official,56
HepG2,C18orf21,ENSG00000141428,C18orf21,literal_official,33
HepG2,C19orf25,ENSG00000119559,C19orf25,literal_official,38
HepG2,C19orf53,ENSG00000104979,C19orf53,literal_official,36
HepG2,C1D,ENSG00000197223,C1D,literal_official,29
HepG2,C1QBP,ENSG00000108561,C1QBP,literal_official,32
HepG2,C1QTNF4,ENSG00000172247,C1QTNF4,literal_official,43
HepG2,C1orf109,ENSG00000116922,C1orf109,literal_official,80
HepG2,C1orf131,ENSG00000143633,C1orf131,literal_official,43
HepG2,C5orf30,ENSG00000181751,C5orf30,literal_official,47
HepG2,C6orf15,ENSG00000204542,C6orf15,literal_official,50
HepG2,C7orf26,ENSG00000146576,C7orf26,literal_official,216
HepG2,C7orf50,ENSG00000146540,C7orf50,literal_official,26
HepG2,C9orf16,ENSG00000171159,C9orf16,literal_official,72
HepG2,C9orf78,ENSG00000136819,C9orf78,literal_official,48
HepG2,CA5A,ENSG00000174990,CA5A,literal_official,62
HepG2,CABIN1,ENSG00000099991,CABIN1,literal_official,61
HepG2,CACNB3,ENSG00000167535,CACNB3,literal_official,75
HepG2,CACTIN,ENSG00000105298,CACTIN,literal_official,39
HepG2,CAD,ENSG00000084774,CAD,literal_official,28
HepG2,CADM4,ENSG00000105767,CADM4,literal_official,79
HepG2,CALR,ENSG00000179218,CALR,literal_official,86
HepG2,CAMLG,ENSG00000164615,CAMLG,literal_official,26
HepG2,CAP1,ENSG00000131236,CAP1,literal_official,21
HepG2,CAPZB,ENSG00000077549,CAPZB,literal_official,13
HepG2,CARF,ENSG00000138380,CARF,literal_official,53
HepG2,CARS,ENSG00000110619,CARS,literal_official,26
HepG2,CASC3,ENSG00000108349,CASC3,literal_official,31
HepG2,CASP8AP2,ENSG00000118412,CASP8AP2,literal_official,20
HepG2,CAST,ENSG00000153113,CAST,literal_official,32
HepG2,CBFA2T3,ENSG00000129993,CBFA2T3,literal_official,39
HepG2,CBLL1,ENSG00000105879,CBLL1,literal_official,21
HepG2,CBLN1,ENSG00000102924,CBLN1,literal_official,60
HepG2,CBX1,ENSG00000108468,CBX1,literal_official,51
HepG2,CCAR1,ENSG00000060339,CCAR1,literal_official,33
HepG2,CCDC115,ENSG00000136710,CCDC115,literal_official,69
HepG2,CCDC130,ENSG00000104957,CCDC130,literal_official,145
HepG2,CCDC137,ENSG00000185298,CCDC137,literal_official,25
HepG2,CCDC144A,ENSG00000170160,CCDC144A,literal_official,31
HepG2,CCDC144NL,ENSG00000205212,CCDC144NL,literal_official,80
HepG2,CCDC174,ENSG00000154781,CCDC174,literal_official,43
HepG2,CCDC59,ENSG00000133773,CCDC59,literal_official,127
HepG2,CCDC6,ENSG00000108091,CCDC6,literal_official,413
HepG2,CCDC78,ENSG00000162004,CCDC78,literal_official,198
HepG2,CCDC84,ENSG00000186166,CCDC84,literal_official,21
HepG2,CCDC86,ENSG00000110104,CCDC86,literal_official,35
HepG2,CCNA2,ENSG00000145386,CCNA2,literal_official,17
HepG2,CCNB1,ENSG00000134057,CCNB1,literal_official,43
HepG2,CCNC,ENSG00000112237,CCNC,literal_official,52
HepG2,CCND1,ENSG00000110092,CCND1,literal_official,40
HepG2,CCND3,ENSG00000112576,CCND3,literal_official,41
HepG2,CCNH,ENSG00000134480,CCNH,literal_official,98
HepG2,CCNK,ENSG00000090061,CCNK,literal_official,96
HepG2,CCNL1,ENSG00000163660,CCNL1,literal_official,33
HepG2,CCNQ,ENSG00000262919,CCNQ,literal_official,28
HepG2,CCP110,ENSG00000103540,CCP110,literal_official,44
HepG2,CCT2,ENSG00000166226,CCT2,literal_official,73
HepG2,CCT3,ENSG00000163468,CCT3,literal_official,49
HepG2,CCT4,ENSG00000115484,CCT4,literal_official,87
HepG2,CCT5,ENSG00000150753,CCT5,literal_official,44
HepG2,CCT6A,ENSG00000146731,CCT6A,literal_official,96
HepG2,CCT7,ENSG00000135624,CCT7,unique_hgnc_bridge,111
HepG2,CCT8,ENSG00000156261,CCT8,literal_official,68
HepG2,CD2BP2,ENSG00000169217,CD2BP2,literal_official,32
HepG2,CD3EAP,ENSG00000117877,CD3EAP,literal_official,91
HepG2,CD8B,ENSG00000172116,CD8B,literal_official,79
HepG2,CDAN1,ENSG00000140326,CDAN1,literal_official,48
HepG2,CDC123,ENSG00000151465,CDC123,literal_official,52
HepG2,CDC16,ENSG00000130177,CDC16,literal_official,49
HepG2,CDC20,ENSG00000117399,CDC20,literal_official,75
HepG2,CDC23,ENSG00000094880,CDC23,literal_official,23
HepG2,CDC26,ENSG00000176386,CDC26,literal_official,30
HepG2,CDC27,ENSG00000004897,CDC27,literal_official,9
HepG2,CDC37,ENSG00000105401,CDC37,literal_official,44
HepG2,CDC40,ENSG00000168438,CDC40,literal_official,4
HepG2,CDC42,ENSG00000070831,CDC42,unique_hgnc_bridge,118
HepG2,CDC45,ENSG00000093009,CDC45,literal_official,32
HepG2,CDC5L,ENSG00000096401,CDC5L,literal_official,27
HepG2,CDC6,ENSG00000094804,CDC6,literal_official,72
HepG2,CDC7,ENSG00000097046,CDC7,literal_official,13
HepG2,CDC73,ENSG00000134371,CDC73,literal_official,66
HepG2,CDCA5,ENSG00000146670,CDCA5,literal_official,93
HepG2,CDCA8,ENSG00000134690,CDCA8,literal_official,2
HepG2,CDIPT,ENSG00000103502,CDIPT,literal_official,54
HepG2,CDK1,ENSG00000170312,CDK1,literal_official,139
HepG2,CDK11A,ENSG00000008128,CDK11A,literal_official,26
HepG2,CDK12,ENSG00000167258,CDK12,literal_official,17
HepG2,CDK2,ENSG00000123374,CDK2,literal_official,79
HepG2,CDK6,ENSG00000105810,CDK6,literal_official,71
HepG2,CDK7,ENSG00000134058,CDK7,literal_official,18
HepG2,CDK9,ENSG00000136807,CDK9,literal_official,68
HepG2,CDT1,ENSG00000167513,CDT1,literal_official,99
HepG2,CEBPG,ENSG00000153879,CEBPG,literal_official,42
HepG2,CEBPZ,ENSG00000115816,CEBPZ,literal_official,132
HepG2,CENPA,ENSG00000115163,CENPA,literal_official,44
HepG2,CENPC,ENSG00000145241,CENPC,literal_official,34
HepG2,CENPE,ENSG00000138778,CENPE,literal_official,15
HepG2,CENPH,ENSG00000153044,CENPH,literal_official,30
HepG2,CENPI,ENSG00000102384,CENPI,literal_official,17
HepG2,CENPJ,ENSG00000151849,CENPJ,literal_official,92
HepG2,CENPK,ENSG00000123219,CENPK,literal_official,99
HepG2,CENPN,ENSG00000166451,CENPN,literal_official,41
HepG2,CENPP,ENSG00000188312,CENPP,literal_official,59
HepG2,CENPT,ENSG00000102901,CENPT,literal_official,70
HepG2,CENPW,ENSG00000203760,CENPW,literal_official,44
HepG2,CEP152,ENSG00000103995,CEP152,literal_official,20
HepG2,CEP192,ENSG00000101639,CEP192,literal_official,28
HepG2,CEP68,ENSG00000011523,CEP68,literal_official,37
HepG2,CEP85,ENSG00000130695,CEP85,literal_official,57
HepG2,CEP97,ENSG00000182504,CEP97,literal_official,39
HepG2,CFDP1,ENSG00000153774,CFDP1,literal_official,52
HepG2,CFL1,ENSG00000172757,CFL1,literal_official,34
HepG2,CHAF1A,ENSG00000167670,CHAF1A,literal_official,28
HepG2,CHAF1B,ENSG00000159259,CHAF1B,literal_official,54
HepG2,CHCHD1,ENSG00000172586,CHCHD1,literal_official,39
HepG2,CHCHD2,ENSG00000106153,CHCHD2,literal_official,37
HepG2,CHCHD3,ENSG00000106554,CHCHD3,literal_official,16
HepG2,CHCHD4,ENSG00000163528,CHCHD4,literal_official,63
HepG2,CHD4,ENSG00000111642,CHD4,literal_official,38
HepG2,CHEK1,ENSG00000149554,CHEK1,literal_official,65
HepG2,CHERP,ENSG00000085872,CHERP,literal_official,96
HepG2,CHMP1A,ENSG00000131165,CHMP1A,literal_official,13
HepG2,CHMP2A,ENSG00000130724,CHMP2A,literal_official,15
HepG2,CHMP3,ENSG00000115561,CHMP3,literal_official,3
HepG2,CHMP4B,ENSG00000101421,CHMP4B,literal_official,37
HepG2,CHMP5,ENSG00000086065,CHMP5,literal_official,30
HepG2,CHMP6,ENSG00000176108,CHMP6,literal_official,67
HepG2,CHMP7,ENSG00000147457,CHMP7,literal_official,31
HepG2,CHORDC1,ENSG00000110172,CHORDC1,literal_official,57
HepG2,CHTF18,ENSG00000127586,CHTF18,literal_official,95
HepG2,CHTF8,ENSG00000168802,CHTF8,literal_official,14
HepG2,CHTOP,ENSG00000160679,CHTOP,literal_official,41
HepG2,CIAO1,ENSG00000144021,CIAO1,literal_official,78
HepG2,CIAPIN1,ENSG00000005194,CIAPIN1,literal_official,99
HepG2,CINP,ENSG00000100865,CINP,literal_official,24
HepG2,CKAP5,ENSG00000175216,CKAP5,literal_official,60
HepG2,CLASRP,ENSG00000104859,CLASRP,literal_official,152
HepG2,CLCC1,ENSG00000121940,CLCC1,literal_official,28
HepG2,CLK2,ENSG00000176444,CLK2,literal_official,16
HepG2,CLNS1A,ENSG00000074201,CLNS1A,literal_official,10
HepG2,CLOCK,ENSG00000134852,CLOCK,literal_official,228
HepG2,CLP1,ENSG00000172409,CLP1,unique_hgnc_bridge,18
HepG2,CLPB,ENSG00000162129,CLPB,literal_official,37
HepG2,CLSPN,ENSG00000092853,CLSPN,literal_official,26
HepG2,CLTC,ENSG00000141367,CLTC,literal_official,19
HepG2,CMC4,ENSG00000182712,CMC4,literal_official,28
HepG2,CMPK1,ENSG00000162368,CMPK1,literal_official,64
HepG2,CMTR1,ENSG00000137200,CMTR1,literal_official,59
HepG2,CMTR2,ENSG00000180917,CMTR2,literal_official,32
HepG2,CNIH4,ENSG00000143771,CNIH4,literal_official,30
HepG2,CNN2,ENSG00000064666,CNN2,literal_official,75
HepG2,CNOT1,ENSG00000125107,CNOT1,literal_official,62
HepG2,CNOT10,ENSG00000182973,CNOT10,literal_official,86
HepG2,CNOT11,ENSG00000158435,CNOT11,literal_official,57
HepG2,CNOT2,ENSG00000111596,CNOT2,literal_official,37
HepG2,CNOT3,ENSG00000088038,CNOT3,literal_official,21
HepG2,CNOT9,ENSG00000144580,CNOT9,literal_official,56
HepG2,COA5,ENSG00000183513,COA5,literal_official,47
HepG2,COASY,ENSG00000068120,COASY,literal_official,37
HepG2,COG1,ENSG00000166685,COG1,literal_official,55
HepG2,COG2,ENSG00000135775,COG2,literal_official,32
HepG2,COG3,ENSG00000136152,COG3,literal_official,8
HepG2,COG4,ENSG00000103051,COG4,literal_official,39
HepG2,COG6,ENSG00000133103,COG6,literal_official,61
HepG2,COG8,ENSG00000213380,COG8,literal_official,29
HepG2,COMTD1,ENSG00000165644,COMTD1,literal_official,42
HepG2,COPA,ENSG00000122218,COPA,literal_official,17
HepG2,COPB1,ENSG00000129083,COPB1,literal_official,35
HepG2,COPB2,ENSG00000184432,COPB2,literal_official,21
HepG2,COPE,ENSG00000105669,COPE,literal_official,7
HepG2,COPG1,ENSG00000181789,COPG1,literal_official,32
HepG2,COPS2,ENSG00000166200,COPS2,literal_official,78
HepG2,COPS3,ENSG00000141030,COPS3,literal_official,40
HepG2,COPS4,ENSG00000138663,COPS4,literal_official,63
HepG2,COPS5,ENSG00000121022,COPS5,literal_official,42
HepG2,COPS6,ENSG00000168090,COPS6,literal_official,27
HepG2,COPS8,ENSG00000198612,COPS8,literal_official,66
HepG2,COPZ1,ENSG00000111481,COPZ1,literal_official,55
HepG2,COQ2,ENSG00000173085,COQ2,literal_official,70
HepG2,COQ4,ENSG00000167113,COQ4,literal_official,48
HepG2,COQ5,ENSG00000110871,COQ5,literal_official,32
HepG2,COTL1,ENSG00000103187,COTL1,literal_official,60
HepG2,COX10,ENSG00000006695,COX10,literal_official,64
HepG2,COX11,ENSG00000166260,COX11,literal_official,99
HepG2,COX15,ENSG00000014919,COX15,literal_official,26
HepG2,COX17,ENSG00000138495,COX17,literal_official,21
HepG2,COX5A,ENSG00000178741,COX5A,unique_hgnc_bridge,37
HepG2,COX5B,ENSG00000135940,COX5B,literal_official,23
HepG2,COX6C,ENSG00000164919,COX6C,literal_official,24
HepG2,COX7B,ENSG00000131174,COX7B,literal_official,26
HepG2,COX7C,ENSG00000127184,COX7C,literal_official,43
HepG2,CPAMD8,ENSG00000160111,CPAMD8,literal_official,66
HepG2,CPEB1,ENSG00000214575,CPEB1,literal_official,100
HepG2,CPNE1,ENSG00000214078,CPNE1,literal_official,19
HepG2,CPNE7,ENSG00000178773,CPNE7,literal_official,80
HepG2,CPOX,ENSG00000080819,CPOX,literal_official,23
HepG2,CPSF1,ENSG00000071894,CPSF1,literal_official,59
HepG2,CPSF2,ENSG00000165934,CPSF2,literal_official,6
HepG2,CPSF3,ENSG00000119203,CPSF3,literal_official,200
HepG2,CPSF4,ENSG00000160917,CPSF4,literal_official,65
HepG2,CPSF6,ENSG00000111605,CPSF6,literal_official,40
HepG2,CRCP,ENSG00000241258,CRCP,literal_official,23
HepG2,CRKL,ENSG00000099942,CRKL,literal_official,20
HepG2,CRLS1,ENSG00000088766,CRLS1,literal_official,29
HepG2,CRNKL1,ENSG00000101343,CRNKL1,literal_official,22
HepG2,CS,ENSG00000062485,CS,literal_official,77
HepG2,CSDE1,ENSG00000009307,CSDE1,literal_official,49
HepG2,CSE1L,ENSG00000124207,CSE1L,literal_official,240
HepG2,CSH2,ENSG00000213218,CSH2,literal_official,79
HepG2,CSNK1A1,ENSG00000113712,CSNK1A1,literal_official,30
HepG2,CSNK2B,ENSG00000204435,CSNK2B,literal_official,111
HepG2,CSTF1,ENSG00000101138,CSTF1,literal_official,265
HepG2,CSTF3,ENSG00000176102,CSTF3,literal_official,70
HepG2,CT45A5,ENSG00000228836,CT45A5,unique_hgnc_bridge,28
HepG2,CTBP2,ENSG00000175029,CTBP2,literal_official,45
HepG2,CTCF,ENSG00000102974,CTCF,literal_official,49
HepG2,CTDP1,ENSG00000060069,CTDP1,literal_official,83
HepG2,CTNNBL1,ENSG00000132792,CTNNBL1,literal_official,43
HepG2,CTPS1,ENSG00000171793,CTPS1,literal_official,27
HepG2,CTR9,ENSG00000198730,CTR9,literal_official,11
HepG2,CTU2,ENSG00000174177,CTU2,literal_official,58
HepG2,CUL1,ENSG00000055130,CUL1,literal_official,49
HepG2,CUL2,ENSG00000108094,CUL2,literal_official,70
HepG2,CUL3,ENSG00000036257,CUL3,literal_official,35
HepG2,CUL7,ENSG00000044090,CUL7,literal_official,54
HepG2,CWC15,ENSG00000150316,CWC15,literal_official,45
HepG2,CWC22,ENSG00000163510,CWC22,literal_official,34
HepG2,CWC25,ENSG00000273559,CWC25,literal_official,27
HepG2,CWF19L2,ENSG00000152404,CWF19L2,literal_official,25
HepG2,CXXC1,ENSG00000154832,CXXC1,literal_official,24
HepG2,CYC1,ENSG00000179091,CYC1,literal_official,47
HepG2,CYCS,ENSG00000172115,CYCS,literal_official,23
HepG2,CYFIP1,ENSG00000273749,CYFIP1,literal_official,33
HepG2,CYP2A13,ENSG00000197838,CYP2A13,literal_official,39
HepG2,CYP4F11,ENSG00000171903,CYP4F11,literal_official,34
HepG2,CYREN,ENSG00000122783,CYREN,literal_official,43
HepG2,CYS1,ENSG00000205795,CYS1,literal_official,53
HepG2,DAD1,ENSG00000129562,DAD1,literal_official,12
HepG2,DAP3,ENSG00000132676,DAP3,literal_official,60
HepG2,DARS,ENSG00000115866,DARS,literal_official,48
HepG2,DAXX,ENSG00000204209,DAXX,literal_official,41
HepG2,DBF4,ENSG00000006634,DBF4,literal_official,23
HepG2,DBR1,ENSG00000138231,DBR1,literal_official,76
HepG2,DCAF6,ENSG00000143164,DCAF6,literal_official,44
HepG2,DCLRE1B,ENSG00000118655,DCLRE1B,literal_official,43
HepG2,DCTN1,ENSG00000204843,DCTN1,literal_official,70
HepG2,DCTN2,ENSG00000175203,DCTN2,literal_official,69
HepG2,DCTN3,ENSG00000137100,DCTN3,literal_official,80
HepG2,DCTN4,ENSG00000132912,DCTN4,literal_official,66
HepG2,DCTN5,ENSG00000166847,DCTN5,literal_official,24
HepG2,DCTN6,ENSG00000104671,DCTN6,literal_official,37
HepG2,DCUN1D5,ENSG00000137692,DCUN1D5,literal_official,89
HepG2,DDB1,ENSG00000167986,DDB1,literal_official,94
HepG2,DDN,ENSG00000181418,DDN,literal_official,100
HepG2,DDOST,ENSG00000244038,DDOST,literal_official,41
HepG2,DDX1,ENSG00000079785,DDX1,literal_official,55
HepG2,DDX10,ENSG00000178105,DDX10,literal_official,90
HepG2,DDX11,ENSG00000013573,DDX11,literal_official,27
HepG2,DDX17,ENSG00000100201,DDX17,literal_official,62
HepG2,DDX18,ENSG00000088205,DDX18,literal_official,66
HepG2,DDX19A,ENSG00000168872,DDX19A,literal_official,175
HepG2,DDX19B,ENSG00000157349,DDX19B,literal_official,145
HepG2,DDX20,ENSG00000064703,DDX20,literal_official,45
HepG2,DDX21,ENSG00000165732,DDX21,literal_official,77
HepG2,DDX23,ENSG00000174243,DDX23,literal_official,167
HepG2,DDX24,ENSG00000089737,DDX24,literal_official,26
HepG2,DDX27,ENSG00000124228,DDX27,literal_official,109
HepG2,DDX3X,ENSG00000215301,DDX3X,literal_official,36
HepG2,DDX41,ENSG00000183258,DDX41,literal_official,32
HepG2,DDX42,ENSG00000198231,DDX42,literal_official,27
HepG2,DDX46,ENSG00000145833,DDX46,literal_official,166
HepG2,DDX47,ENSG00000213782,DDX47,unique_hgnc_bridge,217
HepG2,DDX49,ENSG00000105671,DDX49,literal_official,16
HepG2,DDX5,ENSG00000108654,DDX5,literal_official,99
HepG2,DDX51,ENSG00000185163,DDX51,literal_official,147
HepG2,DDX52,ENSG00000278053,DDX52,literal_official,95
HepG2,DDX54,ENSG00000123064,DDX54,literal_official,88
HepG2,DDX55,ENSG00000111364,DDX55,literal_official,136
HepG2,DDX56,ENSG00000136271,DDX56,literal_official,57
HepG2,DDX59,ENSG00000118197,DDX59,literal_official,10
HepG2,DDX6,ENSG00000110367,DDX6,literal_official,53
HepG2,DENR,ENSG00000139726,DENR,literal_official,54
HepG2,DEPDC5,ENSG00000100150,DEPDC5,literal_official,41
HepG2,DERL2,ENSG00000072849,DERL2,literal_official,73
HepG2,DESI1,ENSG00000100418,DESI1,literal_official,55
HepG2,DGCR8,ENSG00000128191,DGCR8,literal_official,19
HepG2,DHDDS,ENSG00000117682,DHDDS,literal_official,19
HepG2,DHFR,ENSG00000228716,DHFR,literal_official,21
HepG2,DHODH,ENSG00000102967,DHODH,literal_official,45
HepG2,DHPS,ENSG00000095059,DHPS,literal_official,35
HepG2,DHX15,ENSG00000109606,DHX15,literal_official,48
HepG2,DHX16,ENSG00000204560,DHX16,literal_official,75
HepG2,DHX29,ENSG00000067248,DHX29,literal_official,34
HepG2,DHX30,ENSG00000132153,DHX30,literal_official,49
HepG2,DHX33,ENSG00000005100,DHX33,literal_official,34
HepG2,DHX36,ENSG00000174953,DHX36,literal_official,45
HepG2,DHX37,ENSG00000150990,DHX37,literal_official,124
HepG2,DHX8,ENSG00000067596,DHX8,literal_official,61
HepG2,DHX9,ENSG00000135829,DHX9,literal_official,21
HepG2,DICER1,ENSG00000100697,DICER1,literal_official,32
HepG2,DIMT1,ENSG00000086189,DIMT1,literal_official,78
HepG2,DIS3,ENSG00000083520,DIS3,literal_official,20
HepG2,DKC1,ENSG00000130826,DKC1,literal_official,42
HepG2,DLD,ENSG00000091140,DLD,literal_official,102
HepG2,DMAP1,ENSG00000178028,DMAP1,literal_official,25
HepG2,DMRTA2,ENSG00000142700,DMRTA2,literal_official,50
HepG2,DNAAF3,ENSG00000167646,DNAAF3,literal_official,115
HepG2,DNAJA1,ENSG00000086061,DNAJA1,literal_official,65
HepG2,DNAJA3,ENSG00000103423,DNAJA3,literal_official,61
HepG2,DNAJC11,ENSG00000007923,DNAJC11,literal_official,19
HepG2,DNAJC17,ENSG00000104129,DNAJC17,unique_hgnc_bridge,60
HepG2,DNAJC19,ENSG00000205981,DNAJC19,literal_official,52
HepG2,DNAJC8,ENSG00000126698,DNAJC8,literal_official,84
HepG2,DNAJC9,ENSG00000213551,DNAJC9,literal_official,19
HepG2,DNLZ,ENSG00000213221,DNLZ,literal_official,33
HepG2,DNM1,ENSG00000106976,DNM1,literal_official,116
HepG2,DNM1L,ENSG00000087470,DNM1L,literal_official,39
HepG2,DNM2,ENSG00000079805,DNM2,literal_official,14
HepG2,DNMT1,ENSG00000130816,DNMT1,literal_official,82
HepG2,DNTTIP2,ENSG00000067334,DNTTIP2,literal_official,55
HepG2,DOHH,ENSG00000129932,DOHH,literal_official,86
HepG2,DOLK,ENSG00000175283,DOLK,literal_official,73
HepG2,DONSON,ENSG00000159147,DONSON,literal_official,30
HepG2,DPAGT1,ENSG00000172269,DPAGT1,literal_official,31
HepG2,DPH1,ENSG00000108963,DPH1,literal_official,84
HepG2,DPH2,ENSG00000132768,DPH2,literal_official,52
HepG2,DPH3,ENSG00000154813,DPH3,literal_official,43
HepG2,DPH6,ENSG00000134146,DPH6,literal_official,42
HepG2,DPM2,ENSG00000136908,DPM2,literal_official,31
HepG2,DPPA2,ENSG00000163530,DPPA2,literal_official,34
HepG2,DPY19L2,ENSG00000177990,DPY19L2,literal_official,36
HepG2,DPY19L4,ENSG00000156162,DPY19L4,literal_official,87
HepG2,DR1,ENSG00000117505,DR1,literal_official,29
HepG2,DRAP1,ENSG00000175550,DRAP1,literal_official,52
HepG2,DRG1,ENSG00000185721,DRG1,literal_official,32
HepG2,DROSHA,ENSG00000113360,DROSHA,literal_official,5
HepG2,DSN1,ENSG00000149636,DSN1,literal_official,26
HepG2,DSTYK,ENSG00000133059,DSTYK,literal_official,69
HepG2,DTL,ENSG00000143476,DTL,literal_official,64
HepG2,DTYMK,ENSG00000168393,DTYMK,literal_official,25
HepG2,DUT,ENSG00000128951,DUT,literal_official,18
HepG2,DYNC1H1,ENSG00000197102,DYNC1H1,literal_official,35
HepG2,DYNC1I2,ENSG00000077380,DYNC1I2,literal_official,58
HepG2,DYNLL1,ENSG00000088986,DYNLL1,literal_official,55
HepG2,DYNLL2,ENSG00000264364,DYNLL2,literal_official,81
HepG2,DYNLRB1,ENSG00000125971,DYNLRB1,literal_official,124
HepG2,E2F6,ENSG00000169016,E2F6,literal_official,57
HepG2,E4F1,ENSG00000167967,E4F1,literal_official,82
HepG2,EARS2,ENSG00000103356,EARS2,literal_official,51
HepG2,EBNA1BP2,ENSG00000117395,EBNA1BP2,literal_official,58
HepG2,ECD,ENSG00000122882,ECD,literal_official,34
HepG2,ECT2,ENSG00000114346,ECT2,literal_official,20
HepG2,EDC4,ENSG00000038358,EDC4,literal_official,50
HepG2,EEF1A1,ENSG00000156508,EEF1A1,unique_hgnc_bridge,35
HepG2,EEF1B2,ENSG00000114942,EEF1B2,literal_official,35
HepG2,EEF1G,ENSG00000254772,EEF1G,literal_official,29
HepG2,EEF2,ENSG00000167658,EEF2,literal_official,76
HepG2,EEFSEC,ENSG00000132394,EEFSEC,literal_official,56
HepG2,EFR3A,ENSG00000132294,EFR3A,literal_official,70
HepG2,EFTUD2,ENSG00000108883,EFTUD2,literal_official,54
HepG2,EGLN2,ENSG00000269858,EGLN2,literal_official,55
HepG2,EHMT2,ENSG00000204371,EHMT2,literal_official,101
HepG2,EIF1,ENSG00000173812,EIF1,literal_official,60
HepG2,EIF1AD,ENSG00000175376,EIF1AD,literal_official,40
HepG2,EIF1AX,ENSG00000173674,EIF1AX,literal_official,86
HepG2,EIF2B1,ENSG00000111361,EIF2B1,literal_official,189
HepG2,EIF2B2,ENSG00000119718,EIF2B2,literal_official,180
HepG2,EIF2B3,ENSG00000070785,EIF2B3,literal_official,75
HepG2,EIF2B4,ENSG00000115211,EIF2B4,literal_official,63
HepG2,EIF2B5,ENSG00000145191,EIF2B5,literal_official,115
HepG2,EIF2S1,ENSG00000134001,EIF2S1,literal_official,78
HepG2,EIF2S2,ENSG00000125977,EIF2S2,literal_official,72
HepG2,EIF2S3,ENSG00000130741,EIF2S3,literal_official,53
HepG2,EIF3A,ENSG00000107581,EIF3A,literal_official,63
HepG2,EIF3B,ENSG00000106263,EIF3B,literal_official,126
HepG2,EIF3CL,ENSG00000205609,EIF3CL,literal_official,435
HepG2,EIF3D,ENSG00000100353,EIF3D,literal_official,18
HepG2,EIF3E,ENSG00000104408,EIF3E,literal_official,33
HepG2,EIF3F,ENSG00000175390,EIF3F,literal_official,7
HepG2,EIF3G,ENSG00000130811,EIF3G,literal_official,11
HepG2,EIF3H,ENSG00000147677,EIF3H,literal_official,10
HepG2,EIF3I,ENSG00000084623,EIF3I,literal_official,94
HepG2,EIF3J,ENSG00000104131,EIF3J,literal_official,46
HepG2,EIF3L,ENSG00000100129,EIF3L,literal_official,44
HepG2,EIF3M,ENSG00000149100,EIF3M,literal_official,23
HepG2,EIF4A1,ENSG00000161960,EIF4A1,literal_official,45
HepG2,EIF4A3,ENSG00000141543,EIF4A3,literal_official,226
HepG2,EIF4B,ENSG00000063046,EIF4B,literal_official,217
HepG2,EIF4E,ENSG00000151247,EIF4E,literal_official,53
HepG2,EIF4G1,ENSG00000114867,EIF4G1,literal_official,34
HepG2,EIF4G2,ENSG00000110321,EIF4G2,literal_official,65
HepG2,EIF4H,ENSG00000106682,EIF4H,literal_official,52
HepG2,EIF5,ENSG00000100664,EIF5,literal_official,48
HepG2,EIF5A,ENSG00000132507,EIF5A,unique_hgnc_bridge,65
HepG2,EIF6,ENSG00000242372,EIF6,literal_official,96
HepG2,ELAC2,ENSG00000006744,ELAC2,literal_official,57
HepG2,ELL,ENSG00000105656,ELL,literal_official,232
HepG2,ELOB,ENSG00000103363,ELOB,literal_official,64
HepG2,ELOF1,ENSG00000130165,ELOF1,literal_official,35
HepG2,ELOVL1,ENSG00000066322,ELOVL1,literal_official,62
HepG2,ELP2,ENSG00000134759,ELP2,literal_official,23
HepG2,ELP3,ENSG00000134014,ELP3,literal_official,102
HepG2,ELP4,ENSG00000109911,ELP4,literal_official,25
HepG2,ELP5,ENSG00000170291,ELP5,literal_official,46
HepG2,ELP6,ENSG00000163832,ELP6,literal_official,36
HepG2,EMC1,ENSG00000127463,EMC1,literal_official,56
HepG2,EMC3,ENSG00000125037,EMC3,literal_official,103
HepG2,EMC4,ENSG00000128463,EMC4,literal_official,54
HepG2,EMC7,ENSG00000134153,EMC7,literal_official,89
HepG2,EMG1,ENSG00000126749,EMG1,literal_official,15
HepG2,ENO1,ENSG00000074800,ENO1,literal_official,45
HepG2,ENY2,ENSG00000120533,ENY2,literal_official,77
HepG2,EP400,ENSG00000183495,EP400,literal_official,24
HepG2,EPB41L2,ENSG00000079819,EPB41L2,literal_official,29
HepG2,EPRS,ENSG00000136628,EPRS,literal_official,50
HepG2,EPS8L1,ENSG00000131037,EPS8L1,literal_official,269
HepG2,ERAL1,ENSG00000132591,ERAL1,literal_official,36
HepG2,ERCC2,ENSG00000104884,ERCC2,literal_official,57
HepG2,ERCC3,ENSG00000163161,ERCC3,literal_official,39
HepG2,ERH,ENSG00000100632,ERH,literal_official,7
HepG2,ERVW-1,ENSG00000242950,ERVW-1,unique_hgnc_bridge,60
HepG2,ESF1,ENSG00000089048,ESF1,literal_official,165
HepG2,ESPL1,ENSG00000135476,ESPL1,literal_official,4
HepG2,ESPN,ENSG00000187017,ESPN,literal_official,143
HepG2,ESYT1,ENSG00000139641,ESYT1,literal_official,55
HepG2,ESYT2,ENSG00000117868,ESYT2,literal_official,23
HepG2,ETF1,ENSG00000120705,ETF1,literal_official,97
HepG2,ETV4,ENSG00000175832,ETV4,literal_official,23
HepG2,EWSR1,ENSG00000182944,EWSR1,literal_official,40
HepG2,EXOC1,ENSG00000090989,EXOC1,literal_official,43
HepG2,EXOC2,ENSG00000112685,EXOC2,literal_official,43
HepG2,EXOC3,ENSG00000180104,EXOC3,literal_official,41
HepG2,EXOC4,ENSG00000131558,EXOC4,literal_official,47
HepG2,EXOC5,ENSG00000070367,EXOC5,literal_official,64
HepG2,EXOC7,ENSG00000182473,EXOC7,literal_official,66
HepG2,EXOC8,ENSG00000116903,EXOC8,literal_official,38
HepG2,EXOSC1,ENSG00000171311,EXOSC1,literal_official,39
HepG2,EXOSC10,ENSG00000171824,EXOSC10,literal_official,31
HepG2,EXOSC2,ENSG00000130713,EXOSC2,literal_official,116
HepG2,EXOSC3,ENSG00000107371,EXOSC3,literal_official,88
HepG2,EXOSC4,ENSG00000178896,EXOSC4,literal_official,128
HepG2,EXOSC5,ENSG00000077348,EXOSC5,literal_official,134
HepG2,EXOSC6,ENSG00000223496,EXOSC6,literal_official,5
HepG2,EXOSC7,ENSG00000075914,EXOSC7,literal_official,55
HepG2,EXOSC8,ENSG00000120699,EXOSC8,literal_official,84
HepG2,EXOSC9,ENSG00000123737,EXOSC9,literal_official,48
HepG2,F8A1,ENSG00000277203,F8A1,literal_official_id_unresolved,32
HepG2,FAF2,ENSG00000113194,FAF2,literal_official,23
HepG2,FAM102B,ENSG00000162636,FAM102B,literal_official,47
HepG2,FAM133B,ENSG00000234545,FAM133B,literal_official,32
HepG2,FAM136A,ENSG00000035141,FAM136A,literal_official,291
HepG2,FAM207A,ENSG00000160256,FAM207A,literal_official,73
HepG2,FAM229A,ENSG00000225828,FAM229A,literal_official,72
HepG2,FAM32A,ENSG00000105058,FAM32A,literal_official,64
HepG2,FAM50A,ENSG00000071859,FAM50A,literal_official,22
HepG2,FAM72D,ENSG00000215784,FAM72D,literal_official,66
HepG2,FARS2,ENSG00000145982,FARS2,literal_official,26
HepG2,FARSA,ENSG00000179115,FARSA,literal_official,47
HepG2,FARSB,ENSG00000116120,FARSB,literal_official,21
HepG2,FASN,ENSG00000169710,FASN,literal_official,39
HepG2,FASTKD5,ENSG00000215251,FASTKD5,literal_official,47
HepG2,FAU,ENSG00000149806,FAU,unique_hgnc_bridge,91
HepG2,FBL,ENSG00000105202,FBL,literal_official,30
HepG2,FBLIM1,ENSG00000162458,FBLIM1,literal_official,63
HepG2,FBRSL1,ENSG00000112787,FBRSL1,literal_official,61
HepG2,FBXL14,ENSG00000171823,FBXL14,unique_hgnc_bridge,106
HepG2,FBXO42,ENSG00000037637,FBXO42,literal_official,276
HepG2,FBXO5,ENSG00000112029,FBXO5,literal_official,33
HepG2,FBXW7,ENSG00000109670,FBXW7,literal_official,55
HepG2,FCF1,ENSG00000119616,FCF1,literal_official,65
HepG2,FDPS,ENSG00000160752,FDPS,literal_official,30
HepG2,FDXR,ENSG00000161513,FDXR,literal_official,39
HepG2,FEN1,ENSG00000168496,FEN1,literal_official,30
HepG2,FGFR1OP,ENSG00000213066,FGFR1OP,literal_official,39
HepG2,FIP1L1,ENSG00000145216,FIP1L1,literal_official,8
HepG2,FKBP9,ENSG00000122642,FKBP9,literal_official,77
HepG2,FNBP4,ENSG00000109920,FNBP4,literal_official,111
HepG2,FNTA,ENSG00000168522,FNTA,literal_official,166
HepG2,FNTB,ENSG00000257365,FNTB,literal_official,34
HepG2,FOLR3,ENSG00000110203,FOLR3,literal_official,105
HepG2,FOXD4,ENSG00000170122,FOXD4,literal_official,28
HepG2,FOXL2,ENSG00000183770,FOXL2,literal_official,33
HepG2,FOXO1,ENSG00000150907,FOXO1,literal_official,44
HepG2,FOXS1,ENSG00000179772,FOXS1,literal_official,50
HepG2,FRG2,ENSG00000205097,FRG2,literal_official,26
HepG2,FTSJ3,ENSG00000108592,FTSJ3,literal_official,35
HepG2,FUNDC2,ENSG00000165775,FUNDC2,literal_official,12
HepG2,FXN,ENSG00000165060,FXN,literal_official,33
HepG2,FYN,ENSG00000010810,FYN,literal_official,104
HepG2,GAB2,ENSG00000033327,GAB2,literal_official,355
HepG2,GABPA,ENSG00000154727,GABPA,literal_official,83
HepG2,GABPB1,ENSG00000104064,GABPB1,literal_official,42
HepG2,GAK,ENSG00000178950,GAK,literal_official,32
HepG2,GAPDH,ENSG00000111640,GAPDH,unique_hgnc_bridge,54
HepG2,GAR1,ENSG00000109534,GAR1,literal_official,55
HepG2,GARS,ENSG00000106105,GARS,literal_official,79
HepG2,GART,ENSG00000159131,GART,literal_official,65
HepG2,GATA1,ENSG00000102145,GATA1,literal_official,20
HepG2,GBF1,ENSG00000107862,GBF1,literal_official,17
HepG2,GCLC,ENSG00000001084,GCLC,literal_official,68
HepG2,GCOM1,ENSG00000137878,GCOM1,literal_official,47
HepG2,GEMIN4,ENSG00000179409,GEMIN4,literal_official,34
HepG2,GEMIN5,ENSG00000082516,GEMIN5,literal_official,48
HepG2,GEMIN6,ENSG00000152147,GEMIN6,literal_official,24
HepG2,GEMIN7,ENSG00000142252,GEMIN7,literal_official,28
HepG2,GEMIN8,ENSG00000046647,GEMIN8,literal_official,29
HepG2,GET1,ENSG00000182093,GET1,literal_official,34
HepG2,GET3,ENSG00000198356,GET3,literal_official,30
HepG2,GFER,ENSG00000127554,GFER,literal_official,45
HepG2,GFM1,ENSG00000168827,GFM1,literal_official,749
HepG2,GFOD2,ENSG00000141098,GFOD2,literal_official,127
HepG2,GGPS1,ENSG00000152904,GGPS1,literal_official,42
HepG2,GINS1,ENSG00000101003,GINS1,literal_official,86
HepG2,GINS2,ENSG00000131153,GINS2,literal_official,62
HepG2,GINS3,ENSG00000181938,GINS3,literal_official,23
HepG2,GINS4,ENSG00000147536,GINS4,literal_official,97
HepG2,GIT2,ENSG00000139436,GIT2,literal_official,45
HepG2,GJA3,ENSG00000121743,GJA3,literal_official,43
HepG2,GLB1,ENSG00000170266,GLB1,literal_official,55
HepG2,GLE1,ENSG00000119392,GLE1,literal_official,98
HepG2,GLI4,ENSG00000250571,GLI4,literal_official,16
HepG2,GLMN,ENSG00000174842,GLMN,literal_official,26
HepG2,GLRX3,ENSG00000108010,GLRX3,literal_official,42
HepG2,GLRX5,ENSG00000182512,GLRX5,literal_official,98
HepG2,GMIP,ENSG00000089639,GMIP,literal_official,51
HepG2,GMPPB,ENSG00000173540,GMPPB,literal_official,36
HepG2,GMPS,ENSG00000163655,GMPS,literal_official,31
HepG2,GNB1L,ENSG00000185838,GNB1L,literal_official,55
HepG2,GNL2,ENSG00000134697,GNL2,literal_official,76
HepG2,GNL3,ENSG00000163938,GNL3,literal_official,116
HepG2,GNL3L,ENSG00000130119,GNL3L,literal_official,63
HepG2,GNPAT,ENSG00000116906,GNPAT,literal_official,30
HepG2,GNPNAT1,ENSG00000100522,GNPNAT1,literal_official,84
HepG2,GOLGA6L1,ENSG00000273976,GOLGA6L1,literal_official,40
HepG2,GOLT1B,ENSG00000111711,GOLT1B,literal_official,71
HepG2,GON4L,ENSG00000116580,GON4L,literal_official,69
HepG2,GOSR2,ENSG00000108433,GOSR2,literal_official,33
HepG2,GPKOW,ENSG00000068394,GPKOW,literal_official,50
HepG2,GPN1,ENSG00000198522,GPN1,literal_official,60
HepG2,GPN2,ENSG00000142751,GPN2,literal_official,24
HepG2,GPN3,ENSG00000111231,GPN3,literal_official,83
HepG2,GPR61,ENSG00000156097,GPR61,literal_official,26
HepG2,GPS1,ENSG00000169727,GPS1,literal_official,317
HepG2,GPS2,ENSG00000132522,GPS2,literal_official,39
HepG2,GRB2,ENSG00000177885,GRB2,literal_official,78
HepG2,GRPEL1,ENSG00000109519,GRPEL1,literal_official,80
HepG2,GRSF1,ENSG00000132463,GRSF1,literal_official,69
HepG2,GRWD1,ENSG00000105447,GRWD1,literal_official,56
HepG2,GSDMA,ENSG00000167914,GSDMA,literal_official,44
HepG2,GSK3B,ENSG00000082701,GSK3B,literal_official,59
HepG2,GSPT1,ENSG00000103342,GSPT1,literal_official,56
HepG2,GTF2A1,ENSG00000165417,GTF2A1,literal_official,90
HepG2,GTF2A2,ENSG00000140307,GTF2A2,literal_official,31
HepG2,GTF2B,ENSG00000137947,GTF2B,literal_official,28
HepG2,GTF2E1,ENSG00000153767,GTF2E1,literal_official,54
HepG2,GTF2E2,ENSG00000197265,GTF2E2,literal_official,476
HepG2,GTF2F1,ENSG00000125651,GTF2F1,literal_official,18
HepG2,GTF2F2,ENSG00000188342,GTF2F2,literal_official,76
HepG2,GTF2H1,ENSG00000110768,GTF2H1,literal_official,42
HepG2,GTF2H2,ENSG00000145736,GTF2H2,literal_official,30
HepG2,GTF2H2C,ENSG00000183474,GTF2H2C,literal_official,22
HepG2,GTF2H3,ENSG00000111358,GTF2H3,literal_official,34
HepG2,GTF2H4,ENSG00000213780,GTF2H4,literal_official,50
HepG2,GTF3A,ENSG00000122034,GTF3A,literal_official,42
HepG2,GTF3C1,ENSG00000077235,GTF3C1,literal_official,76
HepG2,GTF3C2,ENSG00000115207,GTF3C2,literal_official,57
HepG2,GTF3C3,ENSG00000119041,GTF3C3,literal_official,24
HepG2,GTF3C4,ENSG00000125484,GTF3C4,literal_official,536
HepG2,GTF3C5,ENSG00000148308,GTF3C5,literal_official,30
HepG2,GTF3C6,ENSG00000155115,GTF3C6,literal_official,53
HepG2,GTPBP4,ENSG00000107937,GTPBP4,literal_official,145
HepG2,GUCD1,ENSG00000138867,GUCD1,literal_official,46
HepG2,GUK1,ENSG00000143774,GUK1,literal_official,39
HepG2,GYG1,ENSG00000163754,GYG1,literal_official,60
HepG2,H2AFX,ENSG00000188486,H2AFX,literal_official,44
HepG2,H2AFZ,ENSG00000164032,H2AFZ,literal_official,71
HepG2,H3F3A,ENSG00000163041,H3F3A,literal_official,45
HepG2,HAMP,ENSG00000105697,HAMP,literal_official,42
HepG2,HAPLN2,ENSG00000132702,HAPLN2,literal_official,19
HepG2,HARS,ENSG00000170445,HARS,literal_official,59
HepG2,HARS2,ENSG00000112855,HARS2,literal_official,16
HepG2,HAUS1,ENSG00000152240,HAUS1,literal_official,5
HepG2,HAUS3,ENSG00000214367,HAUS3,literal_official,12
HepG2,HAUS4,ENSG00000092036,HAUS4,literal_official,11
HepG2,HAUS5,ENSG00000249115,HAUS5,literal_official,10
HepG2,HAUS6,ENSG00000147874,HAUS6,literal_official,13
HepG2,HAUS7,ENSG00000213397,HAUS7,literal_official,39
HepG2,HAUS8,ENSG00000131351,HAUS8,literal_official,53
HepG2,HBS1L,ENSG00000112339,HBS1L,literal_official,22
HepG2,HCFC1,ENSG00000172534,HCFC1,literal_official,37
HepG2,HCRTR1,ENSG00000121764,HCRTR1,literal_official,25
HepG2,HDAC3,ENSG00000171720,HDAC3,literal_official,42
HepG2,HDAC7,ENSG00000061273,HDAC7,literal_official,46
HepG2,HEATR1,ENSG00000119285,HEATR1,literal_official,20
HepG2,HECTD1,ENSG00000092148,HECTD1,literal_official,46
HepG2,HERC1,ENSG00000103657,HERC1,literal_official,85
HepG2,HEXIM1,ENSG00000186834,HEXIM1,literal_official,22
HepG2,HGS,ENSG00000185359,HGS,literal_official,43
HepG2,HHEX,ENSG00000152804,HHEX,literal_official,64
HepG2,HINFP,ENSG00000172273,HINFP,literal_official,32
HepG2,HIPK1,ENSG00000163349,HIPK1,literal_official,40
HepG2,HIRA,ENSG00000100084,HIRA,literal_official,129
HepG2,HIST1H2AB,ENSG00000278463,H2AC4,unique_hgnc_bridge,17
HepG2,HIST1H2AE,ENSG00000277075,HIST1H2AE,literal_official,26
HepG2,HIST1H2AI,ENSG00000196747,HIST1H2AI,literal_official,9
HepG2,HIST1H2BB,ENSG00000276410,HIST1H2BB,literal_official,37
HepG2,HIST1H2BC,ENSG00000180596,H2BC4,unique_hgnc_bridge,72
HepG2,HIST1H2BE,ENSG00000274290,H2BC6,unique_hgnc_bridge,30
HepG2,HIST1H2BJ,ENSG00000124635,H2BC11,unique_hgnc_bridge,18
HepG2,HIST1H2BL,ENSG00000185130,H2BC13,unique_hgnc_bridge,41
HepG2,HIST1H2BM,ENSG00000273703,HIST1H2BM,literal_official,38
HepG2,HIST1H2BN,ENSG00000233822,HIST1H2BN,literal_official,33
HepG2,HIST2H2AA3,ENSG00000203812,H2AC18,unique_hgnc_bridge,14
HepG2,HIST2H2AC,ENSG00000184260,H2AC20,unique_hgnc_bridge,16
HepG2,HIST2H2BE,ENSG00000184678,HIST2H2BE,literal_official,49
HepG2,HIST2H2BF,ENSG00000203814,H2BC18,unique_hgnc_bridge,29
HepG2,HIST2H3A,ENSG00000203852,H3C15,unique_hgnc_bridge,32
HepG2,HIST2H3D,ENSG00000183598,H3C13,unique_hgnc_bridge,44
HepG2,HJURP,ENSG00000123485,HJURP,literal_official,78
HepG2,HLA-C,ENSG00000204525,HLA-C,unique_hgnc_bridge,29
HepG2,HMBOX1,ENSG00000147421,HMBOX1,literal_official,63
HepG2,HMGA1,ENSG00000137309,HMGA1,literal_official,47
HepG2,HMGB1,ENSG00000189403,HMGB1,unique_hgnc_bridge,59
HepG2,HMGB3,ENSG00000029993,HMGB3,literal_official,44
HepG2,HMGCR,ENSG00000113161,HMGCR,literal_official,29
HepG2,HMGCS1,ENSG00000112972,HMGCS1,literal_official,59
HepG2,HMGN2,ENSG00000198830,HMGN2,unique_hgnc_bridge,19
HepG2,HMX3,ENSG00000188620,HMX3,literal_official,47
HepG2,HNRNPA1,ENSG00000135486,HNRNPA1,unique_hgnc_bridge,54
HepG2,HNRNPC,ENSG00000092199,HNRNPC,literal_official,73
HepG2,HNRNPDL,ENSG00000152795,HNRNPDL,literal_official,43
HepG2,HNRNPH1,ENSG00000169045,HNRNPH1,unique_hgnc_bridge,63
HepG2,HNRNPK,ENSG00000165119,HNRNPK,literal_official,57
HepG2,HNRNPL,ENSG00000104824,HNRNPL,literal_official,178
HepG2,HNRNPM,ENSG00000099783,HNRNPM,literal_official,46
HepG2,HNRNPR,ENSG00000125944,HNRNPR,literal_official,22
HepG2,HNRNPU,ENSG00000153187,HNRNPU,literal_official,20
HepG2,HOXA3,ENSG00000105997,HOXA3,literal_official,62
HepG2,HOXC10,ENSG00000180818,HOXC10,literal_official,21
HepG2,HPS5,ENSG00000110756,HPS5,literal_official,37
HepG2,HS6ST1,ENSG00000136720,HS6ST1,literal_official,61
HepG2,HSCB,ENSG00000100209,HSCB,literal_official,182
HepG2,HSD17B10,ENSG00000072506,HSD17B10,literal_official,229
HepG2,HSD17B12,ENSG00000149084,HSD17B12,literal_official,178
HepG2,HSF1,ENSG00000185122,HSF1,literal_official,34
HepG2,HSP90B1,ENSG00000166598,HSP90B1,literal_official,60
HepG2,HSPA14,ENSG00000284024,,symbol_ensembl_conflict,43
HepG2,HSPA5,ENSG00000044574,HSPA5,literal_official,150
HepG2,HSPA8,ENSG00000109971,HSPA8,literal_official,59
HepG2,HSPA9,ENSG00000113013,HSPA9,literal_official,104
HepG2,HSPD1,ENSG00000144381,HSPD1,literal_official,33
HepG2,HSPE1,ENSG00000115541,HSPE1,literal_official,87
HepG2,HSPH1,ENSG00000120694,HSPH1,literal_official,33
HepG2,HTATSF1,ENSG00000102241,HTATSF1,literal_official,32
HepG2,HUS1,ENSG00000136273,HUS1,literal_official,60
HepG2,HUWE1,ENSG00000086758,HUWE1,literal_official,58
HepG2,HYOU1,ENSG00000149428,HYOU1,literal_official,22
HepG2,HYPK,ENSG00000242028,HYPK,literal_official,34
HepG2,IARS,ENSG00000196305,IARS,literal_official,41
HepG2,IARS2,ENSG00000067704,IARS2,literal_official,59
HepG2,ICE1,ENSG00000164151,ICE1,unique_hgnc_bridge,51
HepG2,IFITM2,ENSG00000185201,IFITM2,literal_official,22
HepG2,IFITM3,ENSG00000142089,IFITM3,literal_official,29
HepG2,IGBP1,ENSG00000089289,IGBP1,literal_official,61
HepG2,IK,ENSG00000113141,IK,literal_official,176
HepG2,ILF2,ENSG00000143621,ILF2,literal_official,52
HepG2,ILF3,ENSG00000129351,ILF3,literal_official,41
HepG2,IMP3,ENSG00000177971,IMP3,literal_official,13
HepG2,IMP4,ENSG00000136718,IMP4,literal_official,56
HepG2,IMPA2,ENSG00000141401,IMPA2,literal_official,64
HepG2,IMPDH2,ENSG00000178035,IMPDH2,literal_official,92
HepG2,INF2,ENSG00000203485,INF2,literal_official,42
HepG2,ING3,ENSG00000071243,ING3,literal_official,59
HepG2,INO80,ENSG00000128908,INO80,literal_official,36
HepG2,INO80B,ENSG00000115274,INO80B,literal_official,44
HepG2,INO80C,ENSG00000153391,INO80C,literal_official,52
HepG2,INO80D,ENSG00000114933,INO80D,literal_official,35
HepG2,INO80E,ENSG00000169592,INO80E,literal_official,26
HepG2,INPPL1,ENSG00000165458,INPPL1,literal_official,31
HepG2,INTS1,ENSG00000164880,INTS1,literal_official,59
HepG2,INTS10,ENSG00000104613,INTS10,literal_official,42
HepG2,INTS11,ENSG00000127054,INTS11,literal_official,83
HepG2,INTS12,ENSG00000138785,INTS12,literal_official,74
HepG2,INTS13,ENSG00000064102,INTS13,literal_official,157
HepG2,INTS14,ENSG00000138614,INTS14,literal_official,132
HepG2,INTS2,ENSG00000108506,INTS2,literal_official,152
HepG2,INTS3,ENSG00000143624,INTS3,literal_official,74
HepG2,INTS4,ENSG00000149262,INTS4,literal_official,60
HepG2,INTS5,ENSG00000185085,INTS5,literal_official,53
HepG2,INTS6,ENSG00000102786,INTS6,literal_official,35
HepG2,INTS7,ENSG00000143493,INTS7,literal_official,48
HepG2,INTS8,ENSG00000164941,INTS8,literal_official,159
HepG2,INTS9,ENSG00000104299,INTS9,literal_official,89
HepG2,IPO11,ENSG00000086200,IPO11,literal_official,59
HepG2,IPO13,ENSG00000117408,IPO13,literal_official,21
HepG2,IPO7,ENSG00000205339,IPO7,unique_hgnc_bridge,85
HepG2,IPO9,ENSG00000198700,IPO9,literal_official,43
HepG2,IRF2BP2,ENSG00000168264,IRF2BP2,literal_official,29
HepG2,ISCA2,ENSG00000165898,ISCA2,literal_official,69
HepG2,ISCU,ENSG00000136003,ISCU,literal_official,128
HepG2,ISG20L2,ENSG00000143319,ISG20L2,literal_official,71
HepG2,IST1,ENSG00000182149,IST1,literal_official,52
HepG2,ISY1,ENSG00000240682,ISY1,literal_official,26
HepG2,ITGB1BP1,ENSG00000119185,ITGB1BP1,literal_official,39
HepG2,IWS1,ENSG00000163166,IWS1,literal_official,42
HepG2,JAZF1,ENSG00000153814,JAZF1,literal_official,153
HepG2,JMJD6,ENSG00000070495,JMJD6,literal_official,63
HepG2,KANSL1,ENSG00000120071,KANSL1,literal_official,46
HepG2,KANSL2,ENSG00000139620,KANSL2,literal_official,18
HepG2,KANSL3,ENSG00000114982,KANSL3,literal_official,20
HepG2,KARS,ENSG00000065427,KARS,literal_official,21
HepG2,KAT5,ENSG00000172977,KAT5,literal_official,6
HepG2,KAT7,ENSG00000136504,KAT7,literal_official,46
HepG2,KAT8,ENSG00000103510,KAT8,literal_official,40
HepG2,KATNB1,ENSG00000140854,KATNB1,literal_official,23
HepG2,KCMF1,ENSG00000176407,KCMF1,literal_official,45
HepG2,KCNA10,ENSG00000143105,KCNA10,literal_official,29
HepG2,KCTD10,ENSG00000110906,KCTD10,literal_official,6
HepG2,KDM1A,ENSG00000004487,KDM1A,literal_official,48
HepG2,KDM2A,ENSG00000173120,KDM2A,literal_official,18
HepG2,KDM5C,ENSG00000126012,KDM5C,literal_official,29
HepG2,KDM6A,ENSG00000147050,KDM6A,literal_official,92
HepG2,KDM8,ENSG00000155666,KDM8,literal_official,35
HepG2,KEAP1,ENSG00000079999,KEAP1,literal_official,102
HepG2,KIAA0586,ENSG00000100578,KIAA0586,literal_official,37
HepG2,KIAA1143,ENSG00000163807,KIAA1143,literal_official,52
HepG2,KIF11,ENSG00000138160,KIF11,literal_official,96
HepG2,KIF14,ENSG00000118193,KIF14,literal_official,8
HepG2,KIF18A,ENSG00000121621,KIF18A,literal_official,4
HepG2,KIF18B,ENSG00000186185,KIF18B,literal_official,80
HepG2,KIF20A,ENSG00000112984,KIF20A,literal_official,11
HepG2,KIF23,ENSG00000137807,KIF23,literal_official,4
HepG2,KIF4A,ENSG00000090889,KIF4A,literal_official,25
HepG2,KIN,ENSG00000151657,KIN,literal_official,73
HepG2,KLC2,ENSG00000174996,KLC2,literal_official,17
HepG2,KLF7,ENSG00000118263,KLF7,literal_official,45
HepG2,KLHL11,ENSG00000178502,KLHL11,literal_official,44
HepG2,KLHL17,ENSG00000187961,KLHL17,literal_official,59
HepG2,KPNA6,ENSG00000025800,KPNA6,literal_official,58
HepG2,KPNB1,ENSG00000108424,KPNB1,literal_official,76
HepG2,KRI1,ENSG00000129347,KRI1,literal_official,63
HepG2,KRR1,ENSG00000111615,KRR1,literal_official,39
HepG2,KRT10,ENSG00000186395,KRT10,literal_official,73
HepG2,KRT17,ENSG00000128422,KRT17,literal_official,160
HepG2,KRT8,ENSG00000170421,KRT8,literal_official,64
HepG2,KRTAP4-2,ENSG00000244537,KRTAP4-2,literal_official,52
HepG2,KRTAP4-7,ENSG00000240871,KRTAP4-7,literal_official,42
HepG2,KTI12,ENSG00000198841,KTI12,literal_official,72
HepG2,KXD1,ENSG00000105700,KXD1,literal_official,23
HepG2,LAMB1,ENSG00000091136,LAMB1,literal_official,35
HepG2,LAMTOR1,ENSG00000149357,LAMTOR1,literal_official,126
HepG2,LAMTOR2,ENSG00000116586,LAMTOR2,literal_official,24
HepG2,LAMTOR3,ENSG00000109270,LAMTOR3,literal_official,29
HepG2,LAMTOR4,ENSG00000188186,LAMTOR4,literal_official,31
HepG2,LARS,ENSG00000133706,LARS,literal_official,46
HepG2,LARS2,ENSG00000011376,LARS2,literal_official,44
HepG2,LAS1L,ENSG00000001497,LAS1L,literal_official,78
HepG2,LCE1C,ENSG00000197084,LCE1C,literal_official,30
HepG2,LCE1E,ENSG00000186226,LCE1E,unique_hgnc_bridge,51
HepG2,LCN10,ENSG00000187922,LCN10,literal_official,38
HepG2,LDB1,ENSG00000198728,LDB1,literal_official,45
HepG2,LENG8,ENSG00000167615,LENG8,literal_official,37
HepG2,LEO1,ENSG00000166477,LEO1,literal_official,10
HepG2,LETM1,ENSG00000168924,LETM1,literal_official,70
HepG2,LIMS1,ENSG00000169756,LIMS1,literal_official,44
HepG2,LIN52,ENSG00000205659,LIN52,literal_official,34
HepG2,LIN54,ENSG00000189308,LIN54,literal_official,139
HepG2,LMO2,ENSG00000135363,LMO2,literal_official,96
HepG2,LONP1,ENSG00000196365,LONP1,literal_official,58
HepG2,LPA,ENSG00000198670,LPA,unique_hgnc_bridge,20
HepG2,LPIN1,ENSG00000134324,LPIN1,literal_official,75
HepG2,LRP5,ENSG00000162337,LRP5,literal_official,56
HepG2,LRPPRC,ENSG00000138095,LRPPRC,literal_official,19
HepG2,LRR1,ENSG00000165501,LRR1,literal_official,87
HepG2,LRRC37A3,ENSG00000176809,LRRC37A3,literal_official,56
HepG2,LRRC37B,ENSG00000185158,LRRC37B,literal_official,21
HepG2,LSG1,ENSG00000041802,LSG1,literal_official,83
HepG2,LSM10,ENSG00000181817,LSM10,literal_official,46
HepG2,LSM11,ENSG00000155858,LSM11,literal_official,18
HepG2,LSM12,ENSG00000161654,LSM12,literal_official,69
HepG2,LSM2,ENSG00000204392,LSM2,literal_official,34
HepG2,LSM3,ENSG00000170860,LSM3,literal_official,39
HepG2,LSM4,ENSG00000130520,LSM4,literal_official,50
HepG2,LSM5,ENSG00000106355,LSM5,literal_official,122
HepG2,LSM6,ENSG00000164167,LSM6,literal_official,56
HepG2,LSM7,ENSG00000130332,LSM7,literal_official,68
HepG2,LST1,ENSG00000204482,LST1,literal_official,72
HepG2,LTB4R2,ENSG00000213906,LTB4R2,literal_official,48
HepG2,LTBP3,ENSG00000168056,LTBP3,literal_official,72
HepG2,LTBP4,ENSG00000090006,LTBP4,literal_official,63
HepG2,LTV1,ENSG00000135521,LTV1,literal_official,53
HepG2,LUC7L3,ENSG00000108848,LUC7L3,literal_official,13
HepG2,LURAP1,ENSG00000171357,LURAP1,literal_official,26
HepG2,LYRM4,ENSG00000214113,LYRM4,literal_official,44
HepG2,LZTR1,ENSG00000099949,LZTR1,literal_official,34
HepG2,MAD2L1,ENSG00000164109,MAD2L1,literal_official,91
HepG2,MAD2L2,ENSG00000116670,MAD2L2,literal_official,88
HepG2,MAGOH,ENSG00000162385,MAGOH,literal_official,26
HepG2,MAK16,ENSG00000198042,MAK16,literal_official,37
HepG2,MALSU1,ENSG00000156928,MALSU1,literal_official,40
HepG2,MANF,ENSG00000145050,MANF,literal_official,65
HepG2,MAP2K7,ENSG00000076984,MAP2K7,literal_official,56
HepG2,MARS,ENSG00000166986,MARS,literal_official,42
HepG2,MARS2,ENSG00000247626,MARS2,literal_official,29
HepG2,MASTL,ENSG00000120539,MASTL,literal_official,49
HepG2,MAT2A,ENSG00000168906,MAT2A,literal_official,104
HepG2,MAU2,ENSG00000129933,MAU2,literal_official,36
HepG2,MAX,ENSG00000125952,MAX,literal_official,47
HepG2,MBD3,ENSG00000071655,MBD3,literal_official,33
HepG2,MBIP,ENSG00000151332,MBIP,literal_official,37
HepG2,MBNL1,ENSG00000152601,MBNL1,literal_official,105
HepG2,MBTPS1,ENSG00000140943,MBTPS1,literal_official,115
HepG2,MBTPS2,ENSG00000012174,MBTPS2,literal_official,90
HepG2,MCEE,ENSG00000124370,MCEE,literal_official,23
HepG2,MCL1,ENSG00000143384,MCL1,literal_official,82
HepG2,MCM10,ENSG00000065328,MCM10,literal_official,41
HepG2,MCM2,ENSG00000073111,MCM2,literal_official,42
HepG2,MCM3,ENSG00000112118,MCM3,literal_official,155
HepG2,MCM3AP,ENSG00000160294,MCM3AP,literal_official,58
HepG2,MCM4,ENSG00000104738,MCM4,literal_official,28
HepG2,MCM5,ENSG00000100297,MCM5,literal_official,44
HepG2,MCM6,ENSG00000076003,MCM6,literal_official,126
HepG2,MCM7,ENSG00000166508,MCM7,literal_official,63
HepG2,MCMBP,ENSG00000197771,MCMBP,literal_official,141
HepG2,MCRS1,ENSG00000187778,MCRS1,literal_official,17
HepG2,MDN1,ENSG00000112159,MDN1,literal_official,74
HepG2,MED1,ENSG00000125686,MED1,literal_official,11
HepG2,MED10,ENSG00000133398,MED10,literal_official,23
HepG2,MED11,ENSG00000161920,MED11,literal_official,90
HepG2,MED12,ENSG00000184634,MED12,literal_official,14
HepG2,MED14,ENSG00000180182,MED14,literal_official,211
HepG2,MED16,ENSG00000175221,MED16,literal_official,47
HepG2,MED17,ENSG00000042429,MED17,literal_official,33
HepG2,MED18,ENSG00000130772,MED18,literal_official,46
HepG2,MED19,ENSG00000156603,MED19,literal_official,112
HepG2,MED20,ENSG00000124641,MED20,literal_official,74
HepG2,MED21,ENSG00000152944,MED21,literal_official,66
HepG2,MED22,ENSG00000148297,MED22,literal_official,53
HepG2,MED24,ENSG00000008838,MED24,literal_official,6
HepG2,MED26,ENSG00000105085,MED26,literal_official,32
HepG2,MED27,ENSG00000160563,MED27,literal_official,15
HepG2,MED28,ENSG00000118579,MED28,literal_official,19
HepG2,MED29,ENSG00000063322,MED29,literal_official,38
HepG2,MED30,ENSG00000164758,MED30,literal_official,37
HepG2,MED31,ENSG00000108590,MED31,literal_official,18
HepG2,MED4,ENSG00000136146,MED4,literal_official,138
HepG2,MED6,ENSG00000133997,MED6,literal_official,39
HepG2,MED7,ENSG00000155868,MED7,literal_official,56
HepG2,MED8,ENSG00000159479,MED8,literal_official,76
HepG2,MED9,ENSG00000141026,MED9,literal_official,34
HepG2,MEF2A,ENSG00000068305,MEF2A,literal_official,26
HepG2,MEIS3,ENSG00000105419,MEIS3,literal_official,51
HepG2,MEMO1,ENSG00000162959,MEMO1,literal_official,47
HepG2,MEN1,ENSG00000133895,MEN1,literal_official,58
HepG2,MEPCE,ENSG00000146834,MEPCE,literal_official,27
HepG2,METAP1,ENSG00000164024,METAP1,unique_hgnc_bridge,32
HepG2,METAP2,ENSG00000111142,METAP2,literal_official,38
HepG2,METTL1,ENSG00000037897,METTL1,literal_official,33
HepG2,METTL14,ENSG00000145388,METTL14,literal_official,39
HepG2,METTL16,ENSG00000127804,METTL16,literal_official,29
HepG2,METTL17,ENSG00000165792,METTL17,literal_official,30
HepG2,METTL21A,ENSG00000144401,METTL21A,literal_official,11
HepG2,METTL23,ENSG00000181038,METTL23,literal_official,35
HepG2,METTL3,ENSG00000165819,METTL3,literal_official,73
HepG2,MEX3A,ENSG00000254726,MEX3A,literal_official,34
HepG2,MFAP1,ENSG00000140259,MFAP1,literal_official,19
HepG2,MFN2,ENSG00000116688,MFN2,literal_official,139
HepG2,MICOS10,ENSG00000173436,MICOS10,literal_official,56
HepG2,MIER1,ENSG00000198160,MIER1,literal_official,61
HepG2,MIOS,ENSG00000164654,MIOS,literal_official,62
HepG2,MIPEP,ENSG00000027001,MIPEP,literal_official,41
HepG2,MIS12,ENSG00000167842,MIS12,literal_official,37
HepG2,MIS18A,ENSG00000159055,MIS18A,literal_official,26
HepG2,MIS18BP1,ENSG00000129534,MIS18BP1,literal_official,81
HepG2,MKRN1,ENSG00000133606,MKRN1,literal_official,73
HepG2,MLLT6,ENSG00000275023,MLLT6,literal_official,129
HepG2,MLST8,ENSG00000167965,MLST8,literal_official,29
HepG2,MMGT1,ENSG00000169446,MMGT1,literal_official,28
HepG2,MMP17,ENSG00000198598,MMP17,literal_official,56
HepG2,MMS19,ENSG00000155229,MMS19,literal_official,48
HepG2,MMS22L,ENSG00000146263,MMS22L,literal_official,44
HepG2,MNAT1,ENSG00000020426,MNAT1,literal_official,69
HepG2,MOB4,ENSG00000115540,MOB4,literal_official,87
HepG2,MOCS3,ENSG00000124217,MOCS3,literal_official,25
HepG2,MOG,ENSG00000204655,MOG,literal_official,27
HepG2,MOK,ENSG00000080823,MOK,literal_official,24
HepG2,MON1A,ENSG00000164077,MON1A,literal_official,94
HepG2,MPG,ENSG00000103152,MPG,literal_official,32
HepG2,MPHOSPH10,ENSG00000124383,MPHOSPH10,literal_official,83
HepG2,MPHOSPH6,ENSG00000135698,MPHOSPH6,literal_official,83
HepG2,MRGBP,ENSG00000101189,MRGBP,literal_official,118
HepG2,MRM1,ENSG00000278619,MRM1,literal_official,33
HepG2,MRPL1,ENSG00000169288,MRPL1,unique_hgnc_bridge,32
HepG2,MRPL10,ENSG00000159111,MRPL10,unique_hgnc_bridge,49
HepG2,MRPL11,ENSG00000174547,MRPL11,unique_hgnc_bridge,19
HepG2,MRPL13,ENSG00000172172,MRPL13,unique_hgnc_bridge,24
HepG2,MRPL14,ENSG00000180992,MRPL14,unique_hgnc_bridge,47
HepG2,MRPL15,ENSG00000137547,MRPL15,unique_hgnc_bridge,25
HepG2,MRPL16,ENSG00000166902,MRPL16,unique_hgnc_bridge,63
HepG2,MRPL17,ENSG00000158042,MRPL17,unique_hgnc_bridge,33
HepG2,MRPL18,ENSG00000112110,MRPL18,unique_hgnc_bridge,40
HepG2,MRPL19,ENSG00000115364,MRPL19,unique_hgnc_bridge,29
HepG2,MRPL2,ENSG00000112651,MRPL2,unique_hgnc_bridge,22
HepG2,MRPL20,ENSG00000242485,MRPL20,unique_hgnc_bridge,33
HepG2,MRPL21,ENSG00000197345,MRPL21,unique_hgnc_bridge,8
HepG2,MRPL22,ENSG00000082515,MRPL22,unique_hgnc_bridge,10
HepG2,MRPL23,ENSG00000214026,MRPL23,unique_hgnc_bridge,31
HepG2,MRPL24,ENSG00000143314,MRPL24,unique_hgnc_bridge,61
HepG2,MRPL27,ENSG00000108826,MRPL27,unique_hgnc_bridge,60
HepG2,MRPL28,ENSG00000086504,MRPL28,unique_hgnc_bridge,35
HepG2,MRPL3,ENSG00000114686,MRPL3,unique_hgnc_bridge,71
HepG2,MRPL32,ENSG00000106591,MRPL32,unique_hgnc_bridge,43
HepG2,MRPL33,ENSG00000243147,MRPL33,unique_hgnc_bridge,18
HepG2,MRPL34,ENSG00000130312,MRPL34,unique_hgnc_bridge,414
HepG2,MRPL35,ENSG00000132313,MRPL35,unique_hgnc_bridge,333
HepG2,MRPL36,ENSG00000171421,MRPL36,unique_hgnc_bridge,430
HepG2,MRPL37,ENSG00000116221,MRPL37,unique_hgnc_bridge,34
HepG2,MRPL38,ENSG00000204316,MRPL38,unique_hgnc_bridge,55
HepG2,MRPL39,ENSG00000154719,MRPL39,unique_hgnc_bridge,57
HepG2,MRPL4,ENSG00000105364,MRPL4,unique_hgnc_bridge,37
HepG2,MRPL41,ENSG00000182154,MRPL41,unique_hgnc_bridge,52
HepG2,MRPL42,ENSG00000198015,MRPL42,unique_hgnc_bridge,18
HepG2,MRPL43,ENSG00000055950,MRPL43,unique_hgnc_bridge,26
HepG2,MRPL44,ENSG00000135900,MRPL44,unique_hgnc_bridge,26
HepG2,MRPL45,ENSG00000278845,MRPL45,unique_hgnc_bridge,25
HepG2,MRPL46,ENSG00000259494,MRPL46,unique_hgnc_bridge,29
HepG2,MRPL49,ENSG00000149792,MRPL49,unique_hgnc_bridge,51
HepG2,MRPL50,ENSG00000136897,MRPL50,unique_hgnc_bridge,34
HepG2,MRPL51,ENSG00000111639,MRPL51,unique_hgnc_bridge,45
HepG2,MRPL53,ENSG00000204822,MRPL53,unique_hgnc_bridge,37
HepG2,MRPL54,ENSG00000183617,MRPL54,unique_hgnc_bridge,55
HepG2,MRPL55,ENSG00000162910,MRPL55,unique_hgnc_bridge,22
HepG2,MRPL9,ENSG00000143436,MRPL9,unique_hgnc_bridge,34
HepG2,MRPS10,ENSG00000048544,MRPS10,unique_hgnc_bridge,38
HepG2,MRPS11,ENSG00000181991,MRPS11,unique_hgnc_bridge,22
HepG2,MRPS12,ENSG00000128626,MRPS12,unique_hgnc_bridge,15
HepG2,MRPS14,ENSG00000120333,MRPS14,unique_hgnc_bridge,11
HepG2,MRPS16,ENSG00000182180,MRPS16,unique_hgnc_bridge,53
HepG2,MRPS17,ENSG00000239789,MRPS17,unique_hgnc_bridge,51
HepG2,MRPS18A,ENSG00000096080,MRPS18A,unique_hgnc_bridge,24
HepG2,MRPS18B,ENSG00000204568,MRPS18B,unique_hgnc_bridge,14
HepG2,MRPS18C,ENSG00000163319,MRPS18C,unique_hgnc_bridge,20
HepG2,MRPS2,ENSG00000122140,MRPS2,unique_hgnc_bridge,37
HepG2,MRPS21,ENSG00000266472,MRPS21,unique_hgnc_bridge,86
HepG2,MRPS22,ENSG00000175110,MRPS22,unique_hgnc_bridge,20
HepG2,MRPS23,ENSG00000181610,MRPS23,unique_hgnc_bridge,42
HepG2,MRPS24,ENSG00000062582,MRPS24,unique_hgnc_bridge,27
HepG2,MRPS25,ENSG00000131368,MRPS25,unique_hgnc_bridge,38
HepG2,MRPS26,ENSG00000125901,MRPS26,unique_hgnc_bridge,42
HepG2,MRPS27,ENSG00000113048,MRPS27,unique_hgnc_bridge,27
HepG2,MRPS28,ENSG00000147586,MRPS28,unique_hgnc_bridge,30
HepG2,MRPS30,ENSG00000112996,MRPS30,unique_hgnc_bridge,33
HepG2,MRPS31,ENSG00000102738,MRPS31,unique_hgnc_bridge,17
HepG2,MRPS33,ENSG00000090263,MRPS33,unique_hgnc_bridge,43
HepG2,MRPS34,ENSG00000074071,MRPS34,unique_hgnc_bridge,52
HepG2,MRPS35,ENSG00000061794,MRPS35,unique_hgnc_bridge,33
HepG2,MRPS5,ENSG00000144029,MRPS5,unique_hgnc_bridge,58
HepG2,MRPS6,ENSG00000243927,MRPS6,unique_hgnc_bridge,64
HepG2,MRPS7,ENSG00000125445,MRPS7,unique_hgnc_bridge,43
HepG2,MRPS9,ENSG00000135972,MRPS9,unique_hgnc_bridge,30
HepG2,MRTO4,ENSG00000053372,MRTO4,literal_official,30
HepG2,MSL1,ENSG00000188895,MSL1,literal_official,39
HepG2,MSRB1,ENSG00000198736,MSRB1,literal_official,43
HepG2,MST1,ENSG00000173531,MST1,literal_official,34
HepG2,MSTO1,ENSG00000125459,MSTO1,literal_official,29
HepG2,MT2A,ENSG00000125148,MT2A,literal_official,17
HepG2,MTBP,ENSG00000172167,MTBP,literal_official,81
HepG2,MTCP1,ENSG00000214827,MTCP1,literal_official,28
HepG2,MTG2,ENSG00000101181,MTG2,literal_official,86
HepG2,MTHFD1,ENSG00000100714,MTHFD1,literal_official,35
HepG2,MTOR,ENSG00000198793,MTOR,literal_official,81
HepG2,MTPAP,ENSG00000107951,MTPAP,literal_official,10
HepG2,MTREX,ENSG00000039123,MTREX,literal_official,26
HepG2,MTRNR2L1,ENSG00000256618,MTRNR2L1,unique_hgnc_bridge,19
HepG2,MVD,ENSG00000167508,MVD,literal_official,49
HepG2,MVK,ENSG00000110921,MVK,literal_official,153
HepG2,MYB,ENSG00000118513,MYB,literal_official,39
HepG2,MYBBP1A,ENSG00000132382,MYBBP1A,literal_official,65
HepG2,MYBL2,ENSG00000101057,MYBL2,literal_official,136
HepG2,MYC,ENSG00000136997,MYC,literal_official,52
HepG2,MYCBP,ENSG00000214114,MYCBP,literal_official,46
HepG2,MYO1H,ENSG00000174527,MYO1H,literal_official,48
HepG2,MYSM1,ENSG00000162601,MYSM1,literal_official,39
HepG2,MZF1,ENSG00000099326,MZF1,literal_official,37
HepG2,MZT1,ENSG00000204899,MZT1,literal_official,31
HepG2,N6AMT1,ENSG00000156239,N6AMT1,literal_official,28
HepG2,NAA10,ENSG00000102030,NAA10,literal_official,41
HepG2,NAA15,ENSG00000164134,NAA15,literal_official,36
HepG2,NAA20,ENSG00000173418,NAA20,literal_official,42
HepG2,NAA25,ENSG00000111300,NAA25,literal_official,90
HepG2,NAA30,ENSG00000139977,NAA30,literal_official,33
HepG2,NAA35,ENSG00000135040,NAA35,literal_official,66
HepG2,NAA38,ENSG00000183011,NAA38,literal_official,96
HepG2,NAA50,ENSG00000121579,NAA50,literal_official,65
HepG2,NACA,ENSG00000196531,NACA,unique_hgnc_bridge,49
HepG2,NAE1,ENSG00000159593,NAE1,literal_official,18
HepG2,NAF1,ENSG00000145414,NAF1,literal_official,101
HepG2,NAGLU,ENSG00000108784,NAGLU,literal_official,88
HepG2,NANOG,ENSG00000111704,NANOG,literal_official,28
HepG2,NAPA,ENSG00000105402,NAPA,literal_official,28
HepG2,NAPG,ENSG00000134265,NAPG,literal_official,83
HepG2,NARS,ENSG00000134440,NARS,literal_official,85
HepG2,NARS2,ENSG00000137513,NARS2,literal_official,76
HepG2,NASP,ENSG00000132780,NASP,literal_official,30
HepG2,NAT10,ENSG00000135372,NAT10,literal_official,19
HepG2,NBAS,ENSG00000151779,NBAS,literal_official,35
HepG2,NBEAL1,ENSG00000144426,NBEAL1,literal_official,75
HepG2,NBPF12,ENSG00000268043,NBPF12,literal_official,432
HepG2,NBPF15,ENSG00000266338,NBPF15,literal_official,43
HepG2,NBPF3,ENSG00000142794,NBPF3,literal_official,44
HepG2,NCAPD2,ENSG00000010292,NCAPD2,literal_official,61
HepG2,NCAPD3,ENSG00000151503,NCAPD3,literal_official,24
HepG2,NCAPG,ENSG00000109805,NCAPG,literal_official,28
HepG2,NCAPG2,ENSG00000146918,NCAPG2,literal_official,46
HepG2,NCAPH,ENSG00000121152,NCAPH,literal_official,24
HepG2,NCAPH2,ENSG00000025770,NCAPH2,literal_official,55
HepG2,NCBP1,ENSG00000136937,NCBP1,literal_official,15
HepG2,NCBP2,ENSG00000114503,NCBP2,literal_official,25
HepG2,NCKAP1,ENSG00000061676,NCKAP1,literal_official,39
HepG2,NCL,ENSG00000115053,NCL,literal_official,87
HepG2,NCOA4,ENSG00000266412,NCOA4,literal_official,27
HepG2,NDC1,ENSG00000058804,NDC1,literal_official,45
HepG2,NDC80,ENSG00000080986,NDC80,literal_official,15
HepG2,NDOR1,ENSG00000188566,NDOR1,literal_official,25
HepG2,NDUFA11,ENSG00000174886,NDUFA11,literal_official,38
HepG2,NDUFA2,ENSG00000131495,NDUFA2,literal_official,35
HepG2,NDUFA3,ENSG00000170906,NDUFA3,literal_official,36
HepG2,NDUFA4,ENSG00000189043,NDUFA4,literal_official,28
HepG2,NDUFA6,ENSG00000184983,NDUFA6,literal_official,40
HepG2,NDUFA8,ENSG00000119421,NDUFA8,literal_official,13
HepG2,NDUFAB1,ENSG00000004779,NDUFAB1,literal_official,66
HepG2,NDUFAF3,ENSG00000178057,NDUFAF3,literal_official,44
HepG2,NDUFAF5,ENSG00000101247,NDUFAF5,literal_official,34
HepG2,NDUFAF7,ENSG00000003509,NDUFAF7,literal_official,38
HepG2,NDUFB10,ENSG00000140990,NDUFB10,literal_official,27
HepG2,NDUFB3,ENSG00000119013,NDUFB3,literal_official,40
HepG2,NDUFB4,ENSG00000065518,NDUFB4,literal_official,34
HepG2,NDUFB6,ENSG00000165264,NDUFB6,literal_official,19
HepG2,NDUFB7,ENSG00000099795,NDUFB7,literal_official,16
HepG2,NDUFB8,ENSG00000166136,NDUFB8,literal_official,38
HepG2,NDUFS3,ENSG00000213619,NDUFS3,literal_official,32
HepG2,NDUFS5,ENSG00000168653,NDUFS5,literal_official,30
HepG2,NDUFV2,ENSG00000178127,NDUFV2,literal_official,21
HepG2,NEDD1,ENSG00000139350,NEDD1,literal_official,12
HepG2,NEDD8,ENSG00000129559,NEDD8,literal_official,6
HepG2,NEDD8-MDP1,nan,NEDD8-MDP1,unique_hgnc_bridge,13
HepG2,NELFA,ENSG00000185049,NELFA,literal_official,43
HepG2,NELFB,ENSG00000188986,NELFB,literal_official,107
HepG2,NELFCD,ENSG00000101158,NELFCD,literal_official,50
HepG2,NELFE,ENSG00000204356,NELFE,literal_official,57
HepG2,NEMF,ENSG00000165525,NEMF,literal_official,45
HepG2,NEPRO,ENSG00000163608,NEPRO,literal_official,24
HepG2,NF1,ENSG00000196712,NF1,literal_official,24
HepG2,NFATC2IP,ENSG00000176953,NFATC2IP,literal_official,55
HepG2,NFKBIE,ENSG00000146232,NFKBIE,literal_official,32
HepG2,NFRKB,ENSG00000170322,NFRKB,literal_official,67
HepG2,NFS1,ENSG00000244005,NFS1,literal_official,90
HepG2,NFYB,ENSG00000120837,NFYB,literal_official,105
HepG2,NFYC,ENSG00000066136,NFYC,literal_official,108
HepG2,NHLRC2,ENSG00000196865,NHLRC2,literal_official,35
HepG2,NHP2,ENSG00000145912,NHP2,literal_official,40
HepG2,NIFK,ENSG00000155438,NIFK,literal_official,105
HepG2,NIP7,ENSG00000132603,NIP7,literal_official,50
HepG2,NISCH,ENSG00000010322,NISCH,literal_official,74
HepG2,NKAP,ENSG00000101882,NKAP,literal_official,33
HepG2,NKAPD1,ENSG00000150776,NKAPD1,literal_official,59
HepG2,NKX6-1,ENSG00000163623,NKX6-1,literal_official,20
HepG2,NLE1,ENSG00000073536,NLE1,literal_official,60
HepG2,NMD3,ENSG00000169251,NMD3,literal_official,87
HepG2,NMT1,ENSG00000136448,NMT1,literal_official,19
HepG2,NOB1,ENSG00000141101,NOB1,literal_official,89
HepG2,NOC2L,ENSG00000188976,NOC2L,literal_official,28
HepG2,NOC3L,ENSG00000173145,NOC3L,literal_official,89
HepG2,NOC4L,ENSG00000184967,NOC4L,literal_official,63
HepG2,NOL10,ENSG00000115761,NOL10,literal_official,44
HepG2,NOL11,ENSG00000130935,NOL11,literal_official,58
HepG2,NOL12,ENSG00000273899,NOL12,literal_official,67
HepG2,NOL6,ENSG00000165271,NOL6,literal_official,60
HepG2,NOL7,ENSG00000225921,NOL7,literal_official,49
HepG2,NOL8,ENSG00000198000,NOL8,literal_official,124
HepG2,NOL9,ENSG00000162408,NOL9,literal_official,40
HepG2,NOLC1,ENSG00000166197,NOLC1,literal_official,84
HepG2,NOM1,ENSG00000146909,NOM1,literal_official,131
HepG2,NOMO1,ENSG00000103512,NOMO1,literal_official,61
HepG2,NOMO3,ENSG00000103226,NOMO3,unique_hgnc_bridge,74
HepG2,NOP10,ENSG00000182117,NOP10,literal_official,24
HepG2,NOP14,ENSG00000087269,NOP14,literal_official,123
HepG2,NOP16,ENSG00000048162,NOP16,literal_official,32
HepG2,NOP2,ENSG00000111641,NOP2,literal_official,26
HepG2,NOP56,ENSG00000101361,NOP56,literal_official,21
HepG2,NOP58,ENSG00000055044,NOP58,literal_official,62
HepG2,NOP9,ENSG00000196943,NOP9,literal_official,46
HepG2,NOS1AP,ENSG00000198929,NOS1AP,literal_official,45
HepG2,NPAT,ENSG00000149308,NPAT,literal_official,18
HepG2,NPB,ENSG00000183979,NPB,literal_official,75
HepG2,NPEPPS,ENSG00000141279,NPEPPS,literal_official,39
HepG2,NPLOC4,ENSG00000182446,NPLOC4,literal_official,54
HepG2,NPM1,ENSG00000181163,NPM1,unique_hgnc_bridge,49
HepG2,NPM3,ENSG00000107833,NPM3,literal_official,20
HepG2,NR2C2AP,ENSG00000184162,NR2C2AP,literal_official,22
HepG2,NRBP1,ENSG00000115216,NRBP1,literal_official,50
HepG2,NRDE2,ENSG00000119720,NRDE2,literal_official,52
HepG2,NRF1,ENSG00000106459,NRF1,literal_official,30
HepG2,NSA2,ENSG00000164346,NSA2,literal_official,83
HepG2,NSF,ENSG00000073969,NSF,literal_official,48
HepG2,NSL1,ENSG00000117697,NSL1,literal_official,16
HepG2,NSMCE1,ENSG00000169189,NSMCE1,literal_official,17
HepG2,NSMCE2,ENSG00000156831,NSMCE2,literal_official,56
HepG2,NSRP1,ENSG00000126653,NSRP1,literal_official,18
HepG2,NSUN4,ENSG00000117481,NSUN4,literal_official,51
HepG2,NUB1,ENSG00000013374,NUB1,literal_official,80
HepG2,NUBP1,ENSG00000103274,NUBP1,literal_official,30
HepG2,NUBP2,ENSG00000095906,NUBP2,literal_official,60
HepG2,NUDC,ENSG00000090273,NUDC,literal_official,67
HepG2,NUDCD3,ENSG00000015676,NUDCD3,literal_official,172
HepG2,NUDT15,ENSG00000136159,NUDT15,literal_official,39
HepG2,NUDT21,ENSG00000167005,NUDT21,literal_official,19
HepG2,NUF2,ENSG00000143228,NUF2,literal_official,12
HepG2,NUFIP1,ENSG00000083635,NUFIP1,literal_official,46
HepG2,NUMA1,ENSG00000137497,NUMA1,literal_official,39
HepG2,NUP107,ENSG00000111581,NUP107,literal_official,137
HepG2,NUP133,ENSG00000069248,NUP133,literal_official,217
HepG2,NUP153,ENSG00000124789,NUP153,literal_official,99
HepG2,NUP155,ENSG00000113569,NUP155,literal_official,9
HepG2,NUP160,ENSG00000030066,NUP160,literal_official,59
HepG2,NUP205,ENSG00000155561,NUP205,literal_official,27
HepG2,NUP214,ENSG00000126883,NUP214,literal_official,106
HepG2,NUP35,ENSG00000163002,NUP35,literal_official,52
HepG2,NUP43,ENSG00000120253,NUP43,literal_official,67
HepG2,NUP54,ENSG00000138750,NUP54,literal_official,35
HepG2,NUP62,ENSG00000213024,NUP62,literal_official,51
HepG2,NUP85,ENSG00000125450,NUP85,literal_official,136
HepG2,NUP88,ENSG00000108559,NUP88,literal_official,200
HepG2,NUP93,ENSG00000102900,NUP93,literal_official,8
HepG2,NUP98,ENSG00000110713,NUP98,literal_official,136
HepG2,NUS1,ENSG00000153989,NUS1,literal_official,34
HepG2,NUTF2,ENSG00000102898,NUTF2,literal_official,101
HepG2,NVL,ENSG00000143748,NVL,literal_official,73
HepG2,NXF1,ENSG00000162231,NXF1,literal_official,79
HepG2,OGFOD1,ENSG00000087263,OGFOD1,literal_official,58
HepG2,OGT,ENSG00000147162,OGT,literal_official,11
HepG2,OIP5,ENSG00000104147,OIP5,literal_official,42
HepG2,OLFML3,ENSG00000116774,OLFML3,literal_official,76
HepG2,OPA1,ENSG00000198836,OPA1,literal_official,40
HepG2,OR1D2,ENSG00000184166,OR1D2,literal_official,25
HepG2,OR1E2,ENSG00000127780,OR1E2,literal_official,72
HepG2,OR2A1,ENSG00000221970,OR2A1,literal_official,19
HepG2,OR2T29,ENSG00000182783,OR2T29,unique_hgnc_bridge,35
HepG2,OR2T5,ENSG00000203661,OR2T5,literal_official,37
HepG2,OR4F4,ENSG00000177693,OR4F4,literal_official,17
HepG2,OR4K1,ENSG00000155249,OR4K1,literal_official,40
HepG2,OR4N2,ENSG00000176294,OR4N2,literal_official,35
HepG2,OR7A10,ENSG00000127515,OR7A10,literal_official,23
HepG2,OR7A17,ENSG00000185385,OR7A17,literal_official,27
HepG2,ORC1,ENSG00000085840,ORC1,literal_official,67
HepG2,ORC3,ENSG00000135336,ORC3,literal_official,33
HepG2,ORC4,ENSG00000115947,ORC4,literal_official,51
HepG2,ORC5,ENSG00000164815,ORC5,literal_official,64
HepG2,ORC6,ENSG00000091651,ORC6,literal_official,52
HepG2,OSBP,ENSG00000110048,OSBP,literal_official,30
HepG2,OSGEP,ENSG00000092094,OSGEP,literal_official,41
HepG2,OSTC,ENSG00000198856,OSTC,literal_official,37
HepG2,OTOP1,ENSG00000163982,OTOP1,literal_official,55
HepG2,OTX1,ENSG00000115507,OTX1,literal_official,50
HepG2,OVCA2,ENSG00000262664,OVCA2,literal_official,46
HepG2,OXA1L,ENSG00000155463,OXA1L,literal_official,14
HepG2,PABPC1,ENSG00000070756,PABPC1,unique_hgnc_bridge,66
HepG2,PABPC4,ENSG00000090621,PABPC4,literal_official,69
HepG2,PABPN1,ENSG00000100836,PABPN1,unique_hgnc_bridge,62
HepG2,PAF1,ENSG00000006712,PAF1,literal_official,34
HepG2,PAFAH1B1,ENSG00000007168,PAFAH1B1,literal_official,33
HepG2,PAK1IP1,ENSG00000111845,PAK1IP1,literal_official,20
HepG2,PALB2,ENSG00000083093,PALB2,literal_official,49
HepG2,PAM16,ENSG00000217930,PAM16,literal_official,60
HepG2,PARN,ENSG00000140694,PARN,literal_official,94
HepG2,PARS2,ENSG00000162396,PARS2,literal_official,66
HepG2,PAXBP1,ENSG00000159086,PAXBP1,literal_official,78
HepG2,PC,ENSG00000173599,PC,literal_official,64
HepG2,PCBP1,ENSG00000169564,PCBP1,literal_official,75
HepG2,PCBP2,ENSG00000197111,PCBP2,literal_official,96
HepG2,PCF11,ENSG00000165494,PCF11,literal_official,47
HepG2,PCID2,ENSG00000126226,PCID2,literal_official,67
HepG2,PCM1,ENSG00000078674,PCM1,literal_official,28
HepG2,PCNA,ENSG00000132646,PCNA,literal_official,86
HepG2,PCNX3,ENSG00000197136,PCNX3,literal_official,62
HepG2,PDAP1,ENSG00000106244,PDAP1,unique_hgnc_bridge,42
HepG2,PDCD11,ENSG00000148843,PDCD11,literal_official,133
HepG2,PDCD2,ENSG00000071994,PDCD2,literal_official,28
HepG2,PDCD5,ENSG00000105185,PDCD5,literal_official,94
HepG2,PDCD6,ENSG00000249915,PDCD6,literal_official,37
HepG2,PDCD6IP,ENSG00000170248,PDCD6IP,literal_official,79
HepG2,PDCD7,ENSG00000090470,PDCD7,literal_official,37
HepG2,PDHA1,ENSG00000131828,PDHA1,literal_official,59
HepG2,PDPK1,ENSG00000140992,PDPK1,literal_official,32
HepG2,PDRG1,ENSG00000088356,PDRG1,literal_official,52
HepG2,PEF1,ENSG00000162517,PEF1,literal_official,15
HepG2,PELO,ENSG00000152684,PELO,literal_official,59
HepG2,PELP1,ENSG00000141456,PELP1,literal_official,84
HepG2,PES1,ENSG00000100029,PES1,literal_official,84
HepG2,PET117,ENSG00000232838,PET117,literal_official,51
HepG2,PEX1,ENSG00000127980,PEX1,literal_official,15
HepG2,PEX19,ENSG00000162735,PEX19,literal_official,51
HepG2,PFDN1,ENSG00000113068,PFDN1,literal_official,23
HepG2,PFDN2,ENSG00000143256,PFDN2,literal_official,45
HepG2,PFDN4,ENSG00000101132,PFDN4,literal_official,44
HepG2,PFDN5,ENSG00000123349,PFDN5,literal_official,20
HepG2,PFDN6,ENSG00000204220,PFDN6,literal_official,35
HepG2,PFN1,ENSG00000108518,PFN1,literal_official,74
HepG2,PGAM1,ENSG00000171314,PGAM1,literal_official,77
HepG2,PGAM5,ENSG00000247077,PGAM5,literal_official,50
HepG2,PGD,ENSG00000142657,PGD,literal_official,31
HepG2,PGK1,ENSG00000102144,PGK1,literal_official,65
HepG2,PGPEP1,ENSG00000130517,PGPEP1,literal_official,43
HepG2,PGS1,ENSG00000087157,PGS1,literal_official,35
HepG2,PHAX,ENSG00000164902,PHAX,literal_official,97
HepG2,PHB,ENSG00000167085,PHB,literal_official,58
HepG2,PHB2,ENSG00000215021,PHB2,literal_official,57
HepG2,PHF10,ENSG00000130024,PHF10,literal_official,79
HepG2,PHF12,ENSG00000109118,PHF12,literal_official,48
HepG2,PHF5A,ENSG00000100410,PHF5A,literal_official,58
HepG2,PI4KA,ENSG00000241973,PI4KA,literal_official,219
HepG2,PIAS1,ENSG00000033800,PIAS1,literal_official,50
HepG2,PIAS4,ENSG00000105229,PIAS4,literal_official,70
HepG2,PIGH,ENSG00000100564,PIGH,literal_official,31
HepG2,PIK3C3,ENSG00000078142,PIK3C3,literal_official,32
HepG2,PIK3R4,ENSG00000196455,PIK3R4,literal_official,24
HepG2,PIP4K2C,ENSG00000166908,PIP4K2C,literal_official,19
HepG2,PITRM1,ENSG00000107959,PITRM1,literal_official,78
HepG2,PKM,ENSG00000067225,PKM,literal_official,85
HepG2,PKMYT1,ENSG00000127564,PKMYT1,literal_official,16
HepG2,PLA2G10,ENSG00000069764,PLA2G10,literal_official,41
HepG2,PLEKHN1,ENSG00000187583,PLEKHN1,literal_official,31
HepG2,PLK1,ENSG00000166851,PLK1,literal_official,47
HepG2,PLK4,ENSG00000142731,PLK4,literal_official,207
HepG2,PLRG1,ENSG00000171566,PLRG1,literal_official,18
HepG2,PMF1,ENSG00000160783,PMF1,literal_official,124
HepG2,PMPCA,ENSG00000165688,PMPCA,literal_official,51
HepG2,PMPCB,ENSG00000105819,PMPCB,literal_official,126
HepG2,PNISR,ENSG00000132424,PNISR,literal_official,49
HepG2,PNKP,ENSG00000039650,PNKP,unique_hgnc_bridge,41
HepG2,PNN,ENSG00000100941,PNN,literal_official,170
HepG2,PNO1,ENSG00000115946,PNO1,literal_official,54
HepG2,PNPT1,ENSG00000138035,PNPT1,literal_official,47
HepG2,POGLUT3,ENSG00000178202,POGLUT3,literal_official,386
HepG2,POGZ,ENSG00000143442,POGZ,literal_official,38
HepG2,POLA1,ENSG00000101868,POLA1,literal_official,58
HepG2,POLA2,ENSG00000014138,POLA2,literal_official,28
HepG2,POLD1,ENSG00000062822,POLD1,literal_official,44
HepG2,POLD2,ENSG00000106628,POLD2,literal_official,36
HepG2,POLD3,ENSG00000077514,POLD3,literal_official,17
HepG2,POLE,ENSG00000177084,POLE,literal_official,31
HepG2,POLE2,ENSG00000100479,POLE2,literal_official,15
HepG2,POLG,ENSG00000140521,POLG,literal_official,24
HepG2,POLG2,ENSG00000256525,POLG2,literal_official,31
HepG2,POLL,ENSG00000166169,POLL,literal_official,85
HepG2,POLR1A,ENSG00000068654,POLR1A,literal_official,31
HepG2,POLR1B,ENSG00000125630,POLR1B,literal_official,17
HepG2,POLR1C,ENSG00000171453,POLR1C,literal_official,188
HepG2,POLR1D,ENSG00000186184,POLR1D,literal_official,63
HepG2,POLR1E,ENSG00000137054,POLR1E,literal_official,112
HepG2,POLR2A,ENSG00000181222,POLR2A,literal_official,27
HepG2,POLR2B,ENSG00000047315,POLR2B,literal_official,133
HepG2,POLR2C,ENSG00000102978,POLR2C,literal_official,66
HepG2,POLR2D,ENSG00000144231,POLR2D,literal_official,91
HepG2,POLR2E,ENSG00000099817,POLR2E,literal_official,143
HepG2,POLR2F,ENSG00000100142,POLR2F,literal_official,80
HepG2,POLR2G,ENSG00000168002,POLR2G,literal_official,40
HepG2,POLR2H,ENSG00000163882,POLR2H,literal_official,42
HepG2,POLR2I,ENSG00000105258,POLR2I,literal_official,140
HepG2,POLR2K,ENSG00000147669,POLR2K,literal_official,97
HepG2,POLR2L,ENSG00000177700,POLR2L,literal_official,24
HepG2,POLR2M,ENSG00000255529,POLR2M,literal_official,80
HepG2,POLR3A,ENSG00000148606,POLR3A,literal_official,15
HepG2,POLR3B,ENSG00000013503,POLR3B,literal_official,51
HepG2,POLR3C,ENSG00000186141,POLR3C,literal_official,35
HepG2,POLR3D,ENSG00000168495,POLR3D,literal_official,56
HepG2,POLR3E,ENSG00000058600,POLR3E,literal_official,54
HepG2,POLR3F,ENSG00000132664,POLR3F,literal_official,56
HepG2,POLR3H,ENSG00000100413,POLR3H,literal_official,40
HepG2,POLR3K,ENSG00000161980,POLR3K,literal_official,33
HepG2,POLRMT,ENSG00000099821,POLRMT,literal_official,65
HepG2,POP1,ENSG00000104356,POP1,literal_official,58
HepG2,POP4,ENSG00000105171,POP4,literal_official,82
HepG2,POP5,ENSG00000167272,POP5,literal_official,93
HepG2,POP7,ENSG00000172336,POP7,literal_official,62
HepG2,POT1,ENSG00000128513,POT1,literal_official,15
HepG2,POTEI,ENSG00000196834,POTEI,literal_official,27
HepG2,POU3F1,ENSG00000185668,POU3F1,literal_official,167
HepG2,POU5F1B,ENSG00000212993,POU5F1B,literal_official,72
HepG2,PPA1,ENSG00000180817,PPA1,literal_official,57
HepG2,PPA2,ENSG00000138777,PPA2,literal_official,36
HepG2,PPAN,ENSG00000130810,PPAN,literal_official,47
HepG2,PPARGC1B,ENSG00000155846,PPARGC1B,literal_official,42
HepG2,PPIA,ENSG00000196262,PPIA,literal_official,51
HepG2,PPIE,ENSG00000084072,PPIE,literal_official,7
HepG2,PPIH,ENSG00000171960,PPIH,literal_official,30
HepG2,PPIL1,ENSG00000137168,PPIL1,literal_official,22
HepG2,PPIL2,ENSG00000100023,PPIL2,literal_official,59
HepG2,PPIL4,ENSG00000131013,PPIL4,literal_official,26
HepG2,PPME1,ENSG00000214517,PPME1,literal_official,44
HepG2,PPP1CA,ENSG00000172531,PPP1CA,literal_official,38
HepG2,PPP1CB,ENSG00000213639,PPP1CB,literal_official,31
HepG2,PPP1R10,ENSG00000204569,PPP1R10,literal_official,27
HepG2,PPP1R11,ENSG00000204619,PPP1R11,literal_official,43
HepG2,PPP1R12A,ENSG00000058272,PPP1R12A,literal_official,42
HepG2,PPP1R15B,ENSG00000158615,PPP1R15B,literal_official,35
HepG2,PPP1R2,ENSG00000184203,PPP1R2,literal_official,104
HepG2,PPP1R37,ENSG00000104866,PPP1R37,literal_official,284
HepG2,PPP1R7,ENSG00000115685,PPP1R7,literal_official,23
HepG2,PPP1R8,ENSG00000117751,PPP1R8,literal_official,69
HepG2,PPP2CA,ENSG00000113575,PPP2CA,literal_official,89
HepG2,PPP2CB,ENSG00000104695,PPP2CB,literal_official,67
HepG2,PPP2R1A,ENSG00000105568,PPP2R1A,literal_official,198
HepG2,PPP2R3C,ENSG00000092020,PPP2R3C,literal_official,38
HepG2,PPP4C,ENSG00000149923,PPP4C,literal_official,26
HepG2,PPP4R2,ENSG00000163605,PPP4R2,literal_official,24
HepG2,PPP6C,ENSG00000119414,PPP6C,literal_official,459
HepG2,PPRC1,ENSG00000148840,PPRC1,literal_official,46
HepG2,PPWD1,ENSG00000113593,PPWD1,literal_official,22
HepG2,PPY,ENSG00000108849,PPY,literal_official,45
HepG2,PRC1,ENSG00000198901,PRC1,literal_official,66
HepG2,PRDM10,ENSG00000170325,PRDM10,literal_official,40
HepG2,PRDM4,ENSG00000110851,PRDM4,literal_official,35
HepG2,PRDM8,ENSG00000152784,PRDM8,literal_official,25
HepG2,PREB,ENSG00000138073,PREB,literal_official,40
HepG2,PRELID1,ENSG00000169230,PRELID1,literal_official,56
HepG2,PRELID3B,ENSG00000101166,PRELID3B,literal_official,81
HepG2,PRIM1,ENSG00000198056,PRIM1,literal_official,34
HepG2,PRIM2,ENSG00000146143,PRIM2,literal_official,35
HepG2,PRKCA,ENSG00000154229,PRKCA,literal_official,44
HepG2,PRKRA,ENSG00000180228,PRKRA,literal_official,20
HepG2,PRKRIP1,ENSG00000128563,PRKRIP1,unique_hgnc_bridge,83
HepG2,PRMT1,ENSG00000126457,PRMT1,literal_official,25
HepG2,PRMT5,ENSG00000100462,PRMT5,literal_official,106
HepG2,PRODH,ENSG00000100033,PRODH,literal_official,111
HepG2,PRORP,ENSG00000100890,PRORP,literal_official,34
HepG2,PRPF18,ENSG00000165630,PRPF18,literal_official,50
HepG2,PRPF19,ENSG00000110107,PRPF19,literal_official,64
HepG2,PRPF3,ENSG00000117360,PRPF3,literal_official,53
HepG2,PRPF31,ENSG00000105618,PRPF31,literal_official,92
HepG2,PRPF38A,ENSG00000134748,PRPF38A,literal_official,36
HepG2,PRPF38B,ENSG00000134186,PRPF38B,literal_official,8
HepG2,PRPF39,ENSG00000185246,PRPF39,literal_official,68
HepG2,PRPF4,ENSG00000136875,PRPF4,literal_official,78
HepG2,PRPF40A,ENSG00000196504,PRPF40A,literal_official,41
HepG2,PRPF4B,ENSG00000112739,PRPF4B,literal_official,42
HepG2,PRPF6,ENSG00000101161,PRPF6,literal_official,119
HepG2,PRPF8,ENSG00000174231,PRPF8,literal_official,48
HepG2,PRRC2A,ENSG00000204469,PRRC2A,literal_official,45
HepG2,PRSS50,nan,PRSS50,unique_hgnc_bridge,79
HepG2,PRXL2A,ENSG00000122378,PRXL2A,literal_official,19
HepG2,PSAT1,ENSG00000135069,PSAT1,literal_official,69
HepG2,PSMA1,ENSG00000129084,PSMA1,literal_official,23
HepG2,PSMA2,ENSG00000106588,PSMA2,literal_official,48
HepG2,PSMA3,ENSG00000100567,PSMA3,literal_official,53
HepG2,PSMA4,ENSG00000041357,PSMA4,literal_official,127
HepG2,PSMA5,ENSG00000143106,PSMA5,literal_official,6
HepG2,PSMA6,ENSG00000100902,PSMA6,unique_hgnc_bridge,34
HepG2,PSMA7,ENSG00000101182,PSMA7,literal_official,31
HepG2,PSMB1,ENSG00000008018,PSMB1,literal_official,61
HepG2,PSMB2,ENSG00000126067,PSMB2,literal_official,68
HepG2,PSMB3,ENSG00000277791,PSMB3,literal_official,50
HepG2,PSMB4,ENSG00000159377,PSMB4,literal_official,70
HepG2,PSMB5,ENSG00000100804,PSMB5,literal_official,123
HepG2,PSMB6,ENSG00000142507,PSMB6,literal_official,61
HepG2,PSMB7,ENSG00000136930,PSMB7,literal_official,33
HepG2,PSMC1,ENSG00000100764,PSMC1,literal_official,55
HepG2,PSMC2,ENSG00000161057,PSMC2,literal_official,38
HepG2,PSMC3,ENSG00000165916,PSMC3,literal_official,28
HepG2,PSMC4,ENSG00000013275,PSMC4,literal_official,64
HepG2,PSMC5,ENSG00000087191,PSMC5,literal_official,117
HepG2,PSMC6,ENSG00000100519,PSMC6,literal_official,45
HepG2,PSMD1,ENSG00000173692,PSMD1,literal_official,38
HepG2,PSMD11,ENSG00000108671,PSMD11,literal_official,47
HepG2,PSMD12,ENSG00000197170,PSMD12,literal_official,26
HepG2,PSMD13,ENSG00000185627,PSMD13,literal_official,20
HepG2,PSMD14,ENSG00000115233,PSMD14,literal_official,75
HepG2,PSMD2,ENSG00000175166,PSMD2,literal_official,12
HepG2,PSMD3,ENSG00000108344,PSMD3,literal_official,11
HepG2,PSMD4,ENSG00000159352,PSMD4,literal_official,38
HepG2,PSMD6,ENSG00000163636,PSMD6,literal_official,45
HepG2,PSMD7,ENSG00000103035,PSMD7,literal_official,29
HepG2,PSMD8,ENSG00000099341,PSMD8,literal_official,49
HepG2,PSMD9,ENSG00000110801,PSMD9,literal_official,29
HepG2,PSME1,ENSG00000092010,PSME1,literal_official,37
HepG2,PSME2,ENSG00000100911,PSME2,literal_official,42
HepG2,PSMG1,ENSG00000183527,PSMG1,literal_official,64
HepG2,PSMG2,ENSG00000128789,PSMG2,literal_official,34
HepG2,PSMG3,ENSG00000157778,PSMG3,literal_official,129
HepG2,PSMG4,ENSG00000180822,PSMG4,literal_official,31
HepG2,PSTK,ENSG00000179988,PSTK,literal_official,108
HepG2,PTBP1,ENSG00000011304,PTBP1,literal_official,51
HepG2,PTCD1,ENSG00000106246,PTCD1,literal_official,46
HepG2,PTCD3,ENSG00000132300,PTCD3,literal_official,40
HepG2,PTEN,ENSG00000171862,PTEN,literal_official,70
HepG2,PTGR2,ENSG00000140043,PTGR2,literal_official,35
HepG2,PTK2,ENSG00000169398,PTK2,literal_official,34
HepG2,PTMA,ENSG00000187514,PTMA,unique_hgnc_bridge,64
HepG2,PTPMT1,ENSG00000110536,PTPMT1,literal_official,51
HepG2,PTPN1,ENSG00000196396,PTPN1,literal_official,66
HepG2,PTPN11,ENSG00000179295,PTPN11,literal_official,54
HepG2,PTPN23,ENSG00000076201,PTPN23,literal_official,21
HepG2,PUF60,ENSG00000179950,PUF60,literal_official,78
HepG2,PUM1,ENSG00000134644,PUM1,literal_official,14
HepG2,PWP1,ENSG00000136045,PWP1,literal_official,24
HepG2,PWP2,ENSG00000241945,PWP2,unique_hgnc_bridge,68
HepG2,PXN,ENSG00000089159,PXN,literal_official,56
HepG2,PYROXD1,ENSG00000121350,PYROXD1,literal_official,59
HepG2,PYURF,ENSG00000145337,PYURF,literal_official,63
HepG2,QARS,ENSG00000172053,QARS,literal_official,79
HepG2,QRSL1,ENSG00000130348,QRSL1,literal_official,51
HepG2,RAB18,ENSG00000099246,RAB18,literal_official,26
HepG2,RAB4A,ENSG00000168118,RAB4A,literal_official,79
HepG2,RAB4B,ENSG00000167578,RAB4B,literal_official,185
HepG2,RAB6A,ENSG00000175582,RAB6A,literal_official,36
HepG2,RABGGTA,ENSG00000100949,RABGGTA,literal_official,241
HepG2,RABGGTB,ENSG00000137955,RABGGTB,literal_official,83
HepG2,RAC1,ENSG00000136238,RAC1,literal_official,42
HepG2,RAC3,ENSG00000169750,RAC3,literal_official,92
HepG2,RACGAP1,ENSG00000161800,RACGAP1,literal_official,4
HepG2,RACK1,ENSG00000204628,RACK1,literal_official,15
HepG2,RAD17,ENSG00000152942,RAD17,literal_official,26
HepG2,RAD21,ENSG00000164754,RAD21,literal_official,24
HepG2,RAD51,ENSG00000051180,RAD51,literal_official,46
HepG2,RAD51C,ENSG00000108384,RAD51C,literal_official,33
HepG2,RAD51D,ENSG00000185379,RAD51D,literal_official,37
HepG2,RAD9A,ENSG00000172613,RAD9A,literal_official,46
HepG2,RAE1,ENSG00000101146,RAE1,literal_official,45
HepG2,RAMAC,ENSG00000169612,RAMAC,literal_official,39
HepG2,RAN,ENSG00000132341,RAN,unique_hgnc_bridge,66
HepG2,RANBP2,ENSG00000153201,RANBP2,unique_hgnc_bridge,30
HepG2,RANGAP1,ENSG00000100401,RANGAP1,literal_official,68
HepG2,RARS,ENSG00000113643,RARS,literal_official,53
HepG2,RARS2,ENSG00000146282,RARS2,literal_official,85
HepG2,RBBP4,ENSG00000162521,RBBP4,literal_official,41
HepG2,RBBP5,ENSG00000117222,RBBP5,literal_official,57
HepG2,RBBP6,ENSG00000122257,RBBP6,literal_official,22
HepG2,RBBP8,ENSG00000101773,RBBP8,literal_official,43
HepG2,RBM10,ENSG00000182872,RBM10,literal_official,171
HepG2,RBM12,ENSG00000244462,RBM12,literal_official,22
HepG2,RBM14-RBM4,nan,RBM14-RBM4,unique_hgnc_bridge,267
HepG2,RBM15,ENSG00000162775,RBM15,literal_official,75
HepG2,RBM17,ENSG00000134453,RBM17,literal_official,36
HepG2,RBM19,ENSG00000122965,RBM19,literal_official,41
HepG2,RBM22,ENSG00000086589,RBM22,literal_official,6
HepG2,RBM25,ENSG00000119707,RBM25,literal_official,32
HepG2,RBM28,ENSG00000106344,RBM28,literal_official,75
HepG2,RBM33,ENSG00000184863,RBM33,literal_official,50
HepG2,RBM39,ENSG00000131051,RBM39,literal_official,84
HepG2,RBM4,ENSG00000173933,RBM4,literal_official,37
HepG2,RBM42,ENSG00000126254,RBM42,literal_official,64
HepG2,RBM48,ENSG00000127993,RBM48,literal_official,52
HepG2,RBM8A,ENSG00000265241,RBM8A,literal_official,32
HepG2,RBMX,ENSG00000147274,RBMX,literal_official,13
HepG2,RBMX2,ENSG00000134597,RBMX2,literal_official,114
HepG2,RBMXL1,ENSG00000213516,RBMXL1,literal_official,34
HepG2,RBX1,ENSG00000100387,RBX1,literal_official,55
HepG2,RCC1,ENSG00000180198,RCC1,literal_official,170
HepG2,RCCD1,ENSG00000166965,RCCD1,literal_official,52
HepG2,RCL1,ENSG00000120158,RCL1,literal_official,109
HepG2,RCOR1,ENSG00000089902,RCOR1,literal_official,23
HepG2,RELL2,ENSG00000164620,RELL2,literal_official,43
HepG2,REV3L,ENSG00000009413,REV3L,literal_official,38
HepG2,REXO2,ENSG00000076043,REXO2,literal_official,29
HepG2,RFC1,ENSG00000035928,RFC1,literal_official,26
HepG2,RFC2,ENSG00000049541,RFC2,literal_official,60
HepG2,RFC3,ENSG00000133119,RFC3,literal_official,62
HepG2,RFC4,ENSG00000163918,RFC4,literal_official,38
HepG2,RFC5,ENSG00000111445,RFC5,literal_official,50
HepG2,RFFL,ENSG00000092871,RFFL,literal_official,5
HepG2,RFT1,ENSG00000163933,RFT1,literal_official,28
HepG2,RGP1,ENSG00000107185,RGP1,literal_official,20
HepG2,RGPD6,ENSG00000183054,RGPD6,unique_hgnc_bridge,130
HepG2,RHOQ,ENSG00000119729,RHOQ,literal_official,149
HepG2,RHPN1,ENSG00000158106,RHPN1,literal_official,62
HepG2,RINT1,ENSG00000135249,RINT1,literal_official,40
HepG2,RIOK1,ENSG00000124784,RIOK1,literal_official,56
HepG2,RIOK2,ENSG00000058729,RIOK2,literal_official,27
HepG2,RMI1,ENSG00000178966,RMI1,literal_official,36
HepG2,RNASEH2C,ENSG00000172922,RNASEH2C,literal_official,132
HepG2,RNF103,ENSG00000239305,RNF103,literal_official,36
HepG2,RNF113A,ENSG00000125352,RNF113A,literal_official,36
HepG2,RNF123,ENSG00000164068,RNF123,literal_official,56
HepG2,RNF14,ENSG00000013561,RNF14,literal_official,65
HepG2,RNF168,ENSG00000163961,RNF168,literal_official,12
HepG2,RNF20,ENSG00000155827,RNF20,literal_official,27
HepG2,RNF31,ENSG00000092098,RNF31,literal_official,76
HepG2,RNF4,ENSG00000063978,RNF4,literal_official,18
HepG2,RNF40,ENSG00000103549,RNF40,literal_official,19
HepG2,RNF8,ENSG00000112130,RNF8,literal_official,122
HepG2,RNGTT,ENSG00000111880,RNGTT,literal_official,51
HepG2,RNMT,ENSG00000101654,RNMT,literal_official,53
HepG2,RNPC3,ENSG00000185946,RNPC3,literal_official,32
HepG2,RNPS1,ENSG00000205937,RNPS1,literal_official,61
HepG2,ROMO1,ENSG00000125995,ROMO1,literal_official,37
HepG2,RPA1,ENSG00000132383,RPA1,literal_official,38
HepG2,RPA2,ENSG00000117748,RPA2,literal_official,52
HepG2,RPA3,ENSG00000106399,RPA3,literal_official,86
HepG2,RPAIN,ENSG00000129197,RPAIN,literal_official,35
HepG2,RPAP1,ENSG00000103932,RPAP1,literal_official,53
HepG2,RPAP2,ENSG00000122484,RPAP2,literal_official,55
HepG2,RPAP3,ENSG00000005175,RPAP3,literal_official,51
HepG2,RPE,ENSG00000197713,RPE,literal_official,25
HepG2,RPF1,ENSG00000117133,RPF1,literal_official,56
HepG2,RPF2,ENSG00000197498,RPF2,literal_official,6
HepG2,RPIA,ENSG00000153574,RPIA,literal_official,49
HepG2,RPL10,ENSG00000147403,RPL10,unique_hgnc_bridge,71
HepG2,RPL10A,ENSG00000198755,RPL10A,unique_hgnc_bridge,116
HepG2,RPL11,ENSG00000142676,RPL11,unique_hgnc_bridge,41
HepG2,RPL12,ENSG00000197958,RPL12,unique_hgnc_bridge,103
HepG2,RPL13,ENSG00000167526,RPL13,unique_hgnc_bridge,73
HepG2,RPL13A,ENSG00000142541,RPL13A,unique_hgnc_bridge,48
HepG2,RPL14,ENSG00000188846,RPL14,unique_hgnc_bridge,60
HepG2,RPL15,ENSG00000174748,RPL15,unique_hgnc_bridge,42
HepG2,RPL17,ENSG00000265681,RPL17,unique_hgnc_bridge,77
HepG2,RPL18,ENSG00000063177,RPL18,unique_hgnc_bridge,81
HepG2,RPL18A,ENSG00000105640,RPL18A,unique_hgnc_bridge,57
HepG2,RPL19,ENSG00000108298,RPL19,unique_hgnc_bridge,25
HepG2,RPL21,ENSG00000122026,RPL21,unique_hgnc_bridge,30
HepG2,RPL23,ENSG00000125691,RPL23,unique_hgnc_bridge,142
HepG2,RPL23A,ENSG00000198242,RPL23A,unique_hgnc_bridge,70
HepG2,RPL24,ENSG00000114391,RPL24,unique_hgnc_bridge,60
HepG2,RPL26,ENSG00000161970,RPL26,unique_hgnc_bridge,86
HepG2,RPL26L1,ENSG00000037241,RPL26L1,unique_hgnc_bridge,29
HepG2,RPL27,ENSG00000131469,RPL27,unique_hgnc_bridge,5
HepG2,RPL27A,ENSG00000166441,RPL27A,unique_hgnc_bridge,50
HepG2,RPL28,ENSG00000108107,RPL28,unique_hgnc_bridge,32
HepG2,RPL29,ENSG00000162244,RPL29,unique_hgnc_bridge,46
HepG2,RPL3,ENSG00000100316,RPL3,unique_hgnc_bridge,33
HepG2,RPL30,ENSG00000156482,RPL30,unique_hgnc_bridge,48
HepG2,RPL31,ENSG00000071082,RPL31,unique_hgnc_bridge,54
HepG2,RPL32,ENSG00000144713,RPL32,unique_hgnc_bridge,108
HepG2,RPL34,ENSG00000109475,RPL34,unique_hgnc_bridge,47
HepG2,RPL35,ENSG00000136942,RPL35,unique_hgnc_bridge,82
HepG2,RPL35A,ENSG00000182899,RPL35A,unique_hgnc_bridge,196
HepG2,RPL36,ENSG00000130255,RPL36,unique_hgnc_bridge,89
HepG2,RPL36A,ENSG00000241343,RPL36A,unique_hgnc_bridge,68
HepG2,RPL36AL,ENSG00000165502,RPL36AL,unique_hgnc_bridge,31
HepG2,RPL37,ENSG00000145592,RPL37,unique_hgnc_bridge,55
HepG2,RPL37A,ENSG00000197756,RPL37A,unique_hgnc_bridge,76
HepG2,RPL38,ENSG00000172809,RPL38,unique_hgnc_bridge,38
HepG2,RPL39,ENSG00000198918,RPL39,unique_hgnc_bridge,32
HepG2,RPL4,ENSG00000174444,RPL4,unique_hgnc_bridge,95
HepG2,RPL41,ENSG00000229117,RPL41,unique_hgnc_bridge,109
HepG2,RPL5,ENSG00000122406,RPL5,unique_hgnc_bridge,52
HepG2,RPL6,ENSG00000089009,RPL6,unique_hgnc_bridge,111
HepG2,RPL7,ENSG00000147604,RPL7,unique_hgnc_bridge,122
HepG2,RPL7A,ENSG00000148303,RPL7A,unique_hgnc_bridge,5
HepG2,RPL7L1,ENSG00000146223,RPL7L1,unique_hgnc_bridge,56
HepG2,RPL8,ENSG00000161016,RPL8,unique_hgnc_bridge,73
HepG2,RPL9,ENSG00000163682,RPL9,unique_hgnc_bridge,63
HepG2,RPLP0,ENSG00000089157,RPLP0,unique_hgnc_bridge,95
HepG2,RPLP1,ENSG00000137818,RPLP1,unique_hgnc_bridge,13
HepG2,RPLP2,ENSG00000177600,RPLP2,unique_hgnc_bridge,27
HepG2,RPN1,ENSG00000163902,RPN1,literal_official,15
HepG2,RPN2,ENSG00000118705,RPN2,literal_official,15
HepG2,RPP14,ENSG00000163684,RPP14,literal_official,73
HepG2,RPP21,ENSG00000241370,RPP21,literal_official,82
HepG2,RPP30,ENSG00000148688,RPP30,literal_official,85
HepG2,RPP38,ENSG00000152464,RPP38,literal_official,17
HepG2,RPP40,ENSG00000124787,RPP40,literal_official,37
HepG2,RPRD1B,ENSG00000101413,RPRD1B,literal_official,18
HepG2,RPS10,ENSG00000124614,RPS10,unique_hgnc_bridge,49
HepG2,RPS10-NUDT3,ENSG00000270800,RPS10-NUDT3,unique_hgnc_bridge,70
HepG2,RPS11,ENSG00000142534,RPS11,unique_hgnc_bridge,41
HepG2,RPS12,ENSG00000112306,RPS12,unique_hgnc_bridge,44
HepG2,RPS13,ENSG00000110700,RPS13,unique_hgnc_bridge,148
HepG2,RPS14,ENSG00000164587,RPS14,unique_hgnc_bridge,76
HepG2,RPS15,ENSG00000115268,RPS15,unique_hgnc_bridge,57
HepG2,RPS15A,ENSG00000134419,RPS15A,unique_hgnc_bridge,36
HepG2,RPS16,ENSG00000105193,RPS16,unique_hgnc_bridge,15
HepG2,RPS17,ENSG00000182774,RPS17,unique_hgnc_bridge,23
HepG2,RPS18,ENSG00000231500,RPS18,unique_hgnc_bridge,45
HepG2,RPS19,ENSG00000105372,RPS19,unique_hgnc_bridge,79
HepG2,RPS19BP1,ENSG00000187051,RPS19BP1,unique_hgnc_bridge,68
HepG2,RPS2,ENSG00000140988,RPS2,unique_hgnc_bridge,92
HepG2,RPS20,ENSG00000008988,RPS20,unique_hgnc_bridge,59
HepG2,RPS21,ENSG00000171858,RPS21,unique_hgnc_bridge,44
HepG2,RPS23,ENSG00000186468,RPS23,unique_hgnc_bridge,22
HepG2,RPS24,ENSG00000138326,RPS24,unique_hgnc_bridge,66
HepG2,RPS25,ENSG00000118181,RPS25,unique_hgnc_bridge,31
HepG2,RPS26,ENSG00000197728,RPS26,unique_hgnc_bridge,62
HepG2,RPS27,ENSG00000177954,RPS27,unique_hgnc_bridge,91
HepG2,RPS27A,ENSG00000143947,RPS27A,unique_hgnc_bridge,116
HepG2,RPS28,ENSG00000233927,RPS28,unique_hgnc_bridge,35
HepG2,RPS29,ENSG00000213741,RPS29,unique_hgnc_bridge,99
HepG2,RPS3,ENSG00000149273,RPS3,unique_hgnc_bridge,54
HepG2,RPS3A,ENSG00000145425,RPS3A,unique_hgnc_bridge,53
HepG2,RPS4X,ENSG00000198034,RPS4X,unique_hgnc_bridge,48
HepG2,RPS5,ENSG00000083845,RPS5,unique_hgnc_bridge,17
HepG2,RPS6,ENSG00000137154,RPS6,unique_hgnc_bridge,68
HepG2,RPS7,ENSG00000171863,RPS7,unique_hgnc_bridge,71
HepG2,RPS8,ENSG00000142937,RPS8,unique_hgnc_bridge,60
HepG2,RPS9,ENSG00000170889,RPS9,unique_hgnc_bridge,72
HepG2,RPSA,ENSG00000168028,RPSA,unique_hgnc_bridge,38
HepG2,RPTOR,ENSG00000141564,RPTOR,literal_official,26
HepG2,RPUSD3,ENSG00000156990,RPUSD3,literal_official,76
HepG2,RPUSD4,ENSG00000165526,RPUSD4,literal_official,36
HepG2,RRM1,ENSG00000167325,RRM1,literal_official,12
HepG2,RRM2,ENSG00000171848,RRM2,literal_official,54
HepG2,RRN3,ENSG00000085721,RRN3,literal_official,77
HepG2,RRP1,ENSG00000160214,RRP1,literal_official,26
HepG2,RRP12,ENSG00000052749,RRP12,literal_official,69
HepG2,RRP15,ENSG00000067533,RRP15,literal_official,44
HepG2,RRP7A,ENSG00000189306,RRP7A,literal_official,68
HepG2,RRP9,ENSG00000114767,RRP9,literal_official,84
HepG2,RRS1,ENSG00000179041,RRS1,literal_official,137
HepG2,RSL1D1,ENSG00000171490,RSL1D1,literal_official,166
HepG2,RSL24D1,ENSG00000137876,RSL24D1,literal_official,41
HepG2,RSRC2,ENSG00000111011,RSRC2,literal_official,21
HepG2,RTCB,ENSG00000100220,RTCB,literal_official,35
HepG2,RTEL1,ENSG00000258366,RTEL1,literal_official,263
HepG2,RTF1,ENSG00000137815,RTF1,literal_official,26
HepG2,RTRAF,ENSG00000087302,RTRAF,literal_official,112
HepG2,RTTN,ENSG00000176225,RTTN,literal_official,35
HepG2,RUVBL1,ENSG00000175792,RUVBL1,literal_official,53
HepG2,RUVBL2,ENSG00000183207,RUVBL2,literal_official,33
HepG2,S100A1,ENSG00000160678,S100A1,literal_official,46
HepG2,SACM1L,ENSG00000211456,SACM1L,literal_official,26
HepG2,SAE1,ENSG00000142230,SAE1,literal_official,56
HepG2,SAMD4B,ENSG00000179134,SAMD4B,literal_official,45
HepG2,SAMM50,ENSG00000100347,SAMM50,literal_official,26
HepG2,SAP130,ENSG00000136715,SAP130,literal_official,29
HepG2,SAP18,ENSG00000150459,SAP18,literal_official,38
HepG2,SAP30BP,ENSG00000161526,SAP30BP,literal_official,36
HepG2,SARNP,ENSG00000205323,SARNP,literal_official,21
HepG2,SARS,ENSG00000031698,SARS,literal_official,14
HepG2,SARS2,ENSG00000104835,SARS2,literal_official,36
HepG2,SART1,ENSG00000175467,SART1,literal_official,113
HepG2,SART3,ENSG00000075856,SART3,literal_official,355
HepG2,SASS6,ENSG00000156876,SASS6,literal_official,63
HepG2,SBDS,ENSG00000126524,SBDS,literal_official,27
HepG2,SBNO1,ENSG00000139697,SBNO1,literal_official,65
HepG2,SCAF1,ENSG00000126461,SCAF1,literal_official,82
HepG2,SCAP,ENSG00000114650,SCAP,literal_official,98
HepG2,SCD,ENSG00000099194,SCD,literal_official,74
HepG2,SCFD1,ENSG00000092108,SCFD1,literal_official,54
HepG2,SCNM1,ENSG00000163156,SCNM1,literal_official,27
HepG2,SDAD1,ENSG00000198301,SDAD1,literal_official,68
HepG2,SDC1,ENSG00000115884,SDC1,literal_official,67
HepG2,SDE2,ENSG00000143751,SDE2,literal_official,19
HepG2,SDHA,ENSG00000073578,SDHA,literal_official,28
HepG2,SDHAF2,ENSG00000167985,SDHAF2,literal_official,79
HepG2,SDHC,ENSG00000143252,SDHC,literal_official,35
HepG2,SDHD,ENSG00000204370,SDHD,unique_hgnc_bridge,22
HepG2,SDR39U1,ENSG00000100445,SDR39U1,literal_official,33
HepG2,SEC13,ENSG00000157020,SEC13,literal_official,6
HepG2,SEC16A,ENSG00000148396,SEC16A,literal_official,102
HepG2,SEC61A1,ENSG00000058262,SEC61A1,literal_official,110
HepG2,SEC61B,ENSG00000106803,SEC61B,literal_official,40
HepG2,SEC61G,ENSG00000132432,SEC61G,literal_official,74
HepG2,SEC62,ENSG00000008952,SEC62,literal_official,24
HepG2,SEC63,ENSG00000025796,SEC63,literal_official,29
HepG2,SEH1L,ENSG00000085415,SEH1L,literal_official,83
HepG2,SEM1,ENSG00000127922,SEM1,literal_official,100
HepG2,SENP6,ENSG00000112701,SENP6,literal_official,29
HepG2,SEPHS2,ENSG00000179918,SEPHS2,literal_official,56
HepG2,SEPSECS,ENSG00000109618,SEPSECS,literal_official,51
HepG2,SERBP1,ENSG00000142864,SERBP1,literal_official,27
HepG2,SERF2,ENSG00000140264,SERF2,literal_official,19
HepG2,SERPINB1,ENSG00000021355,SERPINB1,literal_official,67
HepG2,SET,ENSG00000119335,SET,literal_official,25
HepG2,SETD1A,ENSG00000099381,SETD1A,literal_official,81
HepG2,SETD2,ENSG00000181555,SETD2,unique_hgnc_bridge,34
HepG2,SETD5,ENSG00000168137,SETD5,literal_official,52
HepG2,SETDB1,ENSG00000143379,SETDB1,literal_official,62
HepG2,SETX,ENSG00000107290,SETX,literal_official,92
HepG2,SF1,ENSG00000168066,SF1,literal_official,40
HepG2,SF3A1,ENSG00000099995,SF3A1,literal_official,31
HepG2,SF3A2,ENSG00000104897,SF3A2,literal_official,103
HepG2,SF3A3,ENSG00000183431,SF3A3,literal_official,26
HepG2,SF3B1,ENSG00000115524,SF3B1,literal_official,77
HepG2,SF3B2,ENSG00000087365,SF3B2,literal_official,35
HepG2,SF3B3,ENSG00000189091,SF3B3,literal_official,326
HepG2,SF3B4,ENSG00000143368,SF3B4,literal_official,43
HepG2,SF3B5,ENSG00000169976,SF3B5,literal_official,103
HepG2,SFPQ,ENSG00000116560,SFPQ,literal_official,78
HepG2,SFSWAP,ENSG00000061936,SFSWAP,literal_official,26
HepG2,SGPP1,ENSG00000126821,SGPP1,literal_official,32
HepG2,SH3KBP1,ENSG00000147010,SH3KBP1,literal_official,16
HepG2,SHC1,ENSG00000160691,SHC1,literal_official,65
HepG2,SHOC2,ENSG00000108061,SHOC2,literal_official,61
HepG2,SHQ1,ENSG00000144736,SHQ1,literal_official,171
HepG2,SIGLEC14,ENSG00000254415,SIGLEC14,literal_official,52
HepG2,SIN3A,ENSG00000169375,SIN3A,literal_official,90
HepG2,SIRT7,ENSG00000187531,SIRT7,literal_official,242
HepG2,SKA1,ENSG00000154839,SKA1,literal_official,28
HepG2,SKA3,ENSG00000165480,SKA3,literal_official,57
HepG2,SKP1,ENSG00000113558,SKP1,literal_official,54
HepG2,SKP2,ENSG00000145604,SKP2,literal_official,20
HepG2,SLBP,ENSG00000163950,SLBP,literal_official,46
HepG2,SLC16A5,ENSG00000170190,SLC16A5,literal_official,54
HepG2,SLC1A5,ENSG00000105281,SLC1A5,literal_official,631
HepG2,SLC25A10,ENSG00000183048,SLC25A10,literal_official,54
HepG2,SLC25A26,ENSG00000144741,SLC25A26,literal_official,19
HepG2,SLC25A3,ENSG00000075415,SLC25A3,literal_official,29
HepG2,SLC25A42,ENSG00000181035,SLC25A42,literal_official,73
HepG2,SLC2A8,ENSG00000136856,SLC2A8,literal_official,66
HepG2,SLC35A4,ENSG00000176087,SLC35A4,literal_official,28
HepG2,SLC35B1,ENSG00000121073,SLC35B1,literal_official,23
HepG2,SLC35G2,ENSG00000168917,SLC35G2,literal_official,174
HepG2,SLC35G6,ENSG00000259224,SLC35G6,literal_official,26
HepG2,SLC39A10,ENSG00000196950,SLC39A10,literal_official,30
HepG2,SLC39A7,ENSG00000112473,SLC39A7,literal_official,39
HepG2,SLC39A9,ENSG00000029364,SLC39A9,literal_official,45
HepG2,SLC4A5,ENSG00000188687,SLC4A5,literal_official,49
HepG2,SLC7A5,ENSG00000103257,SLC7A5,literal_official,137
HepG2,SLC7A6OS,ENSG00000103061,SLC7A6OS,literal_official,51
HepG2,SLC9B1,ENSG00000164037,SLC9B1,literal_official,23
HepG2,SLU7,ENSG00000164609,SLU7,literal_official,342
HepG2,SMAGP,ENSG00000170545,SMAGP,literal_official,50
HepG2,SMARCB1,ENSG00000099956,SMARCB1,literal_official,81
HepG2,SMARCC1,ENSG00000173473,SMARCC1,literal_official,27
HepG2,SMARCE1,ENSG00000073584,SMARCE1,literal_official,12
HepG2,SMC1A,ENSG00000072501,SMC1A,literal_official,76
HepG2,SMC2,ENSG00000136824,SMC2,literal_official,25
HepG2,SMC3,ENSG00000108055,SMC3,literal_official,21
HepG2,SMC4,ENSG00000113810,SMC4,literal_official,36
HepG2,SMC5,ENSG00000198887,SMC5,literal_official,75
HepG2,SMC6,ENSG00000163029,SMC6,literal_official,41
HepG2,SMG1,ENSG00000157106,SMG1,literal_official,31
HepG2,SMG5,ENSG00000198952,SMG5,literal_official,165
HepG2,SMG6,ENSG00000070366,SMG6,literal_official,43
HepG2,SMG7,ENSG00000116698,SMG7,literal_official,34
HepG2,SMG8,ENSG00000167447,SMG8,literal_official,27
HepG2,SMG9,ENSG00000105771,SMG9,literal_official,30
HepG2,SMN2,ENSG00000205571,SMN2,unique_hgnc_bridge,452
HepG2,SMNDC1,ENSG00000119953,SMNDC1,literal_official,39
HepG2,SMU1,ENSG00000122692,SMU1,literal_official,24
HepG2,SMUG1,ENSG00000123415,SMUG1,literal_official,49
HepG2,SNAPC1,ENSG00000023608,SNAPC1,literal_official,28
HepG2,SNAPC2,ENSG00000104976,SNAPC2,literal_official,37
HepG2,SNAPC3,ENSG00000164975,SNAPC3,literal_official,86
HepG2,SNAPC4,ENSG00000165684,SNAPC4,literal_official,42
HepG2,SNAPC5,ENSG00000174446,SNAPC5,literal_official,58
HepG2,SNF8,ENSG00000159210,SNF8,literal_official,17
HepG2,SNIP1,ENSG00000163877,SNIP1,literal_official,36
HepG2,SNRNP200,ENSG00000144028,SNRNP200,literal_official,116
HepG2,SNRNP25,ENSG00000161981,SNRNP25,literal_official,35
HepG2,SNRNP27,ENSG00000124380,SNRNP27,literal_official,46
HepG2,SNRNP35,ENSG00000184209,SNRNP35,literal_official,38
HepG2,SNRNP40,ENSG00000060688,SNRNP40,literal_official,65
HepG2,SNRNP48,ENSG00000168566,SNRNP48,literal_official,59
HepG2,SNRNP70,ENSG00000104852,SNRNP70,literal_official,70
HepG2,SNRPA,ENSG00000077312,SNRPA,literal_official,21
HepG2,SNRPA1,ENSG00000131876,SNRPA1,literal_official,36
HepG2,SNRPB,ENSG00000125835,SNRPB,literal_official,44
HepG2,SNRPC,ENSG00000124562,SNRPC,literal_official,112
HepG2,SNRPD1,ENSG00000167088,SNRPD1,literal_official,43
HepG2,SNRPD2,ENSG00000125743,SNRPD2,literal_official,18
HepG2,SNRPD3,ENSG00000100028,SNRPD3,literal_official,48
HepG2,SNRPE,ENSG00000182004,SNRPE,literal_official,48
HepG2,SNRPF,ENSG00000139343,SNRPF,literal_official,39
HepG2,SNRPG,ENSG00000143977,SNRPG,literal_official,30
HepG2,SNTB2,ENSG00000168807,SNTB2,literal_official,19
HepG2,SNUPN,ENSG00000169371,SNUPN,literal_official,40
HepG2,SNW1,ENSG00000100603,SNW1,literal_official,53
HepG2,SNX15,ENSG00000110025,SNX15,literal_official,125
HepG2,SOD1,ENSG00000142168,SOD1,literal_official,24
HepG2,SOD2,ENSG00000112096,SOD2,literal_official_id_unresolved,46
HepG2,SON,ENSG00000159140,SON,literal_official,61
HepG2,SP1,ENSG00000185591,SP1,literal_official,78
HepG2,SP2,ENSG00000167182,SP2,literal_official,22
HepG2,SPAG7,ENSG00000091640,SPAG7,literal_official,43
HepG2,SPATA5,ENSG00000145375,SPATA5,literal_official,29
HepG2,SPATA5L1,ENSG00000171763,SPATA5L1,literal_official,36
HepG2,SPC24,ENSG00000161888,SPC24,literal_official,5
HepG2,SPC25,ENSG00000152253,SPC25,literal_official,35
HepG2,SPCS2,ENSG00000118363,SPCS2,literal_official,29
HepG2,SPCS3,ENSG00000129128,SPCS3,literal_official,52
HepG2,SPDL1,ENSG00000040275,SPDL1,literal_official,10
HepG2,SPDYE2,ENSG00000205238,SPDYE2,unique_hgnc_bridge,40
HepG2,SPEN,ENSG00000065526,SPEN,literal_official,30
HepG2,SPG7,ENSG00000197912,SPG7,literal_official,62
HepG2,SPOUT1,ENSG00000198917,SPOUT1,literal_official,39
HepG2,SPRTN,ENSG00000010072,SPRTN,literal_official,38
HepG2,SPTLC1,ENSG00000090054,SPTLC1,literal_official,30
HepG2,SPTSSA,ENSG00000165389,SPTSSA,literal_official,49
HepG2,SRA1,ENSG00000213523,SRA1,literal_official,134
HepG2,SRBD1,ENSG00000068784,SRBD1,literal_official,137
HepG2,SRCAP,ENSG00000080603,SRCAP,literal_official,61
HepG2,SRF,ENSG00000112658,SRF,literal_official,46
HepG2,SRFBP1,ENSG00000151304,SRFBP1,literal_official,48
HepG2,SRP14,ENSG00000140319,SRP14,unique_hgnc_bridge,93
HepG2,SRP19,ENSG00000153037,SRP19,literal_official,40
HepG2,SRP54,ENSG00000100883,SRP54,literal_official,118
HepG2,SRP68,ENSG00000167881,SRP68,literal_official,131
HepG2,SRP72,ENSG00000174780,SRP72,literal_official,189
HepG2,SRP9,ENSG00000143742,SRP9,literal_official,87
HepG2,SRPRB,ENSG00000144867,SRPRB,literal_official,80
HepG2,SRRM1,ENSG00000133226,SRRM1,literal_official,53
HepG2,SRRM2,ENSG00000167978,SRRM2,literal_official,39
HepG2,SRRT,ENSG00000087087,SRRT,literal_official,19
HepG2,SRSF1,ENSG00000136450,SRSF1,literal_official,34
HepG2,SRSF10,ENSG00000188529,SRSF10,literal_official,18
HepG2,SRSF11,ENSG00000116754,SRSF11,literal_official,118
HepG2,SRSF2,ENSG00000161547,SRSF2,literal_official,39
HepG2,SRSF3,ENSG00000112081,SRSF3,literal_official,19
HepG2,SRSF6,ENSG00000124193,SRSF6,literal_official,119
HepG2,SRSF7,ENSG00000115875,SRSF7,literal_official,75
HepG2,SS18L2,ENSG00000008324,SS18L2,literal_official,34
HepG2,SSBP1,ENSG00000106028,SSBP1,literal_official,14
HepG2,SSBP3,ENSG00000157216,SSBP3,literal_official,182
HepG2,SSRP1,ENSG00000149136,SSRP1,literal_official,9
HepG2,SSU72,ENSG00000160075,SSU72,literal_official,212
HepG2,SSX4,ENSG00000268009,SSX4,unique_hgnc_bridge,18
HepG2,STAG2,ENSG00000101972,STAG2,literal_official,40
HepG2,STARD7,ENSG00000084090,STARD7,literal_official,26
HepG2,STAT5A,ENSG00000126561,STAT5A,literal_official,30
HepG2,STAT5B,ENSG00000173757,STAT5B,literal_official,92
HepG2,STIL,ENSG00000123473,STIL,literal_official,115
HepG2,STRAP,ENSG00000023734,STRAP,literal_official,46
HepG2,STRIP1,ENSG00000143093,STRIP1,literal_official,32
HepG2,STT3B,ENSG00000163527,STT3B,literal_official,54
HepG2,STX18,ENSG00000168818,STX18,literal_official,29
HepG2,STX5,ENSG00000162236,STX5,literal_official,55
HepG2,STXBP4,ENSG00000166263,STXBP4,literal_official,58
HepG2,SUDS3,ENSG00000111707,SUDS3,literal_official,36
HepG2,SUGP1,ENSG00000105705,SUGP1,literal_official,29
HepG2,SUGT1,ENSG00000165416,SUGT1,literal_official,44
HepG2,SUMO2,ENSG00000188612,SUMO2,literal_official,51
HepG2,SUPT16H,ENSG00000092201,SUPT16H,literal_official,60
HepG2,SUPT20H,ENSG00000102710,SUPT20H,literal_official,81
HepG2,SUPT4H1,ENSG00000213246,SUPT4H1,literal_official,8
HepG2,SUPT5H,ENSG00000196235,SUPT5H,literal_official,29
HepG2,SUPT6H,ENSG00000109111,SUPT6H,literal_official,29
HepG2,SUPV3L1,ENSG00000156502,SUPV3L1,literal_official,29
HepG2,SURF6,ENSG00000148296,SURF6,literal_official,66
HepG2,SYF2,ENSG00000117614,SYF2,literal_official,34
HepG2,SYMPK,ENSG00000125755,SYMPK,literal_official,92
HepG2,SYNGR3,ENSG00000127561,SYNGR3,literal_official,107
HepG2,SYS1,ENSG00000204070,SYS1,literal_official,59
HepG2,TACC3,ENSG00000013810,TACC3,literal_official,68
HepG2,TADA1,ENSG00000152382,TADA1,literal_official,63
HepG2,TADA2A,ENSG00000276234,TADA2A,literal_official,38
HepG2,TADA2B,ENSG00000173011,TADA2B,literal_official,39
HepG2,TADA3,ENSG00000171148,TADA3,literal_official,38
HepG2,TAF1,ENSG00000147133,TAF1,literal_official,21
HepG2,TAF10,ENSG00000166337,TAF10,literal_official,50
HepG2,TAF11,ENSG00000064995,TAF11,literal_official,61
HepG2,TAF12,ENSG00000120656,TAF12,literal_official,53
HepG2,TAF13,ENSG00000197780,TAF13,literal_official,134
HepG2,TAF1A,ENSG00000143498,TAF1A,literal_official,29
HepG2,TAF1B,ENSG00000115750,TAF1B,literal_official,41
HepG2,TAF1C,ENSG00000103168,TAF1C,literal_official,40
HepG2,TAF1D,ENSG00000166012,TAF1D,literal_official,114
HepG2,TAF2,ENSG00000064313,TAF2,literal_official,49
HepG2,TAF3,ENSG00000165632,TAF3,literal_official,68
HepG2,TAF5,ENSG00000148835,TAF5,literal_official,60
HepG2,TAF6,ENSG00000106290,TAF6,literal_official,47
HepG2,TAF6L,ENSG00000162227,TAF6L,literal_official,48
HepG2,TAF7,ENSG00000178913,TAF7,literal_official,53
HepG2,TAF8,ENSG00000137413,TAF8,literal_official,68
HepG2,TAMM41,ENSG00000144559,TAMM41,literal_official,38
HepG2,TANGO6,ENSG00000103047,TANGO6,literal_official,99
HepG2,TARDBP,ENSG00000120948,TARDBP,literal_official,262
HepG2,TARS,ENSG00000113407,TARS,literal_official,48
HepG2,TARS2,ENSG00000143374,TARS2,literal_official,62
HepG2,TAZ,ENSG00000102125,TAZ,literal_official,50
HepG2,TBC1D1,ENSG00000065882,TBC1D1,literal_official,24
HepG2,TBC1D28,ENSG00000189375,TBC1D28,literal_official,61
HepG2,TBC1D3,ENSG00000274611,TBC1D3,unique_hgnc_bridge,39
HepG2,TBCA,ENSG00000171530,TBCA,unique_hgnc_bridge,72
HepG2,TBCB,ENSG00000105254,TBCB,literal_official,55
HepG2,TBCC,ENSG00000124659,TBCC,literal_official,43
HepG2,TBCD,ENSG00000141556,TBCD,literal_official,64
HepG2,TBCE,ENSG00000285053,TBCE,literal_official_id_unresolved,87
HepG2,TBL3,ENSG00000183751,TBL3,literal_official,22
HepG2,TBP,ENSG00000112592,TBP,literal_official,76
HepG2,TBPL1,ENSG00000028839,TBPL1,literal_official,74
HepG2,TBRG4,ENSG00000136270,TBRG4,literal_official,21
HepG2,TBX1,ENSG00000184058,TBX1,literal_official,167
HepG2,TCERG1,ENSG00000113649,TCERG1,literal_official,36
HepG2,TCOF1,ENSG00000070814,TCOF1,literal_official,117
HepG2,TCP1,ENSG00000120438,TCP1,literal_official,7
HepG2,TDGF1,ENSG00000241186,TDGF1,literal_official,23
HepG2,TEAD3,ENSG00000007866,TEAD3,literal_official,76
HepG2,TEFM,ENSG00000172171,TEFM,literal_official,26
HepG2,TELO2,ENSG00000100726,TELO2,literal_official,23
HepG2,TEN1,ENSG00000257949,TEN1,literal_official,40
HepG2,TERF1,ENSG00000147601,TERF1,literal_official,18
HepG2,TERF2,ENSG00000132604,TERF2,literal_official,79
HepG2,TEX10,ENSG00000136891,TEX10,literal_official,156
HepG2,TFAM,ENSG00000108064,TFAM,literal_official,1213
HepG2,TFAP4,ENSG00000090447,TFAP4,literal_official,13
HepG2,TFB1M,ENSG00000029639,TFB1M,literal_official,39
HepG2,TFB2M,ENSG00000162851,TFB2M,literal_official,33
HepG2,TFDP1,ENSG00000198176,TFDP1,literal_official,149
HepG2,TFIP11,ENSG00000100109,TFIP11,literal_official,21
HepG2,TFPT,ENSG00000105619,TFPT,literal_official,41
HepG2,TFRC,ENSG00000072274,TFRC,literal_official,70
HepG2,TGS1,ENSG00000137574,TGS1,literal_official,55
HepG2,THAP1,ENSG00000131931,THAP1,literal_official,187
HepG2,THAP11,ENSG00000168286,THAP11,literal_official,86
HepG2,THG1L,ENSG00000113272,THG1L,literal_official,27
HepG2,THOC1,ENSG00000079134,THOC1,literal_official,38
HepG2,THOC2,ENSG00000125676,THOC2,literal_official,52
HepG2,THOC3,ENSG00000051596,THOC3,literal_official,31
HepG2,THOC5,ENSG00000100296,THOC5,literal_official,78
HepG2,THOC6,ENSG00000131652,THOC6,literal_official,59
HepG2,THOC7,ENSG00000163634,THOC7,literal_official,229
HepG2,THRAP3,ENSG00000054118,THRAP3,literal_official,45
HepG2,THUMPD1,ENSG00000066654,THUMPD1,literal_official,31
HepG2,TICRR,ENSG00000140534,TICRR,literal_official,20
HepG2,TIGD1,ENSG00000221944,TIGD1,literal_official,41
HepG2,TIMELESS,ENSG00000111602,TIMELESS,literal_official,20
HepG2,TIMM10,ENSG00000134809,TIMM10,literal_official,65
HepG2,TIMM13,ENSG00000099800,TIMM13,literal_official,70
HepG2,TIMM22,ENSG00000177370,TIMM22,literal_official,29
HepG2,TIMM23B,ENSG00000204152,TIMM23B,unique_hgnc_bridge,269
HepG2,TIMM44,ENSG00000104980,TIMM44,literal_official,45
HepG2,TIMM8A,ENSG00000126953,TIMM8A,literal_official,56
HepG2,TIMM9,ENSG00000100575,TIMM9,literal_official,32
HepG2,TINF2,ENSG00000092330,TINF2,literal_official,50
HepG2,TIPIN,ENSG00000075131,TIPIN,literal_official,26
HepG2,TKT,ENSG00000163931,TKT,literal_official,89
HepG2,TLCD1,ENSG00000160606,TLCD1,literal_official,74
HepG2,TLN1,ENSG00000137076,TLN1,literal_official,29
HepG2,TM7SF2,ENSG00000149809,TM7SF2,literal_official,49
HepG2,TMA16,ENSG00000198498,TMA16,literal_official,33
HepG2,TMED10,ENSG00000170348,TMED10,literal_official,44
HepG2,TMED2,ENSG00000086598,TMED2,literal_official,14
HepG2,TMEM127,ENSG00000135956,TMEM127,literal_official,39
HepG2,TMEM161B,ENSG00000164180,TMEM161B,literal_official,42
HepG2,TMEM199,ENSG00000244045,TMEM199,literal_official,34
HepG2,TMEM214,ENSG00000119777,TMEM214,literal_official,249
HepG2,TMEM240,ENSG00000205090,TMEM240,literal_official,32
HepG2,TMEM242,ENSG00000215712,TMEM242,literal_official,215
HepG2,TMEM258,ENSG00000134825,TMEM258,literal_official,22
HepG2,TMSB10,ENSG00000034510,TMSB10,literal_official,54
HepG2,TMX2,ENSG00000213593,TMX2,literal_official,70
HepG2,TNFSF10,ENSG00000121858,TNFSF10,literal_official,12
HepG2,TNNT2,ENSG00000118194,TNNT2,literal_official,62
HepG2,TNPO3,ENSG00000064419,TNPO3,literal_official,56
HepG2,TNRC6A,ENSG00000090905,TNRC6A,literal_official,89
HepG2,TOE1,ENSG00000132773,TOE1,literal_official,37
HepG2,TOMM20,ENSG00000173726,TOMM20,literal_official,32
HepG2,TOMM22,ENSG00000100216,TOMM22,literal_official,75
HepG2,TOMM40,ENSG00000130204,TOMM40,literal_official,41
HepG2,TONSL,ENSG00000160949,TONSL,literal_official,91
HepG2,TOP1,ENSG00000198900,TOP1,literal_official,45
HepG2,TOP2A,ENSG00000131747,TOP2A,literal_official,2
HepG2,TOP3A,ENSG00000177302,TOP3A,literal_official,38
HepG2,TOPBP1,ENSG00000163781,TOPBP1,literal_official,37
HepG2,TOR2A,ENSG00000160404,TOR2A,literal_official,21
HepG2,TOX4,ENSG00000092203,TOX4,literal_official,28
HepG2,TP53I13,ENSG00000167543,TP53I13,literal_official,48
HepG2,TP53RK,ENSG00000172315,TP53RK,literal_official,35
HepG2,TPI1,ENSG00000111669,TPI1,unique_hgnc_bridge,35
HepG2,TPP2,ENSG00000134900,TPP2,literal_official,27
HepG2,TPR,ENSG00000047410,TPR,literal_official,93
HepG2,TPRKB,ENSG00000144034,TPRKB,literal_official,45
HepG2,TPT1,ENSG00000133112,TPT1,unique_hgnc_bridge,239
HepG2,TPX2,ENSG00000088325,TPX2,literal_official,124
HepG2,TRA2B,ENSG00000136527,TRA2B,literal_official,44
HepG2,TRAIP,ENSG00000183763,TRAIP,literal_official,87
HepG2,TRAPPC1,ENSG00000170043,TRAPPC1,literal_official,33
HepG2,TRAPPC11,ENSG00000168538,TRAPPC11,literal_official,237
HepG2,TRAPPC3,ENSG00000054116,TRAPPC3,literal_official,72
HepG2,TRAPPC4,ENSG00000196655,TRAPPC4,literal_official,39
HepG2,TRAPPC5,ENSG00000181029,TRAPPC5,literal_official,101
HepG2,TRAPPC8,ENSG00000153339,TRAPPC8,literal_official,47
HepG2,TREML2,ENSG00000112195,TREML2,literal_official,19
HepG2,TREX2,ENSG00000183479,TREX2,literal_official,51
HepG2,TRIAP1,ENSG00000170855,TRIAP1,literal_official,36
HepG2,TRIM49C,ENSG00000204449,TRIM49C,literal_official,30
HepG2,TRMT10C,ENSG00000174173,TRMT10C,literal_official,21
HepG2,TRMT112,ENSG00000173113,TRMT112,literal_official,63
HepG2,TRMT5,ENSG00000126814,TRMT5,literal_official,37
HepG2,TRMT6,ENSG00000089195,TRMT6,literal_official,40
HepG2,TRNP1,ENSG00000253368,TRNP1,literal_official,25
HepG2,TRNT1,ENSG00000072756,TRNT1,literal_official,228
HepG2,TRPM7,ENSG00000092439,TRPM7,literal_official,16
HepG2,TRRAP,ENSG00000196367,TRRAP,literal_official,19
HepG2,TSEN2,ENSG00000154743,TSEN2,literal_official,58
HepG2,TSEN34,ENSG00000170892,TSEN34,literal_official,68
HepG2,TSEN54,ENSG00000182173,TSEN54,literal_official,45
HepG2,TSFM,ENSG00000123297,TSFM,literal_official,40
HepG2,TSG101,ENSG00000074319,TSG101,literal_official,14
HepG2,TSPYL5,ENSG00000180543,TSPYL5,literal_official,58
HepG2,TSR1,ENSG00000167721,TSR1,literal_official,182
HepG2,TSR2,ENSG00000158526,TSR2,literal_official,78
HepG2,TSSK3,ENSG00000162526,TSSK3,literal_official,42
HepG2,TTC1,ENSG00000113312,TTC1,literal_official,76
HepG2,TTC27,ENSG00000018699,TTC27,literal_official,35
HepG2,TTC4,ENSG00000243725,TTC4,literal_official,37
HepG2,TTF2,ENSG00000116830,TTF2,literal_official,25
HepG2,TTI1,ENSG00000101407,TTI1,literal_official,37
HepG2,TTI2,ENSG00000129696,TTI2,literal_official,10
HepG2,TTK,ENSG00000112742,TTK,literal_official,72
HepG2,TUBA1B,ENSG00000123416,TUBA1B,literal_official,81
HepG2,TUBA1C,ENSG00000167553,TUBA1C,literal_official,12
HepG2,TUBA3D,ENSG00000075886,TUBA3D,literal_official,13
HepG2,TUBB,ENSG00000196230,TUBB,literal_official,97
HepG2,TUBB2A,ENSG00000137267,TUBB2A,literal_official,91
HepG2,TUBD1,ENSG00000108423,TUBD1,literal_official,55
HepG2,TUBE1,ENSG00000074935,TUBE1,literal_official,52
HepG2,TUBG1,ENSG00000131462,TUBG1,literal_official,129
HepG2,TUBGCP2,ENSG00000130640,TUBGCP2,literal_official,64
HepG2,TUBGCP3,ENSG00000126216,TUBGCP3,literal_official,26
HepG2,TUBGCP4,ENSG00000137822,TUBGCP4,literal_official,43
HepG2,TUBGCP5,ENSG00000275835,TUBGCP5,literal_official,82
HepG2,TUBGCP6,ENSG00000128159,TUBGCP6,literal_official,25
HepG2,TUFM,ENSG00000178952,TUFM,literal_official,43
HepG2,TULP1,ENSG00000112041,TULP1,literal_official,40
HepG2,TUT1,ENSG00000149016,TUT1,literal_official,114
HepG2,TVP23C,ENSG00000175106,TVP23C,literal_official,33
HepG2,TWF1,ENSG00000151239,TWF1,literal_official,248
HepG2,TWISTNB,ENSG00000105849,TWISTNB,literal_official,22
HepG2,TWNK,ENSG00000107815,TWNK,literal_official,22
HepG2,TWSG1,ENSG00000128791,TWSG1,literal_official,34
HepG2,TXN,ENSG00000136810,TXN,unique_hgnc_bridge,27
HepG2,TXNL4A,ENSG00000141759,TXNL4A,literal_official,17
HepG2,TXNL4B,ENSG00000140830,TXNL4B,literal_official,75
HepG2,TYK2,ENSG00000105397,TYK2,literal_official,16
HepG2,U2AF1,ENSG00000160201,U2AF1,unique_hgnc_bridge,19
HepG2,U2AF2,ENSG00000063244,U2AF2,literal_official,33
HepG2,U2SURP,ENSG00000163714,U2SURP,literal_official,59
HepG2,UBA1,ENSG00000130985,UBA1,literal_official,48
HepG2,UBA2,ENSG00000126261,UBA2,literal_official,119
HepG2,UBA3,ENSG00000144744,UBA3,literal_official,16
HepG2,UBA5,ENSG00000081307,UBA5,literal_official,29
HepG2,UBA52,ENSG00000221983,UBA52,literal_official,106
HepG2,UBAP1,ENSG00000165006,UBAP1,literal_official,38
HepG2,UBC,ENSG00000150991,UBC,literal_official,11
HepG2,UBE2D3,ENSG00000109332,UBE2D3,literal_official,34
HepG2,UBE2H,ENSG00000186591,UBE2H,literal_official,44
HepG2,UBE2I,ENSG00000103275,UBE2I,literal_official,74
HepG2,UBE2L3,ENSG00000185651,UBE2L3,literal_official,53
HepG2,UBE2M,ENSG00000130725,UBE2M,literal_official,74
HepG2,UBE2N,ENSG00000177889,UBE2N,literal_official,46
HepG2,UBE2Z,ENSG00000159202,UBE2Z,literal_official,33
HepG2,UBE3C,ENSG00000009335,UBE3C,literal_official,31
HepG2,UBE3D,ENSG00000118420,UBE3D,literal_official,62
HepG2,UBL5,ENSG00000198258,UBL5,literal_official,85
HepG2,UBQLN4,ENSG00000160803,UBQLN4,literal_official,76
HepG2,UBR4,ENSG00000127481,UBR4,literal_official,4
HepG2,UBR5,ENSG00000104517,UBR5,literal_official,43
HepG2,UBTF,ENSG00000108312,UBTF,literal_official,102
HepG2,UCHL5,ENSG00000116750,UCHL5,literal_official,36
HepG2,UFL1,ENSG00000014123,UFL1,literal_official,58
HepG2,UFM1,ENSG00000120686,UFM1,literal_official,34
HepG2,UHRF1,ENSG00000276043,UHRF1,literal_official,60
HepG2,UMPS,ENSG00000114491,UMPS,literal_official,37
HepG2,UNC45A,ENSG00000140553,UNC45A,literal_official,67
HepG2,UNC50,ENSG00000115446,UNC50,literal_official,18
HepG2,UNCX,ENSG00000164853,UNCX,literal_official,43
HepG2,UPF1,ENSG00000005007,UPF1,literal_official,44
HepG2,UPF2,ENSG00000151461,UPF2,literal_official,37
HepG2,UPF3A,ENSG00000169062,UPF3A,literal_official,30
HepG2,UQCC2,ENSG00000137288,UQCC2,literal_official,30
HepG2,UQCRB,ENSG00000156467,UQCRB,literal_official,24
HepG2,UQCRC1,ENSG00000010256,UQCRC1,literal_official,53
HepG2,UQCRC2,ENSG00000140740,UQCRC2,literal_official,14
HepG2,UQCRFS1,ENSG00000169021,UQCRFS1,literal_official,19
HepG2,UQCRH,ENSG00000173660,UQCRH,literal_official,19
HepG2,UQCRQ,ENSG00000164405,UQCRQ,literal_official,19
HepG2,URB1,ENSG00000142207,URB1,literal_official,76
HepG2,URB2,ENSG00000135763,URB2,literal_official,94
HepG2,URI1,ENSG00000105176,URI1,literal_official,133
HepG2,URM1,ENSG00000167118,URM1,literal_official,41
HepG2,UROD,ENSG00000126088,UROD,literal_official,52
HepG2,USF2,ENSG00000105698,USF2,literal_official,54
HepG2,USP10,ENSG00000103194,USP10,literal_official,47
HepG2,USP14,ENSG00000101557,USP14,literal_official,93
HepG2,USP19,ENSG00000172046,USP19,literal_official,37
HepG2,USP36,ENSG00000055483,USP36,literal_official,21
HepG2,USP37,ENSG00000135913,USP37,literal_official,50
HepG2,USP39,ENSG00000168883,USP39,literal_official,77
HepG2,USP5,ENSG00000111667,USP5,literal_official,98
HepG2,USP7,ENSG00000187555,USP7,literal_official,26
HepG2,USP8,ENSG00000138592,USP8,literal_official,40
HepG2,USP9X,ENSG00000124486,USP9X,literal_official,38
HepG2,USPL1,ENSG00000132952,USPL1,literal_official,15
HepG2,UTP11,ENSG00000183520,UTP11,literal_official,35
HepG2,UTP15,ENSG00000164338,UTP15,literal_official,64
HepG2,UTP18,ENSG00000011260,UTP18,literal_official,95
HepG2,UTP20,ENSG00000120800,UTP20,literal_official,86
HepG2,UTP23,ENSG00000147679,UTP23,literal_official,88
HepG2,UTP25,ENSG00000117597,UTP25,literal_official,26
HepG2,UTP3,ENSG00000132467,UTP3,literal_official,29
HepG2,UTP6,ENSG00000108651,UTP6,literal_official,79
HepG2,UXS1,ENSG00000115652,UXS1,literal_official,47
HepG2,UXT,ENSG00000126756,UXT,literal_official,42
HepG2,VARS,ENSG00000204394,VARS,literal_official,88
HepG2,VARS2,ENSG00000137411,VARS2,literal_official,31
HepG2,VBP1,ENSG00000155959,VBP1,literal_official,24
HepG2,VCP,ENSG00000165280,VCP,literal_official,8
HepG2,VEZT,ENSG00000028203,VEZT,literal_official,33
HepG2,VHL,ENSG00000134086,VHL,literal_official,27
HepG2,VMP1,ENSG00000062716,VMP1,literal_official,25
HepG2,VPS13D,ENSG00000048707,VPS13D,literal_official,37
HepG2,VPS18,ENSG00000104142,VPS18,literal_official,24
HepG2,VPS25,ENSG00000131475,VPS25,literal_official,25
HepG2,VPS28,ENSG00000160948,VPS28,literal_official,19
HepG2,VPS29,ENSG00000111237,VPS29,literal_official,36
HepG2,VPS33A,ENSG00000139719,VPS33A,literal_official,18
HepG2,VPS35,ENSG00000069329,VPS35,literal_official,102
HepG2,VPS37A,ENSG00000155975,VPS37A,literal_official,31
HepG2,VPS37C,ENSG00000167987,VPS37C,literal_official,32
HepG2,VPS41,ENSG00000006715,VPS41,literal_official,71
HepG2,VPS51,ENSG00000149823,VPS51,literal_official,23
HepG2,VPS54,ENSG00000143952,VPS54,literal_official,101
HepG2,VPS72,ENSG00000163159,VPS72,literal_official,15
HepG2,WAC,ENSG00000095787,WAC,literal_official,38
HepG2,WARS,ENSG00000140105,WARS,literal_official,34
HepG2,WBP1,ENSG00000239779,WBP1,literal_official,36
HepG2,WBP11,ENSG00000084463,WBP11,literal_official,62
HepG2,WBP1L,ENSG00000166272,WBP1L,literal_official,32
HepG2,WDFY3,ENSG00000163625,WDFY3,literal_official,34
HepG2,WDHD1,ENSG00000198554,WDHD1,literal_official,57
HepG2,WDR1,ENSG00000071127,WDR1,literal_official,109
HepG2,WDR12,ENSG00000138442,WDR12,literal_official,110
HepG2,WDR18,ENSG00000065268,WDR18,literal_official,170
HepG2,WDR24,ENSG00000127580,WDR24,literal_official,36
HepG2,WDR25,ENSG00000176473,WDR25,literal_official,21
HepG2,WDR26,ENSG00000162923,WDR26,literal_official,84
HepG2,WDR3,ENSG00000065183,WDR3,literal_official,77
HepG2,WDR33,ENSG00000136709,WDR33,literal_official,63
HepG2,WDR36,ENSG00000134987,WDR36,literal_official,45
HepG2,WDR4,ENSG00000160193,WDR4,literal_official,108
HepG2,WDR43,ENSG00000163811,WDR43,literal_official,82
HepG2,WDR44,ENSG00000131725,WDR44,literal_official,49
HepG2,WDR46,ENSG00000227057,WDR46,literal_official,92
HepG2,WDR5,ENSG00000196363,WDR5,literal_official,48
HepG2,WDR54,ENSG00000005448,WDR54,literal_official,77
HepG2,WDR55,ENSG00000120314,WDR55,literal_official,16
HepG2,WDR61,ENSG00000140395,WDR61,literal_official,21
HepG2,WDR7,ENSG00000091157,WDR7,literal_official,23
HepG2,WDR70,ENSG00000082068,WDR70,literal_official,154
HepG2,WDR74,ENSG00000133316,WDR74,literal_official,79
HepG2,WDR75,ENSG00000115368,WDR75,literal_official,50
HepG2,WDR77,ENSG00000116455,WDR77,literal_official,50
HepG2,WDR82,ENSG00000164091,WDR82,literal_official,18
HepG2,WDR83OS,ENSG00000105583,WDR83OS,literal_official,47
HepG2,WDR92,ENSG00000243667,WDR92,literal_official,15
HepG2,WDTC1,ENSG00000142784,WDTC1,literal_official,55
HepG2,WEE1,ENSG00000166483,WEE1,literal_official,37
HepG2,WNK1,ENSG00000060237,WNK1,literal_official,40
HepG2,WTAP,ENSG00000146457,WTAP,literal_official,181
HepG2,XAB2,ENSG00000076924,XAB2,literal_official,18
HepG2,XPO1,ENSG00000082898,XPO1,literal_official,51
HepG2,XPO5,ENSG00000124571,XPO5,literal_official,58
HepG2,XRCC1,ENSG00000073050,XRCC1,literal_official,39
HepG2,XRCC2,ENSG00000196584,XRCC2,literal_official,36
HepG2,XRCC3,ENSG00000126215,XRCC3,literal_official,28
HepG2,XRCC5,ENSG00000079246,XRCC5,literal_official,41
HepG2,XRCC6,ENSG00000196419,XRCC6,literal_official,43
HepG2,XRN1,ENSG00000114127,XRN1,literal_official,22
HepG2,XRN2,ENSG00000088930,XRN2,literal_official,34
HepG2,YAE1,ENSG00000241127,YAE1,literal_official,10
HepG2,YARS,ENSG00000134684,YARS,literal_official,63
HepG2,YARS2,ENSG00000139131,YARS2,literal_official,37
HepG2,YBX1,ENSG00000065978,YBX1,literal_official,35
HepG2,YBX3,ENSG00000060138,YBX3,literal_official,28
HepG2,YEATS2,ENSG00000163872,YEATS2,literal_official,41
HepG2,YEATS4,ENSG00000127337,YEATS4,literal_official,27
HepG2,YJEFN3,ENSG00000250067,YJEFN3,literal_official,98
HepG2,YKT6,ENSG00000106636,YKT6,literal_official,21
HepG2,YPEL1,ENSG00000100027,YPEL1,literal_official,20
HepG2,YPEL5,ENSG00000119801,YPEL5,literal_official,40
HepG2,YRDC,ENSG00000196449,YRDC,literal_official,96
HepG2,YTHDC1,ENSG00000083896,YTHDC1,literal_official,56
HepG2,YY1,ENSG00000100811,YY1,literal_official,51
HepG2,ZBTB11,ENSG00000066422,ZBTB11,literal_official,19
HepG2,ZBTB14,ENSG00000198081,ZBTB14,literal_official,43
HepG2,ZBTB17,ENSG00000116809,ZBTB17,literal_official,130
HepG2,ZBTB4,ENSG00000174282,ZBTB4,literal_official,24
HepG2,ZBTB44,ENSG00000196323,ZBTB44,literal_official,29
HepG2,ZC3H13,ENSG00000123200,ZC3H13,literal_official,73
HepG2,ZC3H18,ENSG00000158545,ZC3H18,literal_official,11
HepG2,ZC3H3,ENSG00000014164,ZC3H3,literal_official,70
HepG2,ZC3H4,ENSG00000130749,ZC3H4,literal_official,60
HepG2,ZC3H8,ENSG00000144161,ZC3H8,literal_official,10
HepG2,ZCCHC9,ENSG00000131732,ZCCHC9,literal_official,74
HepG2,ZCRB1,ENSG00000139168,ZCRB1,literal_official,40
HepG2,ZDHHC7,ENSG00000153786,ZDHHC7,literal_official,466
HepG2,ZFC3H1,ENSG00000133858,ZFC3H1,literal_official,41
HepG2,ZFP69B,ENSG00000187801,ZFP69B,literal_official,81
HepG2,ZFR,ENSG00000056097,ZFR,literal_official,40
HepG2,ZMAT2,ENSG00000146007,ZMAT2,literal_official,164
HepG2,ZMAT5,ENSG00000100319,ZMAT5,literal_official,30
HepG2,ZMYM4,ENSG00000146463,ZMYM4,literal_official,23
HepG2,ZNF100,ENSG00000197020,ZNF100,literal_official,50
HepG2,ZNF131,ENSG00000172262,ZNF131,literal_official,11
HepG2,ZNF133,ENSG00000125846,ZNF133,literal_official,84
HepG2,ZNF143,ENSG00000166478,ZNF143,literal_official,44
HepG2,ZNF207,ENSG00000010244,ZNF207,literal_official,86
HepG2,ZNF236,ENSG00000130856,ZNF236,literal_official,202
HepG2,ZNF24,ENSG00000172466,ZNF24,literal_official,18
HepG2,ZNF253,ENSG00000256771,ZNF253,literal_official,74
HepG2,ZNF284,ENSG00000186026,ZNF284,literal_official,37
HepG2,ZNF292,ENSG00000188994,ZNF292,literal_official,78
HepG2,ZNF317,ENSG00000130803,ZNF317,literal_official,29
HepG2,ZNF335,ENSG00000198026,ZNF335,literal_official,62
HepG2,ZNF407,ENSG00000215421,ZNF407,literal_official,32
HepG2,ZNF468,ENSG00000204604,ZNF468,literal_official,35
HepG2,ZNF492,ENSG00000229676,ZNF492,literal_official,29
HepG2,ZNF506,ENSG00000081665,ZNF506,unique_hgnc_bridge,31
HepG2,ZNF559,ENSG00000188321,ZNF559,literal_official,36
HepG2,ZNF574,ENSG00000105732,ZNF574,literal_official,64
HepG2,ZNF658,ENSG00000274349,ZNF658,literal_official,39
HepG2,ZNF674,ENSG00000251192,ZNF674,literal_official,55
HepG2,ZNF676,ENSG00000196109,ZNF676,literal_official,9
HepG2,ZNF687,ENSG00000143373,ZNF687,literal_official,46
HepG2,ZNF706,ENSG00000120963,ZNF706,literal_official,84
HepG2,ZNF718,ENSG00000250312,ZNF718,literal_official,155
HepG2,ZNF720,ENSG00000197302,ZNF720,literal_official,54
HepG2,ZNF763,ENSG00000197054,ZNF763,literal_official,52
HepG2,ZNF787,ENSG00000142409,ZNF787,literal_official,58
HepG2,ZNF830,ENSG00000198783,ZNF830,literal_official,18
HepG2,ZNF84,ENSG00000198040,ZNF84,literal_official,88
HepG2,ZNHIT1,ENSG00000106400,ZNHIT1,literal_official,36
HepG2,ZNHIT2,ENSG00000174276,ZNHIT2,literal_official,71
HepG2,ZNHIT3,ENSG00000273611,ZNHIT3,unique_hgnc_bridge,137
HepG2,ZNHIT6,ENSG00000117174,ZNHIT6,literal_official,51
HepG2,ZNRD1,ENSG00000066379,ZNRD1,literal_official,68
HepG2,ZRANB2,ENSG00000132485,ZRANB2,literal_official,18
HepG2,ZRSR2,ENSG00000169249,ZRSR2,literal_official,36
HepG2,ZW10,ENSG00000086827,ZW10,literal_official,28
HepG2,ZWINT,ENSG00000122952,ZWINT,literal_official,18
HepG2,non-targeting,non-targeting,non-targeting,control,4976
Jurkat,AAAS,ENSG00000094914,AAAS,literal_official,66
Jurkat,AAMP,ENSG00000127837,AAMP,literal_official,43
Jurkat,AAR2,ENSG00000131043,AAR2,literal_official,47
Jurkat,AARS,ENSG00000090861,AARS,literal_official,56
Jurkat,AARS2,ENSG00000124608,AARS2,literal_official,101
Jurkat,AASDHPPT,ENSG00000149313,AASDHPPT,literal_official,101
Jurkat,AATF,ENSG00000275700,AATF,literal_official,111
Jurkat,ABCB10,ENSG00000135776,ABCB10,literal_official,99
Jurkat,ABCB7,ENSG00000131269,ABCB7,literal_official,75
Jurkat,ABCE1,ENSG00000164163,ABCE1,literal_official,59
Jurkat,ABCF1,ENSG00000204574,ABCF1,literal_official,145
Jurkat,ABCG1,ENSG00000160179,ABCG1,literal_official,162
Jurkat,ABHD11,ENSG00000106077,ABHD11,literal_official,99
Jurkat,ABHD17A,ENSG00000129968,ABHD17A,literal_official,158
Jurkat,ABT1,ENSG00000146109,ABT1,literal_official,167
Jurkat,AC118549.1,ENSG00000036549,AC118549.1,literal_official,124
Jurkat,ACD,ENSG00000102977,ACD,literal_official,39
Jurkat,ACIN1,ENSG00000100813,ACIN1,literal_official,223
Jurkat,ACOT12,ENSG00000172497,ACOT12,literal_official,176
Jurkat,ACSS2,ENSG00000131069,ACSS2,literal_official,86
Jurkat,ACTB,ENSG00000075624,ACTB,literal_official,138
Jurkat,ACTL6A,ENSG00000136518,ACTL6A,literal_official,12
Jurkat,ACTR10,ENSG00000131966,ACTR10,literal_official,73
Jurkat,ACTR1A,ENSG00000138107,ACTR1A,literal_official,113
Jurkat,ACTR1B,ENSG00000115073,ACTR1B,literal_official,123
Jurkat,ACTR2,ENSG00000138071,ACTR2,literal_official,89
Jurkat,ACTR3,ENSG00000115091,ACTR3,literal_official,48
Jurkat,ACTR5,ENSG00000101442,ACTR5,literal_official,104
Jurkat,ACTR6,ENSG00000075089,ACTR6,literal_official,102
Jurkat,ACTR8,ENSG00000113812,ACTR8,literal_official,124
Jurkat,ADAM10,ENSG00000137845,ADAM10,literal_official,290
Jurkat,ADAT2,ENSG00000189007,ADAT2,literal_official,83
Jurkat,ADAT3,ENSG00000213638,ADAT3,literal_official,364
Jurkat,ADNP2,ENSG00000101544,ADNP2,literal_official,61
Jurkat,ADRM1,ENSG00000130706,ADRM1,literal_official,115
Jurkat,ADSL,ENSG00000239900,ADSL,literal_official,67
Jurkat,AFG3L2,ENSG00000141385,AFG3L2,literal_official,107
Jurkat,AGBL5,ENSG00000084693,AGBL5,literal_official,36
Jurkat,AHCTF1,ENSG00000153207,AHCTF1,literal_official,29
Jurkat,AHCY,ENSG00000101444,AHCY,literal_official,58
Jurkat,AIFM1,ENSG00000156709,AIFM1,literal_official,100
Jurkat,AKIRIN2,ENSG00000135334,AKIRIN2,literal_official,68
Jurkat,ALDOA,ENSG00000149925,ALDOA,unique_hgnc_bridge,78
Jurkat,ALG1,ENSG00000033011,ALG1,literal_official,97
Jurkat,ALG11,ENSG00000253710,ALG11,literal_official,76
Jurkat,ALG13,ENSG00000101901,ALG13,literal_official,99
Jurkat,ALG14,ENSG00000172339,ALG14,literal_official,107
Jurkat,ALG1L,ENSG00000189366,ALG1L,literal_official,210
Jurkat,ALG2,ENSG00000119523,ALG2,literal_official,80
Jurkat,ALYREF,ENSG00000183684,ALYREF,literal_official,69
Jurkat,ANAPC1,ENSG00000153107,ANAPC1,literal_official,31
Jurkat,ANAPC10,ENSG00000164162,ANAPC10,literal_official,43
Jurkat,ANAPC11,ENSG00000141552,ANAPC11,literal_official,80
Jurkat,ANAPC13,ENSG00000129055,ANAPC13,literal_official,129
Jurkat,ANAPC15,ENSG00000110200,ANAPC15,literal_official,452
Jurkat,ANAPC2,ENSG00000176248,ANAPC2,literal_official,20
Jurkat,ANAPC4,ENSG00000053900,ANAPC4,literal_official,4
Jurkat,ANAPC5,ENSG00000089053,ANAPC5,literal_official,16
Jurkat,ANKLE2,ENSG00000176915,ANKLE2,literal_official,20
Jurkat,ANKRD11,ENSG00000167522,ANKRD11,literal_official,250
Jurkat,ANKRD17,ENSG00000132466,ANKRD17,literal_official,16
Jurkat,ANKRD39,ENSG00000213337,ANKRD39,literal_official,36
Jurkat,ANKRD49,ENSG00000168876,ANKRD49,literal_official,69
Jurkat,ANKS6,ENSG00000165138,ANKS6,literal_official,167
Jurkat,ANLN,ENSG00000011426,ANLN,literal_official,54
Jurkat,AP2A1,ENSG00000196961,AP2A1,literal_official,62
Jurkat,AP2M1,ENSG00000161203,AP2M1,literal_official,146
Jurkat,AP2S1,ENSG00000042753,AP2S1,literal_official,27
Jurkat,AQP7,ENSG00000165269,AQP7,literal_official,124
Jurkat,AQR,ENSG00000021776,AQR,literal_official,30
Jurkat,ARCN1,ENSG00000095139,ARCN1,literal_official,129
Jurkat,ARF4,ENSG00000168374,ARF4,literal_official,61
Jurkat,ARFRP1,ENSG00000101246,ARFRP1,literal_official,83
Jurkat,ARGFX,ENSG00000186103,ARGFX,literal_official,105
Jurkat,ARGLU1,ENSG00000134884,ARGLU1,literal_official,64
Jurkat,ARHGAP11B,ENSG00000284906,ARHGAP11B,literal_official_id_unresolved,78
Jurkat,ARHGAP6,ENSG00000047648,ARHGAP6,literal_official,68
Jurkat,ARID3A,ENSG00000116017,ARID3A,literal_official,107
Jurkat,ARID5B,ENSG00000150347,ARID5B,literal_official,152
Jurkat,ARIH1,ENSG00000166233,ARIH1,literal_official,41
Jurkat,ARL2,ENSG00000213465,ARL2,literal_official,44
Jurkat,ARL4D,ENSG00000175906,ARL4D,literal_official,113
Jurkat,ARL6IP6,ENSG00000177917,ARL6IP6,literal_official,65
Jurkat,ARMC6,ENSG00000105676,ARMC6,literal_official,83
Jurkat,ARMC7,ENSG00000125449,ARMC7,literal_official,168
Jurkat,ARPC1B,ENSG00000130429,ARPC1B,literal_official,19
Jurkat,ARPC2,ENSG00000163466,ARPC2,literal_official,140
Jurkat,ARPC3,ENSG00000111229,ARPC3,literal_official,128
Jurkat,ARPC4,ENSG00000241553,ARPC4,literal_official,148
Jurkat,ARRB2,ENSG00000141480,ARRB2,literal_official,19
Jurkat,ASCC3,ENSG00000112249,ASCC3,literal_official,103
Jurkat,ASF1B,ENSG00000105011,ASF1B,literal_official,92
Jurkat,ATF4,ENSG00000128272,ATF4,literal_official,52
Jurkat,ATF5,ENSG00000169136,ATF5,literal_official,23
Jurkat,ATIC,ENSG00000138363,ATIC,literal_official,37
Jurkat,ATL2,ENSG00000119787,ATL2,literal_official,63
Jurkat,ATP11B,ENSG00000058063,ATP11B,literal_official,192
Jurkat,ATP1A1,ENSG00000163399,ATP1A1,literal_official,118
Jurkat,ATP2A2,ENSG00000174437,ATP2A2,literal_official,131
Jurkat,ATP5F1A,ENSG00000152234,ATP5F1A,literal_official,72
Jurkat,ATP5F1B,ENSG00000110955,ATP5F1B,literal_official,64
Jurkat,ATP5F1C,ENSG00000165629,ATP5F1C,literal_official,22
Jurkat,ATP5MD,ENSG00000173915,ATP5MD,literal_official,41
Jurkat,ATP5ME,ENSG00000169020,ATP5ME,literal_official,131
Jurkat,ATP5MF,ENSG00000241468,ATP5MF,literal_official,239
Jurkat,ATP5PD,ENSG00000167863,ATP5PD,literal_official,150
Jurkat,ATP5PO,ENSG00000241837,ATP5PO,literal_official,77
Jurkat,ATP6AP1,ENSG00000071553,ATP6AP1,literal_official,7
Jurkat,ATP6AP2,ENSG00000182220,ATP6AP2,literal_official,47
Jurkat,ATP6V0B,ENSG00000117410,ATP6V0B,literal_official,44
Jurkat,ATP6V0C,ENSG00000185883,ATP6V0C,literal_official,18
Jurkat,ATP6V0D1,ENSG00000159720,ATP6V0D1,literal_official,45
Jurkat,ATP6V1A,ENSG00000114573,ATP6V1A,literal_official,27
Jurkat,ATP6V1B2,ENSG00000147416,ATP6V1B2,literal_official,38
Jurkat,ATP6V1C1,ENSG00000155097,ATP6V1C1,literal_official,6
Jurkat,ATP6V1D,ENSG00000100554,ATP6V1D,literal_official,56
Jurkat,ATP6V1E1,ENSG00000131100,ATP6V1E1,literal_official,22
Jurkat,ATP6V1F,ENSG00000128524,ATP6V1F,literal_official,30
Jurkat,ATP6V1G1,ENSG00000136888,ATP6V1G1,literal_official,75
Jurkat,ATP6V1H,ENSG00000047249,ATP6V1H,literal_official,17
Jurkat,ATR,ENSG00000175054,ATR,literal_official,126
Jurkat,ATRIP,ENSG00000164053,ATRIP,literal_official,54
Jurkat,ATXN10,ENSG00000130638,ATXN10,literal_official,61
Jurkat,AURKA,ENSG00000087586,AURKA,literal_official,18
Jurkat,AURKAIP1,ENSG00000175756,AURKAIP1,literal_official,103
Jurkat,AURKB,ENSG00000178999,AURKB,literal_official,3
Jurkat,BAG6,ENSG00000204463,BAG6,literal_official,94
Jurkat,BANF1,ENSG00000175334,BANF1,literal_official,34
Jurkat,BANP,ENSG00000172530,BANP,literal_official,53
Jurkat,BAP1,ENSG00000163930,BAP1,literal_official,200
Jurkat,BARD1,ENSG00000138376,BARD1,literal_official,61
Jurkat,BCAR1,ENSG00000050820,BCAR1,literal_official,782
Jurkat,BCAS2,ENSG00000116752,BCAS2,literal_official,23
Jurkat,BCL2L1,ENSG00000171552,BCL2L1,literal_official,94
Jurkat,BCLAF1,ENSG00000029363,BCLAF1,literal_official,57
Jurkat,BCR,ENSG00000186716,BCR,literal_official,76
Jurkat,BCS1L,ENSG00000074582,BCS1L,literal_official,79
Jurkat,BDP1,ENSG00000145734,BDP1,literal_official,64
Jurkat,BET1,ENSG00000105829,BET1,literal_official,82
Jurkat,BGLAP,ENSG00000242252,BGLAP,literal_official,15
Jurkat,BIRC5,ENSG00000089685,BIRC5,literal_official,6
Jurkat,BMP2K,ENSG00000138756,BMP2K,literal_official,39
Jurkat,BMS1,ENSG00000165733,BMS1,literal_official,182
Jurkat,BNIP1,ENSG00000113734,BNIP1,literal_official,109
Jurkat,BOD1L1,ENSG00000038219,BOD1L1,literal_official,58
Jurkat,BOP1,ENSG00000261236,BOP1,literal_official,328
Jurkat,BORA,ENSG00000136122,BORA,literal_official,17
Jurkat,BPTF,ENSG00000171634,BPTF,literal_official,62
Jurkat,BRCA1,ENSG00000012048,BRCA1,literal_official,141
Jurkat,BRCA2,ENSG00000139618,BRCA2,literal_official,161
Jurkat,BRD2,ENSG00000204256,BRD2,literal_official,100
Jurkat,BRD4,ENSG00000141867,BRD4,literal_official,70
Jurkat,BRD8,ENSG00000112983,BRD8,literal_official,55
Jurkat,BRF1,ENSG00000185024,BRF1,literal_official,103
Jurkat,BRF2,ENSG00000104221,BRF2,literal_official,58
Jurkat,BRIP1,ENSG00000136492,BRIP1,literal_official,81
Jurkat,BRIX1,ENSG00000113460,BRIX1,literal_official,151
Jurkat,BRK1,ENSG00000254999,BRK1,literal_official,68
Jurkat,BTAF1,ENSG00000095564,BTAF1,literal_official,96
Jurkat,BTF3,ENSG00000145741,BTF3,literal_official,255
Jurkat,BTF3L4,ENSG00000134717,BTF3L4,literal_official,221
Jurkat,BUB1,ENSG00000169679,BUB1,literal_official,12
Jurkat,BUB1B,ENSG00000156970,BUB1B,literal_official,47
Jurkat,BUB3,ENSG00000154473,BUB3,literal_official,27
Jurkat,BUD13,ENSG00000137656,BUD13,literal_official,40
Jurkat,BUD23,ENSG00000071462,BUD23,literal_official,39
Jurkat,BUD31,ENSG00000106245,BUD31,literal_official,25
Jurkat,BYSL,ENSG00000112578,BYSL,literal_official,103
Jurkat,C12orf45,ENSG00000151131,C12orf45,literal_official,113
Jurkat,C12orf60,ENSG00000182993,C12orf60,literal_official,16
Jurkat,C14orf178,ENSG00000197734,C14orf178,literal_official,111
Jurkat,C16orf86,ENSG00000159761,C16orf86,literal_official,135
Jurkat,C17orf58,ENSG00000186665,C17orf58,literal_official,151
Jurkat,C18orf21,ENSG00000141428,C18orf21,literal_official,66
Jurkat,C19orf25,ENSG00000119559,C19orf25,literal_official,44
Jurkat,C19orf53,ENSG00000104979,C19orf53,literal_official,97
Jurkat,C1D,ENSG00000197223,C1D,literal_official,69
Jurkat,C1QBP,ENSG00000108561,C1QBP,literal_official,21
Jurkat,C1QTNF4,ENSG00000172247,C1QTNF4,literal_official,92
Jurkat,C1orf109,ENSG00000116922,C1orf109,literal_official,165
Jurkat,C1orf131,ENSG00000143633,C1orf131,literal_official,61
Jurkat,C5orf30,ENSG00000181751,C5orf30,literal_official,93
Jurkat,C6orf15,ENSG00000204542,C6orf15,literal_official,78
Jurkat,C7orf26,ENSG00000146576,C7orf26,literal_official,446
Jurkat,C7orf50,ENSG00000146540,C7orf50,literal_official,126
Jurkat,C9orf16,ENSG00000171159,C9orf16,literal_official,145
Jurkat,C9orf78,ENSG00000136819,C9orf78,literal_official,102
Jurkat,CA5A,ENSG00000174990,CA5A,literal_official,122
Jurkat,CABIN1,ENSG00000099991,CABIN1,literal_official,161
Jurkat,CACNB3,ENSG00000167535,CACNB3,literal_official,213
Jurkat,CACTIN,ENSG00000105298,CACTIN,literal_official,45
Jurkat,CAD,ENSG00000084774,CAD,literal_official,46
Jurkat,CADM4,ENSG00000105767,CADM4,literal_official,233
Jurkat,CALR,ENSG00000179218,CALR,literal_official,81
Jurkat,CAMLG,ENSG00000164615,CAMLG,literal_official,127
Jurkat,CAP1,ENSG00000131236,CAP1,literal_official,40
Jurkat,CAPZB,ENSG00000077549,CAPZB,literal_official,90
Jurkat,CARF,ENSG00000138380,CARF,literal_official,78
Jurkat,CARS,ENSG00000110619,CARS,literal_official,70
Jurkat,CASC3,ENSG00000108349,CASC3,literal_official,56
Jurkat,CASP8AP2,ENSG00000118412,CASP8AP2,literal_official,27
Jurkat,CAST,ENSG00000153113,CAST,literal_official,88
Jurkat,CBFA2T3,ENSG00000129993,CBFA2T3,literal_official,119
Jurkat,CBLL1,ENSG00000105879,CBLL1,literal_official,46
Jurkat,CBLN1,ENSG00000102924,CBLN1,literal_official,179
Jurkat,CBX1,ENSG00000108468,CBX1,literal_official,117
Jurkat,CCAR1,ENSG00000060339,CCAR1,literal_official,69
Jurkat,CCDC115,ENSG00000136710,CCDC115,literal_official,100
Jurkat,CCDC130,ENSG00000104957,CCDC130,literal_official,183
Jurkat,CCDC137,ENSG00000185298,CCDC137,literal_official,100
Jurkat,CCDC144A,ENSG00000170160,CCDC144A,literal_official,111
Jurkat,CCDC144NL,ENSG00000205212,CCDC144NL,literal_official,248
Jurkat,CCDC174,ENSG00000154781,CCDC174,literal_official,19
Jurkat,CCDC59,ENSG00000133773,CCDC59,literal_official,199
Jurkat,CCDC6,ENSG00000108091,CCDC6,literal_official,796
Jurkat,CCDC78,ENSG00000162004,CCDC78,literal_official,514
Jurkat,CCDC84,ENSG00000186166,CCDC84,literal_official,56
Jurkat,CCDC86,ENSG00000110104,CCDC86,literal_official,52
Jurkat,CCNA2,ENSG00000145386,CCNA2,literal_official,16
Jurkat,CCNB1,ENSG00000134057,CCNB1,literal_official,87
Jurkat,CCNC,ENSG00000112237,CCNC,literal_official,82
Jurkat,CCND1,ENSG00000110092,CCND1,literal_official,284
Jurkat,CCND3,ENSG00000112576,CCND3,literal_official,12
Jurkat,CCNH,ENSG00000134480,CCNH,literal_official,221
Jurkat,CCNK,ENSG00000090061,CCNK,literal_official,238
Jurkat,CCNL1,ENSG00000163660,CCNL1,literal_official,73
Jurkat,CCNQ,ENSG00000262919,CCNQ,literal_official,14
Jurkat,CCP110,ENSG00000103540,CCP110,literal_official,43
Jurkat,CCT2,ENSG00000166226,CCT2,literal_official,26
Jurkat,CCT3,ENSG00000163468,CCT3,literal_official,30
Jurkat,CCT4,ENSG00000115484,CCT4,literal_official,60
Jurkat,CCT5,ENSG00000150753,CCT5,literal_official,17
Jurkat,CCT6A,ENSG00000146731,CCT6A,literal_official,37
Jurkat,CCT7,ENSG00000135624,CCT7,unique_hgnc_bridge,44
Jurkat,CCT8,ENSG00000156261,CCT8,literal_official,48
Jurkat,CD2BP2,ENSG00000169217,CD2BP2,literal_official,99
Jurkat,CD3EAP,ENSG00000117877,CD3EAP,literal_official,175
Jurkat,CD8B,ENSG00000172116,CD8B,literal_official,194
Jurkat,CDAN1,ENSG00000140326,CDAN1,literal_official,70
Jurkat,CDC123,ENSG00000151465,CDC123,literal_official,46
Jurkat,CDC16,ENSG00000130177,CDC16,literal_official,36
Jurkat,CDC20,ENSG00000117399,CDC20,literal_official,13
Jurkat,CDC23,ENSG00000094880,CDC23,literal_official,3
Jurkat,CDC26,ENSG00000176386,CDC26,literal_official,4
Jurkat,CDC27,ENSG00000004897,CDC27,literal_official,12
Jurkat,CDC37,ENSG00000105401,CDC37,literal_official,56
Jurkat,CDC40,ENSG00000168438,CDC40,literal_official,6
Jurkat,CDC42,ENSG00000070831,CDC42,unique_hgnc_bridge,44
Jurkat,CDC45,ENSG00000093009,CDC45,literal_official,153
Jurkat,CDC5L,ENSG00000096401,CDC5L,literal_official,35
Jurkat,CDC6,ENSG00000094804,CDC6,literal_official,40
Jurkat,CDC7,ENSG00000097046,CDC7,literal_official,51
Jurkat,CDC73,ENSG00000134371,CDC73,literal_official,31
Jurkat,CDCA5,ENSG00000146670,CDCA5,literal_official,92
Jurkat,CDIPT,ENSG00000103502,CDIPT,literal_official,175
Jurkat,CDK1,ENSG00000170312,CDK1,literal_official,126
Jurkat,CDK11A,ENSG00000008128,CDK11A,literal_official,110
Jurkat,CDK12,ENSG00000167258,CDK12,literal_official,36
Jurkat,CDK2,ENSG00000123374,CDK2,literal_official,178
Jurkat,CDK6,ENSG00000105810,CDK6,literal_official,180
Jurkat,CDK7,ENSG00000134058,CDK7,literal_official,17
Jurkat,CDK9,ENSG00000136807,CDK9,literal_official,93
Jurkat,CDT1,ENSG00000167513,CDT1,literal_official,74
Jurkat,CEBPG,ENSG00000153879,CEBPG,literal_official,6
Jurkat,CEBPZ,ENSG00000115816,CEBPZ,literal_official,157
Jurkat,CENPA,ENSG00000115163,CENPA,literal_official,124
Jurkat,CENPC,ENSG00000145241,CENPC,literal_official,43
Jurkat,CENPE,ENSG00000138778,CENPE,literal_official,179
Jurkat,CENPH,ENSG00000153044,CENPH,literal_official,38
Jurkat,CENPI,ENSG00000102384,CENPI,literal_official,8
Jurkat,CENPJ,ENSG00000151849,CENPJ,literal_official,120
Jurkat,CENPK,ENSG00000123219,CENPK,literal_official,30
Jurkat,CENPN,ENSG00000166451,CENPN,literal_official,49
Jurkat,CENPP,ENSG00000188312,CENPP,literal_official,78
Jurkat,CENPT,ENSG00000102901,CENPT,literal_official,106
Jurkat,CENPW,ENSG00000203760,CENPW,literal_official,55
Jurkat,CEP152,ENSG00000103995,CEP152,literal_official,50
Jurkat,CEP192,ENSG00000101639,CEP192,literal_official,30
Jurkat,CEP68,ENSG00000011523,CEP68,literal_official,76
Jurkat,CEP85,ENSG00000130695,CEP85,literal_official,47
Jurkat,CEP97,ENSG00000182504,CEP97,literal_official,72
Jurkat,CFDP1,ENSG00000153774,CFDP1,literal_official,86
Jurkat,CFL1,ENSG00000172757,CFL1,literal_official,23
Jurkat,CHAF1A,ENSG00000167670,CHAF1A,literal_official,23
Jurkat,CHAF1B,ENSG00000159259,CHAF1B,literal_official,52
Jurkat,CHCHD1,ENSG00000172586,CHCHD1,literal_official,59
Jurkat,CHCHD2,ENSG00000106153,CHCHD2,literal_official,117
Jurkat,CHCHD3,ENSG00000106554,CHCHD3,literal_official,72
Jurkat,CHCHD4,ENSG00000163528,CHCHD4,literal_official,163
Jurkat,CHD4,ENSG00000111642,CHD4,literal_official,101
Jurkat,CHEK1,ENSG00000149554,CHEK1,literal_official,34
Jurkat,CHERP,ENSG00000085872,CHERP,literal_official,65
Jurkat,CHMP1A,ENSG00000131165,CHMP1A,literal_official,40
Jurkat,CHMP2A,ENSG00000130724,CHMP2A,literal_official,32
Jurkat,CHMP3,ENSG00000115561,CHMP3,literal_official,42
Jurkat,CHMP4B,ENSG00000101421,CHMP4B,literal_official,72
Jurkat,CHMP5,ENSG00000086065,CHMP5,literal_official,70
Jurkat,CHMP6,ENSG00000176108,CHMP6,literal_official,139
Jurkat,CHMP7,ENSG00000147457,CHMP7,literal_official,77
Jurkat,CHORDC1,ENSG00000110172,CHORDC1,literal_official,149
Jurkat,CHTF18,ENSG00000127586,CHTF18,literal_official,147
Jurkat,CHTF8,ENSG00000168802,CHTF8,literal_official,38
Jurkat,CHTOP,ENSG00000160679,CHTOP,literal_official,121
Jurkat,CIAO1,ENSG00000144021,CIAO1,literal_official,166
Jurkat,CIAPIN1,ENSG00000005194,CIAPIN1,literal_official,147
Jurkat,CINP,ENSG00000100865,CINP,literal_official,65
Jurkat,CKAP5,ENSG00000175216,CKAP5,literal_official,130
Jurkat,CLASRP,ENSG00000104859,CLASRP,literal_official,274
Jurkat,CLCC1,ENSG00000121940,CLCC1,literal_official,59
Jurkat,CLK2,ENSG00000176444,CLK2,literal_official,67
Jurkat,CLNS1A,ENSG00000074201,CLNS1A,literal_official,62
Jurkat,CLOCK,ENSG00000134852,CLOCK,literal_official,442
Jurkat,CLP1,ENSG00000172409,CLP1,unique_hgnc_bridge,28
Jurkat,CLPB,ENSG00000162129,CLPB,literal_official,84
Jurkat,CLSPN,ENSG00000092853,CLSPN,literal_official,16
Jurkat,CLTC,ENSG00000141367,CLTC,literal_official,11
Jurkat,CMC4,ENSG00000182712,CMC4,literal_official,71
Jurkat,CMPK1,ENSG00000162368,CMPK1,literal_official,155
Jurkat,CMTR1,ENSG00000137200,CMTR1,literal_official,87
Jurkat,CMTR2,ENSG00000180917,CMTR2,literal_official,4
Jurkat,CNIH4,ENSG00000143771,CNIH4,literal_official,81
Jurkat,CNN2,ENSG00000064666,CNN2,literal_official,174
Jurkat,CNOT1,ENSG00000125107,CNOT1,literal_official,43
Jurkat,CNOT10,ENSG00000182973,CNOT10,literal_official,100
Jurkat,CNOT11,ENSG00000158435,CNOT11,literal_official,93
Jurkat,CNOT2,ENSG00000111596,CNOT2,literal_official,172
Jurkat,CNOT3,ENSG00000088038,CNOT3,literal_official,163
Jurkat,CNOT9,ENSG00000144580,CNOT9,literal_official,34
Jurkat,COA5,ENSG00000183513,COA5,literal_official,94
Jurkat,COASY,ENSG00000068120,COASY,literal_official,90
Jurkat,COG1,ENSG00000166685,COG1,literal_official,121
Jurkat,COG2,ENSG00000135775,COG2,literal_official,75
Jurkat,COG3,ENSG00000136152,COG3,literal_official,43
Jurkat,COG4,ENSG00000103051,COG4,literal_official,57
Jurkat,COG6,ENSG00000133103,COG6,literal_official,163
Jurkat,COG8,ENSG00000213380,COG8,literal_official,47
Jurkat,COMTD1,ENSG00000165644,COMTD1,literal_official,89
Jurkat,COPA,ENSG00000122218,COPA,literal_official,37
Jurkat,COPB1,ENSG00000129083,COPB1,literal_official,42
Jurkat,COPB2,ENSG00000184432,COPB2,literal_official,45
Jurkat,COPE,ENSG00000105669,COPE,literal_official,65
Jurkat,COPG1,ENSG00000181789,COPG1,literal_official,169
Jurkat,COPS2,ENSG00000166200,COPS2,literal_official,66
Jurkat,COPS3,ENSG00000141030,COPS3,literal_official,70
Jurkat,COPS4,ENSG00000138663,COPS4,literal_official,80
Jurkat,COPS5,ENSG00000121022,COPS5,literal_official,55
Jurkat,COPS6,ENSG00000168090,COPS6,literal_official,55
Jurkat,COPS8,ENSG00000198612,COPS8,literal_official,153
Jurkat,COPZ1,ENSG00000111481,COPZ1,literal_official,133
Jurkat,COQ2,ENSG00000173085,COQ2,literal_official,145
Jurkat,COQ4,ENSG00000167113,COQ4,literal_official,84
Jurkat,COQ5,ENSG00000110871,COQ5,literal_official,61
Jurkat,COTL1,ENSG00000103187,COTL1,literal_official,100
Jurkat,COX10,ENSG00000006695,COX10,literal_official,146
Jurkat,COX11,ENSG00000166260,COX11,literal_official,264
Jurkat,COX15,ENSG00000014919,COX15,literal_official,66
Jurkat,COX17,ENSG00000138495,COX17,literal_official,77
Jurkat,COX5A,ENSG00000178741,COX5A,unique_hgnc_bridge,150
Jurkat,COX5B,ENSG00000135940,COX5B,literal_official,56
Jurkat,COX6C,ENSG00000164919,COX6C,literal_official,92
Jurkat,COX7B,ENSG00000131174,COX7B,literal_official,48
Jurkat,COX7C,ENSG00000127184,COX7C,literal_official,108
Jurkat,CPAMD8,ENSG00000160111,CPAMD8,literal_official,139
Jurkat,CPEB1,ENSG00000214575,CPEB1,literal_official,171
Jurkat,CPNE1,ENSG00000214078,CPNE1,literal_official,36
Jurkat,CPNE7,ENSG00000178773,CPNE7,literal_official,126
Jurkat,CPOX,ENSG00000080819,CPOX,literal_official,39
Jurkat,CPSF1,ENSG00000071894,CPSF1,literal_official,124
Jurkat,CPSF2,ENSG00000165934,CPSF2,literal_official,30
Jurkat,CPSF3,ENSG00000119203,CPSF3,literal_official,357
Jurkat,CPSF4,ENSG00000160917,CPSF4,literal_official,114
Jurkat,CPSF6,ENSG00000111605,CPSF6,literal_official,51
Jurkat,CRCP,ENSG00000241258,CRCP,literal_official,49
Jurkat,CRKL,ENSG00000099942,CRKL,literal_official,40
Jurkat,CRLS1,ENSG00000088766,CRLS1,literal_official,54
Jurkat,CRNKL1,ENSG00000101343,CRNKL1,literal_official,20
Jurkat,CS,ENSG00000062485,CS,literal_official,131
Jurkat,CSDE1,ENSG00000009307,CSDE1,literal_official,67
Jurkat,CSE1L,ENSG00000124207,CSE1L,literal_official,55
Jurkat,CSH2,ENSG00000213218,CSH2,literal_official,205
Jurkat,CSNK1A1,ENSG00000113712,CSNK1A1,literal_official,103
Jurkat,CSNK2B,ENSG00000204435,CSNK2B,literal_official,149
Jurkat,CSTF1,ENSG00000101138,CSTF1,literal_official,34
Jurkat,CSTF3,ENSG00000176102,CSTF3,literal_official,49
Jurkat,CT45A5,ENSG00000228836,CT45A5,unique_hgnc_bridge,76
Jurkat,CTBP2,ENSG00000175029,CTBP2,literal_official,58
Jurkat,CTCF,ENSG00000102974,CTCF,literal_official,44
Jurkat,CTDP1,ENSG00000060069,CTDP1,literal_official,107
Jurkat,CTNNBL1,ENSG00000132792,CTNNBL1,literal_official,88
Jurkat,CTPS1,ENSG00000171793,CTPS1,literal_official,28
Jurkat,CTR9,ENSG00000198730,CTR9,literal_official,17
Jurkat,CTU2,ENSG00000174177,CTU2,literal_official,107
Jurkat,CUL1,ENSG00000055130,CUL1,literal_official,52
Jurkat,CUL2,ENSG00000108094,CUL2,literal_official,106
Jurkat,CUL3,ENSG00000036257,CUL3,literal_official,90
Jurkat,CUL7,ENSG00000044090,CUL7,literal_official,46
Jurkat,CWC15,ENSG00000150316,CWC15,literal_official,36
Jurkat,CWC22,ENSG00000163510,CWC22,literal_official,11
Jurkat,CWC25,ENSG00000273559,CWC25,literal_official,51
Jurkat,CWF19L2,ENSG00000152404,CWF19L2,literal_official,104
Jurkat,CXXC1,ENSG00000154832,CXXC1,literal_official,153
Jurkat,CYC1,ENSG00000179091,CYC1,literal_official,105
Jurkat,CYCS,ENSG00000172115,CYCS,literal_official,82
Jurkat,CYFIP1,ENSG00000273749,CYFIP1,literal_official,57
Jurkat,CYP2A13,ENSG00000197838,CYP2A13,literal_official,102
Jurkat,CYP4F11,ENSG00000171903,CYP4F11,literal_official,66
Jurkat,CYREN,ENSG00000122783,CYREN,literal_official,81
Jurkat,CYS1,ENSG00000205795,CYS1,literal_official,239
Jurkat,DAD1,ENSG00000129562,DAD1,literal_official,75
Jurkat,DAP3,ENSG00000132676,DAP3,literal_official,109
Jurkat,DARS,ENSG00000115866,DARS,literal_official,39
Jurkat,DAXX,ENSG00000204209,DAXX,literal_official,62
Jurkat,DBF4,ENSG00000006634,DBF4,literal_official,57
Jurkat,DBR1,ENSG00000138231,DBR1,literal_official,155
Jurkat,DCAF6,ENSG00000143164,DCAF6,literal_official,127
Jurkat,DCLRE1B,ENSG00000118655,DCLRE1B,literal_official,57
Jurkat,DCTN1,ENSG00000204843,DCTN1,literal_official,77
Jurkat,DCTN2,ENSG00000175203,DCTN2,literal_official,157
Jurkat,DCTN3,ENSG00000137100,DCTN3,literal_official,172
Jurkat,DCTN4,ENSG00000132912,DCTN4,literal_official,240
Jurkat,DCTN5,ENSG00000166847,DCTN5,literal_official,60
Jurkat,DCTN6,ENSG00000104671,DCTN6,literal_official,166
Jurkat,DCUN1D5,ENSG00000137692,DCUN1D5,literal_official,78
Jurkat,DDB1,ENSG00000167986,DDB1,literal_official,138
Jurkat,DDN,ENSG00000181418,DDN,literal_official,197
Jurkat,DDOST,ENSG00000244038,DDOST,literal_official,80
Jurkat,DDX1,ENSG00000079785,DDX1,literal_official,116
Jurkat,DDX10,ENSG00000178105,DDX10,literal_official,133
Jurkat,DDX11,ENSG00000013573,DDX11,literal_official,84
Jurkat,DDX17,ENSG00000100201,DDX17,literal_official,121
Jurkat,DDX18,ENSG00000088205,DDX18,literal_official,84
Jurkat,DDX19A,ENSG00000168872,DDX19A,literal_official,12
Jurkat,DDX19B,ENSG00000157349,DDX19B,literal_official,331
Jurkat,DDX20,ENSG00000064703,DDX20,literal_official,63
Jurkat,DDX21,ENSG00000165732,DDX21,literal_official,203
Jurkat,DDX23,ENSG00000174243,DDX23,literal_official,63
Jurkat,DDX24,ENSG00000089737,DDX24,literal_official,45
Jurkat,DDX27,ENSG00000124228,DDX27,literal_official,131
Jurkat,DDX3X,ENSG00000215301,DDX3X,literal_official,77
Jurkat,DDX41,ENSG00000183258,DDX41,literal_official,24
Jurkat,DDX42,ENSG00000198231,DDX42,literal_official,75
Jurkat,DDX46,ENSG00000145833,DDX46,literal_official,250
Jurkat,DDX47,ENSG00000213782,DDX47,unique_hgnc_bridge,270
Jurkat,DDX49,ENSG00000105671,DDX49,literal_official,39
Jurkat,DDX5,ENSG00000108654,DDX5,literal_official,162
Jurkat,DDX51,ENSG00000185163,DDX51,literal_official,295
Jurkat,DDX52,ENSG00000278053,DDX52,literal_official,221
Jurkat,DDX54,ENSG00000123064,DDX54,literal_official,252
Jurkat,DDX55,ENSG00000111364,DDX55,literal_official,400
Jurkat,DDX56,ENSG00000136271,DDX56,literal_official,89
Jurkat,DDX59,ENSG00000118197,DDX59,literal_official,44
Jurkat,DDX6,ENSG00000110367,DDX6,literal_official,115
Jurkat,DENR,ENSG00000139726,DENR,literal_official,62
Jurkat,DEPDC5,ENSG00000100150,DEPDC5,literal_official,101
Jurkat,DERL2,ENSG00000072849,DERL2,literal_official,78
Jurkat,DESI1,ENSG00000100418,DESI1,literal_official,98
Jurkat,DGCR8,ENSG00000128191,DGCR8,literal_official,37
Jurkat,DHDDS,ENSG00000117682,DHDDS,literal_official,108
Jurkat,DHFR,ENSG00000228716,DHFR,literal_official,63
Jurkat,DHODH,ENSG00000102967,DHODH,literal_official,140
Jurkat,DHPS,ENSG00000095059,DHPS,literal_official,59
Jurkat,DHX15,ENSG00000109606,DHX15,literal_official,41
Jurkat,DHX16,ENSG00000204560,DHX16,literal_official,83
Jurkat,DHX29,ENSG00000067248,DHX29,literal_official,40
Jurkat,DHX30,ENSG00000132153,DHX30,literal_official,147
Jurkat,DHX33,ENSG00000005100,DHX33,literal_official,118
Jurkat,DHX36,ENSG00000174953,DHX36,literal_official,113
Jurkat,DHX37,ENSG00000150990,DHX37,literal_official,134
Jurkat,DHX8,ENSG00000067596,DHX8,literal_official,120
Jurkat,DHX9,ENSG00000135829,DHX9,literal_official,68
Jurkat,DICER1,ENSG00000100697,DICER1,literal_official,94
Jurkat,DIMT1,ENSG00000086189,DIMT1,literal_official,191
Jurkat,DIS3,ENSG00000083520,DIS3,literal_official,50
Jurkat,DKC1,ENSG00000130826,DKC1,literal_official,97
Jurkat,DLD,ENSG00000091140,DLD,literal_official,56
Jurkat,DMAP1,ENSG00000178028,DMAP1,literal_official,36
Jurkat,DMRTA2,ENSG00000142700,DMRTA2,literal_official,119
Jurkat,DNAAF3,ENSG00000167646,DNAAF3,literal_official,232
Jurkat,DNAJA1,ENSG00000086061,DNAJA1,literal_official,159
Jurkat,DNAJA3,ENSG00000103423,DNAJA3,literal_official,99
Jurkat,DNAJC11,ENSG00000007923,DNAJC11,literal_official,52
Jurkat,DNAJC17,ENSG00000104129,DNAJC17,unique_hgnc_bridge,79
Jurkat,DNAJC19,ENSG00000205981,DNAJC19,literal_official,114
Jurkat,DNAJC8,ENSG00000126698,DNAJC8,literal_official,134
Jurkat,DNAJC9,ENSG00000213551,DNAJC9,literal_official,73
Jurkat,DNLZ,ENSG00000213221,DNLZ,literal_official,83
Jurkat,DNM1,ENSG00000106976,DNM1,literal_official,294
Jurkat,DNM1L,ENSG00000087470,DNM1L,literal_official,45
Jurkat,DNM2,ENSG00000079805,DNM2,literal_official,6
Jurkat,DNMT1,ENSG00000130816,DNMT1,literal_official,177
Jurkat,DNTTIP2,ENSG00000067334,DNTTIP2,literal_official,70
Jurkat,DOHH,ENSG00000129932,DOHH,literal_official,143
Jurkat,DOLK,ENSG00000175283,DOLK,literal_official,82
Jurkat,DONSON,ENSG00000159147,DONSON,literal_official,14
Jurkat,DPAGT1,ENSG00000172269,DPAGT1,literal_official,91
Jurkat,DPH1,ENSG00000108963,DPH1,literal_official,219
Jurkat,DPH2,ENSG00000132768,DPH2,literal_official,68
Jurkat,DPH3,ENSG00000154813,DPH3,literal_official,90
Jurkat,DPH6,ENSG00000134146,DPH6,literal_official,107
Jurkat,DPM2,ENSG00000136908,DPM2,literal_official,81
Jurkat,DPPA2,ENSG00000163530,DPPA2,literal_official,100
Jurkat,DPY19L2,ENSG00000177990,DPY19L2,literal_official,69
Jurkat,DPY19L4,ENSG00000156162,DPY19L4,literal_official,168
Jurkat,DR1,ENSG00000117505,DR1,literal_official,59
Jurkat,DRAP1,ENSG00000175550,DRAP1,literal_official,141
Jurkat,DRG1,ENSG00000185721,DRG1,literal_official,91
Jurkat,DROSHA,ENSG00000113360,DROSHA,literal_official,36
Jurkat,DSN1,ENSG00000149636,DSN1,literal_official,24
Jurkat,DSTYK,ENSG00000133059,DSTYK,literal_official,248
Jurkat,DTL,ENSG00000143476,DTL,literal_official,37
Jurkat,DTYMK,ENSG00000168393,DTYMK,literal_official,22
Jurkat,DUT,ENSG00000128951,DUT,literal_official,33
Jurkat,DYNC1H1,ENSG00000197102,DYNC1H1,literal_official,29
Jurkat,DYNC1I2,ENSG00000077380,DYNC1I2,literal_official,44
Jurkat,DYNLL1,ENSG00000088986,DYNLL1,literal_official,60
Jurkat,DYNLL2,ENSG00000264364,DYNLL2,literal_official,164
Jurkat,DYNLRB1,ENSG00000125971,DYNLRB1,literal_official,224
Jurkat,E2F6,ENSG00000169016,E2F6,literal_official,119
Jurkat,E4F1,ENSG00000167967,E4F1,literal_official,228
Jurkat,EARS2,ENSG00000103356,EARS2,literal_official,128
Jurkat,EBNA1BP2,ENSG00000117395,EBNA1BP2,literal_official,49
Jurkat,ECD,ENSG00000122882,ECD,literal_official,23
Jurkat,ECT2,ENSG00000114346,ECT2,literal_official,6
Jurkat,EDC4,ENSG00000038358,EDC4,literal_official,138
Jurkat,EEF1A1,ENSG00000156508,EEF1A1,unique_hgnc_bridge,42
Jurkat,EEF1B2,ENSG00000114942,EEF1B2,literal_official,91
Jurkat,EEF1G,ENSG00000254772,EEF1G,literal_official,60
Jurkat,EEF2,ENSG00000167658,EEF2,literal_official,183
Jurkat,EEFSEC,ENSG00000132394,EEFSEC,literal_official,54
Jurkat,EFR3A,ENSG00000132294,EFR3A,literal_official,100
Jurkat,EFTUD2,ENSG00000108883,EFTUD2,literal_official,32
Jurkat,EGLN2,ENSG00000269858,EGLN2,literal_official,148
Jurkat,EHMT2,ENSG00000204371,EHMT2,literal_official,125
Jurkat,EIF1,ENSG00000173812,EIF1,literal_official,116
Jurkat,EIF1AD,ENSG00000175376,EIF1AD,literal_official,71
Jurkat,EIF1AX,ENSG00000173674,EIF1AX,literal_official,75
Jurkat,EIF2B1,ENSG00000111361,EIF2B1,literal_official,257
Jurkat,EIF2B2,ENSG00000119718,EIF2B2,literal_official,202
Jurkat,EIF2B3,ENSG00000070785,EIF2B3,literal_official,73
Jurkat,EIF2B4,ENSG00000115211,EIF2B4,literal_official,68
Jurkat,EIF2B5,ENSG00000145191,EIF2B5,literal_official,138
Jurkat,EIF2S1,ENSG00000134001,EIF2S1,literal_official,45
Jurkat,EIF2S2,ENSG00000125977,EIF2S2,literal_official,57
Jurkat,EIF2S3,ENSG00000130741,EIF2S3,literal_official,39
Jurkat,EIF3A,ENSG00000107581,EIF3A,literal_official,56
Jurkat,EIF3B,ENSG00000106263,EIF3B,literal_official,167
Jurkat,EIF3CL,ENSG00000205609,EIF3CL,literal_official,372
Jurkat,EIF3D,ENSG00000100353,EIF3D,literal_official,58
Jurkat,EIF3E,ENSG00000104408,EIF3E,literal_official,53
Jurkat,EIF3F,ENSG00000175390,EIF3F,literal_official,15
Jurkat,EIF3G,ENSG00000130811,EIF3G,literal_official,10
Jurkat,EIF3H,ENSG00000147677,EIF3H,literal_official,51
Jurkat,EIF3I,ENSG00000084623,EIF3I,literal_official,73
Jurkat,EIF3J,ENSG00000104131,EIF3J,literal_official,86
Jurkat,EIF3L,ENSG00000100129,EIF3L,literal_official,143
Jurkat,EIF3M,ENSG00000149100,EIF3M,literal_official,101
Jurkat,EIF4A1,ENSG00000161960,EIF4A1,literal_official,78
Jurkat,EIF4A3,ENSG00000141543,EIF4A3,literal_official,43
Jurkat,EIF4B,ENSG00000063046,EIF4B,literal_official,461
Jurkat,EIF4E,ENSG00000151247,EIF4E,literal_official,55
Jurkat,EIF4G1,ENSG00000114867,EIF4G1,literal_official,73
Jurkat,EIF4G2,ENSG00000110321,EIF4G2,literal_official,129
Jurkat,EIF4H,ENSG00000106682,EIF4H,literal_official,138
Jurkat,EIF5,ENSG00000100664,EIF5,literal_official,71
Jurkat,EIF5A,ENSG00000132507,EIF5A,unique_hgnc_bridge,37
Jurkat,EIF6,ENSG00000242372,EIF6,literal_official,125
Jurkat,ELAC2,ENSG00000006744,ELAC2,literal_official,104
Jurkat,ELL,ENSG00000105656,ELL,literal_official,92
Jurkat,ELOB,ENSG00000103363,ELOB,literal_official,195
Jurkat,ELOF1,ENSG00000130165,ELOF1,literal_official,162
Jurkat,ELOVL1,ENSG00000066322,ELOVL1,literal_official,121
Jurkat,ELP2,ENSG00000134759,ELP2,literal_official,101
Jurkat,ELP3,ENSG00000134014,ELP3,literal_official,210
Jurkat,ELP4,ENSG00000109911,ELP4,literal_official,50
Jurkat,ELP5,ENSG00000170291,ELP5,literal_official,154
Jurkat,ELP6,ENSG00000163832,ELP6,literal_official,100
Jurkat,EMC1,ENSG00000127463,EMC1,literal_official,81
Jurkat,EMC3,ENSG00000125037,EMC3,literal_official,86
Jurkat,EMC4,ENSG00000128463,EMC4,literal_official,52
Jurkat,EMC7,ENSG00000134153,EMC7,literal_official,69
Jurkat,EMG1,ENSG00000126749,EMG1,literal_official,47
Jurkat,ENO1,ENSG00000074800,ENO1,literal_official,70
Jurkat,ENY2,ENSG00000120533,ENY2,literal_official,102
Jurkat,EP400,ENSG00000183495,EP400,literal_official,92
Jurkat,EPB41L2,ENSG00000079819,EPB41L2,literal_official,79
Jurkat,EPRS,ENSG00000136628,EPRS,literal_official,70
Jurkat,EPS8L1,ENSG00000131037,EPS8L1,literal_official,489
Jurkat,ERAL1,ENSG00000132591,ERAL1,literal_official,143
Jurkat,ERCC2,ENSG00000104884,ERCC2,literal_official,89
Jurkat,ERCC3,ENSG00000163161,ERCC3,literal_official,86
Jurkat,ERH,ENSG00000100632,ERH,literal_official,4
Jurkat,ERVW-1,ENSG00000242950,ERVW-1,unique_hgnc_bridge,167
Jurkat,ESF1,ENSG00000089048,ESF1,literal_official,238
Jurkat,ESPL1,ENSG00000135476,ESPL1,literal_official,23
Jurkat,ESPN,ENSG00000187017,ESPN,literal_official,349
Jurkat,ESYT1,ENSG00000139641,ESYT1,literal_official,117
Jurkat,ESYT2,ENSG00000117868,ESYT2,literal_official,58
Jurkat,ETF1,ENSG00000120705,ETF1,literal_official,68
Jurkat,ETV4,ENSG00000175832,ETV4,literal_official,33
Jurkat,EWSR1,ENSG00000182944,EWSR1,literal_official,89
Jurkat,EXOC1,ENSG00000090989,EXOC1,literal_official,85
Jurkat,EXOC2,ENSG00000112685,EXOC2,literal_official,84
Jurkat,EXOC3,ENSG00000180104,EXOC3,literal_official,54
Jurkat,EXOC4,ENSG00000131558,EXOC4,literal_official,48
Jurkat,EXOC5,ENSG00000070367,EXOC5,literal_official,102
Jurkat,EXOC7,ENSG00000182473,EXOC7,literal_official,93
Jurkat,EXOC8,ENSG00000116903,EXOC8,literal_official,59
Jurkat,EXOSC1,ENSG00000171311,EXOSC1,literal_official,84
Jurkat,EXOSC10,ENSG00000171824,EXOSC10,literal_official,55
Jurkat,EXOSC2,ENSG00000130713,EXOSC2,literal_official,116
Jurkat,EXOSC3,ENSG00000107371,EXOSC3,literal_official,129
Jurkat,EXOSC4,ENSG00000178896,EXOSC4,literal_official,185
Jurkat,EXOSC5,ENSG00000077348,EXOSC5,literal_official,167
Jurkat,EXOSC6,ENSG00000223496,EXOSC6,literal_official,7
Jurkat,EXOSC7,ENSG00000075914,EXOSC7,literal_official,74
Jurkat,EXOSC8,ENSG00000120699,EXOSC8,literal_official,92
Jurkat,EXOSC9,ENSG00000123737,EXOSC9,literal_official,52
Jurkat,F8A1,ENSG00000277203,F8A1,literal_official_id_unresolved,94
Jurkat,FAF2,ENSG00000113194,FAF2,literal_official,82
Jurkat,FAM102B,ENSG00000162636,FAM102B,literal_official,119
Jurkat,FAM133B,ENSG00000234545,FAM133B,literal_official,52
Jurkat,FAM136A,ENSG00000035141,FAM136A,literal_official,502
Jurkat,FAM207A,ENSG00000160256,FAM207A,literal_official,136
Jurkat,FAM229A,ENSG00000225828,FAM229A,literal_official,233
Jurkat,FAM32A,ENSG00000105058,FAM32A,literal_official,37
Jurkat,FAM50A,ENSG00000071859,FAM50A,literal_official,43
Jurkat,FAM72D,ENSG00000215784,FAM72D,literal_official,34
Jurkat,FARS2,ENSG00000145982,FARS2,literal_official,47
Jurkat,FARSA,ENSG00000179115,FARSA,literal_official,136
Jurkat,FARSB,ENSG00000116120,FARSB,literal_official,63
Jurkat,FASN,ENSG00000169710,FASN,literal_official,29
Jurkat,FASTKD5,ENSG00000215251,FASTKD5,literal_official,117
Jurkat,FAU,ENSG00000149806,FAU,unique_hgnc_bridge,134
Jurkat,FBL,ENSG00000105202,FBL,literal_official,50
Jurkat,FBLIM1,ENSG00000162458,FBLIM1,literal_official,196
Jurkat,FBRSL1,ENSG00000112787,FBRSL1,literal_official,135
Jurkat,FBXL14,ENSG00000171823,FBXL14,unique_hgnc_bridge,311
Jurkat,FBXO42,ENSG00000037637,FBXO42,literal_official,496
Jurkat,FBXO5,ENSG00000112029,FBXO5,literal_official,16
Jurkat,FBXW7,ENSG00000109670,FBXW7,literal_official,111
Jurkat,FCF1,ENSG00000119616,FCF1,literal_official,86
Jurkat,FDPS,ENSG00000160752,FDPS,literal_official,72
Jurkat,FDXR,ENSG00000161513,FDXR,literal_official,90
Jurkat,FEN1,ENSG00000168496,FEN1,literal_official,80
Jurkat,FGFR1OP,ENSG00000213066,FGFR1OP,literal_official,33
Jurkat,FIP1L1,ENSG00000145216,FIP1L1,literal_official,17
Jurkat,FKBP9,ENSG00000122642,FKBP9,literal_official,111
Jurkat,FNBP4,ENSG00000109920,FNBP4,literal_official,263
Jurkat,FNTA,ENSG00000168522,FNTA,literal_official,64
Jurkat,FNTB,ENSG00000257365,FNTB,literal_official,105
Jurkat,FOLR3,ENSG00000110203,FOLR3,literal_official,186
Jurkat,FOXD4,ENSG00000170122,FOXD4,literal_official,107
Jurkat,FOXL2,ENSG00000183770,FOXL2,literal_official,92
Jurkat,FOXO1,ENSG00000150907,FOXO1,literal_official,72
Jurkat,FOXS1,ENSG00000179772,FOXS1,literal_official,29
Jurkat,FRG2,ENSG00000205097,FRG2,literal_official,62
Jurkat,FTSJ3,ENSG00000108592,FTSJ3,literal_official,67
Jurkat,FUNDC2,ENSG00000165775,FUNDC2,literal_official,77
Jurkat,FXN,ENSG00000165060,FXN,literal_official,53
Jurkat,FYN,ENSG00000010810,FYN,literal_official,238
Jurkat,GAB2,ENSG00000033327,GAB2,literal_official,691
Jurkat,GABPA,ENSG00000154727,GABPA,literal_official,123
Jurkat,GABPB1,ENSG00000104064,GABPB1,literal_official,99
Jurkat,GAK,ENSG00000178950,GAK,literal_official,58
Jurkat,GAPDH,ENSG00000111640,GAPDH,unique_hgnc_bridge,83
Jurkat,GAR1,ENSG00000109534,GAR1,literal_official,114
Jurkat,GARS,ENSG00000106105,GARS,literal_official,119
Jurkat,GART,ENSG00000159131,GART,literal_official,26
Jurkat,GATA1,ENSG00000102145,GATA1,literal_official,32
Jurkat,GBF1,ENSG00000107862,GBF1,literal_official,8
Jurkat,GCLC,ENSG00000001084,GCLC,literal_official,163
Jurkat,GCOM1,ENSG00000137878,GCOM1,literal_official,114
Jurkat,GEMIN4,ENSG00000179409,GEMIN4,literal_official,114
Jurkat,GEMIN5,ENSG00000082516,GEMIN5,literal_official,92
Jurkat,GEMIN6,ENSG00000152147,GEMIN6,literal_official,71
Jurkat,GEMIN7,ENSG00000142252,GEMIN7,literal_official,34
Jurkat,GEMIN8,ENSG00000046647,GEMIN8,literal_official,57
Jurkat,GET1,ENSG00000182093,GET1,literal_official,112
Jurkat,GET3,ENSG00000198356,GET3,literal_official,171
Jurkat,GFER,ENSG00000127554,GFER,literal_official,114
Jurkat,GFM1,ENSG00000168827,GFM1,literal_official,1382
Jurkat,GFOD2,ENSG00000141098,GFOD2,literal_official,219
Jurkat,GGPS1,ENSG00000152904,GGPS1,literal_official,76
Jurkat,GINS1,ENSG00000101003,GINS1,literal_official,238
Jurkat,GINS2,ENSG00000131153,GINS2,literal_official,163
Jurkat,GINS3,ENSG00000181938,GINS3,literal_official,71
Jurkat,GINS4,ENSG00000147536,GINS4,literal_official,182
Jurkat,GIT2,ENSG00000139436,GIT2,literal_official,72
Jurkat,GJA3,ENSG00000121743,GJA3,literal_official,98
Jurkat,GLB1,ENSG00000170266,GLB1,literal_official,109
Jurkat,GLE1,ENSG00000119392,GLE1,literal_official,31
Jurkat,GLI4,ENSG00000250571,GLI4,literal_official,24
Jurkat,GLMN,ENSG00000174842,GLMN,literal_official,18
Jurkat,GLRX3,ENSG00000108010,GLRX3,literal_official,64
Jurkat,GLRX5,ENSG00000182512,GLRX5,literal_official,194
Jurkat,GMIP,ENSG00000089639,GMIP,literal_official,114
Jurkat,GMPPB,ENSG00000173540,GMPPB,literal_official,87
Jurkat,GMPS,ENSG00000163655,GMPS,literal_official,44
Jurkat,GNB1L,ENSG00000185838,GNB1L,literal_official,139
Jurkat,GNL2,ENSG00000134697,GNL2,literal_official,96
Jurkat,GNL3,ENSG00000163938,GNL3,literal_official,145
Jurkat,GNL3L,ENSG00000130119,GNL3L,literal_official,72
Jurkat,GNPAT,ENSG00000116906,GNPAT,literal_official,37
Jurkat,GNPNAT1,ENSG00000100522,GNPNAT1,literal_official,181
Jurkat,GOLGA6L1,ENSG00000273976,GOLGA6L1,literal_official,122
Jurkat,GOLT1B,ENSG00000111711,GOLT1B,literal_official,177
Jurkat,GON4L,ENSG00000116580,GON4L,literal_official,101
Jurkat,GOSR2,ENSG00000108433,GOSR2,literal_official,24
Jurkat,GPKOW,ENSG00000068394,GPKOW,literal_official,123
Jurkat,GPN1,ENSG00000198522,GPN1,literal_official,54
Jurkat,GPN2,ENSG00000142751,GPN2,literal_official,57
Jurkat,GPN3,ENSG00000111231,GPN3,literal_official,188
Jurkat,GPR61,ENSG00000156097,GPR61,literal_official,59
Jurkat,GPS1,ENSG00000169727,GPS1,literal_official,363
Jurkat,GPS2,ENSG00000132522,GPS2,literal_official,95
Jurkat,GRB2,ENSG00000177885,GRB2,literal_official,147
Jurkat,GRPEL1,ENSG00000109519,GRPEL1,literal_official,120
Jurkat,GRSF1,ENSG00000132463,GRSF1,literal_official,110
Jurkat,GRWD1,ENSG00000105447,GRWD1,literal_official,120
Jurkat,GSDMA,ENSG00000167914,GSDMA,literal_official,98
Jurkat,GSK3B,ENSG00000082701,GSK3B,literal_official,61
Jurkat,GSPT1,ENSG00000103342,GSPT1,literal_official,173
Jurkat,GTF2A1,ENSG00000165417,GTF2A1,literal_official,92
Jurkat,GTF2A2,ENSG00000140307,GTF2A2,literal_official,66
Jurkat,GTF2B,ENSG00000137947,GTF2B,literal_official,46
Jurkat,GTF2E1,ENSG00000153767,GTF2E1,literal_official,67
Jurkat,GTF2E2,ENSG00000197265,GTF2E2,literal_official,744
Jurkat,GTF2F1,ENSG00000125651,GTF2F1,literal_official,48
Jurkat,GTF2F2,ENSG00000188342,GTF2F2,literal_official,121
Jurkat,GTF2H1,ENSG00000110768,GTF2H1,literal_official,48
Jurkat,GTF2H2,ENSG00000145736,GTF2H2,literal_official,75
Jurkat,GTF2H2C,ENSG00000183474,GTF2H2C,literal_official,64
Jurkat,GTF2H3,ENSG00000111358,GTF2H3,literal_official,93
Jurkat,GTF2H4,ENSG00000213780,GTF2H4,literal_official,126
Jurkat,GTF3A,ENSG00000122034,GTF3A,literal_official,57
Jurkat,GTF3C1,ENSG00000077235,GTF3C1,literal_official,64
Jurkat,GTF3C2,ENSG00000115207,GTF3C2,literal_official,77
Jurkat,GTF3C3,ENSG00000119041,GTF3C3,literal_official,49
Jurkat,GTF3C4,ENSG00000125484,GTF3C4,literal_official,1294
Jurkat,GTF3C5,ENSG00000148308,GTF3C5,literal_official,85
Jurkat,GTF3C6,ENSG00000155115,GTF3C6,literal_official,97
Jurkat,GTPBP4,ENSG00000107937,GTPBP4,literal_official,141
Jurkat,GUCD1,ENSG00000138867,GUCD1,literal_official,34
Jurkat,GUK1,ENSG00000143774,GUK1,literal_official,94
Jurkat,GYG1,ENSG00000163754,GYG1,literal_official,181
Jurkat,H2AFX,ENSG00000188486,H2AFX,literal_official,105
Jurkat,H2AFZ,ENSG00000164032,H2AFZ,literal_official,227
Jurkat,H3F3A,ENSG00000163041,H3F3A,literal_official,133
Jurkat,HAMP,ENSG00000105697,HAMP,literal_official,84
Jurkat,HAPLN2,ENSG00000132702,HAPLN2,literal_official,80
Jurkat,HARS,ENSG00000170445,HARS,literal_official,125
Jurkat,HARS2,ENSG00000112855,HARS2,literal_official,27
Jurkat,HAUS1,ENSG00000152240,HAUS1,literal_official,19
Jurkat,HAUS3,ENSG00000214367,HAUS3,literal_official,20
Jurkat,HAUS4,ENSG00000092036,HAUS4,literal_official,50
Jurkat,HAUS5,ENSG00000249115,HAUS5,literal_official,30
Jurkat,HAUS6,ENSG00000147874,HAUS6,literal_official,32
Jurkat,HAUS7,ENSG00000213397,HAUS7,literal_official,120
Jurkat,HAUS8,ENSG00000131351,HAUS8,literal_official,92
Jurkat,HBS1L,ENSG00000112339,HBS1L,literal_official,54
Jurkat,HCFC1,ENSG00000172534,HCFC1,literal_official,24
Jurkat,HCRTR1,ENSG00000121764,HCRTR1,literal_official,65
Jurkat,HDAC3,ENSG00000171720,HDAC3,literal_official,120
Jurkat,HDAC7,ENSG00000061273,HDAC7,literal_official,59
Jurkat,HEATR1,ENSG00000119285,HEATR1,literal_official,82
Jurkat,HECTD1,ENSG00000092148,HECTD1,literal_official,107
Jurkat,HERC1,ENSG00000103657,HERC1,literal_official,136
Jurkat,HEXIM1,ENSG00000186834,HEXIM1,literal_official,67
Jurkat,HGS,ENSG00000185359,HGS,literal_official,31
Jurkat,HHEX,ENSG00000152804,HHEX,literal_official,202
Jurkat,HINFP,ENSG00000172273,HINFP,literal_official,92
Jurkat,HIPK1,ENSG00000163349,HIPK1,literal_official,101
Jurkat,HIRA,ENSG00000100084,HIRA,literal_official,233
Jurkat,HIST1H2AB,ENSG00000278463,H2AC4,unique_hgnc_bridge,76
Jurkat,HIST1H2AE,ENSG00000277075,HIST1H2AE,literal_official,77
Jurkat,HIST1H2AI,ENSG00000196747,HIST1H2AI,literal_official,43
Jurkat,HIST1H2BB,ENSG00000276410,HIST1H2BB,literal_official,82
Jurkat,HIST1H2BC,ENSG00000180596,H2BC4,unique_hgnc_bridge,174
Jurkat,HIST1H2BE,ENSG00000274290,H2BC6,unique_hgnc_bridge,67
Jurkat,HIST1H2BJ,ENSG00000124635,H2BC11,unique_hgnc_bridge,74
Jurkat,HIST1H2BL,ENSG00000185130,H2BC13,unique_hgnc_bridge,91
Jurkat,HIST1H2BM,ENSG00000273703,HIST1H2BM,literal_official,83
Jurkat,HIST1H2BN,ENSG00000233822,HIST1H2BN,literal_official,90
Jurkat,HIST2H2AA3,ENSG00000203812,H2AC18,unique_hgnc_bridge,21
Jurkat,HIST2H2AC,ENSG00000184260,H2AC20,unique_hgnc_bridge,17
Jurkat,HIST2H2BE,ENSG00000184678,HIST2H2BE,literal_official,111
Jurkat,HIST2H2BF,ENSG00000203814,H2BC18,unique_hgnc_bridge,69
Jurkat,HIST2H3A,ENSG00000203852,H3C15,unique_hgnc_bridge,85
Jurkat,HIST2H3D,ENSG00000183598,H3C13,unique_hgnc_bridge,139
Jurkat,HJURP,ENSG00000123485,HJURP,literal_official,150
Jurkat,HLA-C,ENSG00000204525,HLA-C,unique_hgnc_bridge,97
Jurkat,HMBOX1,ENSG00000147421,HMBOX1,literal_official,66
Jurkat,HMGA1,ENSG00000137309,HMGA1,literal_official,62
Jurkat,HMGB1,ENSG00000189403,HMGB1,unique_hgnc_bridge,130
Jurkat,HMGB3,ENSG00000029993,HMGB3,literal_official,75
Jurkat,HMGCR,ENSG00000113161,HMGCR,literal_official,8
Jurkat,HMGCS1,ENSG00000112972,HMGCS1,literal_official,135
Jurkat,HMGN2,ENSG00000198830,HMGN2,unique_hgnc_bridge,55
Jurkat,HMX3,ENSG00000188620,HMX3,literal_official,172
Jurkat,HNRNPA1,ENSG00000135486,HNRNPA1,unique_hgnc_bridge,108
Jurkat,HNRNPC,ENSG00000092199,HNRNPC,literal_official,23
Jurkat,HNRNPDL,ENSG00000152795,HNRNPDL,literal_official,58
Jurkat,HNRNPH1,ENSG00000169045,HNRNPH1,unique_hgnc_bridge,69
Jurkat,HNRNPK,ENSG00000165119,HNRNPK,literal_official,40
Jurkat,HNRNPL,ENSG00000104824,HNRNPL,literal_official,223
Jurkat,HNRNPM,ENSG00000099783,HNRNPM,literal_official,155
Jurkat,HNRNPR,ENSG00000125944,HNRNPR,literal_official,68
Jurkat,HNRNPU,ENSG00000153187,HNRNPU,literal_official,40
Jurkat,HOXA3,ENSG00000105997,HOXA3,literal_official,117
Jurkat,HOXC10,ENSG00000180818,HOXC10,literal_official,53
Jurkat,HPS5,ENSG00000110756,HPS5,literal_official,62
Jurkat,HS6ST1,ENSG00000136720,HS6ST1,literal_official,169
Jurkat,HSCB,ENSG00000100209,HSCB,literal_official,326
Jurkat,HSD17B10,ENSG00000072506,HSD17B10,literal_official,669
Jurkat,HSD17B12,ENSG00000149084,HSD17B12,literal_official,340
Jurkat,HSF1,ENSG00000185122,HSF1,literal_official,32
Jurkat,HSP90B1,ENSG00000166598,HSP90B1,literal_official,166
Jurkat,HSPA14,ENSG00000284024,,symbol_ensembl_conflict,151
Jurkat,HSPA5,ENSG00000044574,HSPA5,literal_official,26
Jurkat,HSPA8,ENSG00000109971,HSPA8,literal_official,155
Jurkat,HSPA9,ENSG00000113013,HSPA9,literal_official,64
Jurkat,HSPD1,ENSG00000144381,HSPD1,literal_official,90
Jurkat,HSPE1,ENSG00000115541,HSPE1,literal_official,159
Jurkat,HSPH1,ENSG00000120694,HSPH1,literal_official,72
Jurkat,HTATSF1,ENSG00000102241,HTATSF1,literal_official,88
Jurkat,HUS1,ENSG00000136273,HUS1,literal_official,199
Jurkat,HUWE1,ENSG00000086758,HUWE1,literal_official,84
Jurkat,HYOU1,ENSG00000149428,HYOU1,literal_official,56
Jurkat,HYPK,ENSG00000242028,HYPK,literal_official,105
Jurkat,IARS,ENSG00000196305,IARS,literal_official,62
Jurkat,IARS2,ENSG00000067704,IARS2,literal_official,88
Jurkat,ICE1,ENSG00000164151,ICE1,unique_hgnc_bridge,51
Jurkat,IFITM2,ENSG00000185201,IFITM2,literal_official,55
Jurkat,IFITM3,ENSG00000142089,IFITM3,literal_official,81
Jurkat,IGBP1,ENSG00000089289,IGBP1,literal_official,72
Jurkat,IK,ENSG00000113141,IK,literal_official,361
Jurkat,ILF2,ENSG00000143621,ILF2,literal_official,91
Jurkat,ILF3,ENSG00000129351,ILF3,literal_official,91
Jurkat,IMP3,ENSG00000177971,IMP3,literal_official,6
Jurkat,IMP4,ENSG00000136718,IMP4,literal_official,97
Jurkat,IMPA2,ENSG00000141401,IMPA2,literal_official,77
Jurkat,IMPDH2,ENSG00000178035,IMPDH2,literal_official,101
Jurkat,INCENP,ENSG00000149503,INCENP,literal_official,6
Jurkat,INF2,ENSG00000203485,INF2,literal_official,101
Jurkat,ING3,ENSG00000071243,ING3,literal_official,228
Jurkat,INO80,ENSG00000128908,INO80,literal_official,79
Jurkat,INO80B,ENSG00000115274,INO80B,literal_official,129
Jurkat,INO80C,ENSG00000153391,INO80C,literal_official,188
Jurkat,INO80D,ENSG00000114933,INO80D,literal_official,16
Jurkat,INO80E,ENSG00000169592,INO80E,literal_official,83
Jurkat,INPPL1,ENSG00000165458,INPPL1,literal_official,119
Jurkat,INTS1,ENSG00000164880,INTS1,literal_official,87
Jurkat,INTS10,ENSG00000104613,INTS10,literal_official,92
Jurkat,INTS11,ENSG00000127054,INTS11,literal_official,76
Jurkat,INTS12,ENSG00000138785,INTS12,literal_official,119
Jurkat,INTS13,ENSG00000064102,INTS13,literal_official,330
Jurkat,INTS14,ENSG00000138614,INTS14,literal_official,410
Jurkat,INTS2,ENSG00000108506,INTS2,literal_official,40
Jurkat,INTS3,ENSG00000143624,INTS3,literal_official,92
Jurkat,INTS4,ENSG00000149262,INTS4,literal_official,66
Jurkat,INTS5,ENSG00000185085,INTS5,literal_official,43
Jurkat,INTS6,ENSG00000102786,INTS6,literal_official,108
Jurkat,INTS7,ENSG00000143493,INTS7,literal_official,10
Jurkat,INTS8,ENSG00000164941,INTS8,literal_official,140
Jurkat,INTS9,ENSG00000104299,INTS9,literal_official,149
Jurkat,IPO11,ENSG00000086200,IPO11,literal_official,103
Jurkat,IPO13,ENSG00000117408,IPO13,literal_official,229
Jurkat,IPO7,ENSG00000205339,IPO7,unique_hgnc_bridge,129
Jurkat,IPO9,ENSG00000198700,IPO9,literal_official,140
Jurkat,IRF2BP2,ENSG00000168264,IRF2BP2,literal_official,91
Jurkat,ISCA2,ENSG00000165898,ISCA2,literal_official,131
Jurkat,ISCU,ENSG00000136003,ISCU,literal_official,55
Jurkat,ISG20L2,ENSG00000143319,ISG20L2,literal_official,86
Jurkat,IST1,ENSG00000182149,IST1,literal_official,122
Jurkat,ISY1,ENSG00000240682,ISY1,literal_official,33
Jurkat,ITGB1BP1,ENSG00000119185,ITGB1BP1,literal_official,73
Jurkat,IWS1,ENSG00000163166,IWS1,literal_official,151
Jurkat,JAZF1,ENSG00000153814,JAZF1,literal_official,265
Jurkat,JMJD6,ENSG00000070495,JMJD6,literal_official,133
Jurkat,KANSL1,ENSG00000120071,KANSL1,literal_official,99
Jurkat,KANSL2,ENSG00000139620,KANSL2,literal_official,85
Jurkat,KANSL3,ENSG00000114982,KANSL3,literal_official,129
Jurkat,KARS,ENSG00000065427,KARS,literal_official,43
Jurkat,KAT5,ENSG00000172977,KAT5,literal_official,38
Jurkat,KAT7,ENSG00000136504,KAT7,literal_official,88
Jurkat,KAT8,ENSG00000103510,KAT8,literal_official,110
Jurkat,KATNB1,ENSG00000140854,KATNB1,literal_official,77
Jurkat,KCMF1,ENSG00000176407,KCMF1,literal_official,91
Jurkat,KCNA10,ENSG00000143105,KCNA10,literal_official,77
Jurkat,KCTD10,ENSG00000110906,KCTD10,literal_official,34
Jurkat,KDM1A,ENSG00000004487,KDM1A,literal_official,195
Jurkat,KDM2A,ENSG00000173120,KDM2A,literal_official,59
Jurkat,KDM5C,ENSG00000126012,KDM5C,literal_official,102
Jurkat,KDM6A,ENSG00000147050,KDM6A,literal_official,154
Jurkat,KDM8,ENSG00000155666,KDM8,literal_official,63
Jurkat,KEAP1,ENSG00000079999,KEAP1,literal_official,136
Jurkat,KIAA0586,ENSG00000100578,KIAA0586,literal_official,63
Jurkat,KIAA1143,ENSG00000163807,KIAA1143,literal_official,134
Jurkat,KIF11,ENSG00000138160,KIF11,literal_official,9
Jurkat,KIF14,ENSG00000118193,KIF14,literal_official,30
Jurkat,KIF18A,ENSG00000121621,KIF18A,literal_official,47
Jurkat,KIF18B,ENSG00000186185,KIF18B,literal_official,90
Jurkat,KIF20A,ENSG00000112984,KIF20A,literal_official,38
Jurkat,KIF23,ENSG00000137807,KIF23,literal_official,9
Jurkat,KIF4A,ENSG00000090889,KIF4A,literal_official,70
Jurkat,KIN,ENSG00000151657,KIN,literal_official,69
Jurkat,KLC2,ENSG00000174996,KLC2,literal_official,81
Jurkat,KLF7,ENSG00000118263,KLF7,literal_official,70
Jurkat,KLHL11,ENSG00000178502,KLHL11,literal_official,97
Jurkat,KLHL17,ENSG00000187961,KLHL17,literal_official,72
Jurkat,KPNA6,ENSG00000025800,KPNA6,literal_official,91
Jurkat,KPNB1,ENSG00000108424,KPNB1,literal_official,99
Jurkat,KRI1,ENSG00000129347,KRI1,literal_official,172
Jurkat,KRR1,ENSG00000111615,KRR1,literal_official,90
Jurkat,KRT10,ENSG00000186395,KRT10,literal_official,208
Jurkat,KRT17,ENSG00000128422,KRT17,literal_official,445
Jurkat,KRT8,ENSG00000170421,KRT8,literal_official,193
Jurkat,KRTAP4-2,ENSG00000244537,KRTAP4-2,literal_official,129
Jurkat,KRTAP4-7,ENSG00000240871,KRTAP4-7,literal_official,93
Jurkat,KTI12,ENSG00000198841,KTI12,literal_official,195
Jurkat,KXD1,ENSG00000105700,KXD1,literal_official,41
Jurkat,LAMB1,ENSG00000091136,LAMB1,literal_official,50
Jurkat,LAMTOR1,ENSG00000149357,LAMTOR1,literal_official,293
Jurkat,LAMTOR2,ENSG00000116586,LAMTOR2,literal_official,133
Jurkat,LAMTOR3,ENSG00000109270,LAMTOR3,literal_official,80
Jurkat,LAMTOR4,ENSG00000188186,LAMTOR4,literal_official,77
Jurkat,LARS,ENSG00000133706,LARS,literal_official,65
Jurkat,LARS2,ENSG00000011376,LARS2,literal_official,113
Jurkat,LAS1L,ENSG00000001497,LAS1L,literal_official,160
Jurkat,LCE1C,ENSG00000197084,LCE1C,literal_official,64
Jurkat,LCE1E,ENSG00000186226,LCE1E,unique_hgnc_bridge,122
Jurkat,LCN10,ENSG00000187922,LCN10,literal_official,81
Jurkat,LDB1,ENSG00000198728,LDB1,literal_official,146
Jurkat,LENG8,ENSG00000167615,LENG8,literal_official,35
Jurkat,LEO1,ENSG00000166477,LEO1,literal_official,81
Jurkat,LETM1,ENSG00000168924,LETM1,literal_official,162
Jurkat,LIMS1,ENSG00000169756,LIMS1,literal_official,128
Jurkat,LIN52,ENSG00000205659,LIN52,literal_official,22
Jurkat,LIN54,ENSG00000189308,LIN54,literal_official,271
Jurkat,LMO2,ENSG00000135363,LMO2,literal_official,185
Jurkat,LONP1,ENSG00000196365,LONP1,literal_official,63
Jurkat,LPA,ENSG00000198670,LPA,unique_hgnc_bridge,59
Jurkat,LPIN1,ENSG00000134324,LPIN1,literal_official,178
Jurkat,LRP5,ENSG00000162337,LRP5,literal_official,89
Jurkat,LRPPRC,ENSG00000138095,LRPPRC,literal_official,50
Jurkat,LRR1,ENSG00000165501,LRR1,literal_official,66
Jurkat,LRRC37A3,ENSG00000176809,LRRC37A3,literal_official,108
Jurkat,LRRC37B,ENSG00000185158,LRRC37B,literal_official,97
Jurkat,LSG1,ENSG00000041802,LSG1,literal_official,167
Jurkat,LSM10,ENSG00000181817,LSM10,literal_official,103
Jurkat,LSM11,ENSG00000155858,LSM11,literal_official,28
Jurkat,LSM12,ENSG00000161654,LSM12,literal_official,108
Jurkat,LSM2,ENSG00000204392,LSM2,literal_official,15
Jurkat,LSM3,ENSG00000170860,LSM3,literal_official,129
Jurkat,LSM4,ENSG00000130520,LSM4,literal_official,44
Jurkat,LSM5,ENSG00000106355,LSM5,literal_official,126
Jurkat,LSM6,ENSG00000164167,LSM6,literal_official,63
Jurkat,LSM7,ENSG00000130332,LSM7,literal_official,91
Jurkat,LST1,ENSG00000204482,LST1,literal_official,136
Jurkat,LTB4R2,ENSG00000213906,LTB4R2,literal_official,101
Jurkat,LTBP3,ENSG00000168056,LTBP3,literal_official,162
Jurkat,LTBP4,ENSG00000090006,LTBP4,literal_official,111
Jurkat,LTV1,ENSG00000135521,LTV1,literal_official,142
Jurkat,LUC7L3,ENSG00000108848,LUC7L3,literal_official,19
Jurkat,LURAP1,ENSG00000171357,LURAP1,literal_official,79
Jurkat,LYRM4,ENSG00000214113,LYRM4,literal_official,41
Jurkat,LZTR1,ENSG00000099949,LZTR1,literal_official,192
Jurkat,MAD2L1,ENSG00000164109,MAD2L1,literal_official,73
Jurkat,MAD2L2,ENSG00000116670,MAD2L2,literal_official,150
Jurkat,MAGOH,ENSG00000162385,MAGOH,literal_official,155
Jurkat,MAK16,ENSG00000198042,MAK16,literal_official,54
Jurkat,MALSU1,ENSG00000156928,MALSU1,literal_official,96
Jurkat,MANF,ENSG00000145050,MANF,literal_official,144
Jurkat,MAP2K7,ENSG00000076984,MAP2K7,literal_official,34
Jurkat,MARS,ENSG00000166986,MARS,literal_official,75
Jurkat,MARS2,ENSG00000247626,MARS2,literal_official,84
Jurkat,MASTL,ENSG00000120539,MASTL,literal_official,58
Jurkat,MAT2A,ENSG00000168906,MAT2A,literal_official,45
Jurkat,MAU2,ENSG00000129933,MAU2,literal_official,72
Jurkat,MAX,ENSG00000125952,MAX,literal_official,78
Jurkat,MBD3,ENSG00000071655,MBD3,literal_official,174
Jurkat,MBIP,ENSG00000151332,MBIP,literal_official,71
Jurkat,MBNL1,ENSG00000152601,MBNL1,literal_official,246
Jurkat,MBTPS1,ENSG00000140943,MBTPS1,literal_official,192
Jurkat,MBTPS2,ENSG00000012174,MBTPS2,literal_official,148
Jurkat,MCEE,ENSG00000124370,MCEE,literal_official,37
Jurkat,MCL1,ENSG00000143384,MCL1,literal_official,15
Jurkat,MCM10,ENSG00000065328,MCM10,literal_official,27
Jurkat,MCM2,ENSG00000073111,MCM2,literal_official,117
Jurkat,MCM3,ENSG00000112118,MCM3,literal_official,323
Jurkat,MCM3AP,ENSG00000160294,MCM3AP,literal_official,28
Jurkat,MCM4,ENSG00000104738,MCM4,literal_official,42
Jurkat,MCM5,ENSG00000100297,MCM5,literal_official,100
Jurkat,MCM6,ENSG00000076003,MCM6,literal_official,358
Jurkat,MCM7,ENSG00000166508,MCM7,literal_official,137
Jurkat,MCMBP,ENSG00000197771,MCMBP,literal_official,178
Jurkat,MCRS1,ENSG00000187778,MCRS1,literal_official,30
Jurkat,MDN1,ENSG00000112159,MDN1,literal_official,83
Jurkat,MED1,ENSG00000125686,MED1,literal_official,120
Jurkat,MED10,ENSG00000133398,MED10,literal_official,45
Jurkat,MED11,ENSG00000161920,MED11,literal_official,95
Jurkat,MED12,ENSG00000184634,MED12,literal_official,143
Jurkat,MED14,ENSG00000180182,MED14,literal_official,273
Jurkat,MED16,ENSG00000175221,MED16,literal_official,56
Jurkat,MED17,ENSG00000042429,MED17,literal_official,34
Jurkat,MED18,ENSG00000130772,MED18,literal_official,82
Jurkat,MED19,ENSG00000156603,MED19,literal_official,267
Jurkat,MED20,ENSG00000124641,MED20,literal_official,171
Jurkat,MED21,ENSG00000152944,MED21,literal_official,58
Jurkat,MED22,ENSG00000148297,MED22,literal_official,58
Jurkat,MED24,ENSG00000008838,MED24,literal_official,44
Jurkat,MED26,ENSG00000105085,MED26,literal_official,82
Jurkat,MED27,ENSG00000160563,MED27,literal_official,35
Jurkat,MED28,ENSG00000118579,MED28,literal_official,39
Jurkat,MED29,ENSG00000063322,MED29,literal_official,40
Jurkat,MED30,ENSG00000164758,MED30,literal_official,97
Jurkat,MED31,ENSG00000108590,MED31,literal_official,51
Jurkat,MED4,ENSG00000136146,MED4,literal_official,219
Jurkat,MED6,ENSG00000133997,MED6,literal_official,52
Jurkat,MED7,ENSG00000155868,MED7,literal_official,47
Jurkat,MED8,ENSG00000159479,MED8,literal_official,109
Jurkat,MED9,ENSG00000141026,MED9,literal_official,70
Jurkat,MEF2A,ENSG00000068305,MEF2A,literal_official,12
Jurkat,MEIS3,ENSG00000105419,MEIS3,literal_official,189
Jurkat,MEMO1,ENSG00000162959,MEMO1,literal_official,59
Jurkat,MEN1,ENSG00000133895,MEN1,literal_official,91
Jurkat,MEPCE,ENSG00000146834,MEPCE,literal_official,76
Jurkat,METAP1,ENSG00000164024,METAP1,unique_hgnc_bridge,95
Jurkat,METAP2,ENSG00000111142,METAP2,literal_official,74
Jurkat,METTL1,ENSG00000037897,METTL1,literal_official,103
Jurkat,METTL14,ENSG00000145388,METTL14,literal_official,87
Jurkat,METTL16,ENSG00000127804,METTL16,literal_official,55
Jurkat,METTL17,ENSG00000165792,METTL17,literal_official,83
Jurkat,METTL21A,ENSG00000144401,METTL21A,literal_official,55
Jurkat,METTL23,ENSG00000181038,METTL23,literal_official,103
Jurkat,METTL3,ENSG00000165819,METTL3,literal_official,177
Jurkat,MEX3A,ENSG00000254726,MEX3A,literal_official,61
Jurkat,MFAP1,ENSG00000140259,MFAP1,literal_official,22
Jurkat,MFN2,ENSG00000116688,MFN2,literal_official,177
Jurkat,MICOS10,ENSG00000173436,MICOS10,literal_official,150
Jurkat,MIER1,ENSG00000198160,MIER1,literal_official,116
Jurkat,MIOS,ENSG00000164654,MIOS,literal_official,131
Jurkat,MIPEP,ENSG00000027001,MIPEP,literal_official,105
Jurkat,MIS12,ENSG00000167842,MIS12,literal_official,30
Jurkat,MIS18A,ENSG00000159055,MIS18A,literal_official,61
Jurkat,MIS18BP1,ENSG00000129534,MIS18BP1,literal_official,350
Jurkat,MKRN1,ENSG00000133606,MKRN1,literal_official,181
Jurkat,MLLT6,ENSG00000275023,MLLT6,literal_official,243
Jurkat,MLST8,ENSG00000167965,MLST8,literal_official,64
Jurkat,MMGT1,ENSG00000169446,MMGT1,literal_official,66
Jurkat,MMP17,ENSG00000198598,MMP17,literal_official,63
Jurkat,MMS19,ENSG00000155229,MMS19,literal_official,114
Jurkat,MMS22L,ENSG00000146263,MMS22L,literal_official,14
Jurkat,MNAT1,ENSG00000020426,MNAT1,literal_official,145
Jurkat,MOB4,ENSG00000115540,MOB4,literal_official,203
Jurkat,MOCS3,ENSG00000124217,MOCS3,literal_official,75
Jurkat,MOG,ENSG00000204655,MOG,literal_official,63
Jurkat,MOK,ENSG00000080823,MOK,literal_official,53
Jurkat,MON1A,ENSG00000164077,MON1A,literal_official,162
Jurkat,MPG,ENSG00000103152,MPG,literal_official,66
Jurkat,MPHOSPH10,ENSG00000124383,MPHOSPH10,literal_official,150
Jurkat,MPHOSPH6,ENSG00000135698,MPHOSPH6,literal_official,263
Jurkat,MRGBP,ENSG00000101189,MRGBP,literal_official,176
Jurkat,MRM1,ENSG00000278619,MRM1,literal_official,93
Jurkat,MRPL1,ENSG00000169288,MRPL1,unique_hgnc_bridge,96
Jurkat,MRPL10,ENSG00000159111,MRPL10,unique_hgnc_bridge,103
Jurkat,MRPL11,ENSG00000174547,MRPL11,unique_hgnc_bridge,36
Jurkat,MRPL13,ENSG00000172172,MRPL13,unique_hgnc_bridge,54
Jurkat,MRPL14,ENSG00000180992,MRPL14,unique_hgnc_bridge,82
Jurkat,MRPL15,ENSG00000137547,MRPL15,unique_hgnc_bridge,91
Jurkat,MRPL16,ENSG00000166902,MRPL16,unique_hgnc_bridge,176
Jurkat,MRPL17,ENSG00000158042,MRPL17,unique_hgnc_bridge,75
Jurkat,MRPL18,ENSG00000112110,MRPL18,unique_hgnc_bridge,72
Jurkat,MRPL19,ENSG00000115364,MRPL19,unique_hgnc_bridge,69
Jurkat,MRPL2,ENSG00000112651,MRPL2,unique_hgnc_bridge,84
Jurkat,MRPL20,ENSG00000242485,MRPL20,unique_hgnc_bridge,69
Jurkat,MRPL21,ENSG00000197345,MRPL21,unique_hgnc_bridge,22
Jurkat,MRPL22,ENSG00000082515,MRPL22,unique_hgnc_bridge,43
Jurkat,MRPL23,ENSG00000214026,MRPL23,unique_hgnc_bridge,65
Jurkat,MRPL24,ENSG00000143314,MRPL24,unique_hgnc_bridge,147
Jurkat,MRPL27,ENSG00000108826,MRPL27,unique_hgnc_bridge,169
Jurkat,MRPL28,ENSG00000086504,MRPL28,unique_hgnc_bridge,120
Jurkat,MRPL3,ENSG00000114686,MRPL3,unique_hgnc_bridge,147
Jurkat,MRPL32,ENSG00000106591,MRPL32,unique_hgnc_bridge,29
Jurkat,MRPL33,ENSG00000243147,MRPL33,unique_hgnc_bridge,65
Jurkat,MRPL34,ENSG00000130312,MRPL34,unique_hgnc_bridge,798
Jurkat,MRPL35,ENSG00000132313,MRPL35,unique_hgnc_bridge,998
Jurkat,MRPL36,ENSG00000171421,MRPL36,unique_hgnc_bridge,1192
Jurkat,MRPL37,ENSG00000116221,MRPL37,unique_hgnc_bridge,75
Jurkat,MRPL38,ENSG00000204316,MRPL38,unique_hgnc_bridge,131
Jurkat,MRPL39,ENSG00000154719,MRPL39,unique_hgnc_bridge,206
Jurkat,MRPL4,ENSG00000105364,MRPL4,unique_hgnc_bridge,104
Jurkat,MRPL41,ENSG00000182154,MRPL41,unique_hgnc_bridge,151
Jurkat,MRPL42,ENSG00000198015,MRPL42,unique_hgnc_bridge,89
Jurkat,MRPL43,ENSG00000055950,MRPL43,unique_hgnc_bridge,48
Jurkat,MRPL44,ENSG00000135900,MRPL44,unique_hgnc_bridge,78
Jurkat,MRPL45,ENSG00000278845,MRPL45,unique_hgnc_bridge,28
Jurkat,MRPL46,ENSG00000259494,MRPL46,unique_hgnc_bridge,88
Jurkat,MRPL49,ENSG00000149792,MRPL49,unique_hgnc_bridge,55
Jurkat,MRPL50,ENSG00000136897,MRPL50,unique_hgnc_bridge,107
Jurkat,MRPL51,ENSG00000111639,MRPL51,unique_hgnc_bridge,42
Jurkat,MRPL53,ENSG00000204822,MRPL53,unique_hgnc_bridge,73
Jurkat,MRPL54,ENSG00000183617,MRPL54,unique_hgnc_bridge,156
Jurkat,MRPL55,ENSG00000162910,MRPL55,unique_hgnc_bridge,56
Jurkat,MRPL9,ENSG00000143436,MRPL9,unique_hgnc_bridge,106
Jurkat,MRPS10,ENSG00000048544,MRPS10,unique_hgnc_bridge,81
Jurkat,MRPS11,ENSG00000181991,MRPS11,unique_hgnc_bridge,101
Jurkat,MRPS12,ENSG00000128626,MRPS12,unique_hgnc_bridge,56
Jurkat,MRPS14,ENSG00000120333,MRPS14,unique_hgnc_bridge,29
Jurkat,MRPS16,ENSG00000182180,MRPS16,unique_hgnc_bridge,156
Jurkat,MRPS17,ENSG00000239789,MRPS17,unique_hgnc_bridge,100
Jurkat,MRPS18A,ENSG00000096080,MRPS18A,unique_hgnc_bridge,82
Jurkat,MRPS18B,ENSG00000204568,MRPS18B,unique_hgnc_bridge,21
Jurkat,MRPS18C,ENSG00000163319,MRPS18C,unique_hgnc_bridge,51
Jurkat,MRPS2,ENSG00000122140,MRPS2,unique_hgnc_bridge,56
Jurkat,MRPS21,ENSG00000266472,MRPS21,unique_hgnc_bridge,185
Jurkat,MRPS22,ENSG00000175110,MRPS22,unique_hgnc_bridge,72
Jurkat,MRPS23,ENSG00000181610,MRPS23,unique_hgnc_bridge,69
Jurkat,MRPS24,ENSG00000062582,MRPS24,unique_hgnc_bridge,51
Jurkat,MRPS25,ENSG00000131368,MRPS25,unique_hgnc_bridge,104
Jurkat,MRPS26,ENSG00000125901,MRPS26,unique_hgnc_bridge,110
Jurkat,MRPS27,ENSG00000113048,MRPS27,unique_hgnc_bridge,112
Jurkat,MRPS28,ENSG00000147586,MRPS28,unique_hgnc_bridge,86
Jurkat,MRPS30,ENSG00000112996,MRPS30,unique_hgnc_bridge,75
Jurkat,MRPS31,ENSG00000102738,MRPS31,unique_hgnc_bridge,59
Jurkat,MRPS33,ENSG00000090263,MRPS33,unique_hgnc_bridge,70
Jurkat,MRPS34,ENSG00000074071,MRPS34,unique_hgnc_bridge,170
Jurkat,MRPS35,ENSG00000061794,MRPS35,unique_hgnc_bridge,107
Jurkat,MRPS5,ENSG00000144029,MRPS5,unique_hgnc_bridge,129
Jurkat,MRPS6,ENSG00000243927,MRPS6,unique_hgnc_bridge,152
Jurkat,MRPS7,ENSG00000125445,MRPS7,unique_hgnc_bridge,89
Jurkat,MRPS9,ENSG00000135972,MRPS9,unique_hgnc_bridge,112
Jurkat,MRTO4,ENSG00000053372,MRTO4,literal_official,62
Jurkat,MSL1,ENSG00000188895,MSL1,literal_official,85
Jurkat,MSRB1,ENSG00000198736,MSRB1,literal_official,126
Jurkat,MST1,ENSG00000173531,MST1,literal_official,89
Jurkat,MSTO1,ENSG00000125459,MSTO1,literal_official,44
Jurkat,MT2A,ENSG00000125148,MT2A,literal_official,62
Jurkat,MTBP,ENSG00000172167,MTBP,literal_official,279
Jurkat,MTCP1,ENSG00000214827,MTCP1,literal_official,55
Jurkat,MTG2,ENSG00000101181,MTG2,literal_official,182
Jurkat,MTHFD1,ENSG00000100714,MTHFD1,literal_official,69
Jurkat,MTOR,ENSG00000198793,MTOR,literal_official,130
Jurkat,MTPAP,ENSG00000107951,MTPAP,literal_official,38
Jurkat,MTREX,ENSG00000039123,MTREX,literal_official,21
Jurkat,MTRNR2L1,ENSG00000256618,MTRNR2L1,unique_hgnc_bridge,29
Jurkat,MVD,ENSG00000167508,MVD,literal_official,128
Jurkat,MVK,ENSG00000110921,MVK,literal_official,293
Jurkat,MYB,ENSG00000118513,MYB,literal_official,13
Jurkat,MYBBP1A,ENSG00000132382,MYBBP1A,literal_official,102
Jurkat,MYBL2,ENSG00000101057,MYBL2,literal_official,49
Jurkat,MYC,ENSG00000136997,MYC,literal_official,120
Jurkat,MYCBP,ENSG00000214114,MYCBP,literal_official,49
Jurkat,MYO1H,ENSG00000174527,MYO1H,literal_official,101
Jurkat,MYSM1,ENSG00000162601,MYSM1,literal_official,118
Jurkat,MZF1,ENSG00000099326,MZF1,literal_official,96
Jurkat,MZT1,ENSG00000204899,MZT1,literal_official,31
Jurkat,N6AMT1,ENSG00000156239,N6AMT1,literal_official,83
Jurkat,NAA10,ENSG00000102030,NAA10,literal_official,123
Jurkat,NAA15,ENSG00000164134,NAA15,literal_official,88
Jurkat,NAA20,ENSG00000173418,NAA20,literal_official,108
Jurkat,NAA25,ENSG00000111300,NAA25,literal_official,196
Jurkat,NAA30,ENSG00000139977,NAA30,literal_official,74
Jurkat,NAA35,ENSG00000135040,NAA35,literal_official,239
Jurkat,NAA38,ENSG00000183011,NAA38,literal_official,52
Jurkat,NAA50,ENSG00000121579,NAA50,literal_official,73
Jurkat,NACA,ENSG00000196531,NACA,unique_hgnc_bridge,75
Jurkat,NAE1,ENSG00000159593,NAE1,literal_official,45
Jurkat,NAF1,ENSG00000145414,NAF1,literal_official,193
Jurkat,NAGLU,ENSG00000108784,NAGLU,literal_official,203
Jurkat,NANOG,ENSG00000111704,NANOG,literal_official,97
Jurkat,NAPA,ENSG00000105402,NAPA,literal_official,55
Jurkat,NAPG,ENSG00000134265,NAPG,literal_official,152
Jurkat,NARS,ENSG00000134440,NARS,literal_official,99
Jurkat,NARS2,ENSG00000137513,NARS2,literal_official,216
Jurkat,NASP,ENSG00000132780,NASP,literal_official,117
Jurkat,NAT10,ENSG00000135372,NAT10,literal_official,34
Jurkat,NBAS,ENSG00000151779,NBAS,literal_official,105
Jurkat,NBEAL1,ENSG00000144426,NBEAL1,literal_official,148
Jurkat,NBPF12,ENSG00000268043,NBPF12,literal_official,1142
Jurkat,NBPF15,ENSG00000266338,NBPF15,literal_official,110
Jurkat,NBPF3,ENSG00000142794,NBPF3,literal_official,84
Jurkat,NCAPD2,ENSG00000010292,NCAPD2,literal_official,59
Jurkat,NCAPD3,ENSG00000151503,NCAPD3,literal_official,95
Jurkat,NCAPG,ENSG00000109805,NCAPG,literal_official,26
Jurkat,NCAPG2,ENSG00000146918,NCAPG2,literal_official,178
Jurkat,NCAPH,ENSG00000121152,NCAPH,literal_official,33
Jurkat,NCAPH2,ENSG00000025770,NCAPH2,literal_official,162
Jurkat,NCBP1,ENSG00000136937,NCBP1,literal_official,53
Jurkat,NCBP2,ENSG00000114503,NCBP2,literal_official,56
Jurkat,NCKAP1,ENSG00000061676,NCKAP1,literal_official,100
Jurkat,NCL,ENSG00000115053,NCL,literal_official,189
Jurkat,NCOA4,ENSG00000266412,NCOA4,literal_official,64
Jurkat,NDC1,ENSG00000058804,NDC1,literal_official,118
Jurkat,NDC80,ENSG00000080986,NDC80,literal_official,21
Jurkat,NDOR1,ENSG00000188566,NDOR1,literal_official,65
Jurkat,NDUFA11,ENSG00000174886,NDUFA11,literal_official,83
Jurkat,NDUFA2,ENSG00000131495,NDUFA2,literal_official,14
Jurkat,NDUFA3,ENSG00000170906,NDUFA3,literal_official,149
Jurkat,NDUFA4,ENSG00000189043,NDUFA4,literal_official,82
Jurkat,NDUFA6,ENSG00000184983,NDUFA6,literal_official,104
Jurkat,NDUFA8,ENSG00000119421,NDUFA8,literal_official,49
Jurkat,NDUFAB1,ENSG00000004779,NDUFAB1,literal_official,193
Jurkat,NDUFAF3,ENSG00000178057,NDUFAF3,literal_official,78
Jurkat,NDUFAF5,ENSG00000101247,NDUFAF5,literal_official,30
Jurkat,NDUFAF7,ENSG00000003509,NDUFAF7,literal_official,43
Jurkat,NDUFB10,ENSG00000140990,NDUFB10,literal_official,49
Jurkat,NDUFB3,ENSG00000119013,NDUFB3,literal_official,130
Jurkat,NDUFB4,ENSG00000065518,NDUFB4,literal_official,133
Jurkat,NDUFB6,ENSG00000165264,NDUFB6,literal_official,76
Jurkat,NDUFB7,ENSG00000099795,NDUFB7,literal_official,61
Jurkat,NDUFB8,ENSG00000166136,NDUFB8,literal_official,89
Jurkat,NDUFS3,ENSG00000213619,NDUFS3,literal_official,96
Jurkat,NDUFS5,ENSG00000168653,NDUFS5,literal_official,79
Jurkat,NDUFV2,ENSG00000178127,NDUFV2,literal_official,59
Jurkat,NEDD1,ENSG00000139350,NEDD1,literal_official,44
Jurkat,NEDD8,ENSG00000129559,NEDD8,literal_official,48
Jurkat,NEDD8-MDP1,nan,NEDD8-MDP1,unique_hgnc_bridge,47
Jurkat,NELFA,ENSG00000185049,NELFA,literal_official,131
Jurkat,NELFB,ENSG00000188986,NELFB,literal_official,227
Jurkat,NELFCD,ENSG00000101158,NELFCD,literal_official,118
Jurkat,NELFE,ENSG00000204356,NELFE,literal_official,135
Jurkat,NEMF,ENSG00000165525,NEMF,literal_official,96
Jurkat,NEPRO,ENSG00000163608,NEPRO,literal_official,44
Jurkat,NF1,ENSG00000196712,NF1,literal_official,61
Jurkat,NFATC2IP,ENSG00000176953,NFATC2IP,literal_official,148
Jurkat,NFKBIE,ENSG00000146232,NFKBIE,literal_official,70
Jurkat,NFRKB,ENSG00000170322,NFRKB,literal_official,175
Jurkat,NFS1,ENSG00000244005,NFS1,literal_official,32
Jurkat,NFYB,ENSG00000120837,NFYB,literal_official,23
Jurkat,NFYC,ENSG00000066136,NFYC,literal_official,21
Jurkat,NHLRC2,ENSG00000196865,NHLRC2,literal_official,83
Jurkat,NHP2,ENSG00000145912,NHP2,literal_official,134
Jurkat,NIFK,ENSG00000155438,NIFK,literal_official,162
Jurkat,NIP7,ENSG00000132603,NIP7,literal_official,85
Jurkat,NISCH,ENSG00000010322,NISCH,literal_official,127
Jurkat,NKAP,ENSG00000101882,NKAP,literal_official,88
Jurkat,NKAPD1,ENSG00000150776,NKAPD1,literal_official,150
Jurkat,NKX6-1,ENSG00000163623,NKX6-1,literal_official,79
Jurkat,NLE1,ENSG00000073536,NLE1,literal_official,181
Jurkat,NMD3,ENSG00000169251,NMD3,literal_official,122
Jurkat,NMT1,ENSG00000136448,NMT1,literal_official,52
Jurkat,NOB1,ENSG00000141101,NOB1,literal_official,175
Jurkat,NOC2L,ENSG00000188976,NOC2L,literal_official,49
Jurkat,NOC3L,ENSG00000173145,NOC3L,literal_official,188
Jurkat,NOC4L,ENSG00000184967,NOC4L,literal_official,147
Jurkat,NOL10,ENSG00000115761,NOL10,literal_official,67
Jurkat,NOL11,ENSG00000130935,NOL11,literal_official,151
Jurkat,NOL12,ENSG00000273899,NOL12,literal_official,132
Jurkat,NOL6,ENSG00000165271,NOL6,literal_official,97
Jurkat,NOL7,ENSG00000225921,NOL7,literal_official,101
Jurkat,NOL8,ENSG00000198000,NOL8,literal_official,198
Jurkat,NOL9,ENSG00000162408,NOL9,literal_official,53
Jurkat,NOLC1,ENSG00000166197,NOLC1,literal_official,129
Jurkat,NOM1,ENSG00000146909,NOM1,literal_official,298
Jurkat,NOMO1,ENSG00000103512,NOMO1,literal_official,128
Jurkat,NOMO3,ENSG00000103226,NOMO3,unique_hgnc_bridge,152
Jurkat,NOP10,ENSG00000182117,NOP10,literal_official,48
Jurkat,NOP14,ENSG00000087269,NOP14,literal_official,223
Jurkat,NOP16,ENSG00000048162,NOP16,literal_official,108
Jurkat,NOP2,ENSG00000111641,NOP2,literal_official,27
Jurkat,NOP56,ENSG00000101361,NOP56,literal_official,59
Jurkat,NOP58,ENSG00000055044,NOP58,literal_official,78
Jurkat,NOP9,ENSG00000196943,NOP9,literal_official,169
Jurkat,NOS1AP,ENSG00000198929,NOS1AP,literal_official,105
Jurkat,NPAT,ENSG00000149308,NPAT,literal_official,21
Jurkat,NPB,ENSG00000183979,NPB,literal_official,117
Jurkat,NPEPPS,ENSG00000141279,NPEPPS,literal_official,132
Jurkat,NPLOC4,ENSG00000182446,NPLOC4,literal_official,136
Jurkat,NPM1,ENSG00000181163,NPM1,unique_hgnc_bridge,150
Jurkat,NPM3,ENSG00000107833,NPM3,literal_official,58
Jurkat,NR2C2AP,ENSG00000184162,NR2C2AP,literal_official,62
Jurkat,NRBP1,ENSG00000115216,NRBP1,literal_official,83
Jurkat,NRDE2,ENSG00000119720,NRDE2,literal_official,24
Jurkat,NRF1,ENSG00000106459,NRF1,literal_official,81
Jurkat,NSA2,ENSG00000164346,NSA2,literal_official,88
Jurkat,NSF,ENSG00000073969,NSF,literal_official,60
Jurkat,NSL1,ENSG00000117697,NSL1,literal_official,17
Jurkat,NSMCE1,ENSG00000169189,NSMCE1,literal_official,39
Jurkat,NSMCE2,ENSG00000156831,NSMCE2,literal_official,79
Jurkat,NSRP1,ENSG00000126653,NSRP1,literal_official,20
Jurkat,NSUN4,ENSG00000117481,NSUN4,literal_official,91
Jurkat,NUB1,ENSG00000013374,NUB1,literal_official,131
Jurkat,NUBP1,ENSG00000103274,NUBP1,literal_official,26
Jurkat,NUBP2,ENSG00000095906,NUBP2,literal_official,127
Jurkat,NUDC,ENSG00000090273,NUDC,literal_official,206
Jurkat,NUDCD3,ENSG00000015676,NUDCD3,literal_official,83
Jurkat,NUDT15,ENSG00000136159,NUDT15,literal_official,105
Jurkat,NUDT21,ENSG00000167005,NUDT21,literal_official,20
Jurkat,NUF2,ENSG00000143228,NUF2,literal_official,32
Jurkat,NUFIP1,ENSG00000083635,NUFIP1,literal_official,62
Jurkat,NUMA1,ENSG00000137497,NUMA1,literal_official,70
Jurkat,NUP107,ENSG00000111581,NUP107,literal_official,43
Jurkat,NUP133,ENSG00000069248,NUP133,literal_official,32
Jurkat,NUP153,ENSG00000124789,NUP153,literal_official,28
Jurkat,NUP155,ENSG00000113569,NUP155,literal_official,1
Jurkat,NUP160,ENSG00000030066,NUP160,literal_official,13
Jurkat,NUP205,ENSG00000155561,NUP205,literal_official,41
Jurkat,NUP214,ENSG00000126883,NUP214,literal_official,22
Jurkat,NUP35,ENSG00000163002,NUP35,literal_official,96
Jurkat,NUP43,ENSG00000120253,NUP43,literal_official,72
Jurkat,NUP54,ENSG00000138750,NUP54,literal_official,31
Jurkat,NUP62,ENSG00000213024,NUP62,literal_official,8
Jurkat,NUP85,ENSG00000125450,NUP85,literal_official,42
Jurkat,NUP88,ENSG00000108559,NUP88,literal_official,21
Jurkat,NUP93,ENSG00000102900,NUP93,literal_official,2
Jurkat,NUP98,ENSG00000110713,NUP98,literal_official,17
Jurkat,NUS1,ENSG00000153989,NUS1,literal_official,80
Jurkat,NUTF2,ENSG00000102898,NUTF2,literal_official,20
Jurkat,NVL,ENSG00000143748,NVL,literal_official,154
Jurkat,NXF1,ENSG00000162231,NXF1,literal_official,145
Jurkat,OGFOD1,ENSG00000087263,OGFOD1,literal_official,69
Jurkat,OGT,ENSG00000147162,OGT,literal_official,4
Jurkat,OIP5,ENSG00000104147,OIP5,literal_official,111
Jurkat,OLFML3,ENSG00000116774,OLFML3,literal_official,112
Jurkat,OPA1,ENSG00000198836,OPA1,literal_official,90
Jurkat,OR1D2,ENSG00000184166,OR1D2,literal_official,58
Jurkat,OR1E2,ENSG00000127780,OR1E2,literal_official,145
Jurkat,OR2A1,ENSG00000221970,OR2A1,literal_official,81
Jurkat,OR2T29,ENSG00000182783,OR2T29,unique_hgnc_bridge,71
Jurkat,OR2T5,ENSG00000203661,OR2T5,literal_official,95
Jurkat,OR4F4,ENSG00000177693,OR4F4,literal_official,47
Jurkat,OR4K1,ENSG00000155249,OR4K1,literal_official,80
Jurkat,OR4N2,ENSG00000176294,OR4N2,literal_official,64
Jurkat,OR7A10,ENSG00000127515,OR7A10,literal_official,42
Jurkat,OR7A17,ENSG00000185385,OR7A17,literal_official,76
Jurkat,ORC1,ENSG00000085840,ORC1,literal_official,41
Jurkat,ORC3,ENSG00000135336,ORC3,literal_official,59
Jurkat,ORC4,ENSG00000115947,ORC4,literal_official,158
Jurkat,ORC5,ENSG00000164815,ORC5,literal_official,138
Jurkat,ORC6,ENSG00000091651,ORC6,literal_official,52
Jurkat,OSBP,ENSG00000110048,OSBP,literal_official,18
Jurkat,OSGEP,ENSG00000092094,OSGEP,literal_official,113
Jurkat,OSTC,ENSG00000198856,OSTC,literal_official,101
Jurkat,OTOP1,ENSG00000163982,OTOP1,literal_official,118
Jurkat,OTX1,ENSG00000115507,OTX1,literal_official,84
Jurkat,OVCA2,ENSG00000262664,OVCA2,literal_official,77
Jurkat,OXA1L,ENSG00000155463,OXA1L,literal_official,51
Jurkat,PABPC1,ENSG00000070756,PABPC1,unique_hgnc_bridge,78
Jurkat,PABPC4,ENSG00000090621,PABPC4,literal_official,130
Jurkat,PABPN1,ENSG00000100836,PABPN1,unique_hgnc_bridge,38
Jurkat,PAF1,ENSG00000006712,PAF1,literal_official,55
Jurkat,PAFAH1B1,ENSG00000007168,PAFAH1B1,literal_official,75
Jurkat,PAK1IP1,ENSG00000111845,PAK1IP1,literal_official,49
Jurkat,PALB2,ENSG00000083093,PALB2,literal_official,100
Jurkat,PAM16,ENSG00000217930,PAM16,literal_official,73
Jurkat,PARN,ENSG00000140694,PARN,literal_official,189
Jurkat,PARS2,ENSG00000162396,PARS2,literal_official,171
Jurkat,PAXBP1,ENSG00000159086,PAXBP1,literal_official,130
Jurkat,PC,ENSG00000173599,PC,literal_official,125
Jurkat,PCBP1,ENSG00000169564,PCBP1,literal_official,206
Jurkat,PCBP2,ENSG00000197111,PCBP2,literal_official,327
Jurkat,PCF11,ENSG00000165494,PCF11,literal_official,37
Jurkat,PCID2,ENSG00000126226,PCID2,literal_official,124
Jurkat,PCM1,ENSG00000078674,PCM1,literal_official,38
Jurkat,PCNA,ENSG00000132646,PCNA,literal_official,33
Jurkat,PCNX3,ENSG00000197136,PCNX3,literal_official,144
Jurkat,PDAP1,ENSG00000106244,PDAP1,unique_hgnc_bridge,68
Jurkat,PDCD11,ENSG00000148843,PDCD11,literal_official,167
Jurkat,PDCD2,ENSG00000071994,PDCD2,literal_official,117
Jurkat,PDCD5,ENSG00000105185,PDCD5,literal_official,185
Jurkat,PDCD6,ENSG00000249915,PDCD6,literal_official,129
Jurkat,PDCD6IP,ENSG00000170248,PDCD6IP,literal_official,154
Jurkat,PDCD7,ENSG00000090470,PDCD7,literal_official,45
Jurkat,PDHA1,ENSG00000131828,PDHA1,literal_official,85
Jurkat,PDPK1,ENSG00000140992,PDPK1,literal_official,87
Jurkat,PDRG1,ENSG00000088356,PDRG1,literal_official,36
Jurkat,PEF1,ENSG00000162517,PEF1,literal_official,55
Jurkat,PELO,ENSG00000152684,PELO,literal_official,107
Jurkat,PELP1,ENSG00000141456,PELP1,literal_official,172
Jurkat,PES1,ENSG00000100029,PES1,literal_official,142
Jurkat,PET117,ENSG00000232838,PET117,literal_official,153
Jurkat,PEX1,ENSG00000127980,PEX1,literal_official,34
Jurkat,PEX19,ENSG00000162735,PEX19,literal_official,100
Jurkat,PFDN1,ENSG00000113068,PFDN1,literal_official,56
Jurkat,PFDN2,ENSG00000143256,PFDN2,literal_official,55
Jurkat,PFDN4,ENSG00000101132,PFDN4,literal_official,107
Jurkat,PFDN5,ENSG00000123349,PFDN5,literal_official,50
Jurkat,PFDN6,ENSG00000204220,PFDN6,literal_official,36
Jurkat,PFN1,ENSG00000108518,PFN1,literal_official,133
Jurkat,PGAM1,ENSG00000171314,PGAM1,literal_official,157
Jurkat,PGAM5,ENSG00000247077,PGAM5,literal_official,97
Jurkat,PGD,ENSG00000142657,PGD,literal_official,79
Jurkat,PGK1,ENSG00000102144,PGK1,literal_official,101
Jurkat,PGPEP1,ENSG00000130517,PGPEP1,literal_official,28
Jurkat,PGS1,ENSG00000087157,PGS1,literal_official,61
Jurkat,PHAX,ENSG00000164902,PHAX,literal_official,192
Jurkat,PHB,ENSG00000167085,PHB,literal_official,55
Jurkat,PHB2,ENSG00000215021,PHB2,literal_official,41
Jurkat,PHF10,ENSG00000130024,PHF10,literal_official,136
Jurkat,PHF12,ENSG00000109118,PHF12,literal_official,83
Jurkat,PHF5A,ENSG00000100410,PHF5A,literal_official,129
Jurkat,PI4KA,ENSG00000241973,PI4KA,literal_official,174
Jurkat,PIAS1,ENSG00000033800,PIAS1,literal_official,60
Jurkat,PIAS4,ENSG00000105229,PIAS4,literal_official,31
Jurkat,PIGH,ENSG00000100564,PIGH,literal_official,57
Jurkat,PIK3C3,ENSG00000078142,PIK3C3,literal_official,62
Jurkat,PIK3R4,ENSG00000196455,PIK3R4,literal_official,65
Jurkat,PIP4K2C,ENSG00000166908,PIP4K2C,literal_official,54
Jurkat,PITRM1,ENSG00000107959,PITRM1,literal_official,104
Jurkat,PKM,ENSG00000067225,PKM,literal_official,206
Jurkat,PKMYT1,ENSG00000127564,PKMYT1,literal_official,100
Jurkat,PLA2G10,ENSG00000069764,PLA2G10,literal_official,98
Jurkat,PLEKHN1,ENSG00000187583,PLEKHN1,literal_official,68
Jurkat,PLK1,ENSG00000166851,PLK1,literal_official,51
Jurkat,PLK4,ENSG00000142731,PLK4,literal_official,240
Jurkat,PLRG1,ENSG00000171566,PLRG1,literal_official,18
Jurkat,PMF1,ENSG00000160783,PMF1,literal_official,149
Jurkat,PMPCA,ENSG00000165688,PMPCA,literal_official,98
Jurkat,PMPCB,ENSG00000105819,PMPCB,literal_official,294
Jurkat,PNISR,ENSG00000132424,PNISR,literal_official,155
Jurkat,PNKP,ENSG00000039650,PNKP,unique_hgnc_bridge,84
Jurkat,PNN,ENSG00000100941,PNN,literal_official,94
Jurkat,PNO1,ENSG00000115946,PNO1,literal_official,118
Jurkat,PNPT1,ENSG00000138035,PNPT1,literal_official,131
Jurkat,POGLUT3,ENSG00000178202,POGLUT3,literal_official,979
Jurkat,POGZ,ENSG00000143442,POGZ,literal_official,112
Jurkat,POLA1,ENSG00000101868,POLA1,literal_official,21
Jurkat,POLA2,ENSG00000014138,POLA2,literal_official,41
Jurkat,POLD1,ENSG00000062822,POLD1,literal_official,38
Jurkat,POLD2,ENSG00000106628,POLD2,literal_official,89
Jurkat,POLD3,ENSG00000077514,POLD3,literal_official,75
Jurkat,POLE,ENSG00000177084,POLE,literal_official,13
Jurkat,POLE2,ENSG00000100479,POLE2,literal_official,23
Jurkat,POLG,ENSG00000140521,POLG,literal_official,82
Jurkat,POLG2,ENSG00000256525,POLG2,literal_official,90
Jurkat,POLL,ENSG00000166169,POLL,literal_official,89
Jurkat,POLR1A,ENSG00000068654,POLR1A,literal_official,68
Jurkat,POLR1B,ENSG00000125630,POLR1B,literal_official,51
Jurkat,POLR1C,ENSG00000171453,POLR1C,literal_official,312
Jurkat,POLR1D,ENSG00000186184,POLR1D,literal_official,78
Jurkat,POLR1E,ENSG00000137054,POLR1E,literal_official,260
Jurkat,POLR2A,ENSG00000181222,POLR2A,literal_official,16
Jurkat,POLR2B,ENSG00000047315,POLR2B,literal_official,43
Jurkat,POLR2C,ENSG00000102978,POLR2C,literal_official,14
Jurkat,POLR2D,ENSG00000144231,POLR2D,literal_official,106
Jurkat,POLR2E,ENSG00000099817,POLR2E,literal_official,24
Jurkat,POLR2F,ENSG00000100142,POLR2F,literal_official,48
Jurkat,POLR2G,ENSG00000168002,POLR2G,literal_official,9
Jurkat,POLR2H,ENSG00000163882,POLR2H,literal_official,14
Jurkat,POLR2I,ENSG00000105258,POLR2I,literal_official,128
Jurkat,POLR2K,ENSG00000147669,POLR2K,literal_official,30
Jurkat,POLR2L,ENSG00000177700,POLR2L,literal_official,39
Jurkat,POLR2M,ENSG00000255529,POLR2M,literal_official,107
Jurkat,POLR3A,ENSG00000148606,POLR3A,literal_official,11
Jurkat,POLR3B,ENSG00000013503,POLR3B,literal_official,65
Jurkat,POLR3C,ENSG00000186141,POLR3C,literal_official,74
Jurkat,POLR3D,ENSG00000168495,POLR3D,literal_official,39
Jurkat,POLR3E,ENSG00000058600,POLR3E,literal_official,91
Jurkat,POLR3F,ENSG00000132664,POLR3F,literal_official,41
Jurkat,POLR3H,ENSG00000100413,POLR3H,literal_official,53
Jurkat,POLR3K,ENSG00000161980,POLR3K,literal_official,23
Jurkat,POLRMT,ENSG00000099821,POLRMT,literal_official,190
Jurkat,POP1,ENSG00000104356,POP1,literal_official,88
Jurkat,POP4,ENSG00000105171,POP4,literal_official,132
Jurkat,POP5,ENSG00000167272,POP5,literal_official,210
Jurkat,POP7,ENSG00000172336,POP7,literal_official,118
Jurkat,POT1,ENSG00000128513,POT1,literal_official,17
Jurkat,POTEI,ENSG00000196834,POTEI,literal_official,70
Jurkat,POU3F1,ENSG00000185668,POU3F1,literal_official,250
Jurkat,POU5F1B,ENSG00000212993,POU5F1B,literal_official,166
Jurkat,PPA1,ENSG00000180817,PPA1,literal_official,134
Jurkat,PPA2,ENSG00000138777,PPA2,literal_official,92
Jurkat,PPAN,ENSG00000130810,PPAN,literal_official,142
Jurkat,PPARGC1B,ENSG00000155846,PPARGC1B,literal_official,131
Jurkat,PPIA,ENSG00000196262,PPIA,literal_official,140
Jurkat,PPIE,ENSG00000084072,PPIE,literal_official,42
Jurkat,PPIH,ENSG00000171960,PPIH,literal_official,73
Jurkat,PPIL1,ENSG00000137168,PPIL1,literal_official,112
Jurkat,PPIL2,ENSG00000100023,PPIL2,literal_official,45
Jurkat,PPIL4,ENSG00000131013,PPIL4,literal_official,85
Jurkat,PPME1,ENSG00000214517,PPME1,literal_official,146
Jurkat,PPP1CA,ENSG00000172531,PPP1CA,literal_official,146
Jurkat,PPP1CB,ENSG00000213639,PPP1CB,literal_official,82
Jurkat,PPP1R10,ENSG00000204569,PPP1R10,literal_official,45
Jurkat,PPP1R11,ENSG00000204619,PPP1R11,literal_official,94
Jurkat,PPP1R12A,ENSG00000058272,PPP1R12A,literal_official,112
Jurkat,PPP1R15B,ENSG00000158615,PPP1R15B,literal_official,34
Jurkat,PPP1R2,ENSG00000184203,PPP1R2,literal_official,99
Jurkat,PPP1R37,ENSG00000104866,PPP1R37,literal_official,478
Jurkat,PPP1R7,ENSG00000115685,PPP1R7,literal_official,75
Jurkat,PPP1R8,ENSG00000117751,PPP1R8,literal_official,84
Jurkat,PPP2CA,ENSG00000113575,PPP2CA,literal_official,286
Jurkat,PPP2CB,ENSG00000104695,PPP2CB,literal_official,168
Jurkat,PPP2R1A,ENSG00000105568,PPP2R1A,literal_official,529
Jurkat,PPP2R3C,ENSG00000092020,PPP2R3C,literal_official,76
Jurkat,PPP4C,ENSG00000149923,PPP4C,literal_official,48
Jurkat,PPP4R2,ENSG00000163605,PPP4R2,literal_official,83
Jurkat,PPP6C,ENSG00000119414,PPP6C,literal_official,1186
Jurkat,PPRC1,ENSG00000148840,PPRC1,literal_official,75
Jurkat,PPWD1,ENSG00000113593,PPWD1,literal_official,20
Jurkat,PPY,ENSG00000108849,PPY,literal_official,91
Jurkat,PRC1,ENSG00000198901,PRC1,literal_official,47
Jurkat,PRDM10,ENSG00000170325,PRDM10,literal_official,88
Jurkat,PRDM4,ENSG00000110851,PRDM4,literal_official,89
Jurkat,PRDM8,ENSG00000152784,PRDM8,literal_official,48
Jurkat,PREB,ENSG00000138073,PREB,literal_official,57
Jurkat,PRELID1,ENSG00000169230,PRELID1,literal_official,62
Jurkat,PRELID3B,ENSG00000101166,PRELID3B,literal_official,37
Jurkat,PRIM1,ENSG00000198056,PRIM1,literal_official,24
Jurkat,PRIM2,ENSG00000146143,PRIM2,literal_official,8
Jurkat,PRKCA,ENSG00000154229,PRKCA,literal_official,38
Jurkat,PRKRA,ENSG00000180228,PRKRA,literal_official,35
Jurkat,PRKRIP1,ENSG00000128563,PRKRIP1,unique_hgnc_bridge,170
Jurkat,PRMT1,ENSG00000126457,PRMT1,literal_official,53
Jurkat,PRMT5,ENSG00000100462,PRMT5,literal_official,259
Jurkat,PRODH,ENSG00000100033,PRODH,literal_official,247
Jurkat,PRORP,ENSG00000100890,PRORP,literal_official,98
Jurkat,PRPF18,ENSG00000165630,PRPF18,literal_official,57
Jurkat,PRPF19,ENSG00000110107,PRPF19,literal_official,50
Jurkat,PRPF3,ENSG00000117360,PRPF3,literal_official,39
Jurkat,PRPF31,ENSG00000105618,PRPF31,literal_official,47
Jurkat,PRPF38A,ENSG00000134748,PRPF38A,literal_official,72
Jurkat,PRPF38B,ENSG00000134186,PRPF38B,literal_official,22
Jurkat,PRPF39,ENSG00000185246,PRPF39,literal_official,146
Jurkat,PRPF4,ENSG00000136875,PRPF4,literal_official,28
Jurkat,PRPF40A,ENSG00000196504,PRPF40A,literal_official,49
Jurkat,PRPF4B,ENSG00000112739,PRPF4B,literal_official,44
Jurkat,PRPF6,ENSG00000101161,PRPF6,literal_official,37
Jurkat,PRPF8,ENSG00000174231,PRPF8,literal_official,47
Jurkat,PRRC2A,ENSG00000204469,PRRC2A,literal_official,102
Jurkat,PRSS50,nan,PRSS50,unique_hgnc_bridge,157
Jurkat,PRXL2A,ENSG00000122378,PRXL2A,literal_official,72
Jurkat,PSAT1,ENSG00000135069,PSAT1,literal_official,122
Jurkat,PSMA1,ENSG00000129084,PSMA1,literal_official,16
Jurkat,PSMA2,ENSG00000106588,PSMA2,literal_official,18
Jurkat,PSMA3,ENSG00000100567,PSMA3,literal_official,36
Jurkat,PSMA4,ENSG00000041357,PSMA4,literal_official,47
Jurkat,PSMA5,ENSG00000143106,PSMA5,literal_official,4
Jurkat,PSMA6,ENSG00000100902,PSMA6,unique_hgnc_bridge,17
Jurkat,PSMA7,ENSG00000101182,PSMA7,literal_official,14
Jurkat,PSMB1,ENSG00000008018,PSMB1,literal_official,25
Jurkat,PSMB2,ENSG00000126067,PSMB2,literal_official,40
Jurkat,PSMB3,ENSG00000277791,PSMB3,literal_official,52
Jurkat,PSMB4,ENSG00000159377,PSMB4,literal_official,61
Jurkat,PSMB5,ENSG00000100804,PSMB5,literal_official,1243
Jurkat,PSMB6,ENSG00000142507,PSMB6,literal_official,117
Jurkat,PSMB7,ENSG00000136930,PSMB7,literal_official,28
Jurkat,PSMC1,ENSG00000100764,PSMC1,literal_official,33
Jurkat,PSMC2,ENSG00000161057,PSMC2,literal_official,28
Jurkat,PSMC3,ENSG00000165916,PSMC3,literal_official,21
Jurkat,PSMC4,ENSG00000013275,PSMC4,literal_official,20
Jurkat,PSMC5,ENSG00000087191,PSMC5,literal_official,77
Jurkat,PSMC6,ENSG00000100519,PSMC6,literal_official,20
Jurkat,PSMD1,ENSG00000173692,PSMD1,literal_official,15
Jurkat,PSMD11,ENSG00000108671,PSMD11,literal_official,19
Jurkat,PSMD12,ENSG00000197170,PSMD12,literal_official,25
Jurkat,PSMD13,ENSG00000185627,PSMD13,literal_official,70
Jurkat,PSMD14,ENSG00000115233,PSMD14,literal_official,50
Jurkat,PSMD2,ENSG00000175166,PSMD2,literal_official,13
Jurkat,PSMD3,ENSG00000108344,PSMD3,literal_official,4
Jurkat,PSMD4,ENSG00000159352,PSMD4,literal_official,67
Jurkat,PSMD6,ENSG00000163636,PSMD6,literal_official,27
Jurkat,PSMD7,ENSG00000103035,PSMD7,literal_official,22
Jurkat,PSMD8,ENSG00000099341,PSMD8,literal_official,49
Jurkat,PSMD9,ENSG00000110801,PSMD9,literal_official,68
Jurkat,PSME1,ENSG00000092010,PSME1,literal_official,65
Jurkat,PSME2,ENSG00000100911,PSME2,literal_official,110
Jurkat,PSMG1,ENSG00000183527,PSMG1,literal_official,52
Jurkat,PSMG2,ENSG00000128789,PSMG2,literal_official,97
Jurkat,PSMG3,ENSG00000157778,PSMG3,literal_official,277
Jurkat,PSMG4,ENSG00000180822,PSMG4,literal_official,42
Jurkat,PSTK,ENSG00000179988,PSTK,literal_official,302
Jurkat,PTBP1,ENSG00000011304,PTBP1,literal_official,61
Jurkat,PTCD1,ENSG00000106246,PTCD1,literal_official,73
Jurkat,PTCD3,ENSG00000132300,PTCD3,literal_official,31
Jurkat,PTEN,ENSG00000171862,PTEN,literal_official,145
Jurkat,PTGR2,ENSG00000140043,PTGR2,literal_official,94
Jurkat,PTK2,ENSG00000169398,PTK2,literal_official,123
Jurkat,PTMA,ENSG00000187514,PTMA,unique_hgnc_bridge,199
Jurkat,PTPMT1,ENSG00000110536,PTPMT1,literal_official,104
Jurkat,PTPN1,ENSG00000196396,PTPN1,literal_official,136
Jurkat,PTPN11,ENSG00000179295,PTPN11,literal_official,135
Jurkat,PTPN23,ENSG00000076201,PTPN23,literal_official,51
Jurkat,PUF60,ENSG00000179950,PUF60,literal_official,19
Jurkat,PUM1,ENSG00000134644,PUM1,literal_official,105
Jurkat,PWP1,ENSG00000136045,PWP1,literal_official,66
Jurkat,PWP2,ENSG00000241945,PWP2,unique_hgnc_bridge,110
Jurkat,PXN,ENSG00000089159,PXN,literal_official,89
Jurkat,PYROXD1,ENSG00000121350,PYROXD1,literal_official,145
Jurkat,PYURF,ENSG00000145337,PYURF,literal_official,85
Jurkat,QARS,ENSG00000172053,QARS,literal_official,113
Jurkat,QRSL1,ENSG00000130348,QRSL1,literal_official,112
Jurkat,RAB18,ENSG00000099246,RAB18,literal_official,108
Jurkat,RAB4A,ENSG00000168118,RAB4A,literal_official,171
Jurkat,RAB4B,ENSG00000167578,RAB4B,literal_official,155
Jurkat,RAB6A,ENSG00000175582,RAB6A,literal_official,116
Jurkat,RABGGTA,ENSG00000100949,RABGGTA,literal_official,172
Jurkat,RABGGTB,ENSG00000137955,RABGGTB,literal_official,141
Jurkat,RAC1,ENSG00000136238,RAC1,literal_official,109
Jurkat,RAC3,ENSG00000169750,RAC3,literal_official,292
Jurkat,RACGAP1,ENSG00000161800,RACGAP1,literal_official,2
Jurkat,RACK1,ENSG00000204628,RACK1,literal_official,33
Jurkat,RAD17,ENSG00000152942,RAD17,literal_official,29
Jurkat,RAD21,ENSG00000164754,RAD21,literal_official,29
Jurkat,RAD51,ENSG00000051180,RAD51,literal_official,36
Jurkat,RAD51C,ENSG00000108384,RAD51C,literal_official,106
Jurkat,RAD51D,ENSG00000185379,RAD51D,literal_official,115
Jurkat,RAD9A,ENSG00000172613,RAD9A,literal_official,134
Jurkat,RAE1,ENSG00000101146,RAE1,literal_official,29
Jurkat,RAMAC,ENSG00000169612,RAMAC,literal_official,94
Jurkat,RAN,ENSG00000132341,RAN,unique_hgnc_bridge,53
Jurkat,RANBP2,ENSG00000153201,RANBP2,unique_hgnc_bridge,7
Jurkat,RANGAP1,ENSG00000100401,RANGAP1,literal_official,17
Jurkat,RARS,ENSG00000113643,RARS,literal_official,101
Jurkat,RARS2,ENSG00000146282,RARS2,literal_official,190
Jurkat,RBBP4,ENSG00000162521,RBBP4,literal_official,39
Jurkat,RBBP5,ENSG00000117222,RBBP5,literal_official,135
Jurkat,RBBP6,ENSG00000122257,RBBP6,literal_official,18
Jurkat,RBBP8,ENSG00000101773,RBBP8,literal_official,52
Jurkat,RBM10,ENSG00000182872,RBM10,literal_official,88
Jurkat,RBM12,ENSG00000244462,RBM12,literal_official,35
Jurkat,RBM14-RBM4,nan,RBM14-RBM4,unique_hgnc_bridge,245
Jurkat,RBM15,ENSG00000162775,RBM15,literal_official,134
Jurkat,RBM17,ENSG00000134453,RBM17,literal_official,21
Jurkat,RBM19,ENSG00000122965,RBM19,literal_official,52
Jurkat,RBM22,ENSG00000086589,RBM22,literal_official,8
Jurkat,RBM25,ENSG00000119707,RBM25,literal_official,60
Jurkat,RBM28,ENSG00000106344,RBM28,literal_official,148
Jurkat,RBM33,ENSG00000184863,RBM33,literal_official,149
Jurkat,RBM39,ENSG00000131051,RBM39,literal_official,20
Jurkat,RBM4,ENSG00000173933,RBM4,literal_official,29
Jurkat,RBM42,ENSG00000126254,RBM42,literal_official,31
Jurkat,RBM48,ENSG00000127993,RBM48,literal_official,126
Jurkat,RBM8A,ENSG00000265241,RBM8A,literal_official,25
Jurkat,RBMX,ENSG00000147274,RBMX,literal_official,18
Jurkat,RBMX2,ENSG00000134597,RBMX2,literal_official,150
Jurkat,RBMXL1,ENSG00000213516,RBMXL1,literal_official,66
Jurkat,RBX1,ENSG00000100387,RBX1,literal_official,88
Jurkat,RCC1,ENSG00000180198,RCC1,literal_official,145
Jurkat,RCCD1,ENSG00000166965,RCCD1,literal_official,59
Jurkat,RCL1,ENSG00000120158,RCL1,literal_official,199
Jurkat,RCOR1,ENSG00000089902,RCOR1,literal_official,49
Jurkat,RELL2,ENSG00000164620,RELL2,literal_official,42
Jurkat,REV3L,ENSG00000009413,REV3L,literal_official,90
Jurkat,REXO2,ENSG00000076043,REXO2,literal_official,63
Jurkat,RFC1,ENSG00000035928,RFC1,literal_official,29
Jurkat,RFC2,ENSG00000049541,RFC2,literal_official,49
Jurkat,RFC3,ENSG00000133119,RFC3,literal_official,43
Jurkat,RFC4,ENSG00000163918,RFC4,literal_official,36
Jurkat,RFC5,ENSG00000111445,RFC5,literal_official,54
Jurkat,RFFL,ENSG00000092871,RFFL,literal_official,15
Jurkat,RFT1,ENSG00000163933,RFT1,literal_official,55
Jurkat,RGP1,ENSG00000107185,RGP1,literal_official,79
Jurkat,RGPD6,ENSG00000183054,RGPD6,unique_hgnc_bridge,282
Jurkat,RHOQ,ENSG00000119729,RHOQ,literal_official,313
Jurkat,RHPN1,ENSG00000158106,RHPN1,literal_official,150
Jurkat,RINT1,ENSG00000135249,RINT1,literal_official,122
Jurkat,RIOK1,ENSG00000124784,RIOK1,literal_official,177
Jurkat,RIOK2,ENSG00000058729,RIOK2,literal_official,66
Jurkat,RMI1,ENSG00000178966,RMI1,literal_official,87
Jurkat,RNASEH2C,ENSG00000172922,RNASEH2C,literal_official,287
Jurkat,RNF103,ENSG00000239305,RNF103,literal_official,87
Jurkat,RNF113A,ENSG00000125352,RNF113A,literal_official,59
Jurkat,RNF123,ENSG00000164068,RNF123,literal_official,180
Jurkat,RNF14,ENSG00000013561,RNF14,literal_official,165
Jurkat,RNF168,ENSG00000163961,RNF168,literal_official,39
Jurkat,RNF20,ENSG00000155827,RNF20,literal_official,131
Jurkat,RNF31,ENSG00000092098,RNF31,literal_official,87
Jurkat,RNF4,ENSG00000063978,RNF4,literal_official,64
Jurkat,RNF40,ENSG00000103549,RNF40,literal_official,52
Jurkat,RNF8,ENSG00000112130,RNF8,literal_official,257
Jurkat,RNGTT,ENSG00000111880,RNGTT,literal_official,62
Jurkat,RNMT,ENSG00000101654,RNMT,literal_official,82
Jurkat,RNPC3,ENSG00000185946,RNPC3,literal_official,33
Jurkat,RNPS1,ENSG00000205937,RNPS1,literal_official,74
Jurkat,ROMO1,ENSG00000125995,ROMO1,literal_official,24
Jurkat,RPA1,ENSG00000132383,RPA1,literal_official,48
Jurkat,RPA2,ENSG00000117748,RPA2,literal_official,46
Jurkat,RPA3,ENSG00000106399,RPA3,literal_official,85
Jurkat,RPAIN,ENSG00000129197,RPAIN,literal_official,16
Jurkat,RPAP1,ENSG00000103932,RPAP1,literal_official,110
Jurkat,RPAP2,ENSG00000122484,RPAP2,literal_official,22
Jurkat,RPAP3,ENSG00000005175,RPAP3,literal_official,73
Jurkat,RPE,ENSG00000197713,RPE,literal_official,68
Jurkat,RPF1,ENSG00000117133,RPF1,literal_official,80
Jurkat,RPF2,ENSG00000197498,RPF2,literal_official,25
Jurkat,RPIA,ENSG00000153574,RPIA,literal_official,38
Jurkat,RPL10,ENSG00000147403,RPL10,unique_hgnc_bridge,59
Jurkat,RPL10A,ENSG00000198755,RPL10A,unique_hgnc_bridge,113
Jurkat,RPL11,ENSG00000142676,RPL11,unique_hgnc_bridge,46
Jurkat,RPL12,ENSG00000197958,RPL12,unique_hgnc_bridge,75
Jurkat,RPL13,ENSG00000167526,RPL13,unique_hgnc_bridge,72
Jurkat,RPL13A,ENSG00000142541,RPL13A,unique_hgnc_bridge,85
Jurkat,RPL14,ENSG00000188846,RPL14,unique_hgnc_bridge,37
Jurkat,RPL15,ENSG00000174748,RPL15,unique_hgnc_bridge,27
Jurkat,RPL17,ENSG00000265681,RPL17,unique_hgnc_bridge,51
Jurkat,RPL18,ENSG00000063177,RPL18,unique_hgnc_bridge,63
Jurkat,RPL18A,ENSG00000105640,RPL18A,unique_hgnc_bridge,61
Jurkat,RPL19,ENSG00000108298,RPL19,unique_hgnc_bridge,28
Jurkat,RPL21,ENSG00000122026,RPL21,unique_hgnc_bridge,64
Jurkat,RPL23,ENSG00000125691,RPL23,unique_hgnc_bridge,88
Jurkat,RPL23A,ENSG00000198242,RPL23A,unique_hgnc_bridge,60
Jurkat,RPL24,ENSG00000114391,RPL24,unique_hgnc_bridge,52
Jurkat,RPL26,ENSG00000161970,RPL26,unique_hgnc_bridge,151
Jurkat,RPL26L1,ENSG00000037241,RPL26L1,unique_hgnc_bridge,70
Jurkat,RPL27,ENSG00000131469,RPL27,unique_hgnc_bridge,5
Jurkat,RPL27A,ENSG00000166441,RPL27A,unique_hgnc_bridge,39
Jurkat,RPL28,ENSG00000108107,RPL28,unique_hgnc_bridge,108
Jurkat,RPL29,ENSG00000162244,RPL29,unique_hgnc_bridge,82
Jurkat,RPL3,ENSG00000100316,RPL3,unique_hgnc_bridge,60
Jurkat,RPL30,ENSG00000156482,RPL30,unique_hgnc_bridge,43
Jurkat,RPL31,ENSG00000071082,RPL31,unique_hgnc_bridge,37
Jurkat,RPL32,ENSG00000144713,RPL32,unique_hgnc_bridge,127
Jurkat,RPL34,ENSG00000109475,RPL34,unique_hgnc_bridge,51
Jurkat,RPL35,ENSG00000136942,RPL35,unique_hgnc_bridge,85
Jurkat,RPL35A,ENSG00000182899,RPL35A,unique_hgnc_bridge,139
Jurkat,RPL36,ENSG00000130255,RPL36,unique_hgnc_bridge,111
Jurkat,RPL36A,ENSG00000241343,RPL36A,unique_hgnc_bridge,244
Jurkat,RPL36AL,ENSG00000165502,RPL36AL,unique_hgnc_bridge,51
Jurkat,RPL37,ENSG00000145592,RPL37,unique_hgnc_bridge,44
Jurkat,RPL37A,ENSG00000197756,RPL37A,unique_hgnc_bridge,68
Jurkat,RPL38,ENSG00000172809,RPL38,unique_hgnc_bridge,35
Jurkat,RPL39,ENSG00000198918,RPL39,unique_hgnc_bridge,170
Jurkat,RPL4,ENSG00000174444,RPL4,unique_hgnc_bridge,63
Jurkat,RPL41,ENSG00000229117,RPL41,unique_hgnc_bridge,230
Jurkat,RPL5,ENSG00000122406,RPL5,unique_hgnc_bridge,60
Jurkat,RPL6,ENSG00000089009,RPL6,unique_hgnc_bridge,90
Jurkat,RPL7,ENSG00000147604,RPL7,unique_hgnc_bridge,146
Jurkat,RPL7A,ENSG00000148303,RPL7A,unique_hgnc_bridge,2
Jurkat,RPL7L1,ENSG00000146223,RPL7L1,unique_hgnc_bridge,76
Jurkat,RPL8,ENSG00000161016,RPL8,unique_hgnc_bridge,75
Jurkat,RPL9,ENSG00000163682,RPL9,unique_hgnc_bridge,50
Jurkat,RPLP0,ENSG00000089157,RPLP0,unique_hgnc_bridge,77
Jurkat,RPLP1,ENSG00000137818,RPLP1,unique_hgnc_bridge,26
Jurkat,RPLP2,ENSG00000177600,RPLP2,unique_hgnc_bridge,81
Jurkat,RPN1,ENSG00000163902,RPN1,literal_official,106
Jurkat,RPN2,ENSG00000118705,RPN2,literal_official,47
Jurkat,RPP14,ENSG00000163684,RPP14,literal_official,224
Jurkat,RPP21,ENSG00000241370,RPP21,literal_official,198
Jurkat,RPP30,ENSG00000148688,RPP30,literal_official,148
Jurkat,RPP38,ENSG00000152464,RPP38,literal_official,43
Jurkat,RPP40,ENSG00000124787,RPP40,literal_official,93
Jurkat,RPRD1B,ENSG00000101413,RPRD1B,literal_official,98
Jurkat,RPS10,ENSG00000124614,RPS10,unique_hgnc_bridge,91
Jurkat,RPS10-NUDT3,ENSG00000270800,RPS10-NUDT3,unique_hgnc_bridge,109
Jurkat,RPS11,ENSG00000142534,RPS11,unique_hgnc_bridge,67
Jurkat,RPS12,ENSG00000112306,RPS12,unique_hgnc_bridge,70
Jurkat,RPS13,ENSG00000110700,RPS13,unique_hgnc_bridge,290
Jurkat,RPS14,ENSG00000164587,RPS14,unique_hgnc_bridge,115
Jurkat,RPS15,ENSG00000115268,RPS15,unique_hgnc_bridge,123
Jurkat,RPS15A,ENSG00000134419,RPS15A,unique_hgnc_bridge,74
Jurkat,RPS16,ENSG00000105193,RPS16,unique_hgnc_bridge,18
Jurkat,RPS17,ENSG00000182774,RPS17,unique_hgnc_bridge,67
Jurkat,RPS18,ENSG00000231500,RPS18,unique_hgnc_bridge,106
Jurkat,RPS19,ENSG00000105372,RPS19,unique_hgnc_bridge,140
Jurkat,RPS19BP1,ENSG00000187051,RPS19BP1,unique_hgnc_bridge,108
Jurkat,RPS2,ENSG00000140988,RPS2,unique_hgnc_bridge,126
Jurkat,RPS20,ENSG00000008988,RPS20,unique_hgnc_bridge,106
Jurkat,RPS21,ENSG00000171858,RPS21,unique_hgnc_bridge,68
Jurkat,RPS23,ENSG00000186468,RPS23,unique_hgnc_bridge,69
Jurkat,RPS24,ENSG00000138326,RPS24,unique_hgnc_bridge,87
Jurkat,RPS25,ENSG00000118181,RPS25,unique_hgnc_bridge,72
Jurkat,RPS26,ENSG00000197728,RPS26,unique_hgnc_bridge,55
Jurkat,RPS27,ENSG00000177954,RPS27,unique_hgnc_bridge,64
Jurkat,RPS27A,ENSG00000143947,RPS27A,unique_hgnc_bridge,190
Jurkat,RPS28,ENSG00000233927,RPS28,unique_hgnc_bridge,68
Jurkat,RPS29,ENSG00000213741,RPS29,unique_hgnc_bridge,171
Jurkat,RPS3,ENSG00000149273,RPS3,unique_hgnc_bridge,101
Jurkat,RPS3A,ENSG00000145425,RPS3A,unique_hgnc_bridge,120
Jurkat,RPS4X,ENSG00000198034,RPS4X,unique_hgnc_bridge,89
Jurkat,RPS5,ENSG00000083845,RPS5,unique_hgnc_bridge,44
Jurkat,RPS6,ENSG00000137154,RPS6,unique_hgnc_bridge,137
Jurkat,RPS7,ENSG00000171863,RPS7,unique_hgnc_bridge,82
Jurkat,RPS8,ENSG00000142937,RPS8,unique_hgnc_bridge,130
Jurkat,RPS9,ENSG00000170889,RPS9,unique_hgnc_bridge,121
Jurkat,RPSA,ENSG00000168028,RPSA,unique_hgnc_bridge,76
Jurkat,RPTOR,ENSG00000141564,RPTOR,literal_official,53
Jurkat,RPUSD3,ENSG00000156990,RPUSD3,literal_official,77
Jurkat,RPUSD4,ENSG00000165526,RPUSD4,literal_official,94
Jurkat,RRM1,ENSG00000167325,RRM1,literal_official,3
Jurkat,RRM2,ENSG00000171848,RRM2,literal_official,40
Jurkat,RRN3,ENSG00000085721,RRN3,literal_official,86
Jurkat,RRP1,ENSG00000160214,RRP1,literal_official,118
Jurkat,RRP12,ENSG00000052749,RRP12,literal_official,127
Jurkat,RRP15,ENSG00000067533,RRP15,literal_official,86
Jurkat,RRP7A,ENSG00000189306,RRP7A,literal_official,130
Jurkat,RRP9,ENSG00000114767,RRP9,literal_official,165
Jurkat,RRS1,ENSG00000179041,RRS1,literal_official,156
Jurkat,RSL1D1,ENSG00000171490,RSL1D1,literal_official,274
Jurkat,RSL24D1,ENSG00000137876,RSL24D1,literal_official,55
Jurkat,RSRC2,ENSG00000111011,RSRC2,literal_official,43
Jurkat,RTCB,ENSG00000100220,RTCB,literal_official,85
Jurkat,RTEL1,ENSG00000258366,RTEL1,literal_official,168
Jurkat,RTF1,ENSG00000137815,RTF1,literal_official,47
Jurkat,RTRAF,ENSG00000087302,RTRAF,literal_official,183
Jurkat,RTTN,ENSG00000176225,RTTN,literal_official,76
Jurkat,RUVBL1,ENSG00000175792,RUVBL1,literal_official,26
Jurkat,RUVBL2,ENSG00000183207,RUVBL2,literal_official,8
Jurkat,S100A1,ENSG00000160678,S100A1,literal_official,65
Jurkat,SACM1L,ENSG00000211456,SACM1L,literal_official,91
Jurkat,SAE1,ENSG00000142230,SAE1,literal_official,53
Jurkat,SAMD4B,ENSG00000179134,SAMD4B,literal_official,113
Jurkat,SAMM50,ENSG00000100347,SAMM50,literal_official,52
Jurkat,SAP130,ENSG00000136715,SAP130,literal_official,32
Jurkat,SAP18,ENSG00000150459,SAP18,literal_official,62
Jurkat,SAP30BP,ENSG00000161526,SAP30BP,literal_official,22
Jurkat,SARNP,ENSG00000205323,SARNP,literal_official,66
Jurkat,SARS,ENSG00000031698,SARS,literal_official,22
Jurkat,SARS2,ENSG00000104835,SARS2,literal_official,83
Jurkat,SART1,ENSG00000175467,SART1,literal_official,70
Jurkat,SART3,ENSG00000075856,SART3,literal_official,201
Jurkat,SASS6,ENSG00000156876,SASS6,literal_official,88
Jurkat,SBDS,ENSG00000126524,SBDS,literal_official,87
Jurkat,SBNO1,ENSG00000139697,SBNO1,literal_official,99
Jurkat,SCAF1,ENSG00000126461,SCAF1,literal_official,85
Jurkat,SCAP,ENSG00000114650,SCAP,literal_official,118
Jurkat,SCD,ENSG00000099194,SCD,literal_official,97
Jurkat,SCFD1,ENSG00000092108,SCFD1,literal_official,34
Jurkat,SCNM1,ENSG00000163156,SCNM1,literal_official,61
Jurkat,SDAD1,ENSG00000198301,SDAD1,literal_official,135
Jurkat,SDC1,ENSG00000115884,SDC1,literal_official,156
Jurkat,SDE2,ENSG00000143751,SDE2,literal_official,25
Jurkat,SDHA,ENSG00000073578,SDHA,literal_official,58
Jurkat,SDHAF2,ENSG00000167985,SDHAF2,literal_official,187
Jurkat,SDHC,ENSG00000143252,SDHC,literal_official,69
Jurkat,SDHD,ENSG00000204370,SDHD,unique_hgnc_bridge,41
Jurkat,SDR39U1,ENSG00000100445,SDR39U1,literal_official,47
Jurkat,SEC13,ENSG00000157020,SEC13,literal_official,2
Jurkat,SEC16A,ENSG00000148396,SEC16A,literal_official,164
Jurkat,SEC61A1,ENSG00000058262,SEC61A1,literal_official,163
Jurkat,SEC61B,ENSG00000106803,SEC61B,literal_official,53
Jurkat,SEC61G,ENSG00000132432,SEC61G,literal_official,110
Jurkat,SEC62,ENSG00000008952,SEC62,literal_official,57
Jurkat,SEC63,ENSG00000025796,SEC63,literal_official,107
Jurkat,SEH1L,ENSG00000085415,SEH1L,literal_official,93
Jurkat,SEM1,ENSG00000127922,SEM1,literal_official,115
Jurkat,SENP6,ENSG00000112701,SENP6,literal_official,52
Jurkat,SEPHS2,ENSG00000179918,SEPHS2,literal_official,122
Jurkat,SEPSECS,ENSG00000109618,SEPSECS,literal_official,133
Jurkat,SERBP1,ENSG00000142864,SERBP1,literal_official,95
Jurkat,SERF2,ENSG00000140264,SERF2,literal_official,50
Jurkat,SERPINB1,ENSG00000021355,SERPINB1,literal_official,91
Jurkat,SET,ENSG00000119335,SET,literal_official,60
Jurkat,SETD1A,ENSG00000099381,SETD1A,literal_official,66
Jurkat,SETD2,ENSG00000181555,SETD2,unique_hgnc_bridge,81
Jurkat,SETD5,ENSG00000168137,SETD5,literal_official,178
Jurkat,SETDB1,ENSG00000143379,SETDB1,literal_official,131
Jurkat,SETX,ENSG00000107290,SETX,literal_official,147
Jurkat,SF1,ENSG00000168066,SF1,literal_official,9
Jurkat,SF3A1,ENSG00000099995,SF3A1,literal_official,88
Jurkat,SF3A2,ENSG00000104897,SF3A2,literal_official,169
Jurkat,SF3A3,ENSG00000183431,SF3A3,literal_official,38
Jurkat,SF3B1,ENSG00000115524,SF3B1,literal_official,49
Jurkat,SF3B2,ENSG00000087365,SF3B2,literal_official,35
Jurkat,SF3B3,ENSG00000189091,SF3B3,literal_official,126
Jurkat,SF3B4,ENSG00000143368,SF3B4,literal_official,46
Jurkat,SF3B5,ENSG00000169976,SF3B5,literal_official,23
Jurkat,SFPQ,ENSG00000116560,SFPQ,literal_official,48
Jurkat,SFSWAP,ENSG00000061936,SFSWAP,literal_official,61
Jurkat,SGPP1,ENSG00000126821,SGPP1,literal_official,66
Jurkat,SH3KBP1,ENSG00000147010,SH3KBP1,literal_official,58
Jurkat,SHC1,ENSG00000160691,SHC1,literal_official,106
Jurkat,SHOC2,ENSG00000108061,SHOC2,literal_official,99
Jurkat,SHQ1,ENSG00000144736,SHQ1,literal_official,403
Jurkat,SIGLEC14,ENSG00000254415,SIGLEC14,literal_official,159
Jurkat,SIN3A,ENSG00000169375,SIN3A,literal_official,98
Jurkat,SIRT7,ENSG00000187531,SIRT7,literal_official,271
Jurkat,SKA1,ENSG00000154839,SKA1,literal_official,101
Jurkat,SKA3,ENSG00000165480,SKA3,literal_official,93
Jurkat,SKP1,ENSG00000113558,SKP1,literal_official,16
Jurkat,SKP2,ENSG00000145604,SKP2,literal_official,73
Jurkat,SLBP,ENSG00000163950,SLBP,literal_official,99
Jurkat,SLC16A5,ENSG00000170190,SLC16A5,literal_official,62
Jurkat,SLC1A5,ENSG00000105281,SLC1A5,literal_official,1740
Jurkat,SLC25A10,ENSG00000183048,SLC25A10,literal_official,130
Jurkat,SLC25A26,ENSG00000144741,SLC25A26,literal_official,50
Jurkat,SLC25A3,ENSG00000075415,SLC25A3,literal_official,63
Jurkat,SLC25A42,ENSG00000181035,SLC25A42,literal_official,47
Jurkat,SLC2A8,ENSG00000136856,SLC2A8,literal_official,26
Jurkat,SLC35A4,ENSG00000176087,SLC35A4,literal_official,37
Jurkat,SLC35B1,ENSG00000121073,SLC35B1,literal_official,67
Jurkat,SLC35G2,ENSG00000168917,SLC35G2,literal_official,350
Jurkat,SLC35G6,ENSG00000259224,SLC35G6,literal_official,70
Jurkat,SLC39A10,ENSG00000196950,SLC39A10,literal_official,134
Jurkat,SLC39A7,ENSG00000112473,SLC39A7,literal_official,119
Jurkat,SLC39A9,ENSG00000029364,SLC39A9,literal_official,25
Jurkat,SLC4A5,ENSG00000188687,SLC4A5,literal_official,94
Jurkat,SLC7A5,ENSG00000103257,SLC7A5,literal_official,308
Jurkat,SLC7A6OS,ENSG00000103061,SLC7A6OS,literal_official,56
Jurkat,SLC9B1,ENSG00000164037,SLC9B1,literal_official,112
Jurkat,SLU7,ENSG00000164609,SLU7,literal_official,52
Jurkat,SMAGP,ENSG00000170545,SMAGP,literal_official,115
Jurkat,SMARCB1,ENSG00000099956,SMARCB1,literal_official,204
Jurkat,SMARCC1,ENSG00000173473,SMARCC1,literal_official,28
Jurkat,SMARCE1,ENSG00000073584,SMARCE1,literal_official,73
Jurkat,SMC1A,ENSG00000072501,SMC1A,literal_official,59
Jurkat,SMC2,ENSG00000136824,SMC2,literal_official,74
Jurkat,SMC3,ENSG00000108055,SMC3,literal_official,14
Jurkat,SMC4,ENSG00000113810,SMC4,literal_official,91
Jurkat,SMC5,ENSG00000198887,SMC5,literal_official,68
Jurkat,SMC6,ENSG00000163029,SMC6,literal_official,44
Jurkat,SMG1,ENSG00000157106,SMG1,literal_official,29
Jurkat,SMG5,ENSG00000198952,SMG5,literal_official,215
Jurkat,SMG6,ENSG00000070366,SMG6,literal_official,96
Jurkat,SMG7,ENSG00000116698,SMG7,literal_official,49
Jurkat,SMG8,ENSG00000167447,SMG8,literal_official,98
Jurkat,SMG9,ENSG00000105771,SMG9,literal_official,85
Jurkat,SMN2,ENSG00000205571,SMN2,unique_hgnc_bridge,309
Jurkat,SMNDC1,ENSG00000119953,SMNDC1,literal_official,32
Jurkat,SMU1,ENSG00000122692,SMU1,literal_official,29
Jurkat,SMUG1,ENSG00000123415,SMUG1,literal_official,52
Jurkat,SNAPC1,ENSG00000023608,SNAPC1,literal_official,74
Jurkat,SNAPC2,ENSG00000104976,SNAPC2,literal_official,40
Jurkat,SNAPC3,ENSG00000164975,SNAPC3,literal_official,196
Jurkat,SNAPC4,ENSG00000165684,SNAPC4,literal_official,59
Jurkat,SNAPC5,ENSG00000174446,SNAPC5,literal_official,135
Jurkat,SNF8,ENSG00000159210,SNF8,literal_official,66
Jurkat,SNIP1,ENSG00000163877,SNIP1,literal_official,35
Jurkat,SNRNP200,ENSG00000144028,SNRNP200,literal_official,51
Jurkat,SNRNP25,ENSG00000161981,SNRNP25,literal_official,20
Jurkat,SNRNP27,ENSG00000124380,SNRNP27,literal_official,65
Jurkat,SNRNP35,ENSG00000184209,SNRNP35,literal_official,31
Jurkat,SNRNP40,ENSG00000060688,SNRNP40,literal_official,147
Jurkat,SNRNP48,ENSG00000168566,SNRNP48,literal_official,71
Jurkat,SNRNP70,ENSG00000104852,SNRNP70,literal_official,41
Jurkat,SNRPA,ENSG00000077312,SNRPA,literal_official,74
Jurkat,SNRPA1,ENSG00000131876,SNRPA1,literal_official,30
Jurkat,SNRPB,ENSG00000125835,SNRPB,literal_official,42
Jurkat,SNRPC,ENSG00000124562,SNRPC,literal_official,35
Jurkat,SNRPD1,ENSG00000167088,SNRPD1,literal_official,37
Jurkat,SNRPD2,ENSG00000125743,SNRPD2,literal_official,45
Jurkat,SNRPD3,ENSG00000100028,SNRPD3,literal_official,35
Jurkat,SNRPE,ENSG00000182004,SNRPE,literal_official,45
Jurkat,SNRPF,ENSG00000139343,SNRPF,literal_official,50
Jurkat,SNRPG,ENSG00000143977,SNRPG,literal_official,35
Jurkat,SNTB2,ENSG00000168807,SNTB2,literal_official,69
Jurkat,SNUPN,ENSG00000169371,SNUPN,literal_official,92
Jurkat,SNW1,ENSG00000100603,SNW1,literal_official,149
Jurkat,SNX15,ENSG00000110025,SNX15,literal_official,191
Jurkat,SOD1,ENSG00000142168,SOD1,literal_official,54
Jurkat,SOD2,ENSG00000112096,SOD2,literal_official_id_unresolved,118
Jurkat,SON,ENSG00000159140,SON,literal_official,115
Jurkat,SP1,ENSG00000185591,SP1,literal_official,196
Jurkat,SP2,ENSG00000167182,SP2,literal_official,27
Jurkat,SPAG7,ENSG00000091640,SPAG7,literal_official,32
Jurkat,SPATA5,ENSG00000145375,SPATA5,literal_official,63
Jurkat,SPATA5L1,ENSG00000171763,SPATA5L1,literal_official,113
Jurkat,SPC24,ENSG00000161888,SPC24,literal_official,15
Jurkat,SPC25,ENSG00000152253,SPC25,literal_official,91
Jurkat,SPCS2,ENSG00000118363,SPCS2,literal_official,57
Jurkat,SPCS3,ENSG00000129128,SPCS3,literal_official,126
Jurkat,SPDL1,ENSG00000040275,SPDL1,literal_official,21
Jurkat,SPDYE2,ENSG00000205238,SPDYE2,unique_hgnc_bridge,87
Jurkat,SPEN,ENSG00000065526,SPEN,literal_official,71
Jurkat,SPG7,ENSG00000197912,SPG7,literal_official,163
Jurkat,SPOUT1,ENSG00000198917,SPOUT1,literal_official,89
Jurkat,SPRTN,ENSG00000010072,SPRTN,literal_official,60
Jurkat,SPTLC1,ENSG00000090054,SPTLC1,literal_official,60
Jurkat,SPTSSA,ENSG00000165389,SPTSSA,literal_official,112
Jurkat,SRA1,ENSG00000213523,SRA1,literal_official,322
Jurkat,SRBD1,ENSG00000068784,SRBD1,literal_official,49
Jurkat,SRCAP,ENSG00000080603,SRCAP,literal_official,119
Jurkat,SRF,ENSG00000112658,SRF,literal_official,87
Jurkat,SRFBP1,ENSG00000151304,SRFBP1,literal_official,96
Jurkat,SRP14,ENSG00000140319,SRP14,unique_hgnc_bridge,133
Jurkat,SRP19,ENSG00000153037,SRP19,literal_official,78
Jurkat,SRP54,ENSG00000100883,SRP54,literal_official,171
Jurkat,SRP68,ENSG00000167881,SRP68,literal_official,217
Jurkat,SRP72,ENSG00000174780,SRP72,literal_official,439
Jurkat,SRP9,ENSG00000143742,SRP9,literal_official,167
Jurkat,SRPRB,ENSG00000144867,SRPRB,literal_official,166
Jurkat,SRRM1,ENSG00000133226,SRRM1,literal_official,89
Jurkat,SRRM2,ENSG00000167978,SRRM2,literal_official,67
Jurkat,SRRT,ENSG00000087087,SRRT,literal_official,94
Jurkat,SRSF1,ENSG00000136450,SRSF1,literal_official,55
Jurkat,SRSF10,ENSG00000188529,SRSF10,literal_official,68
Jurkat,SRSF11,ENSG00000116754,SRSF11,literal_official,264
Jurkat,SRSF2,ENSG00000161547,SRSF2,literal_official,38
Jurkat,SRSF3,ENSG00000112081,SRSF3,literal_official,49
Jurkat,SRSF6,ENSG00000124193,SRSF6,literal_official,221
Jurkat,SRSF7,ENSG00000115875,SRSF7,literal_official,20
Jurkat,SS18L2,ENSG00000008324,SS18L2,literal_official,109
Jurkat,SSBP1,ENSG00000106028,SSBP1,literal_official,41
Jurkat,SSBP3,ENSG00000157216,SSBP3,literal_official,352
Jurkat,SSRP1,ENSG00000149136,SSRP1,literal_official,21
Jurkat,SSU72,ENSG00000160075,SSU72,literal_official,274
Jurkat,SSX4,ENSG00000268009,SSX4,unique_hgnc_bridge,95
Jurkat,STAG2,ENSG00000101972,STAG2,literal_official,101
Jurkat,STARD7,ENSG00000084090,STARD7,literal_official,84
Jurkat,STAT5A,ENSG00000126561,STAT5A,literal_official,113
Jurkat,STAT5B,ENSG00000173757,STAT5B,literal_official,196
Jurkat,STIL,ENSG00000123473,STIL,literal_official,159
Jurkat,STRAP,ENSG00000023734,STRAP,literal_official,94
Jurkat,STRIP1,ENSG00000143093,STRIP1,literal_official,121
Jurkat,STT3B,ENSG00000163527,STT3B,literal_official,113
Jurkat,STX18,ENSG00000168818,STX18,literal_official,85
Jurkat,STX5,ENSG00000162236,STX5,literal_official,24
Jurkat,STXBP4,ENSG00000166263,STXBP4,literal_official,185
Jurkat,SUDS3,ENSG00000111707,SUDS3,literal_official,67
Jurkat,SUGP1,ENSG00000105705,SUGP1,literal_official,69
Jurkat,SUGT1,ENSG00000165416,SUGT1,literal_official,75
Jurkat,SUMO2,ENSG00000188612,SUMO2,literal_official,80
Jurkat,SUPT16H,ENSG00000092201,SUPT16H,literal_official,68
Jurkat,SUPT20H,ENSG00000102710,SUPT20H,literal_official,148
Jurkat,SUPT4H1,ENSG00000213246,SUPT4H1,literal_official,20
Jurkat,SUPT5H,ENSG00000196235,SUPT5H,literal_official,56
Jurkat,SUPT6H,ENSG00000109111,SUPT6H,literal_official,40
Jurkat,SUPV3L1,ENSG00000156502,SUPV3L1,literal_official,76
Jurkat,SURF6,ENSG00000148296,SURF6,literal_official,138
Jurkat,SYF2,ENSG00000117614,SYF2,literal_official,61
Jurkat,SYMPK,ENSG00000125755,SYMPK,literal_official,68
Jurkat,SYNGR3,ENSG00000127561,SYNGR3,literal_official,35
Jurkat,SYS1,ENSG00000204070,SYS1,literal_official,130
Jurkat,TACC3,ENSG00000013810,TACC3,literal_official,148
Jurkat,TADA1,ENSG00000152382,TADA1,literal_official,144
Jurkat,TADA2A,ENSG00000276234,TADA2A,literal_official,123
Jurkat,TADA2B,ENSG00000173011,TADA2B,literal_official,86
Jurkat,TADA3,ENSG00000171148,TADA3,literal_official,99
Jurkat,TAF1,ENSG00000147133,TAF1,literal_official,19
Jurkat,TAF10,ENSG00000166337,TAF10,literal_official,120
Jurkat,TAF11,ENSG00000064995,TAF11,literal_official,76
Jurkat,TAF12,ENSG00000120656,TAF12,literal_official,91
Jurkat,TAF13,ENSG00000197780,TAF13,literal_official,200
Jurkat,TAF1A,ENSG00000143498,TAF1A,literal_official,38
Jurkat,TAF1B,ENSG00000115750,TAF1B,literal_official,22
Jurkat,TAF1C,ENSG00000103168,TAF1C,literal_official,87
Jurkat,TAF1D,ENSG00000166012,TAF1D,literal_official,179
Jurkat,TAF2,ENSG00000064313,TAF2,literal_official,112
Jurkat,TAF3,ENSG00000165632,TAF3,literal_official,104
Jurkat,TAF5,ENSG00000148835,TAF5,literal_official,80
Jurkat,TAF6,ENSG00000106290,TAF6,literal_official,95
Jurkat,TAF6L,ENSG00000162227,TAF6L,literal_official,89
Jurkat,TAF7,ENSG00000178913,TAF7,literal_official,103
Jurkat,TAF8,ENSG00000137413,TAF8,literal_official,174
Jurkat,TAMM41,ENSG00000144559,TAMM41,literal_official,114
Jurkat,TANGO6,ENSG00000103047,TANGO6,literal_official,38
Jurkat,TARDBP,ENSG00000120948,TARDBP,literal_official,827
Jurkat,TARS,ENSG00000113407,TARS,literal_official,70
Jurkat,TARS2,ENSG00000143374,TARS2,literal_official,133
Jurkat,TAZ,ENSG00000102125,TAZ,literal_official,92
Jurkat,TBC1D1,ENSG00000065882,TBC1D1,literal_official,42
Jurkat,TBC1D28,ENSG00000189375,TBC1D28,literal_official,156
Jurkat,TBC1D3,ENSG00000274611,TBC1D3,unique_hgnc_bridge,120
Jurkat,TBCA,ENSG00000171530,TBCA,unique_hgnc_bridge,133
Jurkat,TBCB,ENSG00000105254,TBCB,literal_official,48
Jurkat,TBCC,ENSG00000124659,TBCC,literal_official,14
Jurkat,TBCD,ENSG00000141556,TBCD,literal_official,41
Jurkat,TBCE,ENSG00000285053,TBCE,literal_official_id_unresolved,188
Jurkat,TBL3,ENSG00000183751,TBL3,literal_official,50
Jurkat,TBP,ENSG00000112592,TBP,literal_official,87
Jurkat,TBPL1,ENSG00000028839,TBPL1,literal_official,103
Jurkat,TBRG4,ENSG00000136270,TBRG4,literal_official,22
Jurkat,TBX1,ENSG00000184058,TBX1,literal_official,353
Jurkat,TCERG1,ENSG00000113649,TCERG1,literal_official,67
Jurkat,TCOF1,ENSG00000070814,TCOF1,literal_official,35
Jurkat,TCP1,ENSG00000120438,TCP1,literal_official,12
Jurkat,TDGF1,ENSG00000241186,TDGF1,literal_official,54
Jurkat,TEAD3,ENSG00000007866,TEAD3,literal_official,153
Jurkat,TEFM,ENSG00000172171,TEFM,literal_official,78
Jurkat,TELO2,ENSG00000100726,TELO2,literal_official,98
Jurkat,TEN1,ENSG00000257949,TEN1,literal_official,106
Jurkat,TERF1,ENSG00000147601,TERF1,literal_official,71
Jurkat,TERF2,ENSG00000132604,TERF2,literal_official,99
Jurkat,TEX10,ENSG00000136891,TEX10,literal_official,183
Jurkat,TFAM,ENSG00000108064,TFAM,literal_official,2555
Jurkat,TFAP4,ENSG00000090447,TFAP4,literal_official,26
Jurkat,TFB1M,ENSG00000029639,TFB1M,literal_official,87
Jurkat,TFB2M,ENSG00000162851,TFB2M,literal_official,60
Jurkat,TFDP1,ENSG00000198176,TFDP1,literal_official,339
Jurkat,TFIP11,ENSG00000100109,TFIP11,literal_official,14
Jurkat,TFPT,ENSG00000105619,TFPT,literal_official,26
Jurkat,TFRC,ENSG00000072274,TFRC,literal_official,19
Jurkat,TGS1,ENSG00000137574,TGS1,literal_official,157
Jurkat,THAP1,ENSG00000131931,THAP1,literal_official,637
Jurkat,THAP11,ENSG00000168286,THAP11,literal_official,178
Jurkat,THG1L,ENSG00000113272,THG1L,literal_official,64
Jurkat,THOC1,ENSG00000079134,THOC1,literal_official,13
Jurkat,THOC2,ENSG00000125676,THOC2,literal_official,27
Jurkat,THOC3,ENSG00000051596,THOC3,literal_official,58
Jurkat,THOC5,ENSG00000100296,THOC5,literal_official,36
Jurkat,THOC6,ENSG00000131652,THOC6,literal_official,99
Jurkat,THOC7,ENSG00000163634,THOC7,literal_official,104
Jurkat,THRAP3,ENSG00000054118,THRAP3,literal_official,74
Jurkat,THUMPD1,ENSG00000066654,THUMPD1,literal_official,74
Jurkat,TICRR,ENSG00000140534,TICRR,literal_official,31
Jurkat,TIGD1,ENSG00000221944,TIGD1,literal_official,109
Jurkat,TIMELESS,ENSG00000111602,TIMELESS,literal_official,87
Jurkat,TIMM10,ENSG00000134809,TIMM10,literal_official,156
Jurkat,TIMM13,ENSG00000099800,TIMM13,literal_official,51
Jurkat,TIMM22,ENSG00000177370,TIMM22,literal_official,72
Jurkat,TIMM23B,ENSG00000204152,TIMM23B,unique_hgnc_bridge,256
Jurkat,TIMM44,ENSG00000104980,TIMM44,literal_official,98
Jurkat,TIMM8A,ENSG00000126953,TIMM8A,literal_official,139
Jurkat,TIMM9,ENSG00000100575,TIMM9,literal_official,109
Jurkat,TINF2,ENSG00000092330,TINF2,literal_official,100
Jurkat,TIPIN,ENSG00000075131,TIPIN,literal_official,159
Jurkat,TKT,ENSG00000163931,TKT,literal_official,184
Jurkat,TLCD1,ENSG00000160606,TLCD1,literal_official,123
Jurkat,TLN1,ENSG00000137076,TLN1,literal_official,58
Jurkat,TM7SF2,ENSG00000149809,TM7SF2,literal_official,115
Jurkat,TMA16,ENSG00000198498,TMA16,literal_official,81
Jurkat,TMED10,ENSG00000170348,TMED10,literal_official,159
Jurkat,TMED2,ENSG00000086598,TMED2,literal_official,19
Jurkat,TMEM127,ENSG00000135956,TMEM127,literal_official,111
Jurkat,TMEM161B,ENSG00000164180,TMEM161B,literal_official,104
Jurkat,TMEM199,ENSG00000244045,TMEM199,literal_official,62
Jurkat,TMEM214,ENSG00000119777,TMEM214,literal_official,455
Jurkat,TMEM240,ENSG00000205090,TMEM240,literal_official,89
Jurkat,TMEM242,ENSG00000215712,TMEM242,literal_official,482
Jurkat,TMEM258,ENSG00000134825,TMEM258,literal_official,104
Jurkat,TMSB10,ENSG00000034510,TMSB10,literal_official,31
Jurkat,TMX2,ENSG00000213593,TMX2,literal_official,217
Jurkat,TNFSF10,ENSG00000121858,TNFSF10,literal_official,20
Jurkat,TNNT2,ENSG00000118194,TNNT2,literal_official,206
Jurkat,TNPO3,ENSG00000064419,TNPO3,literal_official,93
Jurkat,TNRC6A,ENSG00000090905,TNRC6A,literal_official,168
Jurkat,TOE1,ENSG00000132773,TOE1,literal_official,116
Jurkat,TOMM20,ENSG00000173726,TOMM20,literal_official,72
Jurkat,TOMM22,ENSG00000100216,TOMM22,literal_official,96
Jurkat,TOMM40,ENSG00000130204,TOMM40,literal_official,111
Jurkat,TONSL,ENSG00000160949,TONSL,literal_official,11
Jurkat,TOP1,ENSG00000198900,TOP1,literal_official,110
Jurkat,TOP2A,ENSG00000131747,TOP2A,literal_official,14
Jurkat,TOP3A,ENSG00000177302,TOP3A,literal_official,83
Jurkat,TOPBP1,ENSG00000163781,TOPBP1,literal_official,94
Jurkat,TOR2A,ENSG00000160404,TOR2A,literal_official,77
Jurkat,TOX4,ENSG00000092203,TOX4,literal_official,115
Jurkat,TP53I13,ENSG00000167543,TP53I13,literal_official,112
Jurkat,TP53RK,ENSG00000172315,TP53RK,literal_official,125
Jurkat,TPI1,ENSG00000111669,TPI1,unique_hgnc_bridge,97
Jurkat,TPP2,ENSG00000134900,TPP2,literal_official,61
Jurkat,TPR,ENSG00000047410,TPR,literal_official,31
Jurkat,TPRKB,ENSG00000144034,TPRKB,literal_official,32
Jurkat,TPT1,ENSG00000133112,TPT1,unique_hgnc_bridge,250
Jurkat,TPX2,ENSG00000088325,TPX2,literal_official,11
Jurkat,TRA2B,ENSG00000136527,TRA2B,literal_official,108
Jurkat,TRAIP,ENSG00000183763,TRAIP,literal_official,27
Jurkat,TRAPPC1,ENSG00000170043,TRAPPC1,literal_official,106
Jurkat,TRAPPC11,ENSG00000168538,TRAPPC11,literal_official,422
Jurkat,TRAPPC3,ENSG00000054116,TRAPPC3,literal_official,128
Jurkat,TRAPPC4,ENSG00000196655,TRAPPC4,literal_official,111
Jurkat,TRAPPC5,ENSG00000181029,TRAPPC5,literal_official,196
Jurkat,TRAPPC8,ENSG00000153339,TRAPPC8,literal_official,79
Jurkat,TREML2,ENSG00000112195,TREML2,literal_official,67
Jurkat,TREX2,ENSG00000183479,TREX2,literal_official,114
Jurkat,TRIAP1,ENSG00000170855,TRIAP1,literal_official,51
Jurkat,TRIM49C,ENSG00000204449,TRIM49C,literal_official,72
Jurkat,TRMT10C,ENSG00000174173,TRMT10C,literal_official,81
Jurkat,TRMT112,ENSG00000173113,TRMT112,literal_official,233
Jurkat,TRMT5,ENSG00000126814,TRMT5,literal_official,83
Jurkat,TRMT6,ENSG00000089195,TRMT6,literal_official,115
Jurkat,TRNP1,ENSG00000253368,TRNP1,literal_official,75
Jurkat,TRNT1,ENSG00000072756,TRNT1,literal_official,663
Jurkat,TRPM7,ENSG00000092439,TRPM7,literal_official,3
Jurkat,TRRAP,ENSG00000196367,TRRAP,literal_official,49
Jurkat,TSEN2,ENSG00000154743,TSEN2,literal_official,118
Jurkat,TSEN34,ENSG00000170892,TSEN34,literal_official,158
Jurkat,TSEN54,ENSG00000182173,TSEN54,literal_official,83
Jurkat,TSFM,ENSG00000123297,TSFM,literal_official,99
Jurkat,TSG101,ENSG00000074319,TSG101,literal_official,33
Jurkat,TSPYL5,ENSG00000180543,TSPYL5,literal_official,91
Jurkat,TSR1,ENSG00000167721,TSR1,literal_official,416
Jurkat,TSR2,ENSG00000158526,TSR2,literal_official,287
Jurkat,TSSK3,ENSG00000162526,TSSK3,literal_official,129
Jurkat,TTC1,ENSG00000113312,TTC1,literal_official,173
Jurkat,TTC27,ENSG00000018699,TTC27,literal_official,24
Jurkat,TTC4,ENSG00000243725,TTC4,literal_official,107
Jurkat,TTF2,ENSG00000116830,TTF2,literal_official,28
Jurkat,TTI1,ENSG00000101407,TTI1,literal_official,120
Jurkat,TTI2,ENSG00000129696,TTI2,literal_official,35
Jurkat,TTK,ENSG00000112742,TTK,literal_official,34
Jurkat,TUBA1B,ENSG00000123416,TUBA1B,literal_official,23
Jurkat,TUBA1C,ENSG00000167553,TUBA1C,literal_official,52
Jurkat,TUBA3D,ENSG00000075886,TUBA3D,literal_official,70
Jurkat,TUBB,ENSG00000196230,TUBB,literal_official,88
Jurkat,TUBB2A,ENSG00000137267,TUBB2A,literal_official,194
Jurkat,TUBD1,ENSG00000108423,TUBD1,literal_official,129
Jurkat,TUBE1,ENSG00000074935,TUBE1,literal_official,102
Jurkat,TUBG1,ENSG00000131462,TUBG1,literal_official,31
Jurkat,TUBGCP2,ENSG00000130640,TUBGCP2,literal_official,58
Jurkat,TUBGCP3,ENSG00000126216,TUBGCP3,literal_official,20
Jurkat,TUBGCP4,ENSG00000137822,TUBGCP4,literal_official,41
Jurkat,TUBGCP5,ENSG00000275835,TUBGCP5,literal_official,145
Jurkat,TUBGCP6,ENSG00000128159,TUBGCP6,literal_official,12
Jurkat,TUFM,ENSG00000178952,TUFM,literal_official,125
Jurkat,TULP1,ENSG00000112041,TULP1,literal_official,82
Jurkat,TUT1,ENSG00000149016,TUT1,literal_official,149
Jurkat,TVP23C,ENSG00000175106,TVP23C,literal_official,79
Jurkat,TWF1,ENSG00000151239,TWF1,literal_official,612
Jurkat,TWISTNB,ENSG00000105849,TWISTNB,literal_official,72
Jurkat,TWNK,ENSG00000107815,TWNK,literal_official,91
Jurkat,TWSG1,ENSG00000128791,TWSG1,literal_official,65
Jurkat,TXN,ENSG00000136810,TXN,unique_hgnc_bridge,55
Jurkat,TXNL4A,ENSG00000141759,TXNL4A,literal_official,29
Jurkat,TXNL4B,ENSG00000140830,TXNL4B,literal_official,134
Jurkat,TYK2,ENSG00000105397,TYK2,literal_official,39
Jurkat,U2AF1,ENSG00000160201,U2AF1,unique_hgnc_bridge,32
Jurkat,U2AF2,ENSG00000063244,U2AF2,literal_official,58
Jurkat,U2SURP,ENSG00000163714,U2SURP,literal_official,28
Jurkat,UBA1,ENSG00000130985,UBA1,literal_official,126
Jurkat,UBA2,ENSG00000126261,UBA2,literal_official,101
Jurkat,UBA3,ENSG00000144744,UBA3,literal_official,33
Jurkat,UBA5,ENSG00000081307,UBA5,literal_official,89
Jurkat,UBA52,ENSG00000221983,UBA52,literal_official,283
Jurkat,UBAP1,ENSG00000165006,UBAP1,literal_official,35
Jurkat,UBC,ENSG00000150991,UBC,literal_official,26
Jurkat,UBE2D3,ENSG00000109332,UBE2D3,literal_official,106
Jurkat,UBE2H,ENSG00000186591,UBE2H,literal_official,105
Jurkat,UBE2I,ENSG00000103275,UBE2I,literal_official,92
Jurkat,UBE2L3,ENSG00000185651,UBE2L3,literal_official,101
Jurkat,UBE2M,ENSG00000130725,UBE2M,literal_official,191
Jurkat,UBE2N,ENSG00000177889,UBE2N,literal_official,74
Jurkat,UBE2Z,ENSG00000159202,UBE2Z,literal_official,85
Jurkat,UBE3C,ENSG00000009335,UBE3C,literal_official,70
Jurkat,UBE3D,ENSG00000118420,UBE3D,literal_official,119
Jurkat,UBL5,ENSG00000198258,UBL5,literal_official,36
Jurkat,UBQLN4,ENSG00000160803,UBQLN4,literal_official,69
Jurkat,UBR4,ENSG00000127481,UBR4,literal_official,34
Jurkat,UBR5,ENSG00000104517,UBR5,literal_official,94
Jurkat,UBTF,ENSG00000108312,UBTF,literal_official,229
Jurkat,UCHL5,ENSG00000116750,UCHL5,literal_official,106
Jurkat,UFL1,ENSG00000014123,UFL1,literal_official,132
Jurkat,UFM1,ENSG00000120686,UFM1,literal_official,59
Jurkat,UHRF1,ENSG00000276043,UHRF1,literal_official,78
Jurkat,UMPS,ENSG00000114491,UMPS,literal_official,50
Jurkat,UNC45A,ENSG00000140553,UNC45A,literal_official,124
Jurkat,UNC50,ENSG00000115446,UNC50,literal_official,43
Jurkat,UNCX,ENSG00000164853,UNCX,literal_official,87
Jurkat,UPF1,ENSG00000005007,UPF1,literal_official,18
Jurkat,UPF2,ENSG00000151461,UPF2,literal_official,57
Jurkat,UPF3A,ENSG00000169062,UPF3A,literal_official,54
Jurkat,UQCC2,ENSG00000137288,UQCC2,literal_official,24
Jurkat,UQCRB,ENSG00000156467,UQCRB,literal_official,89
Jurkat,UQCRC1,ENSG00000010256,UQCRC1,literal_official,138
Jurkat,UQCRC2,ENSG00000140740,UQCRC2,literal_official,73
Jurkat,UQCRFS1,ENSG00000169021,UQCRFS1,literal_official,69
Jurkat,UQCRH,ENSG00000173660,UQCRH,literal_official,36
Jurkat,UQCRQ,ENSG00000164405,UQCRQ,literal_official,112
Jurkat,URB1,ENSG00000142207,URB1,literal_official,134
Jurkat,URB2,ENSG00000135763,URB2,literal_official,211
Jurkat,URI1,ENSG00000105176,URI1,literal_official,165
Jurkat,URM1,ENSG00000167118,URM1,literal_official,97
Jurkat,UROD,ENSG00000126088,UROD,literal_official,174
Jurkat,USF2,ENSG00000105698,USF2,literal_official,141
Jurkat,USP10,ENSG00000103194,USP10,literal_official,86
Jurkat,USP14,ENSG00000101557,USP14,literal_official,175
Jurkat,USP19,ENSG00000172046,USP19,literal_official,63
Jurkat,USP36,ENSG00000055483,USP36,literal_official,44
Jurkat,USP37,ENSG00000135913,USP37,literal_official,40
Jurkat,USP39,ENSG00000168883,USP39,literal_official,99
Jurkat,USP5,ENSG00000111667,USP5,literal_official,102
Jurkat,USP7,ENSG00000187555,USP7,literal_official,170
Jurkat,USP8,ENSG00000138592,USP8,literal_official,27
Jurkat,USP9X,ENSG00000124486,USP9X,literal_official,100
Jurkat,USPL1,ENSG00000132952,USPL1,literal_official,36
Jurkat,UTP11,ENSG00000183520,UTP11,literal_official,36
Jurkat,UTP15,ENSG00000164338,UTP15,literal_official,175
Jurkat,UTP18,ENSG00000011260,UTP18,literal_official,91
Jurkat,UTP20,ENSG00000120800,UTP20,literal_official,99
Jurkat,UTP23,ENSG00000147679,UTP23,literal_official,177
Jurkat,UTP25,ENSG00000117597,UTP25,literal_official,42
Jurkat,UTP3,ENSG00000132467,UTP3,literal_official,50
Jurkat,UTP6,ENSG00000108651,UTP6,literal_official,74
Jurkat,UXS1,ENSG00000115652,UXS1,literal_official,160
Jurkat,UXT,ENSG00000126756,UXT,literal_official,57
Jurkat,VARS,ENSG00000204394,VARS,literal_official,122
Jurkat,VARS2,ENSG00000137411,VARS2,literal_official,91
Jurkat,VBP1,ENSG00000155959,VBP1,literal_official,71
Jurkat,VCP,ENSG00000165280,VCP,literal_official,27
Jurkat,VEZT,ENSG00000028203,VEZT,literal_official,80
Jurkat,VHL,ENSG00000134086,VHL,literal_official,62
Jurkat,VMP1,ENSG00000062716,VMP1,literal_official,33
Jurkat,VPS13D,ENSG00000048707,VPS13D,literal_official,110
Jurkat,VPS18,ENSG00000104142,VPS18,literal_official,98
Jurkat,VPS25,ENSG00000131475,VPS25,literal_official,96
Jurkat,VPS28,ENSG00000160948,VPS28,literal_official,52
Jurkat,VPS29,ENSG00000111237,VPS29,literal_official,85
Jurkat,VPS33A,ENSG00000139719,VPS33A,literal_official,75
Jurkat,VPS35,ENSG00000069329,VPS35,literal_official,133
Jurkat,VPS37A,ENSG00000155975,VPS37A,literal_official,97
Jurkat,VPS37C,ENSG00000167987,VPS37C,literal_official,74
Jurkat,VPS41,ENSG00000006715,VPS41,literal_official,167
Jurkat,VPS51,ENSG00000149823,VPS51,literal_official,55
Jurkat,VPS54,ENSG00000143952,VPS54,literal_official,269
Jurkat,VPS72,ENSG00000163159,VPS72,literal_official,79
Jurkat,WAC,ENSG00000095787,WAC,literal_official,56
Jurkat,WARS,ENSG00000140105,WARS,literal_official,58
Jurkat,WBP1,ENSG00000239779,WBP1,literal_official,67
Jurkat,WBP11,ENSG00000084463,WBP11,literal_official,125
Jurkat,WBP1L,ENSG00000166272,WBP1L,literal_official,89
Jurkat,WDFY3,ENSG00000163625,WDFY3,literal_official,63
Jurkat,WDHD1,ENSG00000198554,WDHD1,literal_official,62
Jurkat,WDR1,ENSG00000071127,WDR1,literal_official,48
Jurkat,WDR12,ENSG00000138442,WDR12,literal_official,103
Jurkat,WDR18,ENSG00000065268,WDR18,literal_official,226
Jurkat,WDR24,ENSG00000127580,WDR24,literal_official,52
Jurkat,WDR25,ENSG00000176473,WDR25,literal_official,56
Jurkat,WDR26,ENSG00000162923,WDR26,literal_official,76
Jurkat,WDR3,ENSG00000065183,WDR3,literal_official,140
Jurkat,WDR33,ENSG00000136709,WDR33,literal_official,51
Jurkat,WDR36,ENSG00000134987,WDR36,literal_official,82
Jurkat,WDR4,ENSG00000160193,WDR4,literal_official,137
Jurkat,WDR43,ENSG00000163811,WDR43,literal_official,143
Jurkat,WDR44,ENSG00000131725,WDR44,literal_official,99
Jurkat,WDR46,ENSG00000227057,WDR46,literal_official,109
Jurkat,WDR5,ENSG00000196363,WDR5,literal_official,161
Jurkat,WDR54,ENSG00000005448,WDR54,literal_official,192
Jurkat,WDR55,ENSG00000120314,WDR55,literal_official,53
Jurkat,WDR61,ENSG00000140395,WDR61,literal_official,58
Jurkat,WDR7,ENSG00000091157,WDR7,literal_official,47
Jurkat,WDR70,ENSG00000082068,WDR70,literal_official,86
Jurkat,WDR74,ENSG00000133316,WDR74,literal_official,138
Jurkat,WDR75,ENSG00000115368,WDR75,literal_official,149
Jurkat,WDR77,ENSG00000116455,WDR77,literal_official,92
Jurkat,WDR82,ENSG00000164091,WDR82,literal_official,35
Jurkat,WDR83OS,ENSG00000105583,WDR83OS,literal_official,105
Jurkat,WDR92,ENSG00000243667,WDR92,literal_official,35
Jurkat,WDTC1,ENSG00000142784,WDTC1,literal_official,59
Jurkat,WEE1,ENSG00000166483,WEE1,literal_official,40
Jurkat,WNK1,ENSG00000060237,WNK1,literal_official,87
Jurkat,WTAP,ENSG00000146457,WTAP,literal_official,248
Jurkat,XAB2,ENSG00000076924,XAB2,literal_official,27
Jurkat,XPO1,ENSG00000082898,XPO1,literal_official,22
Jurkat,XPO5,ENSG00000124571,XPO5,literal_official,134
Jurkat,XRCC1,ENSG00000073050,XRCC1,literal_official,117
Jurkat,XRCC2,ENSG00000196584,XRCC2,literal_official,94
Jurkat,XRCC3,ENSG00000126215,XRCC3,literal_official,64
Jurkat,XRCC5,ENSG00000079246,XRCC5,literal_official,77
Jurkat,XRCC6,ENSG00000196419,XRCC6,literal_official,91
Jurkat,XRN1,ENSG00000114127,XRN1,literal_official,48
Jurkat,XRN2,ENSG00000088930,XRN2,literal_official,45
Jurkat,YAE1,ENSG00000241127,YAE1,literal_official,42
Jurkat,YARS,ENSG00000134684,YARS,literal_official,85
Jurkat,YARS2,ENSG00000139131,YARS2,literal_official,133
Jurkat,YBX1,ENSG00000065978,YBX1,literal_official,69
Jurkat,YBX3,ENSG00000060138,YBX3,literal_official,53
Jurkat,YEATS2,ENSG00000163872,YEATS2,literal_official,105
Jurkat,YEATS4,ENSG00000127337,YEATS4,literal_official,111
Jurkat,YJEFN3,ENSG00000250067,YJEFN3,literal_official,145
Jurkat,YKT6,ENSG00000106636,YKT6,literal_official,72
Jurkat,YPEL1,ENSG00000100027,YPEL1,literal_official,74
Jurkat,YPEL5,ENSG00000119801,YPEL5,literal_official,73
Jurkat,YRDC,ENSG00000196449,YRDC,literal_official,226
Jurkat,YTHDC1,ENSG00000083896,YTHDC1,literal_official,16
Jurkat,YY1,ENSG00000100811,YY1,literal_official,65
Jurkat,ZBTB11,ENSG00000066422,ZBTB11,literal_official,29
Jurkat,ZBTB14,ENSG00000198081,ZBTB14,literal_official,41
Jurkat,ZBTB17,ENSG00000116809,ZBTB17,literal_official,407
Jurkat,ZBTB4,ENSG00000174282,ZBTB4,literal_official,63
Jurkat,ZBTB44,ENSG00000196323,ZBTB44,literal_official,31
Jurkat,ZC3H13,ENSG00000123200,ZC3H13,literal_official,104
Jurkat,ZC3H18,ENSG00000158545,ZC3H18,literal_official,55
Jurkat,ZC3H3,ENSG00000014164,ZC3H3,literal_official,91
Jurkat,ZC3H4,ENSG00000130749,ZC3H4,literal_official,88
Jurkat,ZC3H8,ENSG00000144161,ZC3H8,literal_official,40
Jurkat,ZCCHC9,ENSG00000131732,ZCCHC9,literal_official,99
Jurkat,ZCRB1,ENSG00000139168,ZCRB1,literal_official,110
Jurkat,ZDHHC7,ENSG00000153786,ZDHHC7,literal_official,623
Jurkat,ZFC3H1,ENSG00000133858,ZFC3H1,literal_official,91
Jurkat,ZFP69B,ENSG00000187801,ZFP69B,literal_official,200
Jurkat,ZFR,ENSG00000056097,ZFR,literal_official,116
Jurkat,ZMAT2,ENSG00000146007,ZMAT2,literal_official,79
Jurkat,ZMAT5,ENSG00000100319,ZMAT5,literal_official,37
Jurkat,ZMYM4,ENSG00000146463,ZMYM4,literal_official,55
Jurkat,ZNF100,ENSG00000197020,ZNF100,literal_official,174
Jurkat,ZNF131,ENSG00000172262,ZNF131,literal_official,51
Jurkat,ZNF133,ENSG00000125846,ZNF133,literal_official,206
Jurkat,ZNF143,ENSG00000166478,ZNF143,literal_official,83
Jurkat,ZNF207,ENSG00000010244,ZNF207,literal_official,83
Jurkat,ZNF236,ENSG00000130856,ZNF236,literal_official,477
Jurkat,ZNF24,ENSG00000172466,ZNF24,literal_official,57
Jurkat,ZNF253,ENSG00000256771,ZNF253,literal_official,130
Jurkat,ZNF284,ENSG00000186026,ZNF284,literal_official,102
Jurkat,ZNF292,ENSG00000188994,ZNF292,literal_official,158
Jurkat,ZNF317,ENSG00000130803,ZNF317,literal_official,62
Jurkat,ZNF335,ENSG00000198026,ZNF335,literal_official,47
Jurkat,ZNF407,ENSG00000215421,ZNF407,literal_official,73
Jurkat,ZNF468,ENSG00000204604,ZNF468,literal_official,61
Jurkat,ZNF492,ENSG00000229676,ZNF492,literal_official,85
Jurkat,ZNF506,ENSG00000081665,ZNF506,unique_hgnc_bridge,109
Jurkat,ZNF559,ENSG00000188321,ZNF559,literal_official,69
Jurkat,ZNF574,ENSG00000105732,ZNF574,literal_official,205
Jurkat,ZNF658,ENSG00000274349,ZNF658,literal_official,84
Jurkat,ZNF674,ENSG00000251192,ZNF674,literal_official,156
Jurkat,ZNF676,ENSG00000196109,ZNF676,literal_official,23
Jurkat,ZNF687,ENSG00000143373,ZNF687,literal_official,99
Jurkat,ZNF706,ENSG00000120963,ZNF706,literal_official,205
Jurkat,ZNF718,ENSG00000250312,ZNF718,literal_official,381
Jurkat,ZNF720,ENSG00000197302,ZNF720,literal_official,121
Jurkat,ZNF763,ENSG00000197054,ZNF763,literal_official,121
Jurkat,ZNF787,ENSG00000142409,ZNF787,literal_official,79
Jurkat,ZNF830,ENSG00000198783,ZNF830,literal_official,5
Jurkat,ZNF84,ENSG00000198040,ZNF84,literal_official,30
Jurkat,ZNHIT1,ENSG00000106400,ZNHIT1,literal_official,94
Jurkat,ZNHIT2,ENSG00000174276,ZNHIT2,literal_official,37
Jurkat,ZNHIT3,ENSG00000273611,ZNHIT3,unique_hgnc_bridge,372
Jurkat,ZNHIT6,ENSG00000117174,ZNHIT6,literal_official,89
Jurkat,ZNRD1,ENSG00000066379,ZNRD1,literal_official,125
Jurkat,ZRANB2,ENSG00000132485,ZRANB2,literal_official,59
Jurkat,ZRSR2,ENSG00000169249,ZRSR2,literal_official,128
Jurkat,ZW10,ENSG00000086827,ZW10,literal_official,79
Jurkat,ZWINT,ENSG00000122952,ZWINT,literal_official,28
Jurkat,non-targeting,non-targeting,non-targeting,control,12013
