file	bytes	sha256	checksum_verified	status	url
data/raw/networks/ReactomePathways.gmt.zip	298479	8c1dbc8578431da5d2d5118262718c60b553a9be3398e93658daa069e4a9afd4	no-upstream-sum	downloaded	https://reactome.org/download/current/ReactomePathways.gmt.zip
data/raw/networks/goa_human.gaf.gz	15041996	db472faff1785878521693af62646546cea6af4a386609dd01c72c0554a46a30	no-upstream-sum	downloaded	https://current.geneontology.org/annotations/goa_human.gaf.gz
data/raw/networks/9606.protein.physical.links.v12.0.txt.gz	8954065	1ca87209a93cf7685e9c2997fbcfbfc69fedc6a803ccc1df917318a651df0823	no-upstream-sum	downloaded	https://stringdb-downloads.org/download/protein.physical.links.v12.0/9606.protein.physical.links.v12.0.txt.gz
data/raw/networks/hgnc_complete_set.txt	16913731	9e07bb49393c12aca8bc931a4349010404c24994a8a58745c14676b8c2b74492	no-upstream-sum	downloaded	https://storage.googleapis.com/public-download-files/hgnc/tsv/tsv/hgnc_complete_set.txt
data/raw/networks/9606.protein.info.v12.0.txt.gz	1970090	144de4b0d98c6a7dfde6ddc2591cf88657f27b989eadff4f501450c3ed1f0f1c	no-upstream-sum	downloaded	https://stringdb-downloads.org/download/protein.info.v12.0/9606.protein.info.v12.0.txt.gz
data/raw/networks/9606.protein.links.v12.0.txt.gz	83164437	3e22f32572211aa341d5b4bd08d30c32e693e294603202120936872f87719d4f	no-upstream-sum	downloaded	https://stringdb-downloads.org/download/protein.links.v12.0/9606.protein.links.v12.0.txt.gz
data/raw/arc_vcc2025_h1/pert_counts_Validation.csv	978	9da5dec8c25aff1bddc01cf76897cf94ec65f8f877beee29482c543bf1e7e43b	yes	downloaded	https://storage.googleapis.com/arc-institute-virtual-cell-atlas/virtual-cell-challenge/2025/validation/pert_counts_Validation.csv
data/raw/arc_vcc2025_h1/pert_counts_Test.csv	1894	c4f0ba439d7c3121562ca1f79fa3854d8f96fc7c3de24dca23eb9e7c41c8923a	yes	downloaded	https://storage.googleapis.com/arc-institute-virtual-cell-atlas/virtual-cell-challenge/2025/test/pert_counts_Test.csv
data/raw/arc_vcc2025_h1/pert_counts_Training.csv	2824	633d202be221418bdbac16efd8cb169666de0ef6469a4e9bfdfb64666ea81a89	yes	downloaded	https://storage.googleapis.com/arc-institute-virtual-cell-atlas/virtual-cell-challenge/2025/train/pert_counts_Training.csv
data/raw/arc_vcc2025_h1/adata_Validation.h5ad	6928967541	376f0bab27d9f22e00dfd888668d3602006d035edc182721c378f4802c77bfe1	no-upstream-sum	downloaded	https://storage.googleapis.com/arc-institute-virtual-cell-atlas/virtual-cell-challenge/2025/validation/adata_Validation.h5ad
data/raw/arc_vcc2025_h1/adata_Test.h5ad	11950739168	ba5ce66729e4c8e50b6f147c7d73d3f9f28f76c91fa43ff33e3f6bc2ed831f03	no-upstream-sum	downloaded	https://storage.googleapis.com/arc-institute-virtual-cell-atlas/virtual-cell-challenge/2025/test/adata_Test.h5ad
data/raw/arc_vcc2025_h1/adata_Training.h5ad	15482497461	a09977104fefb622368ca74b50c9d3c1e891733e6c83db07acfca49b0219c02b	no-upstream-sum	downloaded	https://storage.googleapis.com/arc-institute-virtual-cell-atlas/virtual-cell-challenge/2025/train/adata_Training.h5ad
data/raw/scperturb/DixitRegev2016_K562_TFs_13_days.h5ad	121166672	f7c483fa2a3cb79740ee816850ad7b8432f2c4c17fb4ac6fdd2cbe32a29f11a1	yes	downloaded	https://zenodo.org/api/records/13350497/files/DixitRegev2016_K562_TFs_13_days.h5ad/content
data/raw/scperturb/DixitRegev2016_K562_TFs_High_MOI.h5ad	319735470	57d4e51930ba3d526caaba8d657a72dba6c6a3ff1e7f5e5fd8c0553539d6db54	yes	downloaded	https://zenodo.org/api/records/13350497/files/DixitRegev2016_K562_TFs_High_MOI.h5ad/content
data/raw/scperturb/DixitRegev2016_K562_TFs_7_days.h5ad	256685252	03802e358de0568cfe32de26d78bee2805687412f5fbb6b788213aca31e973a0	yes	downloaded	https://zenodo.org/api/records/13350497/files/DixitRegev2016_K562_TFs_7_days.h5ad/content
data/raw/scperturb/AdamsonWeissman2016_GSM2406681_10X010.h5ad	471286951	e70fcd49808cab8d724de8d5a332940911206e1c8ef44cc7b568d048ed795c85	yes	downloaded	https://zenodo.org/api/records/13350497/files/AdamsonWeissman2016_GSM2406681_10X010.h5ad/content
data/raw/scperturb/AissaBenevolenskaya2021.h5ad	45919115	b15a47195aae031dfcba94c6f7f080f1d7e5c69d46b070d49132ee2a1bb8bb99	yes	downloaded	https://zenodo.org/api/records/13350497/files/AissaBenevolenskaya2021.h5ad/content
data/raw/scperturb/AdamsonWeissman2016_GSM2406675_10X001.h5ad	34557246	119e3c1cf7dede4e13f887b86f9bcd797a9dc29213ee57d36aa80012d93f1c1c	yes	downloaded	https://zenodo.org/api/records/13350497/files/AdamsonWeissman2016_GSM2406675_10X001.h5ad/content
data/raw/scperturb/ShifrutMarson2018.h5ad	871481676	73c92a61ccc49d3a8c1bfc18ebfd002c2439294c98eb11b3ca8a2c2d7e3d1b19	yes	downloaded	https://zenodo.org/api/records/13350497/files/ShifrutMarson2018.h5ad/content
data/raw/scperturb/NadigOConner2024_jurkat.h5ad	1293665804	ade3d83150fd6944212363cd11da77c0d2143fa6df1febb3f15a66d4dab0677f	yes	downloaded	https://zenodo.org/api/records/13350497/files/NadigOConner2024_jurkat.h5ad/content
data/raw/scperturb/NadigOConner2024_hepg2.h5ad	850590740	1af2f7b3e692ad3d077e6027d68a1f800619e29aa3f7a0efa70146fb7223a4bf	yes	downloaded	https://zenodo.org/api/records/13350497/files/NadigOConner2024_hepg2.h5ad/content
data/raw/scperturb/AdamsonWeissman2016_GSM2406677_10X005.h5ad	139059637	6c6eca0f53f8887b86597e2a4ff512ff2b2d3d9c78ee7deec9a6e7d6ae859d01	yes	downloaded	https://zenodo.org/api/records/13350497/files/AdamsonWeissman2016_GSM2406677_10X005.h5ad/content
data/raw/scperturb/DatlingerBock2021.h5ad	33600780	9f8c35058d71442a904391dabf6574bbb24ae31ed00cef5d4e4ed498828f3592	yes	downloaded	https://zenodo.org/api/records/13350497/files/DatlingerBock2021.h5ad/content
data/raw/scperturb/DatlingerBock2017.h5ad	39085166	2ee8b95ef1b2567ce5cbf83fc3a20bf4318f32dc007e1228f064fe428125f7da	yes	downloaded	https://zenodo.org/api/records/13350497/files/DatlingerBock2017.h5ad/content
data/raw/scperturb/FrangiehIzar2021_protein.h5ad	24714445	1f85827b5afad11a30d8ac99399772231110a1c3723bed6ecf7981a12cc3dbcc	yes	downloaded	https://zenodo.org/api/records/13350497/files/FrangiehIzar2021_protein.h5ad/content
data/raw/scperturb/ChangYe2021.h5ad	501823050	79101d91992404772f590439d4ac5bd825c25866682c7ef439189f577613ca04	yes	downloaded	https://zenodo.org/api/records/13350497/files/ChangYe2021.h5ad/content
data/raw/scperturb/PapalexiSatija2021_eccite_arrayed_RNA.h5ad	52339395	7f8b06d92955940c453b7bec5dec879d64c1b2e2667aa5b6f7bb4bbc6665d976	yes	downloaded	https://zenodo.org/api/records/13350497/files/PapalexiSatija2021_eccite_arrayed_RNA.h5ad/content
data/raw/scperturb/PapalexiSatija2021_eccite_protein.h5ad	1191551	e1e293c75dfebe09301bf32093703cfd5f50c17d6fb53144d8213e52e0e4e150	yes	downloaded	https://zenodo.org/api/records/13350497/files/PapalexiSatija2021_eccite_protein.h5ad/content
data/raw/scperturb/LaraAstiasoHuntly2023_exvivo.h5ad	1080740763	5659e681da47419b8401ca65ca2ca4156933a38b98ac65d61af3445295b7346f	yes	downloaded	https://zenodo.org/api/records/13350497/files/LaraAstiasoHuntly2023_exvivo.h5ad/content
data/raw/scperturb/PapalexiSatija2021_eccite_RNA.h5ad	147215278	03e9602d124c261281936717d5795445805e6e704a52b0310bcde94225aa0929	yes	downloaded	https://zenodo.org/api/records/13350497/files/PapalexiSatija2021_eccite_RNA.h5ad/content
data/raw/scperturb/SunshineHein2023.h5ad	743672579	4dd14fb68dc16057e1cf4a05d0bcd2efd26c1a9e4ef8c7d21afccaf2cfc84270	yes	downloaded	https://zenodo.org/api/records/13350497/files/SunshineHein2023.h5ad/content
data/raw/scperturb/JoungZhang2023_combinatorial.h5ad	834073300	ce5188bd3f924f9c79fea6d0b2fb49e48a71d0cf6a2a5010ee9a9bd6e3289a01	yes	downloaded	https://zenodo.org/api/records/13350497/files/JoungZhang2023_combinatorial.h5ad/content
data/raw/scperturb/GasperiniShendure2019_highMOI.h5ad	418337592	b342ca237496764066a8b96115d551c48411049f52e3a7d9e89d864ece4ab90b	yes	downloaded	https://zenodo.org/api/records/13350497/files/GasperiniShendure2019_highMOI.h5ad/content
data/raw/scperturb/GehringPachter2019.h5ad	73274146	3f3a3968f0d20a3635619971da17049e2ac1b94b9c1ab6c61280caf70855ba3d	yes	downloaded	https://zenodo.org/api/records/13350497/files/GehringPachter2019.h5ad/content
data/raw/scperturb/GasperiniShendure2019_lowMOI.h5ad	322716827	e5d43d9c0ea12299ca2880dece131db07d766a9779ac0f9ba792ed7b7d85a213	yes	downloaded	https://zenodo.org/api/records/13350497/files/GasperiniShendure2019_lowMOI.h5ad/content
data/raw/scperturb/FrangiehIzar2021_RNA.h5ad	1458928348	cc42ef38bcf703a00e0c77c7945dd53159b12d814c438ae8afeaed9bc71f48d1	yes	downloaded	https://zenodo.org/api/records/13350497/files/FrangiehIzar2021_RNA.h5ad/content
data/raw/scperturb/PapalexiSatija2021_eccite_arrayed_protein.h5ad	550922	45aa4e2279ca7b6522eacfe61d74fb5f107cd177814a94f70b58549913a094f4	yes	downloaded	https://zenodo.org/api/records/13350497/files/PapalexiSatija2021_eccite_arrayed_protein.h5ad/content
data/raw/scperturb/SrivatsanTrapnell2020_sciplex3.h5ad	2526631614	603ed16c5e25401c8a7f5bb0b2b045179701017d65dcfc6aeea71722a66cd10a	yes	downloaded	https://zenodo.org/api/records/13350497/files/SrivatsanTrapnell2020_sciplex3.h5ad/content
data/raw/scperturb/GasperiniShendure2019_atscale.h5ad	1866293566	6933c9312ea4a38d0225212a7bc940282c48f70baebf0441fa02108cad0ab9ee	yes	downloaded	https://zenodo.org/api/records/13350497/files/GasperiniShendure2019_atscale.h5ad/content
data/raw/scperturb/NormanWeissman2019_filtered.h5ad	698680199	efde6f5301fe256725dce1d980f37bd96a13481a9a16135515897368e631affc	yes	downloaded	https://zenodo.org/api/records/13350497/files/NormanWeissman2019_filtered.h5ad/content
data/raw/scperturb/SchiebingerLander2019_GSE106340.h5ad	378858726	fcc4da2d1f24566d926e5c61a7bf1dc8a362b7aa4d07e1061434dab2e2845ff9	yes	downloaded	https://zenodo.org/api/records/13350497/files/SchiebingerLander2019_GSE106340.h5ad/content
data/raw/scperturb/SchraivogelSteinmetz2020_TAP_SCREEN__chromosome_8_screen.h5ad	21015792	63b02470db1c0adfba35356cf4d788484142324ee5b6a4dff4d4b5dc38330517	yes	downloaded	https://zenodo.org/api/records/13350497/files/SchraivogelSteinmetz2020_TAP_SCREEN__chromosome_8_screen.h5ad/content
data/raw/scperturb/ReplogleWeissman2022_K562_essential.h5ad	1546729675	412fd0df8c4ccea9f4db91cd88033c49200838b29d40945e48574be588b48789	yes	downloaded	https://zenodo.org/api/records/13350497/files/ReplogleWeissman2022_K562_essential.h5ad/content
data/raw/scperturb/SrivatsanTrapnell2020_sciplex2.h5ad	145178504	0adabca03632ac9421a769fc9eaa4178447d4d572f4c2c54e4fde93a81acde67	yes	downloaded	https://zenodo.org/api/records/13350497/files/SrivatsanTrapnell2020_sciplex2.h5ad/content
data/raw/scperturb/TianKampmann2019_day7neuron.h5ad	268921535	e5883ffef02c0da955b8d6f1dd3c92ee1dc4d73f43d6a1ed9562444097fca5df	yes	downloaded	https://zenodo.org/api/records/13350497/files/TianKampmann2019_day7neuron.h5ad/content
data/raw/scperturb/McFarlandTsherniak2020.h5ad	1459410830	94a7240047b9ce6822dc2aa1e7a66c1fd8b00be842e5a95fc72cbeb6f2834d2c	yes	downloaded	https://zenodo.org/api/records/13350497/files/McFarlandTsherniak2020.h5ad/content
data/raw/scperturb/SrivatsanTrapnell2020_sciplex4.h5ad	253335945	29db0c7a1372d96b70200946c11651aa62905b1d3091f89947bc19795d236b9f	yes	downloaded	https://zenodo.org/api/records/13350497/files/SrivatsanTrapnell2020_sciplex4.h5ad/content
data/raw/scperturb/SchraivogelSteinmetz2020_TAP_SCREEN__chromosome_11_screen.h5ad	21815981	3fa86ab3ff23232da931e8adebb38c985c906982b8a84e83ddba96557c14cd61	yes	downloaded	https://zenodo.org/api/records/13350497/files/SchraivogelSteinmetz2020_TAP_SCREEN__chromosome_11_screen.h5ad/content
data/raw/scperturb/TianKampmann2021_CRISPRa.h5ad	154788473	0f9f8845a77861025175242a8f4e67ff3c3b40ac997a9955ff5accb309e6760f	yes	downloaded	https://zenodo.org/api/records/13350497/files/TianKampmann2021_CRISPRa.h5ad/content
data/raw/scperturb/TianKampmann2019_iPSC.h5ad	350848489	9a3157e15abc3c739a545581d4196eed7717217598344192b1a3dafd370dabf9	yes	downloaded	https://zenodo.org/api/records/13350497/files/TianKampmann2019_iPSC.h5ad/content
data/raw/scperturb/TianKampmann2021_CRISPRi.h5ad	289389479	7ea6689359964e23da78f93bb54c4eb08d9cd95c16ee769375fc5ac7edb62fa9	yes	downloaded	https://zenodo.org/api/records/13350497/files/TianKampmann2021_CRISPRi.h5ad/content
data/raw/scperturb/XieHon2017.h5ad	117356359	3a9a4532786652613a8dbb5ba864c35f278233be0c26e2b91a2a471082918353	yes	downloaded	https://zenodo.org/api/records/13350497/files/XieHon2017.h5ad/content
data/raw/scperturb/WeinrebKlein2020.h5ad	228524613	51b70f06df6fd6a22a2b1d6f7b2e1616f1dac1a77985ec4568107f1b5f5726c3	yes	downloaded	https://zenodo.org/api/records/13350497/files/WeinrebKlein2020.h5ad/content
data/raw/scperturb/ReplogleWeissman2022_rpe1.h5ad	1236886900	12d6a0cf9378c4f09411e27f0ce07b59f1d97731bd576d6fadf112f6f088d1a4	yes	downloaded	https://zenodo.org/api/records/13350497/files/ReplogleWeissman2022_rpe1.h5ad/content
data/raw/scperturb/XuCao2023.h5ad	336637209	0065ac9524f103fcb7903125b4d2d22e8f2c29e427db31b7cefd5a8f1ea846e0	yes	downloaded	https://zenodo.org/api/records/13350497/files/XuCao2023.h5ad/content
data/raw/scperturb/SchiebingerLander2019_GSE115943.h5ad	1640956517	393f4a8a171c5aadc38ed37f69bcccd03777d4d4175e5476fa363d49c4277144	yes	downloaded	https://zenodo.org/api/records/13350497/files/SchiebingerLander2019_GSE115943.h5ad/content
data/raw/scperturb/SantinhaPlatt2023.h5ad	939335004	c81d29d0dd33b991be9fcc01d853f38af2ba93447b3a3267f4121ba340fd5003	yes	downloaded	https://zenodo.org/api/records/13350497/files/SantinhaPlatt2023.h5ad/content
data/raw/scperturb/ZhaoSims2021.h5ad	586888140	5d5d3c403453e9813d0f0babd1504c09e5e3061eba5dd09098917cc8c81f06d1	yes	downloaded	https://zenodo.org/api/records/13350497/files/ZhaoSims2021.h5ad/content
data/raw/scperturb/LaraAstiasoHuntly2023_invivo.h5ad	760312556	8dbf3c96aef2f68b75495ae72251ff42ba8362d2e900b2dba7c6aad11d90465f	yes	downloaded	https://zenodo.org/api/records/13350497/files/LaraAstiasoHuntly2023_invivo.h5ad/content
data/raw/scperturb/CuiHacohen2023.h5ad	472111867	b312e0e3caec24f6adf6d009729b73ff0cf8c87fec8ec1362efc74675a60ec16	yes	downloaded	https://zenodo.org/api/records/13350497/files/CuiHacohen2023.h5ad/content
data/raw/scperturb/LaraAstiasoHuntly2023_leukemia.h5ad	1176002572	c39f3b64d985958d172699761f1e7600bd1df653cf57da40798943100e53cd0f	yes	downloaded	https://zenodo.org/api/records/13350497/files/LaraAstiasoHuntly2023_leukemia.h5ad/content
data/raw/scperturb/LiangWang2023.h5ad	364166137	3a58c9b9045ff96897ec378ad012e36cd0dc9d85ff0969e6d5e2c196ced665b7	yes	downloaded	https://zenodo.org/api/records/13350497/files/LiangWang2023.h5ad/content
data/raw/scperturb/WesselsSatija2023.h5ad	0			FAILED(curl 22)	https://zenodo.org/api/records/13350497/files/WesselsSatija2023.h5ad/content
data/raw/scperturb/LotfollahiTheis2023.h5ad	0			FAILED(curl 22)	https://zenodo.org/api/records/13350497/files/LotfollahiTheis2023.h5ad/content
data/raw/scperturb/JoungZhang2023_atlas.h5ad	5804454475	8bd00eac883b469a1e82a2beca18f647e8023904920f233dbb8568e13503fc22	yes	downloaded	https://zenodo.org/api/records/13350497/files/JoungZhang2023_atlas.h5ad/content
data/raw/scperturb/ReplogleWeissman2022_K562_gwps.h5ad	8805466154	d3269d9c863d96555eba768b42ab330cc1b57493cd33b4ac8fe7fbab8278f104	yes	downloaded	https://zenodo.org/api/records/13350497/files/ReplogleWeissman2022_K562_gwps.h5ad/content
data/raw/depmap_24q4/CRISPRGeneEffect.csv	0			SIZE-MISMATCH(got 0, want 428678699)	https://figshare.com/ndownloader/files/51064667
data/raw/depmap_24q4/CRISPRGeneDependency.csv	0			SIZE-MISMATCH(got 0, want 421115594)	https://figshare.com/ndownloader/files/51064631
data/raw/depmap_24q4/Model.csv	0			SIZE-MISMATCH(got 0, want 645696)	https://figshare.com/ndownloader/files/51065297
data/raw/depmap_24q4/OmicsProfiles.csv	0			SIZE-MISMATCH(got 0, want 254733)	https://figshare.com/ndownloader/files/51065723
data/raw/depmap_24q4/OmicsExpressionAllGenesTPMLogp1Profile.csv	0			SIZE-MISMATCH(got 0, want 1016340354)	https://figshare.com/ndownloader/files/51065360
data/raw/networks/ReactomePathways.gmt.zip	298479	8c1dbc8578431da5d2d5118262718c60b553a9be3398e93658daa069e4a9afd4	no-upstream-sum	cached	https://reactome.org/download/current/ReactomePathways.gmt.zip
data/raw/networks/9606.protein.info.v12.0.txt.gz	1970090	144de4b0d98c6a7dfde6ddc2591cf88657f27b989eadff4f501450c3ed1f0f1c	no-upstream-sum	cached	https://stringdb-downloads.org/download/protein.info.v12.0/9606.protein.info.v12.0.txt.gz
data/raw/networks/9606.protein.physical.links.v12.0.txt.gz	8954065	1ca87209a93cf7685e9c2997fbcfbfc69fedc6a803ccc1df917318a651df0823	no-upstream-sum	cached	https://stringdb-downloads.org/download/protein.physical.links.v12.0/9606.protein.physical.links.v12.0.txt.gz
data/raw/networks/hgnc_complete_set.txt	16913731	9e07bb49393c12aca8bc931a4349010404c24994a8a58745c14676b8c2b74492	no-upstream-sum	cached	https://storage.googleapis.com/public-download-files/hgnc/tsv/tsv/hgnc_complete_set.txt
data/raw/networks/goa_human.gaf.gz	15041996	db472faff1785878521693af62646546cea6af4a386609dd01c72c0554a46a30	no-upstream-sum	cached	https://current.geneontology.org/annotations/goa_human.gaf.gz
data/raw/networks/9606.protein.links.v12.0.txt.gz	83164437	3e22f32572211aa341d5b4bd08d30c32e693e294603202120936872f87719d4f	no-upstream-sum	cached	https://stringdb-downloads.org/download/protein.links.v12.0/9606.protein.links.v12.0.txt.gz
models/esm2_650m/vocab.txt	93	0b82cc0a7c7cf9e567b1e5892d793285b9fbae822c964ca48696f7db44598e03	no-upstream-sum	downloaded	https://huggingface.co/facebook/esm2_t33_650M_UR50D/resolve/main/vocab.txt
models/esm2_650m/tokenizer_config.json	95	7e9161ecdb548ec45a41cbc6b24aa4476fdd418461f491c4207baa99419a29ad	no-upstream-sum	downloaded	https://huggingface.co/facebook/esm2_t33_650M_UR50D/resolve/main/tokenizer_config.json
models/esm2_650m/config.json	724	539095c22efc52a09d6147074ba4ca119f76a890df5901213b2b55f7d2f96b2b	no-upstream-sum	downloaded	https://huggingface.co/facebook/esm2_t33_650M_UR50D/resolve/main/config.json
models/esm2_650m/special_tokens_map.json	125	3aedcd4211c0d43aec4e607ff60a63255f3174ead795e997350f09a5f8cd9ee1	no-upstream-sum	downloaded	https://huggingface.co/facebook/esm2_t33_650M_UR50D/resolve/main/special_tokens_map.json
models/esm2_650m/model.safetensors	2609506392	a08adabb949fa67ad3c14b509d04fd60368b35007b0095e3358f81200c4f4db0	yes	downloaded	https://huggingface.co/facebook/esm2_t33_650M_UR50D/resolve/main/model.safetensors
models/arc_se600m/config.yaml	4597	807d9f741a7b3c1243f361fa5672c92b3d7f775fccf890136cd8bff41618881a	no-upstream-sum	downloaded	https://huggingface.co/arcinstitute/SE-600M/resolve/main/config.yaml
models/arc_se600m/se600m_epoch4.safetensors	2818308840	9d0cc6fc5aa89ed27c6c2ae336aa304ada4357518e40ad95351388e671d452e1	yes	downloaded	https://huggingface.co/arcinstitute/SE-600M/resolve/main/se600m_epoch4.safetensors
models/arc_se600m/model.safetensors	2860276816	3ebec58bd9e9c07f0a76de25b900dad13d015768fbff1e68e5dcbdfb3b2245de	yes	downloaded	https://huggingface.co/arcinstitute/SE-600M/resolve/main/model.safetensors
data/raw/depmap_24q4/Model.csv	645696	b7a0c1385e6cef30132b56aff61f1261d11e3f490490b355c430d32ee0dbdcfa	yes	downloaded	https://ndownloader.figshare.com/files/51065297
data/raw/depmap_24q4/OmicsProfiles.csv	254733	0bb19ee57935d4b213d378a4db9caacaa1db7318a63ae81485d84f91c20a3bf2	yes	downloaded	https://ndownloader.figshare.com/files/51065723
data/raw/depmap_24q4/CRISPRGeneDependency.csv	421115594	76f2df90bc2a0d70bac667dda83a052d04a1220cdc70e01ce0f6508d59ebea40	yes	downloaded	https://ndownloader.figshare.com/files/51064631
data/raw/depmap_24q4/CRISPRGeneEffect.csv	428678699	3d8f3ec6dbf2db7ff834b79b508622ec0b226f3518003fe96ecf5a4fcf167e3b	yes	downloaded	https://ndownloader.figshare.com/files/51064667
data/raw/depmap_24q4/OmicsExpressionAllGenesTPMLogp1Profile.csv	1016340354	57aa034ec15c48109333aad9d09d31bf8080ce222c45f3b0465fe8e7e7b88d7a	yes	downloaded	https://ndownloader.figshare.com/files/51065360
data/raw/replogle2022/rpe1_raw_bulk_01.h5ad	95350546	603c655f1cfa41d649baf3ae63fca224cc11f297e40d4ed59d390b1e8d2e2db2	yes	downloaded	https://ndownloader.figshare.com/files/35775581
data/raw/replogle2022/K562_essential_raw_bulk_01.h5ad	79766954	80de95e54fcbca0e0537d569b43ec92fde6bd0482801505504baebe3118dcadf	yes	downloaded	https://ndownloader.figshare.com/files/35773070
data/raw/replogle2022/K562_gwps_raw_bulk_01.h5ad	374587922	7cec96b3b76169abbf6b6ab9d10bf00d71d942d89e63292351f745e130b154db	yes	downloaded	https://ndownloader.figshare.com/files/35774443
data/raw/replogle2022/K562_essential_raw_singlecell_01.h5ad	10661879995	3e5a63a9e892b21029bb55fca4e12517a49aad7af6c14133ca63d12cf68c6cee	yes	downloaded	https://ndownloader.figshare.com/files/35773219
data/raw/replogle2022/rpe1_raw_singlecell_01.h5ad	8700873216	9b05ef1f81526216fa008d677e9e0d03dce9a2f7a95499a4fb81e505e9d88ef1	yes	downloaded	https://ndownloader.figshare.com/files/35775606
data/raw/replogle2022/K562_gwps_raw_singlecell_01.h5ad	65830941948	b697ef7fedcec2972ec334608f86f2a29cb25e70c81b6725195f4cda60a9de2c	yes	downloaded	https://ndownloader.figshare.com/files/35775507
data/raw/jiang2025/Pathway_Exclusive_genelist.rds	9038	469adef08c086b0f292b490d6fd0add2aa7dbab9086d39c51f1c023d857d84d0	yes	downloaded	https://zenodo.org/api/records/14518762/files/Pathway_Exclusive_genelist.rds/content
data/raw/jiang2025/HClust_Pathway_celltype_specific_genelist.rds	69497	7ffb60f2dfe47c5105cdac52e87f0e0c5e8ee1e7056ae25bd7d035697b528925	yes	downloaded	https://zenodo.org/api/records/14518762/files/HClust_Pathway_celltype_specific_genelist.rds/content
data/raw/jiang2025/Pathway_genelist.rds	20666	bff3ea9a80dd83bc7c7a21cbb33dee2e948de1e46d78bbdd0d8b3e1af6bd56ee	yes	downloaded	https://zenodo.org/api/records/14518762/files/Pathway_genelist.rds/content
data/raw/jiang2025/A_readme.txt	1539	83acf8d77751cdc41ab2a468a651382f289827613c19caf08a9062bf81623f8f	yes	downloaded	https://zenodo.org/api/records/14518762/files/A_readme.txt/content
data/raw/jiang2025/Seurat_object_TGFB_Perturb_seq.rds	2642041433	cd338cf6d05df9d3d377f82a5f8ee534696c065bc7556fcf2087d508723fa3ea	yes	downloaded	https://zenodo.org/api/records/14518762/files/Seurat_object_TGFB_Perturb_seq.rds/content
data/raw/jiang2025/Seurat_object_IFNG_Perturb_seq.rds	2915636149	735c843adad7bae3f93c34191a9dea3dcc4fd329815559355c15b040d506eab0	yes	downloaded	https://zenodo.org/api/records/14518762/files/Seurat_object_IFNG_Perturb_seq.rds/content
data/raw/jiang2025/Seurat_object_IFNB_Perturb_seq.rds	4326548669	a7c8bec3d1375786f92ecfcdba48cb7403ed4c4b1814130119cd0e7630d9d4b4	yes	downloaded	https://zenodo.org/api/records/14518762/files/Seurat_object_IFNB_Perturb_seq.rds/content
data/raw/jiang2025/Seurat_object_TNFA_Perturb_seq.rds	4656209976	0a899ed50bca589717380a6044d9f15364e97d7693697f7e7ad324e6823a9113	yes	downloaded	https://zenodo.org/api/records/14518762/files/Seurat_object_TNFA_Perturb_seq.rds/content
data/raw/jiang2025/Seurat_object_INS_Perturb_seq.rds	5601176410	233991fd7d6708bdb7e46b500c9534a6bc19424b980a440264fc71c876786734	yes	downloaded	https://zenodo.org/api/records/14518762/files/Seurat_object_INS_Perturb_seq.rds/content
data/raw/nadig2025/GSE264667_hepg2_raw_singlecell_01.h5ad	5614460941	e1ad7c3c5a201c861a207a858aa7e59f5e6ac1955674c415f7de0d1dadadb52e	no-upstream-sum	downloaded	https://ftp.ncbi.nlm.nih.gov/geo/series/GSE264nnn/GSE264667/suppl/GSE264667_hepg2_raw_singlecell_01.h5ad
data/raw/nadig2025/GSE264667_jurkat_raw_singlecell_01.h5ad	9366490264	ffbe15f2c8f7ffcfd7b0ba9e6937d4ebc2d03b0179fa8234648a59bcb82c04a3	no-upstream-sum	downloaded	https://ftp.ncbi.nlm.nih.gov/geo/series/GSE264nnn/GSE264667/suppl/GSE264667_jurkat_raw_singlecell_01.h5ad
data/raw/tahoe100m/metadata/gene_vocabulary.json	1744784	71f172b0b9701bf41d9020ab670a4a3279c5da7270d230968e640e2818c11ddf	no-upstream-sum	downloaded	https://huggingface.co/datasets/tahoebio/Tahoe-100M/resolve/main/metadata/gene_vocabulary.json
data/raw/tahoe100m/metadata/cell_line_metadata.parquet	19040	67641f5bdd3fb077978ff1fec4d0d617490674bcd42850515ae3997194c29d4d	yes	downloaded	https://huggingface.co/datasets/tahoebio/Tahoe-100M/resolve/main/metadata/cell_line_metadata.parquet
data/raw/tahoe100m/metadata/sample_metadata.parquet	65636	33167f0ce28cff8357c503cda67d1c7fea200bff6918ee1de3c4f3549175b9d3	yes	downloaded	https://huggingface.co/datasets/tahoebio/Tahoe-100M/resolve/main/metadata/sample_metadata.parquet
data/raw/tahoe100m/metadata/drug_metadata.parquet	40475	7a04c7a6611e74c92253163b994ff0a47191928ee7511f1c2ca508cee0e79f28	yes	downloaded	https://huggingface.co/datasets/tahoebio/Tahoe-100M/resolve/main/metadata/drug_metadata.parquet
data/raw/tahoe100m/metadata/gene_metadata.parquet	1326799	d6104d1ca570d94832be0d27ffe8b7e4e54cfd366c9080239219f9c406eb751c	yes	downloaded	https://huggingface.co/datasets/tahoebio/Tahoe-100M/resolve/main/metadata/gene_metadata.parquet
data/raw/tahoe100m/data/train-00011-of-03388.parquet	78424121	6e133038b232f8155a29438e93229063458e0c328d89f3e2cbc7760786d58629	yes	downloaded	https://huggingface.co/datasets/tahoebio/Tahoe-100M/resolve/main/data/train-00011-of-03388.parquet
data/raw/tahoe100m/data/train-00000-of-03388.parquet	71186527	50c176f5986283a54a9dddab232b291328b6a906b2f2651534618692e03714a1	yes	downloaded	https://huggingface.co/datasets/tahoebio/Tahoe-100M/resolve/main/data/train-00000-of-03388.parquet
data/raw/tahoe100m/data/train-00022-of-03388.parquet	88124451	5e1dc4291e887cf2f33127f8a345e7fb47b8de4e441ed72e499c8a029deb70d3	yes	downloaded	https://huggingface.co/datasets/tahoebio/Tahoe-100M/resolve/main/data/train-00022-of-03388.parquet
data/raw/tahoe100m/data/train-00099-of-03388.parquet	101664630	24bbbc614ef313ce156cf5eb9d5fbbcc2abd09d4395cf646ec56ec3ec1cae180	yes	downloaded	https://huggingface.co/datasets/tahoebio/Tahoe-100M/resolve/main/data/train-00099-of-03388.parquet
data/raw/tahoe100m/data/train-00077-of-03388.parquet	104511083	3a3237b6662bf4a07b3f67964372faadeefd7deb446b0afd9aaca873e8fd9222	yes	downloaded	https://huggingface.co/datasets/tahoebio/Tahoe-100M/resolve/main/data/train-00077-of-03388.parquet
data/raw/tahoe100m/data/train-00066-of-03388.parquet	103623928	5e3cb9081bfc41e4dd4c5034a08b97bdac1d7fa59ecb6eb6a743296d13fdd48c	yes	downloaded	https://huggingface.co/datasets/tahoebio/Tahoe-100M/resolve/main/data/train-00066-of-03388.parquet
data/raw/tahoe100m/data/train-00044-of-03388.parquet	91523571	0455d204b2ae4704060b634d7f27c24c5bb870092e34c44a0eae4d29ed2ba62e	yes	downloaded	https://huggingface.co/datasets/tahoebio/Tahoe-100M/resolve/main/data/train-00044-of-03388.parquet
data/raw/tahoe100m/data/train-00088-of-03388.parquet	106242444	a99f43275e2e194247c495de34b54a6ac719dda8052fd0b0ddea42cafb8595cc	yes	downloaded	https://huggingface.co/datasets/tahoebio/Tahoe-100M/resolve/main/data/train-00088-of-03388.parquet
data/raw/tahoe100m/data/train-00055-of-03388.parquet	83841697	ed871a4f396548a6ea8a3b3756924d871fcde9d61e6345fbd7a958a0b3e7e853	yes	downloaded	https://huggingface.co/datasets/tahoebio/Tahoe-100M/resolve/main/data/train-00055-of-03388.parquet
data/raw/tahoe100m/data/train-00143-of-03388.parquet	111978204	efe6ec2da0177c8c09b5fa3d45ca57d012741290e17703623c1f14cc217aa290	yes	downloaded	https://huggingface.co/datasets/tahoebio/Tahoe-100M/resolve/main/data/train-00143-of-03388.parquet
data/raw/tahoe100m/data/train-00165-of-03388.parquet	101321728	508cd6945846c1fcf61d7227889d501e710593e78feebe3640eb9c0a0f748127	yes	downloaded	https://huggingface.co/datasets/tahoebio/Tahoe-100M/resolve/main/data/train-00165-of-03388.parquet
data/raw/tahoe100m/data/train-00132-of-03388.parquet	105605226	eaa0f06c4b387416f88eaf86bef938f8396106b44090828d4a427111603db9f1	yes	downloaded	https://huggingface.co/datasets/tahoebio/Tahoe-100M/resolve/main/data/train-00132-of-03388.parquet
data/raw/tahoe100m/data/train-00176-of-03388.parquet	109251597	2f2cadad47395fda8b36f7fa30fbe37a349b25c730182a5e47c76b9876fe6b1e	yes	downloaded	https://huggingface.co/datasets/tahoebio/Tahoe-100M/resolve/main/data/train-00176-of-03388.parquet
data/raw/tahoe100m/data/train-00110-of-03388.parquet	107480194	a8184f7bc2cabb5d7d68e5f7e75fe3966882f951a6f17cb83b25f627aecf5af3	yes	downloaded	https://huggingface.co/datasets/tahoebio/Tahoe-100M/resolve/main/data/train-00110-of-03388.parquet
data/raw/tahoe100m/data/train-00033-of-03388.parquet	94197119	3bef465193bd4d0637a2f59d1b08a489a4840c88715f4f4aeedc6824dd2e98e9	yes	downloaded	https://huggingface.co/datasets/tahoebio/Tahoe-100M/resolve/main/data/train-00033-of-03388.parquet
data/raw/tahoe100m/data/train-00198-of-03388.parquet	96358116	71938eec1aeb98facb80d0ed578033a8bc1c44aaa0bcce0633604dc0e6745f8e	yes	downloaded	https://huggingface.co/datasets/tahoebio/Tahoe-100M/resolve/main/data/train-00198-of-03388.parquet
data/raw/tahoe100m/data/train-00187-of-03388.parquet	108649447	d502ec717419de9093b6e3a3d159951cd643d7e8a26d6cb2db982201ff69527b	yes	downloaded	https://huggingface.co/datasets/tahoebio/Tahoe-100M/resolve/main/data/train-00187-of-03388.parquet
data/raw/tahoe100m/data/train-00231-of-03388.parquet	109668066	60b0d78b287eae76c19449a5a21de021cc4158911da3afd2ad0df60948216258	yes	downloaded	https://huggingface.co/datasets/tahoebio/Tahoe-100M/resolve/main/data/train-00231-of-03388.parquet
data/raw/tahoe100m/data/train-00253-of-03388.parquet	90520786	ed000238ba49805b62dbed202f0de9e88274d62ecb2b7d7c063d8216aef727dc	yes	downloaded	https://huggingface.co/datasets/tahoebio/Tahoe-100M/resolve/main/data/train-00253-of-03388.parquet
data/raw/tahoe100m/data/train-00154-of-03388.parquet	104363122	985a44c4655bb7408eef7917c1db1e7d8aaa757efe6b46af2c2eb602cbab7321	yes	downloaded	https://huggingface.co/datasets/tahoebio/Tahoe-100M/resolve/main/data/train-00154-of-03388.parquet
data/raw/tahoe100m/data/train-00220-of-03388.parquet	103547381	65e3256e070f98570835ce827ea08b9d686d31096bf4931ea2a921332aa88a2f	yes	downloaded	https://huggingface.co/datasets/tahoebio/Tahoe-100M/resolve/main/data/train-00220-of-03388.parquet
data/raw/tahoe100m/data/train-00297-of-03388.parquet	98244808	ce4a6175b5df646b7468e55e5d9714477a170d5278e3fe2391041b62b0a00538	yes	downloaded	https://huggingface.co/datasets/tahoebio/Tahoe-100M/resolve/main/data/train-00297-of-03388.parquet
data/raw/tahoe100m/data/train-00264-of-03388.parquet	94331626	426ec145ce95bba525ffce6a4294f01de4e0d9113a6475dce4860b3ca8de3176	yes	downloaded	https://huggingface.co/datasets/tahoebio/Tahoe-100M/resolve/main/data/train-00264-of-03388.parquet
data/raw/tahoe100m/data/train-00286-of-03388.parquet	101093889	28e7c8b21f42fa2be5fec30b75be901b2c7562f444f396fe6de7da293d9d2e8e	yes	downloaded	https://huggingface.co/datasets/tahoebio/Tahoe-100M/resolve/main/data/train-00286-of-03388.parquet
data/raw/tahoe100m/data/train-00121-of-03388.parquet	106214051	3095c54995b3ed0416c5944b21640becc477393faff23c72dc4f9e691b999736	yes	downloaded	https://huggingface.co/datasets/tahoebio/Tahoe-100M/resolve/main/data/train-00121-of-03388.parquet
data/raw/tahoe100m/data/train-00275-of-03388.parquet	94775404	8e21910f6a90afe8e971067cd2113f5ff6ebd6c8b82d130c0281f4b2bf284be8	yes	downloaded	https://huggingface.co/datasets/tahoebio/Tahoe-100M/resolve/main/data/train-00275-of-03388.parquet
data/raw/tahoe100m/data/train-00319-of-03388.parquet	93191223	744da5a0137afb03320bba90aa840e16f01ba067b7e2b816cd73fc62c2760529	yes	downloaded	https://huggingface.co/datasets/tahoebio/Tahoe-100M/resolve/main/data/train-00319-of-03388.parquet
data/raw/tahoe100m/data/train-00308-of-03388.parquet	98834909	688de85d6ade701e45c8e38c5718548f73c48a319970b581de4c31f535fd8b34	yes	downloaded	https://huggingface.co/datasets/tahoebio/Tahoe-100M/resolve/main/data/train-00308-of-03388.parquet
data/raw/tahoe100m/data/train-00330-of-03388.parquet	90745085	6ec65c53bbfef3676cc6e7a016e49c76a03d1710b93fe4cd24b8667fbf1ee5a7	yes	downloaded	https://huggingface.co/datasets/tahoebio/Tahoe-100M/resolve/main/data/train-00330-of-03388.parquet
data/raw/tahoe100m/data/train-00352-of-03388.parquet	95399103	bf32970f92f6fb2019b46aabc7af555760e8ea568332cd91e19dcd941d18f27b	yes	downloaded	https://huggingface.co/datasets/tahoebio/Tahoe-100M/resolve/main/data/train-00352-of-03388.parquet
data/raw/tahoe100m/data/train-00363-of-03388.parquet	92112041	3b884a8b0d58093759e9dc28a14c8659206acc3dc1c7e9cce27bc4a3677c75e7	yes	downloaded	https://huggingface.co/datasets/tahoebio/Tahoe-100M/resolve/main/data/train-00363-of-03388.parquet
data/raw/tahoe100m/data/train-00242-of-03388.parquet	94481526	ce7ec4594b65972b39b7f0dfd5b7026138cad5b5717bacb994f6a892081c702b	yes	downloaded	https://huggingface.co/datasets/tahoebio/Tahoe-100M/resolve/main/data/train-00242-of-03388.parquet
data/raw/tahoe100m/data/train-00341-of-03388.parquet	91416735	7d6e3187ebd9a9cb7f9f0f63bba94352559dfb4d304b4f9b9985af87b66b2a9f	yes	downloaded	https://huggingface.co/datasets/tahoebio/Tahoe-100M/resolve/main/data/train-00341-of-03388.parquet
data/raw/tahoe100m/data/train-00209-of-03388.parquet	105174137	28fc4affa74fb6ad1caf3a680cb5c237b28bf32af3449087a814ed7ace66725d	yes	downloaded	https://huggingface.co/datasets/tahoebio/Tahoe-100M/resolve/main/data/train-00209-of-03388.parquet
data/raw/tahoe100m/data/train-00385-of-03388.parquet	91746826	58a1274034078aadec7eaa4c5243122eb72b1fa202c0a0c8a49af1eb133707a5	yes	downloaded	https://huggingface.co/datasets/tahoebio/Tahoe-100M/resolve/main/data/train-00385-of-03388.parquet
data/raw/tahoe100m/data/train-00374-of-03388.parquet	84758644	d22319fd40b2b3a494cc2f685b356e5f5dcd1afdee278edd1b99b809486f7c38	yes	downloaded	https://huggingface.co/datasets/tahoebio/Tahoe-100M/resolve/main/data/train-00374-of-03388.parquet
data/raw/tahoe100m/data/train-00429-of-03388.parquet	115793743	0ca4e634c083c7e89de12f3215160ac604455219e4266f4b683d4233006c68c8	yes	downloaded	https://huggingface.co/datasets/tahoebio/Tahoe-100M/resolve/main/data/train-00429-of-03388.parquet
data/raw/tahoe100m/data/train-00451-of-03388.parquet	103860469	794c133080af01d0847a09402db5feef08fdcd17588156947dcd47de28fca2f6	yes	downloaded	https://huggingface.co/datasets/tahoebio/Tahoe-100M/resolve/main/data/train-00451-of-03388.parquet
data/raw/tahoe100m/data/train-00396-of-03388.parquet	95236839	274676aa013d61fa17887690e34ef2213bc08a6da9636f442c736426b60cc593	yes	downloaded	https://huggingface.co/datasets/tahoebio/Tahoe-100M/resolve/main/data/train-00396-of-03388.parquet
data/raw/tahoe100m/data/train-00462-of-03388.parquet	118159196	9453b84eef65c3526915553ca88c18065768b9ae0d6ed2f6bc645e57a97ad8eb	yes	downloaded	https://huggingface.co/datasets/tahoebio/Tahoe-100M/resolve/main/data/train-00462-of-03388.parquet
data/raw/tahoe100m/data/train-00418-of-03388.parquet	79350027	75ae04ad1fd377ad8428374ff9c51d1836ac1d67f1177d528b406c4b838bb293	yes	downloaded	https://huggingface.co/datasets/tahoebio/Tahoe-100M/resolve/main/data/train-00418-of-03388.parquet
data/raw/tahoe100m/data/train-00495-of-03388.parquet	110108564	4cacde681bb3b4a6532eb68c5e599fde13766e02b1bfebdadc90b5572bcc1da2	yes	downloaded	https://huggingface.co/datasets/tahoebio/Tahoe-100M/resolve/main/data/train-00495-of-03388.parquet
data/raw/tahoe100m/data/train-00407-of-03388.parquet	81282294	b6ad24664a72a2ce5565ca28c874eaeeea02b68bf2ce42b8af8aac6029e5dcc5	yes	downloaded	https://huggingface.co/datasets/tahoebio/Tahoe-100M/resolve/main/data/train-00407-of-03388.parquet
data/raw/tahoe100m/data/train-00440-of-03388.parquet	92868515	7a52b3696c4857c4a319ac7f790e291d56f538f176eb31d472d5e0fa3fb66c00	yes	downloaded	https://huggingface.co/datasets/tahoebio/Tahoe-100M/resolve/main/data/train-00440-of-03388.parquet
data/raw/tahoe100m/data/train-00517-of-03388.parquet	124847563	899b741acb99cb2c030a48a9fbc0cd6643fd9fc86d8d8ad5b96cd2c772633984	yes	downloaded	https://huggingface.co/datasets/tahoebio/Tahoe-100M/resolve/main/data/train-00517-of-03388.parquet
data/raw/tahoe100m/data/train-00528-of-03388.parquet	115619688	b585144a1435286d7c6ba57ec8732701767ba1d7b3747be9173d9ae4083def73	yes	downloaded	https://huggingface.co/datasets/tahoebio/Tahoe-100M/resolve/main/data/train-00528-of-03388.parquet
data/raw/tahoe100m/data/train-00473-of-03388.parquet	111378837	f3960e4297910af2c5262476870d321e8d3b4b303ee00bb44279bb174087bc02	yes	downloaded	https://huggingface.co/datasets/tahoebio/Tahoe-100M/resolve/main/data/train-00473-of-03388.parquet
data/raw/tahoe100m/data/train-00484-of-03388.parquet	115378839	be95dd2b1283632b06deabf82683a7f5bdf000f23b22e0406612d740cfcdee91	yes	downloaded	https://huggingface.co/datasets/tahoebio/Tahoe-100M/resolve/main/data/train-00484-of-03388.parquet
data/raw/tahoe100m/data/train-00561-of-03388.parquet	99804129	9185e8070a50a09e96554ea2cb6ded96169867cbc23080010783cb9735b6baef	yes	downloaded	https://huggingface.co/datasets/tahoebio/Tahoe-100M/resolve/main/data/train-00561-of-03388.parquet
data/raw/tahoe100m/data/train-00506-of-03388.parquet	118454417	d6d5ba8e183b09cfb6b3325c34258819584cac2472474bd8d9c2ecac74c0e851	yes	downloaded	https://huggingface.co/datasets/tahoebio/Tahoe-100M/resolve/main/data/train-00506-of-03388.parquet
data/raw/tahoe100m/data/train-00550-of-03388.parquet	112591657	7d8e8dfca1e84be7a91426f0de2d2ee75e747a9b3aec50107b26ad76a37d5c80	yes	downloaded	https://huggingface.co/datasets/tahoebio/Tahoe-100M/resolve/main/data/train-00550-of-03388.parquet
data/raw/tahoe100m/data/train-00594-of-03388.parquet	127176598	f8474bce5cfe51e27a120fd1dcbb3781e1f64d8ea588548b974124573406c1c9	yes	downloaded	https://huggingface.co/datasets/tahoebio/Tahoe-100M/resolve/main/data/train-00594-of-03388.parquet
data/raw/tahoe100m/data/train-00605-of-03388.parquet	98484526	a39a7f4223ee5d98270907ca1a8c9d76c733adea84265de6b628d788a4494345	yes	downloaded	https://huggingface.co/datasets/tahoebio/Tahoe-100M/resolve/main/data/train-00605-of-03388.parquet
data/raw/tahoe100m/data/train-00627-of-03388.parquet	110070513	0a1246444c763d97756f7560f0f42d544d05d7e28e51be446fbcaece9bb836d4	yes	downloaded	https://huggingface.co/datasets/tahoebio/Tahoe-100M/resolve/main/data/train-00627-of-03388.parquet
data/raw/tahoe100m/data/train-00539-of-03388.parquet	106070221	23e6be106db0f4c22b1b4316762032166997c5a2f734771b89999f6dca3cb770	yes	downloaded	https://huggingface.co/datasets/tahoebio/Tahoe-100M/resolve/main/data/train-00539-of-03388.parquet
data/raw/tahoe100m/data/train-00572-of-03388.parquet	115646688	e532af8b1a5ec39c6f7b4654b87fcf1a59518c7bb2a56aa1690dbcbbbb39c1d1	yes	downloaded	https://huggingface.co/datasets/tahoebio/Tahoe-100M/resolve/main/data/train-00572-of-03388.parquet
data/raw/tahoe100m/data/train-00583-of-03388.parquet	110130444	f20cbcc60608347b9d2ec206d8d35b97a2adb6a39d2c9ae7b38d354486bb2293	yes	downloaded	https://huggingface.co/datasets/tahoebio/Tahoe-100M/resolve/main/data/train-00583-of-03388.parquet
data/raw/tahoe100m/data/train-00638-of-03388.parquet	114210437	a1b7b25c48291833dbcfd95124eaf9713c9203c438e4dfdefcb9993c97dc1df9	yes	downloaded	https://huggingface.co/datasets/tahoebio/Tahoe-100M/resolve/main/data/train-00638-of-03388.parquet
data/raw/tahoe100m/data/train-00616-of-03388.parquet	120165900	dd3f5ba1b4248954cde47742d38c2b32c85f28924d16c1fe39d382a499e431b4	yes	downloaded	https://huggingface.co/datasets/tahoebio/Tahoe-100M/resolve/main/data/train-00616-of-03388.parquet
data/raw/tahoe100m/data/train-00704-of-03388.parquet	84845848	19240f4df4e71819c93a7e080e92111dd53c98256c6cccb78fcf500de214ae49	yes	downloaded	https://huggingface.co/datasets/tahoebio/Tahoe-100M/resolve/main/data/train-00704-of-03388.parquet
data/raw/tahoe100m/data/train-00649-of-03388.parquet	121443206	24cca6b007153c0c3a394173e98122cc26ca83f7a73e5e31ee9e1dd3491dfb19	yes	downloaded	https://huggingface.co/datasets/tahoebio/Tahoe-100M/resolve/main/data/train-00649-of-03388.parquet
data/raw/tahoe100m/data/train-00715-of-03388.parquet	88653189	4ab58b1315befe74fc94a65c0376dcf5d56d692bdf6f39798b791acc0268251c	yes	downloaded	https://huggingface.co/datasets/tahoebio/Tahoe-100M/resolve/main/data/train-00715-of-03388.parquet
data/raw/tahoe100m/data/train-00682-of-03388.parquet	125557514	695b765d0fd2cc5d4fab1a7b0cbfb2ed85502ed21b7d0ac917a7f55a7575763c	yes	downloaded	https://huggingface.co/datasets/tahoebio/Tahoe-100M/resolve/main/data/train-00682-of-03388.parquet
data/raw/tahoe100m/data/train-00660-of-03388.parquet	108970427	9fb21c7b80536b588fc695bfc076967822faa088247982d2e464de7196bbf33c	yes	downloaded	https://huggingface.co/datasets/tahoebio/Tahoe-100M/resolve/main/data/train-00660-of-03388.parquet
data/raw/tahoe100m/data/train-00737-of-03388.parquet	92266235	39aad14a1181078f0207a88f3c44be055ac42c997a91cd91a7fc497d3d3d3f5f	yes	downloaded	https://huggingface.co/datasets/tahoebio/Tahoe-100M/resolve/main/data/train-00737-of-03388.parquet
data/raw/tahoe100m/data/train-00693-of-03388.parquet	117757294	646333ea894e8505a20b913c3c1ff0d2c0b3decce7f8611af339853b3446b165	yes	downloaded	https://huggingface.co/datasets/tahoebio/Tahoe-100M/resolve/main/data/train-00693-of-03388.parquet
data/raw/tahoe100m/data/train-00726-of-03388.parquet	78826563	281cd3d3bc6d79e6c8da80096deb2a9c3b06ea29b008db79ce22f001459170e8	yes	downloaded	https://huggingface.co/datasets/tahoebio/Tahoe-100M/resolve/main/data/train-00726-of-03388.parquet
data/raw/tahoe100m/data/train-00671-of-03388.parquet	111961659	1fa53d3ba77604a11afef325041fc09d86bfa8e16a905c86f86f4bc7d84607df	yes	downloaded	https://huggingface.co/datasets/tahoebio/Tahoe-100M/resolve/main/data/train-00671-of-03388.parquet
data/raw/tahoe100m/data/train-00748-of-03388.parquet	94111534	c77a81bc9d490bb349ebf04fdd4f834fe6923532b022ddf880a70b561eb0de38	yes	downloaded	https://huggingface.co/datasets/tahoebio/Tahoe-100M/resolve/main/data/train-00748-of-03388.parquet
data/raw/tahoe100m/data/train-00770-of-03388.parquet	84536564	65dfb035d186525e9c8522f0339c0da8aee821f9f54b6b0b8fc9b32233069b7e	yes	downloaded	https://huggingface.co/datasets/tahoebio/Tahoe-100M/resolve/main/data/train-00770-of-03388.parquet
data/raw/tahoe100m/data/train-00792-of-03388.parquet	86187204	70f5d424dd6fc323767b46dca188bdbab76094bbee0d5b4a63633d7cd7386093	yes	downloaded	https://huggingface.co/datasets/tahoebio/Tahoe-100M/resolve/main/data/train-00792-of-03388.parquet
data/raw/tahoe100m/data/train-00825-of-03388.parquet	94427831	609e1296d360e7c9718d9a1c45ba4a6e755b77bdcf89aab0a5ece3e5f12c1e1f	yes	downloaded	https://huggingface.co/datasets/tahoebio/Tahoe-100M/resolve/main/data/train-00825-of-03388.parquet
data/raw/tahoe100m/data/train-00781-of-03388.parquet	90474437	d0174728ce86cc7c4a6e9b29538c2e6b865541baa62fdc2e5c040e1b8dcb5442	yes	downloaded	https://huggingface.co/datasets/tahoebio/Tahoe-100M/resolve/main/data/train-00781-of-03388.parquet
data/raw/tahoe100m/data/train-00836-of-03388.parquet	87245551	42c42c3d506948eb8feb937602f84322f0794d583c420c88432aa1725ea83e57	yes	downloaded	https://huggingface.co/datasets/tahoebio/Tahoe-100M/resolve/main/data/train-00836-of-03388.parquet
data/raw/tahoe100m/data/train-00814-of-03388.parquet	81213883	0243f8cc23a90bcaa99de8f744b34e7aab65ebbc0bfadde3b412dc1716b07ba9	yes	downloaded	https://huggingface.co/datasets/tahoebio/Tahoe-100M/resolve/main/data/train-00814-of-03388.parquet
data/raw/tahoe100m/data/train-00847-of-03388.parquet	77995673	91dff54b90faf9a0fbeba7e8b899e86339e5046c0799ef1a6fa548011d9da0bc	yes	downloaded	https://huggingface.co/datasets/tahoebio/Tahoe-100M/resolve/main/data/train-00847-of-03388.parquet
data/raw/tahoe100m/data/train-00858-of-03388.parquet	83210934	9a7ee0df2e437a64d85d0794057efe1c3f8bdbbaf7b0179f5a12bc9ee83c770f	yes	downloaded	https://huggingface.co/datasets/tahoebio/Tahoe-100M/resolve/main/data/train-00858-of-03388.parquet
data/raw/tahoe100m/data/train-00759-of-03388.parquet	85568013	0e5f3f51cee6e474ed802165c616cbbf586c10f75bc32d3b4ba6d3ebe5ba1f81	yes	downloaded	https://huggingface.co/datasets/tahoebio/Tahoe-100M/resolve/main/data/train-00759-of-03388.parquet
data/raw/tahoe100m/data/train-00803-of-03388.parquet	99205179	4c9e70f59f0dd86b3401c546589d91b2a1d9dbcd5df80c669f74359d6ffacdbf	yes	downloaded	https://huggingface.co/datasets/tahoebio/Tahoe-100M/resolve/main/data/train-00803-of-03388.parquet
data/raw/tahoe100m/data/train-00902-of-03388.parquet	109077648	8952afcf8a8f15ac29b435d15060427905133ac455d8d0431645bf814377f0a7	yes	downloaded	https://huggingface.co/datasets/tahoebio/Tahoe-100M/resolve/main/data/train-00902-of-03388.parquet
data/raw/tahoe100m/data/train-00880-of-03388.parquet	97274737	907d1cd445ef9029f9c1a24c9e8be409262c619c25e135b71614a670249df33f	yes	downloaded	https://huggingface.co/datasets/tahoebio/Tahoe-100M/resolve/main/data/train-00880-of-03388.parquet
data/raw/tahoe100m/data/train-00891-of-03388.parquet	106341587	5072b5b8e40ac511594576ff72f5bbd697b1e22f1c91beaee3fa1c96b0276815	yes	downloaded	https://huggingface.co/datasets/tahoebio/Tahoe-100M/resolve/main/data/train-00891-of-03388.parquet
data/raw/tahoe100m/data/train-00946-of-03388.parquet	102251816	cd082bc08cd5ee7fd70ded86fb30ec7df88f48c7a7b61bda7839d72b92e6cf6f	yes	downloaded	https://huggingface.co/datasets/tahoebio/Tahoe-100M/resolve/main/data/train-00946-of-03388.parquet
data/raw/tahoe100m/data/train-00957-of-03388.parquet	98387296	2574a528bb27ffc696ccf827a34d8fc382727191bca24cc9c96bb7ffbe85eddf	yes	downloaded	https://huggingface.co/datasets/tahoebio/Tahoe-100M/resolve/main/data/train-00957-of-03388.parquet
data/raw/tahoe100m/data/train-00869-of-03388.parquet	85682946	5a4c648860fdf76f70b0a36d79a84376395ee91a985d200d8910510020acdf91	yes	downloaded	https://huggingface.co/datasets/tahoebio/Tahoe-100M/resolve/main/data/train-00869-of-03388.parquet
data/raw/tahoe100m/data/train-00979-of-03388.parquet	99024469	5531ff5dd1fd1dd46d14134fea6a7893e61d9201b9ba13a3239bafffe371134e	yes	downloaded	https://huggingface.co/datasets/tahoebio/Tahoe-100M/resolve/main/data/train-00979-of-03388.parquet
data/raw/tahoe100m/data/train-00935-of-03388.parquet	101811008	ecf5e1a95807075055fa5a850ca8817c6b431f0ab63725e8dc89c00a076cc4a0	yes	downloaded	https://huggingface.co/datasets/tahoebio/Tahoe-100M/resolve/main/data/train-00935-of-03388.parquet
data/raw/tahoe100m/data/train-00968-of-03388.parquet	95437797	512c8e2181d15e8a169fb8f6df32667c4a090ade99482fe97f179f5a1dcf875d	yes	downloaded	https://huggingface.co/datasets/tahoebio/Tahoe-100M/resolve/main/data/train-00968-of-03388.parquet
data/raw/tahoe100m/data/train-01001-of-03388.parquet	111354960	ed2b6aff578901c8ff15bf39b72cbc918b40226350b0acf91cd79c1131711045	yes	downloaded	https://huggingface.co/datasets/tahoebio/Tahoe-100M/resolve/main/data/train-01001-of-03388.parquet
data/raw/tahoe100m/data/train-00913-of-03388.parquet	108608487	9198d3922fa089060c3e2a5b7259e87d0f15246ddaf30ea297042f2e083142b3	yes	downloaded	https://huggingface.co/datasets/tahoebio/Tahoe-100M/resolve/main/data/train-00913-of-03388.parquet
data/raw/tahoe100m/data/train-01023-of-03388.parquet	99830746	4d72a9a1b183cf39a54fa5a0f90a1b52c87b3f81aab8825e131d31c82af54e95	yes	downloaded	https://huggingface.co/datasets/tahoebio/Tahoe-100M/resolve/main/data/train-01023-of-03388.parquet
data/raw/tahoe100m/data/train-00924-of-03388.parquet	102134718	7af9d79885165be3a254ae377f5c1db1afe794156e1f2538dfc0f2ce2704e8f9	yes	downloaded	https://huggingface.co/datasets/tahoebio/Tahoe-100M/resolve/main/data/train-00924-of-03388.parquet
data/raw/tahoe100m/data/train-01045-of-03388.parquet	110332036	4ebabc2cb70a49a99e815a1ef68cae75cfe762b6d9d317170bdd9ff2d8deb838	yes	downloaded	https://huggingface.co/datasets/tahoebio/Tahoe-100M/resolve/main/data/train-01045-of-03388.parquet
data/raw/tahoe100m/data/train-00990-of-03388.parquet	90733805	1099c77fa4be5a4f6d0acad2c530ac2ff81842e785bf51c78676decc6c12fa55	yes	downloaded	https://huggingface.co/datasets/tahoebio/Tahoe-100M/resolve/main/data/train-00990-of-03388.parquet
data/raw/tahoe100m/data/train-01012-of-03388.parquet	113523742	f787e0ff73f285e4c6944392ded7a7e8e58d8fc4f2d5acb5c9a0aa4d9a425d99	yes	downloaded	https://huggingface.co/datasets/tahoebio/Tahoe-100M/resolve/main/data/train-01012-of-03388.parquet
data/raw/tahoe100m/data/train-01034-of-03388.parquet	104142859	112dc11c1c115b90f3c6127146b7cbb1840f23e97543adc18717160dd5d49fce	yes	downloaded	https://huggingface.co/datasets/tahoebio/Tahoe-100M/resolve/main/data/train-01034-of-03388.parquet
data/raw/tahoe100m/data/train-01078-of-03388.parquet	108100142	65ff703e2d4c9468c224ffe2f22c21c20b38c296c10c5c9d3efd53385bb5c895	yes	downloaded	https://huggingface.co/datasets/tahoebio/Tahoe-100M/resolve/main/data/train-01078-of-03388.parquet
data/raw/tahoe100m/data/train-01089-of-03388.parquet	100965743	67c0d79d70a252a130afea8517cea1fc82581279d4ca5386d48e938389052da2	yes	downloaded	https://huggingface.co/datasets/tahoebio/Tahoe-100M/resolve/main/data/train-01089-of-03388.parquet
data/raw/tahoe100m/data/train-01056-of-03388.parquet	97554879	4d26d43e931149c928f0c1ac90eb97d80f7109d74f07e994f25e2e4adbe8792c	yes	downloaded	https://huggingface.co/datasets/tahoebio/Tahoe-100M/resolve/main/data/train-01056-of-03388.parquet
data/raw/tahoe100m/data/train-01133-of-03388.parquet	89460165	4ce126cb28b65939f5fa302597a243e10aa5b50865979be7ff6627dede0b520c	yes	downloaded	https://huggingface.co/datasets/tahoebio/Tahoe-100M/resolve/main/data/train-01133-of-03388.parquet
data/raw/tahoe100m/data/train-01111-of-03388.parquet	95760251	32cc94d5e27c6fabf1e9f9a05fc8746e0e3fe26daaef785e30ebbf4458fbb33d	yes	downloaded	https://huggingface.co/datasets/tahoebio/Tahoe-100M/resolve/main/data/train-01111-of-03388.parquet
data/raw/tahoe100m/data/train-01067-of-03388.parquet	94092563	827e0538463083d6dd9106a56d2b44554b65030d3c0968ef43a855092349fdeb	yes	downloaded	https://huggingface.co/datasets/tahoebio/Tahoe-100M/resolve/main/data/train-01067-of-03388.parquet
data/raw/tahoe100m/data/train-01155-of-03388.parquet	97445775	5ccdf4ebf5f81d9fa8419f6b05635a3ae97a7495bc21463485b065b47b48b62e	yes	downloaded	https://huggingface.co/datasets/tahoebio/Tahoe-100M/resolve/main/data/train-01155-of-03388.parquet
data/raw/tahoe100m/data/train-01166-of-03388.parquet	93353128	0de290d2a34d56cb614231f031c0467a6d14247f86d1f6ce1b189c4a69f992e1	yes	downloaded	https://huggingface.co/datasets/tahoebio/Tahoe-100M/resolve/main/data/train-01166-of-03388.parquet
data/raw/tahoe100m/data/train-01100-of-03388.parquet	93113676	f6dacb219ae1d0d9884fe4665de4bd587d49c7a6807e0f7c4c428dcaef8f5854	yes	downloaded	https://huggingface.co/datasets/tahoebio/Tahoe-100M/resolve/main/data/train-01100-of-03388.parquet
data/raw/tahoe100m/data/train-01221-of-03388.parquet	84569946	a7a4210db2678b014ffe7645b152fbd827c827b000f98277a81fad2548a1bfb3	yes	downloaded	https://huggingface.co/datasets/tahoebio/Tahoe-100M/resolve/main/data/train-01221-of-03388.parquet
data/raw/tahoe100m/data/train-01210-of-03388.parquet	87266658	84c9a85509b810b838513fd3ee41989cc342db213c0f0cc8eafcba5384bcdc27	yes	downloaded	https://huggingface.co/datasets/tahoebio/Tahoe-100M/resolve/main/data/train-01210-of-03388.parquet
data/raw/tahoe100m/data/train-01144-of-03388.parquet	88947690	82b33dd0c454c4de6f953c4e2a022fb1aba05ce49eb2a0707f916dd79ed49379	yes	downloaded	https://huggingface.co/datasets/tahoebio/Tahoe-100M/resolve/main/data/train-01144-of-03388.parquet
data/raw/tahoe100m/data/train-01232-of-03388.parquet	87722250	dd9b5384f55b8bddcf1f05a7fdb5bbbdc5a597c71d608cfe211095bcf757c687	yes	downloaded	https://huggingface.co/datasets/tahoebio/Tahoe-100M/resolve/main/data/train-01232-of-03388.parquet
data/raw/tahoe100m/data/train-01122-of-03388.parquet	116516781	76031d5afd17dc071b2527fb342d9c149d3f80473093b5cd1db70d369e185745	yes	downloaded	https://huggingface.co/datasets/tahoebio/Tahoe-100M/resolve/main/data/train-01122-of-03388.parquet
data/raw/tahoe100m/data/train-01254-of-03388.parquet	89047179	06a67b9addd61be40f49d30c8fdb35af18fdebf4951f3411920e519dbbf561e7	yes	downloaded	https://huggingface.co/datasets/tahoebio/Tahoe-100M/resolve/main/data/train-01254-of-03388.parquet
data/raw/tahoe100m/data/train-01276-of-03388.parquet	95046283	43f99d507acb2029cdacd6051ef7856dbf705d02ded85217187053b8235858fc	yes	downloaded	https://huggingface.co/datasets/tahoebio/Tahoe-100M/resolve/main/data/train-01276-of-03388.parquet
data/raw/tahoe100m/data/train-01199-of-03388.parquet	93088162	19c390db3625eee9c336f0b386e708bd576d3011fa1300338eeb43e5e2c87fec	yes	downloaded	https://huggingface.co/datasets/tahoebio/Tahoe-100M/resolve/main/data/train-01199-of-03388.parquet
data/raw/tahoe100m/data/train-01298-of-03388.parquet	93036662	895b3d339c48895601ff2964a784950a4c5f304addd5e6922f3d3f132661b24a	yes	downloaded	https://huggingface.co/datasets/tahoebio/Tahoe-100M/resolve/main/data/train-01298-of-03388.parquet
data/raw/tahoe100m/data/train-01177-of-03388.parquet	91083117	09ee194816149ac8e96cb39e29568660785e3b4e8029fa1e16ed45fa6d4d1283	yes	downloaded	https://huggingface.co/datasets/tahoebio/Tahoe-100M/resolve/main/data/train-01177-of-03388.parquet
data/raw/tahoe100m/data/train-01243-of-03388.parquet	88775218	754b45994ae334d21024245e3710bf6163e43ba3ca15a62454109e074b955e29	yes	downloaded	https://huggingface.co/datasets/tahoebio/Tahoe-100M/resolve/main/data/train-01243-of-03388.parquet
data/raw/tahoe100m/data/train-01309-of-03388.parquet	97303958	b51c0c75c6b3780d8a3fb89f7e54fd0511791792326249bc7c337362db01f2dd	yes	downloaded	https://huggingface.co/datasets/tahoebio/Tahoe-100M/resolve/main/data/train-01309-of-03388.parquet
data/raw/tahoe100m/data/train-01188-of-03388.parquet	95091179	ca0a3df35358d0a6e07e0b142de6f193dfaa37f456aa1b7d1a2304faf286d05f	yes	downloaded	https://huggingface.co/datasets/tahoebio/Tahoe-100M/resolve/main/data/train-01188-of-03388.parquet
data/raw/tahoe100m/data/train-01287-of-03388.parquet	93031286	acb3f3b2fa403f0af4c9b9dac50745a6d37e342a265577ee758fc12bd9bc7d7a	yes	downloaded	https://huggingface.co/datasets/tahoebio/Tahoe-100M/resolve/main/data/train-01287-of-03388.parquet
data/raw/tahoe100m/data/train-01353-of-03388.parquet	88256473	0d74cc321fe5dee5c71e8bb3d4955dc48c1dd3d27d7cf99a061d5e9359434fba	yes	downloaded	https://huggingface.co/datasets/tahoebio/Tahoe-100M/resolve/main/data/train-01353-of-03388.parquet
data/raw/tahoe100m/data/train-01320-of-03388.parquet	95963035	93c840e64bdc1178655db68769146ac046a59e1d93481568693900afcb947815	yes	downloaded	https://huggingface.co/datasets/tahoebio/Tahoe-100M/resolve/main/data/train-01320-of-03388.parquet
data/raw/tahoe100m/data/train-01265-of-03388.parquet	93521159	390227d20bd13d92af5ac598756d2d233e8c73accedd7e0b152ea70368358218	yes	downloaded	https://huggingface.co/datasets/tahoebio/Tahoe-100M/resolve/main/data/train-01265-of-03388.parquet
data/raw/tahoe100m/data/train-01375-of-03388.parquet	125848542	51fde9d527bb58c1b18c7e02af8845f8a5ac2baf480b0e48b7147b0c717fb0b8	yes	downloaded	https://huggingface.co/datasets/tahoebio/Tahoe-100M/resolve/main/data/train-01375-of-03388.parquet
data/raw/tahoe100m/data/train-01386-of-03388.parquet	95110098	cc00969b5d9fd989949744f8247b9119377d056ba5ab5c24c72dc81b5302fda6	yes	downloaded	https://huggingface.co/datasets/tahoebio/Tahoe-100M/resolve/main/data/train-01386-of-03388.parquet
data/raw/tahoe100m/data/train-01331-of-03388.parquet	113229138	e10b5aaf38186849924b651b127dc43679ace7553635448efc8a8aeed156a3be	yes	downloaded	https://huggingface.co/datasets/tahoebio/Tahoe-100M/resolve/main/data/train-01331-of-03388.parquet
data/raw/tahoe100m/data/train-01342-of-03388.parquet	89751220	65595f498c59cb18fd3722ff1e32b7a1f8b9b66c3d2a0f15d441dd1354e23197	yes	downloaded	https://huggingface.co/datasets/tahoebio/Tahoe-100M/resolve/main/data/train-01342-of-03388.parquet
data/raw/tahoe100m/data/train-01364-of-03388.parquet	97892775	68191ee65b6079da5abcb870b8cc731a9ebe44d21bc5446316157b39277211d8	yes	downloaded	https://huggingface.co/datasets/tahoebio/Tahoe-100M/resolve/main/data/train-01364-of-03388.parquet
data/raw/tahoe100m/data/train-01419-of-03388.parquet	97157206	85c9b0b31583713b9a226be8c6e7f4480a6418182b4d93b1799fbfa8ceb28304	yes	downloaded	https://huggingface.co/datasets/tahoebio/Tahoe-100M/resolve/main/data/train-01419-of-03388.parquet
data/raw/tahoe100m/data/train-01441-of-03388.parquet	98634025	e1fccfd0167cffbd93451985f53b392101e0a1617a26067a967098b11cec4993	yes	downloaded	https://huggingface.co/datasets/tahoebio/Tahoe-100M/resolve/main/data/train-01441-of-03388.parquet
data/raw/tahoe100m/data/train-01430-of-03388.parquet	88123050	31df0d9a6574be48e4869b91f7f9f6cd993f4ad67909c88a70547b063bed570c	yes	downloaded	https://huggingface.co/datasets/tahoebio/Tahoe-100M/resolve/main/data/train-01430-of-03388.parquet
data/raw/tahoe100m/data/train-01408-of-03388.parquet	98859519	37f4438e8ceb788631053dec024eaf733c256e147053c8fa4e30309972960ded	yes	downloaded	https://huggingface.co/datasets/tahoebio/Tahoe-100M/resolve/main/data/train-01408-of-03388.parquet
data/raw/tahoe100m/data/train-01474-of-03388.parquet	97588882	346fc692a39bf3b71ec1ade28c47fdf06cbb44c80ce2b3857fd8549e4317b8ff	yes	downloaded	https://huggingface.co/datasets/tahoebio/Tahoe-100M/resolve/main/data/train-01474-of-03388.parquet
data/raw/tahoe100m/data/train-01496-of-03388.parquet	109015981	15ce0fdb83c8a813b2716faed2d8a02ee7c304d2f73e203c306a12aa9fc10ffb	yes	downloaded	https://huggingface.co/datasets/tahoebio/Tahoe-100M/resolve/main/data/train-01496-of-03388.parquet
data/raw/tahoe100m/data/train-01397-of-03388.parquet	92067689	e9159cc601a872da4753748b59e4a1ebbfc6565dbcd119e0c653a60d718c4090	yes	downloaded	https://huggingface.co/datasets/tahoebio/Tahoe-100M/resolve/main/data/train-01397-of-03388.parquet
data/raw/tahoe100m/data/train-01452-of-03388.parquet	96763608	d724797a99220ff90166619551556d2566f6aed3a4b3c9f89e0ee254c9a5748b	yes	downloaded	https://huggingface.co/datasets/tahoebio/Tahoe-100M/resolve/main/data/train-01452-of-03388.parquet
data/raw/tahoe100m/data/train-01485-of-03388.parquet	93434525	c8760d7a03b08d4df89f029601cf9c48b64b6101dc2d1e26e42f4ec39c046f5d	yes	downloaded	https://huggingface.co/datasets/tahoebio/Tahoe-100M/resolve/main/data/train-01485-of-03388.parquet
data/raw/tahoe100m/data/train-01562-of-03388.parquet	101829432	24d263afaaf86d335ea9ce7a01f74b7c047bba2328bc69f3ca361af18e4ec5db	yes	downloaded	https://huggingface.co/datasets/tahoebio/Tahoe-100M/resolve/main/data/train-01562-of-03388.parquet
data/raw/tahoe100m/data/train-01507-of-03388.parquet	82219054	52d2f2cb18248d9cc4f44e2d247c3b49667c504bff4772672d1583a75f4248e9	yes	downloaded	https://huggingface.co/datasets/tahoebio/Tahoe-100M/resolve/main/data/train-01507-of-03388.parquet
data/raw/tahoe100m/data/train-01551-of-03388.parquet	91977276	253d0a65e376ae7faa641c3dc4ae8ac6d5b54df8cd1881512e26cfa6b3220afd	yes	downloaded	https://huggingface.co/datasets/tahoebio/Tahoe-100M/resolve/main/data/train-01551-of-03388.parquet
data/raw/tahoe100m/data/train-01584-of-03388.parquet	93316546	89f0558815ed54d96a5ecca09a59b2234015d8ceaff355f1ec737abd80fd54e9	yes	downloaded	https://huggingface.co/datasets/tahoebio/Tahoe-100M/resolve/main/data/train-01584-of-03388.parquet
data/raw/tahoe100m/data/train-01573-of-03388.parquet	95341386	f8acb4db68490209ae80c875b2ced28726b0427cc17deb59d4209adfbd58d13d	yes	downloaded	https://huggingface.co/datasets/tahoebio/Tahoe-100M/resolve/main/data/train-01573-of-03388.parquet
data/raw/tahoe100m/data/train-01595-of-03388.parquet	98340411	1c1095299531c246e9b35958779a4a9bc43f0b13189fe4eed088e6671727972a	yes	downloaded	https://huggingface.co/datasets/tahoebio/Tahoe-100M/resolve/main/data/train-01595-of-03388.parquet
data/raw/tahoe100m/data/train-01463-of-03388.parquet	97853960	25354957f63442014700ac4a30284c6f63433f76ca816e6b4b7a55fb502a9ba2	yes	downloaded	https://huggingface.co/datasets/tahoebio/Tahoe-100M/resolve/main/data/train-01463-of-03388.parquet
data/raw/tahoe100m/data/train-01518-of-03388.parquet	96591242	36f16bc84b4e1b3763159a4cc8709c686dcde0ec10e18e540d89a1ab02ee35ec	yes	downloaded	https://huggingface.co/datasets/tahoebio/Tahoe-100M/resolve/main/data/train-01518-of-03388.parquet
data/raw/tahoe100m/data/train-01529-of-03388.parquet	100806544	29691ae1827aa71cc4774aa3316ba4852e99bffbda15e31c596db1d75e81bbd8	yes	downloaded	https://huggingface.co/datasets/tahoebio/Tahoe-100M/resolve/main/data/train-01529-of-03388.parquet
data/raw/tahoe100m/data/train-01617-of-03388.parquet	88296148	325b1ed365c39fc52766c899a91ea51094b050d821204b6192a1be31a605dc0e	yes	downloaded	https://huggingface.co/datasets/tahoebio/Tahoe-100M/resolve/main/data/train-01617-of-03388.parquet
data/raw/tahoe100m/data/train-01606-of-03388.parquet	86222959	3c84172bcfd479444a897b9a950c341e30a7ca57a5c46d5fef9ff877a4770085	yes	downloaded	https://huggingface.co/datasets/tahoebio/Tahoe-100M/resolve/main/data/train-01606-of-03388.parquet
data/raw/tahoe100m/data/train-01650-of-03388.parquet	94713659	a062c66b12b4304a7b24cabe9f0815a01064689e43feb4908e920bc4a363147c	yes	downloaded	https://huggingface.co/datasets/tahoebio/Tahoe-100M/resolve/main/data/train-01650-of-03388.parquet
data/raw/tahoe100m/data/train-01683-of-03388.parquet	95831734	a97a5e46e288ea6593351dc1354502360c2eb68acb6443d20bb7a6418b0f6001	yes	downloaded	https://huggingface.co/datasets/tahoebio/Tahoe-100M/resolve/main/data/train-01683-of-03388.parquet
data/raw/tahoe100m/data/train-01639-of-03388.parquet	92926743	876c933bfd655d28f185c946158125bf18c31b6eccc2e0c30d3e51a98949f70a	yes	downloaded	https://huggingface.co/datasets/tahoebio/Tahoe-100M/resolve/main/data/train-01639-of-03388.parquet
data/raw/tahoe100m/data/train-01672-of-03388.parquet	90136019	b4ae8befdbb3a23f5e3a8ae0c2d7c573c2aa290b1d5e522ab14bcf1f0919ef02	yes	downloaded	https://huggingface.co/datasets/tahoebio/Tahoe-100M/resolve/main/data/train-01672-of-03388.parquet
data/raw/tahoe100m/data/train-01540-of-03388.parquet	107065414	694f09761c251220a5124b2a9ddad1179e7861e9149ebb38f4751e5df39f51cb	yes	downloaded	https://huggingface.co/datasets/tahoebio/Tahoe-100M/resolve/main/data/train-01540-of-03388.parquet
data/raw/tahoe100m/data/train-01628-of-03388.parquet	104434090	ba9c52cf55addb41818a232691b98bfd40538343023384b0d38785bf9777aaa5	yes	downloaded	https://huggingface.co/datasets/tahoebio/Tahoe-100M/resolve/main/data/train-01628-of-03388.parquet
data/raw/tahoe100m/data/train-01661-of-03388.parquet	89571583	f935c31e237e1adcf83bdac06d5dfe14e16d848331f77e8e56c60e9ecdf5da0c	yes	downloaded	https://huggingface.co/datasets/tahoebio/Tahoe-100M/resolve/main/data/train-01661-of-03388.parquet
data/raw/tahoe100m/data/train-01694-of-03388.parquet	91962218	75f97dbdb7d043e970b77da9beb2896eac36d4fb4f0b66e4aaa8dd995c616f07	yes	downloaded	https://huggingface.co/datasets/tahoebio/Tahoe-100M/resolve/main/data/train-01694-of-03388.parquet
data/raw/tahoe100m/data/train-01738-of-03388.parquet	95883216	d06bad03b3e89d62e79b16af34e77a110bde773acd64292b196e374d6f45207c	yes	downloaded	https://huggingface.co/datasets/tahoebio/Tahoe-100M/resolve/main/data/train-01738-of-03388.parquet
data/raw/tahoe100m/data/train-01727-of-03388.parquet	98240105	661e42fc56f733de13148a8c3d6894ebd9d980025e2c5bdc8126682c74e24fe5	yes	downloaded	https://huggingface.co/datasets/tahoebio/Tahoe-100M/resolve/main/data/train-01727-of-03388.parquet
data/raw/tahoe100m/data/train-01771-of-03388.parquet	94378544	b2264c2ea5c552a81b4a89d7acdfda9ffae785ed21bdd87593816e3b00920677	yes	downloaded	https://huggingface.co/datasets/tahoebio/Tahoe-100M/resolve/main/data/train-01771-of-03388.parquet
data/raw/tahoe100m/data/train-01760-of-03388.parquet	91355864	32882b7c01373f7a4427e286b177a12af1715045ff1fa4fd8e3c0729da6554ad	yes	downloaded	https://huggingface.co/datasets/tahoebio/Tahoe-100M/resolve/main/data/train-01760-of-03388.parquet
data/raw/tahoe100m/data/train-01782-of-03388.parquet	96641855	83ce771bad15be08cb3af3ea136356591153edb518bf4993cea91c0585f0d980	yes	downloaded	https://huggingface.co/datasets/tahoebio/Tahoe-100M/resolve/main/data/train-01782-of-03388.parquet
data/raw/tahoe100m/data/train-01705-of-03388.parquet	91332889	5198188ace5c4b673d92cf6497c916acb251a8bd84ab24f272b0d3b6554c7ee4	yes	downloaded	https://huggingface.co/datasets/tahoebio/Tahoe-100M/resolve/main/data/train-01705-of-03388.parquet
data/raw/tahoe100m/data/train-01716-of-03388.parquet	88086167	5d98738a6fea3f0530bfbce5edbd7958ef917044081d7ebb4bfe969c1b3aeda9	yes	downloaded	https://huggingface.co/datasets/tahoebio/Tahoe-100M/resolve/main/data/train-01716-of-03388.parquet
data/raw/tahoe100m/data/train-01749-of-03388.parquet	90605915	be59f36f0213d2a264c4de50eeb51b58c6d198ef9fb92c7cbe4a065bf7236400	yes	downloaded	https://huggingface.co/datasets/tahoebio/Tahoe-100M/resolve/main/data/train-01749-of-03388.parquet
data/raw/tahoe100m/data/train-01815-of-03388.parquet	98398123	e38f21a63a9b7c3405eb427d90d6f0813e88522bd62861c8da52d2311fb5a833	yes	downloaded	https://huggingface.co/datasets/tahoebio/Tahoe-100M/resolve/main/data/train-01815-of-03388.parquet
data/raw/tahoe100m/data/train-01859-of-03388.parquet	89967371	fb93c5629499f08506640f8e6f495b9c853ab2660e4e2ae844d24c0b9d7d1d8e	yes	downloaded	https://huggingface.co/datasets/tahoebio/Tahoe-100M/resolve/main/data/train-01859-of-03388.parquet
data/raw/tahoe100m/data/train-01848-of-03388.parquet	95491397	66be04121c1b88612e026779bf932462e3225303a1f8509fb1bff03750e973d1	yes	downloaded	https://huggingface.co/datasets/tahoebio/Tahoe-100M/resolve/main/data/train-01848-of-03388.parquet
data/raw/tahoe100m/data/train-01804-of-03388.parquet	105720658	dc2da787d792350227a30259a1b8fb072e54a98deb1a9801e139c18cd7c3e034	yes	downloaded	https://huggingface.co/datasets/tahoebio/Tahoe-100M/resolve/main/data/train-01804-of-03388.parquet
data/raw/tahoe100m/data/train-01793-of-03388.parquet	100597472	940af9a7b32e16ded254f96b786546c97c3c3f3bda8b3e89bc412a161052b7cb	yes	downloaded	https://huggingface.co/datasets/tahoebio/Tahoe-100M/resolve/main/data/train-01793-of-03388.parquet
data/raw/tahoe100m/data/train-01903-of-03388.parquet	75064825	0cd7c34535c19e6e8456fbdb6b23508f11b9d6bf96738a69a39146a3a3b914c0	yes	downloaded	https://huggingface.co/datasets/tahoebio/Tahoe-100M/resolve/main/data/train-01903-of-03388.parquet
data/raw/tahoe100m/data/train-01881-of-03388.parquet	89884540	9e490e1e10b20d8749c4071145c0fa96aa96cedd06a8cbd8805699f7159f01c8	yes	downloaded	https://huggingface.co/datasets/tahoebio/Tahoe-100M/resolve/main/data/train-01881-of-03388.parquet
data/raw/tahoe100m/data/train-01914-of-03388.parquet	103813343	cdce1ff8b6fc9ed692e63dda834d209b1a55585aa1b5a484dd3e8b079bacd4d9	yes	downloaded	https://huggingface.co/datasets/tahoebio/Tahoe-100M/resolve/main/data/train-01914-of-03388.parquet
data/raw/tahoe100m/data/train-01892-of-03388.parquet	80244454	f24ac50f34f4b2cb3e50f14ba0e77c721ec2c40399d6ab856c0919d3b4066e3c	yes	downloaded	https://huggingface.co/datasets/tahoebio/Tahoe-100M/resolve/main/data/train-01892-of-03388.parquet
data/raw/tahoe100m/data/train-01925-of-03388.parquet	94016692	1efbff04aa25761c810bd2c3742dae47aea3cdbe2a9ea0b64f7d90249d5cd271	yes	downloaded	https://huggingface.co/datasets/tahoebio/Tahoe-100M/resolve/main/data/train-01925-of-03388.parquet
data/raw/tahoe100m/data/train-01826-of-03388.parquet	88381420	fe17103cceed943e3d3e158b0c3a9ab89f85ea2c790252c357e1af51d8d83854	yes	downloaded	https://huggingface.co/datasets/tahoebio/Tahoe-100M/resolve/main/data/train-01826-of-03388.parquet
data/raw/tahoe100m/data/train-01936-of-03388.parquet	122384587	350a88a7002830750cfcb7d0b6cd28ccee1319ca563dae7716fde94993cb2580	yes	downloaded	https://huggingface.co/datasets/tahoebio/Tahoe-100M/resolve/main/data/train-01936-of-03388.parquet
data/raw/tahoe100m/data/train-01837-of-03388.parquet	91609205	c8db02ff97f54fd76f9c7899b844a022ccaa97bb424c30c47675afcab639736c	yes	downloaded	https://huggingface.co/datasets/tahoebio/Tahoe-100M/resolve/main/data/train-01837-of-03388.parquet
data/raw/tahoe100m/data/train-01947-of-03388.parquet	103265830	9bc4f4dfdc940779938cee76879a12a9fe3bfb4536e310dface799acd591cad5	yes	downloaded	https://huggingface.co/datasets/tahoebio/Tahoe-100M/resolve/main/data/train-01947-of-03388.parquet
data/raw/tahoe100m/data/train-01870-of-03388.parquet	99743152	3f5390765e6ce055a35bb540df3e040db37147ba09e431049702bfba56d63910	yes	downloaded	https://huggingface.co/datasets/tahoebio/Tahoe-100M/resolve/main/data/train-01870-of-03388.parquet
data/raw/tahoe100m/data/train-01969-of-03388.parquet	118515019	d285d1e53b8aae1b92fde74e31a003142be9a2b2c624c46dea7ed5baf8fec7a9	yes	downloaded	https://huggingface.co/datasets/tahoebio/Tahoe-100M/resolve/main/data/train-01969-of-03388.parquet
data/raw/tahoe100m/data/train-01958-of-03388.parquet	100852531	1651fd4de473330af7ea41c684784ee35d9261d11e37254eaedc22d89d7396ab	yes	downloaded	https://huggingface.co/datasets/tahoebio/Tahoe-100M/resolve/main/data/train-01958-of-03388.parquet
data/raw/tahoe100m/data/train-01991-of-03388.parquet	104742076	5cb12ff8ef2befd671b27b43828bf854bfe7bb13e7a60b4795118f921cfe94d0	yes	downloaded	https://huggingface.co/datasets/tahoebio/Tahoe-100M/resolve/main/data/train-01991-of-03388.parquet
data/raw/tahoe100m/data/train-02024-of-03388.parquet	103454870	652864ba1f8977a365980a8fe15c1775bd6082b99522c631272fa4dd077c45d4	yes	downloaded	https://huggingface.co/datasets/tahoebio/Tahoe-100M/resolve/main/data/train-02024-of-03388.parquet
data/raw/tahoe100m/data/train-02013-of-03388.parquet	115343590	f7b411441aab2ca2e452ff30b0866c1b013e1c151ee440012fd1659ffebf9e9f	yes	downloaded	https://huggingface.co/datasets/tahoebio/Tahoe-100M/resolve/main/data/train-02013-of-03388.parquet
data/raw/tahoe100m/data/train-01980-of-03388.parquet	126792585	1d79222c1ca7f6f2778a9839a9f6cb82d703daa282d31ae8f047890f831b717c	yes	downloaded	https://huggingface.co/datasets/tahoebio/Tahoe-100M/resolve/main/data/train-01980-of-03388.parquet
data/raw/tahoe100m/data/train-02035-of-03388.parquet	101946117	7fd0d071facdbdfc92bbe69e079205f1f3879417fa5ae1dc1ed42bc65e2ce65d	yes	downloaded	https://huggingface.co/datasets/tahoebio/Tahoe-100M/resolve/main/data/train-02035-of-03388.parquet
data/raw/tahoe100m/data/train-02057-of-03388.parquet	103041119	8805d0b903a40801082acabe0d8a747363190039bb5e3d9349014e353ffdb9da	yes	downloaded	https://huggingface.co/datasets/tahoebio/Tahoe-100M/resolve/main/data/train-02057-of-03388.parquet
data/raw/tahoe100m/data/train-02090-of-03388.parquet	106292452	5440d5c3a9b4f003385442f0c77b9f74e79a78ef23fddec4abdd25a3233f4da7	yes	downloaded	https://huggingface.co/datasets/tahoebio/Tahoe-100M/resolve/main/data/train-02090-of-03388.parquet
data/raw/tahoe100m/data/train-02079-of-03388.parquet	103294407	9612f8cbcfbdd98a76c8b413670c9b7e10651f64cbd804732fcb8c0307812a91	yes	downloaded	https://huggingface.co/datasets/tahoebio/Tahoe-100M/resolve/main/data/train-02079-of-03388.parquet
data/raw/tahoe100m/data/train-02101-of-03388.parquet	109981522	c5e8f7f1ec5099156cf2cc1ac18516d0155701ff29ca96ac882e4b407b8a5ba0	yes	downloaded	https://huggingface.co/datasets/tahoebio/Tahoe-100M/resolve/main/data/train-02101-of-03388.parquet
data/raw/tahoe100m/data/train-02046-of-03388.parquet	101649952	806836a1390114ded1516ea4983a6ad8b8ec1d0dba82a6c9f2b7ac5837904e6f	yes	downloaded	https://huggingface.co/datasets/tahoebio/Tahoe-100M/resolve/main/data/train-02046-of-03388.parquet
data/raw/tahoe100m/data/train-02156-of-03388.parquet	106293208	65ac26ed5ccaa46e3b6642c92a8a8a8ba8565bb7ad44f5c0238b7eb125e86e6f	yes	downloaded	https://huggingface.co/datasets/tahoebio/Tahoe-100M/resolve/main/data/train-02156-of-03388.parquet
data/raw/tahoe100m/data/train-02134-of-03388.parquet	107799630	461ca51f50b8b5f3398525d7223cc326865f4550b57bb709104619562e9343b0	yes	downloaded	https://huggingface.co/datasets/tahoebio/Tahoe-100M/resolve/main/data/train-02134-of-03388.parquet
data/raw/tahoe100m/data/train-02145-of-03388.parquet	107556831	c97ade91118fe479087210ac585472e8b768bce8b3c26682d9e22280e5dd4456	yes	downloaded	https://huggingface.co/datasets/tahoebio/Tahoe-100M/resolve/main/data/train-02145-of-03388.parquet
data/raw/tahoe100m/data/train-02002-of-03388.parquet	107095434	7495f5d6d81b1c50c18642fcbaf80e4d1293de71ca0c106db6b40ad18344943a	yes	downloaded	https://huggingface.co/datasets/tahoebio/Tahoe-100M/resolve/main/data/train-02002-of-03388.parquet
data/raw/tahoe100m/data/train-02123-of-03388.parquet	102701772	a52b5c479abde5df645ae21a9f4f352e0a4c9ca53f22c889b8586044143a7de8	yes	downloaded	https://huggingface.co/datasets/tahoebio/Tahoe-100M/resolve/main/data/train-02123-of-03388.parquet
data/raw/tahoe100m/data/train-02068-of-03388.parquet	102093939	a8c7f17f6933803cdc2b18cd6171b1602e5673e30cdaccbbe5d58bb970c54e1c	yes	downloaded	https://huggingface.co/datasets/tahoebio/Tahoe-100M/resolve/main/data/train-02068-of-03388.parquet
data/raw/tahoe100m/data/train-02200-of-03388.parquet	99088880	acd4b59ff8b5ce708891d67c2f1ed8dd6d6f8430ba51cc4327ffbc8d4be2b0b3	yes	downloaded	https://huggingface.co/datasets/tahoebio/Tahoe-100M/resolve/main/data/train-02200-of-03388.parquet
data/raw/tahoe100m/data/train-02222-of-03388.parquet	94429930	0c783ede4434162c5ac0357942d3472ee53fd8583bddd6316055ca396cb87f67	yes	downloaded	https://huggingface.co/datasets/tahoebio/Tahoe-100M/resolve/main/data/train-02222-of-03388.parquet
data/raw/tahoe100m/data/train-02211-of-03388.parquet	104140468	3a9480423bbbec12b4bec9f8b9200f112e05cb2a2c4eaf56cbaa470c18993bab	yes	downloaded	https://huggingface.co/datasets/tahoebio/Tahoe-100M/resolve/main/data/train-02211-of-03388.parquet
data/raw/tahoe100m/data/train-02112-of-03388.parquet	103503315	5dec6b8254969b69a7f4e79f7b76af95cd4c9e2ba37703966444aba3d7b0e0fe	yes	downloaded	https://huggingface.co/datasets/tahoebio/Tahoe-100M/resolve/main/data/train-02112-of-03388.parquet
data/raw/tahoe100m/data/train-02233-of-03388.parquet	103486421	091c4126fde2e1e7954422690382a5070670c1ea2d0561dc21e62d9ab4a3dca8	yes	downloaded	https://huggingface.co/datasets/tahoebio/Tahoe-100M/resolve/main/data/train-02233-of-03388.parquet
data/raw/tahoe100m/data/train-02189-of-03388.parquet	92056834	7fddff1e55e3f8a20a2d5c8469c462dac61715c7ca0bc6b481403e639476e0a7	yes	downloaded	https://huggingface.co/datasets/tahoebio/Tahoe-100M/resolve/main/data/train-02189-of-03388.parquet
data/raw/tahoe100m/data/train-02266-of-03388.parquet	103908568	624305ef85dec7eb7536e08bdd7093f3479377936865be34fe2979cd361bbc77	yes	downloaded	https://huggingface.co/datasets/tahoebio/Tahoe-100M/resolve/main/data/train-02266-of-03388.parquet
data/raw/tahoe100m/data/train-02178-of-03388.parquet	93588797	1c471ad01f2ab81c704345c45abc485323d8e07917421eb64d692e5dfc512749	yes	downloaded	https://huggingface.co/datasets/tahoebio/Tahoe-100M/resolve/main/data/train-02178-of-03388.parquet
data/raw/tahoe100m/data/train-02167-of-03388.parquet	105328640	45ab3b178a2133ef3b84dc7a2fdda8c0094c56160b6aad4dbffd97d28750f1d3	yes	downloaded	https://huggingface.co/datasets/tahoebio/Tahoe-100M/resolve/main/data/train-02167-of-03388.parquet
data/raw/tahoe100m/data/train-02244-of-03388.parquet	84459006	c89148a45506b22d927c296b3754d5e1f97bbdc76565c05f1919076982398faa	yes	downloaded	https://huggingface.co/datasets/tahoebio/Tahoe-100M/resolve/main/data/train-02244-of-03388.parquet
data/raw/tahoe100m/data/train-02321-of-03388.parquet	86632032	ed35d9ec82b83b2b10cbf5ff2643c6c083869777313f9ab6df0ca66a415973e7	yes	downloaded	https://huggingface.co/datasets/tahoebio/Tahoe-100M/resolve/main/data/train-02321-of-03388.parquet
data/raw/tahoe100m/data/train-02288-of-03388.parquet	95680737	02e28b947bc1aa65c216dd0be1d5b8d7448f493ddbf736b28b71263fc38cb879	yes	downloaded	https://huggingface.co/datasets/tahoebio/Tahoe-100M/resolve/main/data/train-02288-of-03388.parquet
data/raw/tahoe100m/data/train-02332-of-03388.parquet	110396872	fdd90e8bd74dddb50b6fe023640bd49b3b21e9a0598f868576436e28a1f165a5	yes	downloaded	https://huggingface.co/datasets/tahoebio/Tahoe-100M/resolve/main/data/train-02332-of-03388.parquet
data/raw/tahoe100m/data/train-02343-of-03388.parquet	88093082	f5a7e807157a3bf7c46d437a5b580805a7e989b2426830516b3b44568d722949	yes	downloaded	https://huggingface.co/datasets/tahoebio/Tahoe-100M/resolve/main/data/train-02343-of-03388.parquet
data/raw/tahoe100m/data/train-02255-of-03388.parquet	123253901	2d6d286afb365840dc947e2a70984ceecd61804a47f690c86534e6f9d0e46acb	yes	downloaded	https://huggingface.co/datasets/tahoebio/Tahoe-100M/resolve/main/data/train-02255-of-03388.parquet
data/raw/tahoe100m/data/train-02365-of-03388.parquet	101913525	0bb4fd49e059bee185810f33908c7e3bc3ae49bfcb966f10428468a4309e8d04	yes	downloaded	https://huggingface.co/datasets/tahoebio/Tahoe-100M/resolve/main/data/train-02365-of-03388.parquet
data/raw/tahoe100m/data/train-02277-of-03388.parquet	107307941	4d07926350b2c63b2ddbc29c4827824b629eb2e5e7b86d824b757e507b469bb9	yes	downloaded	https://huggingface.co/datasets/tahoebio/Tahoe-100M/resolve/main/data/train-02277-of-03388.parquet
data/raw/tahoe100m/data/train-02387-of-03388.parquet	100932373	ecfb580934cbb19742b54192dabbf1e4e5ef317164e768637fdd281af8bd2f95	yes	downloaded	https://huggingface.co/datasets/tahoebio/Tahoe-100M/resolve/main/data/train-02387-of-03388.parquet
data/raw/tahoe100m/data/train-02354-of-03388.parquet	104406977	02a817ae2fa702837baca2c087ef61d1aedbc28093e6671cff8c645e8374ddc4	yes	downloaded	https://huggingface.co/datasets/tahoebio/Tahoe-100M/resolve/main/data/train-02354-of-03388.parquet
data/raw/tahoe100m/data/train-02398-of-03388.parquet	92869505	75de41ee0c9be6640f06d9d277dbb2200b7459a1a1d5c7d549deb8b394488f98	yes	downloaded	https://huggingface.co/datasets/tahoebio/Tahoe-100M/resolve/main/data/train-02398-of-03388.parquet
data/raw/tahoe100m/data/train-02409-of-03388.parquet	97279209	3f299089150dc03eedd78656789a0a52dc1bb8027f77a3db4cbc97f2d01d0a62	yes	downloaded	https://huggingface.co/datasets/tahoebio/Tahoe-100M/resolve/main/data/train-02409-of-03388.parquet
data/raw/tahoe100m/data/train-02376-of-03388.parquet	103902455	0c7c1f093c62710f0defed39af07739056f16bb81bdec78b6071a50c17891aa8	yes	downloaded	https://huggingface.co/datasets/tahoebio/Tahoe-100M/resolve/main/data/train-02376-of-03388.parquet
data/raw/tahoe100m/data/train-02442-of-03388.parquet	101983585	eee34be0eca43db712607c5985a1a3e25d6c2634bd9baec7571930b9ae684a18	yes	downloaded	https://huggingface.co/datasets/tahoebio/Tahoe-100M/resolve/main/data/train-02442-of-03388.parquet
data/raw/tahoe100m/data/train-02431-of-03388.parquet	92316289	45d41cbcf5965c471962f8ed11f395be041c26bb7274bdda65def4a5b439a26d	yes	downloaded	https://huggingface.co/datasets/tahoebio/Tahoe-100M/resolve/main/data/train-02431-of-03388.parquet
data/raw/tahoe100m/data/train-02299-of-03388.parquet	94769786	04b96206c67ce216bc287519ae1400c9f899715e8fd80b3eefb5b7d19bbfb276	yes	downloaded	https://huggingface.co/datasets/tahoebio/Tahoe-100M/resolve/main/data/train-02299-of-03388.parquet
data/raw/tahoe100m/data/train-02310-of-03388.parquet	92741817	80282bdca98c23225507d4d538c09d2072a099d99a36474733da6bd9f2f47c61	yes	downloaded	https://huggingface.co/datasets/tahoebio/Tahoe-100M/resolve/main/data/train-02310-of-03388.parquet
data/raw/tahoe100m/data/train-02420-of-03388.parquet	96036123	c42755472729c48c456b9f6a0c78e1c3b275d29e67e5a6a281ef8978bc47c65f	yes	downloaded	https://huggingface.co/datasets/tahoebio/Tahoe-100M/resolve/main/data/train-02420-of-03388.parquet
data/raw/tahoe100m/data/train-02464-of-03388.parquet	97204745	0146073d4f4bf5771149a08c4c5d11df8e1c9697fdf49ea6e170977d6586086d	yes	downloaded	https://huggingface.co/datasets/tahoebio/Tahoe-100M/resolve/main/data/train-02464-of-03388.parquet
data/raw/tahoe100m/data/train-02475-of-03388.parquet	116497748	a1aa385d33f54a48ecefd8554415fbb7c8924375c2527b419cfc6e19e7a86581	yes	downloaded	https://huggingface.co/datasets/tahoebio/Tahoe-100M/resolve/main/data/train-02475-of-03388.parquet
data/raw/tahoe100m/data/train-02453-of-03388.parquet	92082756	87acacb0979557d7a9440db9e8e5c1e64a46c40be3ea7a745561ed3c8127e80d	yes	downloaded	https://huggingface.co/datasets/tahoebio/Tahoe-100M/resolve/main/data/train-02453-of-03388.parquet
data/raw/tahoe100m/data/train-02519-of-03388.parquet	98435507	68ae5bfc0baee6e74851d86b2b5819b076cbe0c5d2f0078b0ed55b8d616d59bb	yes	downloaded	https://huggingface.co/datasets/tahoebio/Tahoe-100M/resolve/main/data/train-02519-of-03388.parquet
data/raw/tahoe100m/data/train-02497-of-03388.parquet	94740252	a7c94e4b1645886a9d9fb28c87228d553d960ce9480ea38b5e30db94b48534df	yes	downloaded	https://huggingface.co/datasets/tahoebio/Tahoe-100M/resolve/main/data/train-02497-of-03388.parquet
data/raw/tahoe100m/data/train-02530-of-03388.parquet	109384256	3df3e57510c431e7198e4e5cb6e0a19348290c660684074e2ca77ba875ceba54	yes	downloaded	https://huggingface.co/datasets/tahoebio/Tahoe-100M/resolve/main/data/train-02530-of-03388.parquet
data/raw/tahoe100m/data/train-02486-of-03388.parquet	95907451	37f754b504806aabff31a090b74edd592abd44234c9a1946ac4765335bce37a3	yes	downloaded	https://huggingface.co/datasets/tahoebio/Tahoe-100M/resolve/main/data/train-02486-of-03388.parquet
data/raw/tahoe100m/data/train-02563-of-03388.parquet	85435237	b0f95f64c86afc8ba76e0725454424affbc797df65878d658dacb28937c02f28	yes	downloaded	https://huggingface.co/datasets/tahoebio/Tahoe-100M/resolve/main/data/train-02563-of-03388.parquet
data/raw/tahoe100m/data/train-02552-of-03388.parquet	99201376	e8d314e50e410222511248fc651d92825c6ef4e9b13c55a5fc1c64a96323be9a	yes	downloaded	https://huggingface.co/datasets/tahoebio/Tahoe-100M/resolve/main/data/train-02552-of-03388.parquet
data/raw/tahoe100m/data/train-02618-of-03388.parquet	102972059	f166b3b6ebc3fdec20b9b7724aa4bdd669f6837d1f11534adef143134a812266	yes	downloaded	https://huggingface.co/datasets/tahoebio/Tahoe-100M/resolve/main/data/train-02618-of-03388.parquet
data/raw/tahoe100m/data/train-02596-of-03388.parquet	103541787	b2beb3c63ef28b4a6c2989f778b46e56f3b06a979cb5776aa4950bd56c3b70b4	yes	downloaded	https://huggingface.co/datasets/tahoebio/Tahoe-100M/resolve/main/data/train-02596-of-03388.parquet
data/raw/tahoe100m/data/train-02607-of-03388.parquet	105872971	b572fb7198bb831810148d5e81f2a1d2264aed2b3d111e13970062b3135177fe	yes	downloaded	https://huggingface.co/datasets/tahoebio/Tahoe-100M/resolve/main/data/train-02607-of-03388.parquet
data/raw/tahoe100m/data/train-02508-of-03388.parquet	99766472	37cfc3bfc8a78ec04594281da7b5bb0aeea72aeee7ba4e573fec5250f71e6498	yes	downloaded	https://huggingface.co/datasets/tahoebio/Tahoe-100M/resolve/main/data/train-02508-of-03388.parquet
data/raw/tahoe100m/data/train-02662-of-03388.parquet	81742712	de6cfa65f8b789746cee50e0bb36631b0a04858a18a3c049de5bce3be8c816f4	yes	downloaded	https://huggingface.co/datasets/tahoebio/Tahoe-100M/resolve/main/data/train-02662-of-03388.parquet
data/raw/tahoe100m/data/train-02640-of-03388.parquet	96630358	76b87822f3cfe944f43eec961b65297f3364fb7d03dfab437fac575060fd365a	yes	downloaded	https://huggingface.co/datasets/tahoebio/Tahoe-100M/resolve/main/data/train-02640-of-03388.parquet
data/raw/tahoe100m/data/train-02629-of-03388.parquet	111665081	111ed62c218472e1d781a341d6a41cf08876e93c4fb8b75b60953cd8ea5e0329	yes	downloaded	https://huggingface.co/datasets/tahoebio/Tahoe-100M/resolve/main/data/train-02629-of-03388.parquet
data/raw/tahoe100m/data/train-02574-of-03388.parquet	100062251	1063ad4dc3df1f33875ff20a02e6f013f1768ff363fa6b3c03cd90670710ea16	yes	downloaded	https://huggingface.co/datasets/tahoebio/Tahoe-100M/resolve/main/data/train-02574-of-03388.parquet
data/raw/tahoe100m/data/train-02541-of-03388.parquet	100095830	ccec2992abb60dae4841f00bf1b1e1d5e14d3d4bd3512ed4bc79203701ec5fc1	yes	downloaded	https://huggingface.co/datasets/tahoebio/Tahoe-100M/resolve/main/data/train-02541-of-03388.parquet
data/raw/tahoe100m/data/train-02585-of-03388.parquet	88093816	30f8364c2476a81826bae725aa55f1299994d6c595ba30bcfc972a33deee79c6	yes	downloaded	https://huggingface.co/datasets/tahoebio/Tahoe-100M/resolve/main/data/train-02585-of-03388.parquet
data/raw/tahoe100m/data/train-02717-of-03388.parquet	64843970	3b765413f37e4ce1be52419849b8fb9064bf325ce49205040970d8b600fe7f1b	yes	downloaded	https://huggingface.co/datasets/tahoebio/Tahoe-100M/resolve/main/data/train-02717-of-03388.parquet
data/raw/tahoe100m/data/train-02673-of-03388.parquet	104115942	e3b8d4664869df84a437921d9da78778d1e47f0a7db5467b02a42e912756a6d7	yes	downloaded	https://huggingface.co/datasets/tahoebio/Tahoe-100M/resolve/main/data/train-02673-of-03388.parquet
data/raw/tahoe100m/data/train-02728-of-03388.parquet	109132623	125643b38eff2cf20bcfe338a8e13d13c70904e3a53c60c70523e9563ac838d8	yes	downloaded	https://huggingface.co/datasets/tahoebio/Tahoe-100M/resolve/main/data/train-02728-of-03388.parquet
data/raw/tahoe100m/data/train-02695-of-03388.parquet	111649403	c6d0b037f53384d7c93c7714490388ffe4b5f82b7a31566306de86a9f02a3265	yes	downloaded	https://huggingface.co/datasets/tahoebio/Tahoe-100M/resolve/main/data/train-02695-of-03388.parquet
data/raw/tahoe100m/data/train-02739-of-03388.parquet	106427577	9f37789771a41457010fb34e25ed01e848419794c7ff68144d36c8df32626eb4	yes	downloaded	https://huggingface.co/datasets/tahoebio/Tahoe-100M/resolve/main/data/train-02739-of-03388.parquet
data/raw/tahoe100m/data/train-02651-of-03388.parquet	114705924	77d497d40e0c2b58c7cb5d0d45d2b72a61283fd2bfdf2472d2683943fa74b2db	yes	downloaded	https://huggingface.co/datasets/tahoebio/Tahoe-100M/resolve/main/data/train-02651-of-03388.parquet
data/raw/tahoe100m/data/train-02684-of-03388.parquet	94329462	eeee63165718918d1aca4858720bc8f7e88d5571625f180e956004115afd92db	yes	downloaded	https://huggingface.co/datasets/tahoebio/Tahoe-100M/resolve/main/data/train-02684-of-03388.parquet
data/raw/tahoe100m/data/train-02706-of-03388.parquet	97429863	a164dd95c44665e6f4ffa5c91eeb35576c6c827406e8c7e3b91a43eb2cd0ff93	yes	downloaded	https://huggingface.co/datasets/tahoebio/Tahoe-100M/resolve/main/data/train-02706-of-03388.parquet
data/raw/tahoe100m/data/train-02750-of-03388.parquet	110752326	fe8e079778fd10a122b42c521fa686b5c1206d7a021d8c2ca884e3e0bbf44e54	yes	downloaded	https://huggingface.co/datasets/tahoebio/Tahoe-100M/resolve/main/data/train-02750-of-03388.parquet
data/raw/tahoe100m/data/train-02761-of-03388.parquet	111337629	61aaab7ef60d7c7e1888cd06a84252494c3c2733ed484406705888faa8d07db1	yes	downloaded	https://huggingface.co/datasets/tahoebio/Tahoe-100M/resolve/main/data/train-02761-of-03388.parquet
data/raw/tahoe100m/data/train-02772-of-03388.parquet	107005692	b929339038b7fc9d9c9689a105831aa9d3c472e986bc316dddd3bb5867c4bc78	yes	downloaded	https://huggingface.co/datasets/tahoebio/Tahoe-100M/resolve/main/data/train-02772-of-03388.parquet
data/raw/tahoe100m/data/train-02827-of-03388.parquet	103601147	ab53458b3b9b39be633f5797afb15e80897c3544736d6645156a32e985db671d	yes	downloaded	https://huggingface.co/datasets/tahoebio/Tahoe-100M/resolve/main/data/train-02827-of-03388.parquet
data/raw/tahoe100m/data/train-02816-of-03388.parquet	105139662	4c384471094349438a7c682f9810892659f94ad1ee537102f11ccde6cc7c2085	yes	downloaded	https://huggingface.co/datasets/tahoebio/Tahoe-100M/resolve/main/data/train-02816-of-03388.parquet
data/raw/tahoe100m/data/train-02805-of-03388.parquet	94740369	88bb998c966f69ef2f3c1d113e45c2802c509943fd24b607cd1126359107c0a1	yes	downloaded	https://huggingface.co/datasets/tahoebio/Tahoe-100M/resolve/main/data/train-02805-of-03388.parquet
data/raw/tahoe100m/data/train-02783-of-03388.parquet	94072573	5bb66e8dc97d72ff7ba28177a6df585912c82e44e2b782dd8d317e983f879a89	yes	downloaded	https://huggingface.co/datasets/tahoebio/Tahoe-100M/resolve/main/data/train-02783-of-03388.parquet
data/raw/tahoe100m/data/train-02871-of-03388.parquet	103186775	67bc481bbdd7c0c3e73629b85ee92b5e820780862da5e68fc2e50c86d106dad4	yes	downloaded	https://huggingface.co/datasets/tahoebio/Tahoe-100M/resolve/main/data/train-02871-of-03388.parquet
data/raw/tahoe100m/data/train-02893-of-03388.parquet	96185577	70f34b1dc888d48f05eeda69cc37bbe4f9cb947e3378694927ecbbcfe7196c06	yes	downloaded	https://huggingface.co/datasets/tahoebio/Tahoe-100M/resolve/main/data/train-02893-of-03388.parquet
data/raw/tahoe100m/data/train-02860-of-03388.parquet	103894697	c2e9a2a9698bc4f9964ba4863d9beef6545287029188ee374b2b449ad2163337	yes	downloaded	https://huggingface.co/datasets/tahoebio/Tahoe-100M/resolve/main/data/train-02860-of-03388.parquet
data/raw/tahoe100m/data/train-02794-of-03388.parquet	93051489	cff033a362b62080e08f054df63ce85ceb6565b9eea68ddfaac2477395503750	yes	downloaded	https://huggingface.co/datasets/tahoebio/Tahoe-100M/resolve/main/data/train-02794-of-03388.parquet
data/raw/tahoe100m/data/train-02838-of-03388.parquet	96405795	368bc2a00481b65da2353d02b0266bc39465ce4340551e46f98093084c1a5707	yes	downloaded	https://huggingface.co/datasets/tahoebio/Tahoe-100M/resolve/main/data/train-02838-of-03388.parquet
data/raw/tahoe100m/data/train-02904-of-03388.parquet	110693686	6acfad56217ec1ff4bd326c28eb2908f690102bb75696118db93e63fa6688d38	yes	downloaded	https://huggingface.co/datasets/tahoebio/Tahoe-100M/resolve/main/data/train-02904-of-03388.parquet
data/raw/tahoe100m/data/train-02849-of-03388.parquet	120045574	1682270d8a3e2fd149acb579a26e9665bf29114df0ec319279cadc5111d3fac3	yes	downloaded	https://huggingface.co/datasets/tahoebio/Tahoe-100M/resolve/main/data/train-02849-of-03388.parquet
data/raw/tahoe100m/data/train-02959-of-03388.parquet	97529732	5a6aa7d2eddc8818ec1a0167155d3007833ade3c79e73ba96b7256ade6519cef	yes	downloaded	https://huggingface.co/datasets/tahoebio/Tahoe-100M/resolve/main/data/train-02959-of-03388.parquet
data/raw/tahoe100m/data/train-02937-of-03388.parquet	99850569	bd0c4b99e72fb111778f6f944d4bcc114d4ebc0aebecd3b20c79fc2eb0cb44f9	yes	downloaded	https://huggingface.co/datasets/tahoebio/Tahoe-100M/resolve/main/data/train-02937-of-03388.parquet
data/raw/tahoe100m/data/train-02915-of-03388.parquet	96153691	d6f317068e9beef87d2f2b3ba811cdafc48ad40f985ab8e384ed52dc2f573cbf	yes	downloaded	https://huggingface.co/datasets/tahoebio/Tahoe-100M/resolve/main/data/train-02915-of-03388.parquet
data/raw/tahoe100m/data/train-02882-of-03388.parquet	99650122	0d52e6125277167603ad5fc5f4c274ce2c30add9a6b4e8587a4aa608ee68396a	yes	downloaded	https://huggingface.co/datasets/tahoebio/Tahoe-100M/resolve/main/data/train-02882-of-03388.parquet
data/raw/tahoe100m/data/train-02970-of-03388.parquet	106917628	aed8bc7d9a89cbfbb68205a032e341f1ef6106508a7b4a5d73db1cf0d64ace6e	yes	downloaded	https://huggingface.co/datasets/tahoebio/Tahoe-100M/resolve/main/data/train-02970-of-03388.parquet
data/raw/tahoe100m/data/train-02981-of-03388.parquet	113852214	c40ff9da9d14cc9b02b71d5b7b4b6e33446a2bc92cea6a7aae271d497d0ddb14	yes	downloaded	https://huggingface.co/datasets/tahoebio/Tahoe-100M/resolve/main/data/train-02981-of-03388.parquet
data/raw/tahoe100m/data/train-03014-of-03388.parquet	105415324	7665021779bcdfc590c5fc96fe5612404784ff5eb72c27b5bf95627c7ae97d97	yes	downloaded	https://huggingface.co/datasets/tahoebio/Tahoe-100M/resolve/main/data/train-03014-of-03388.parquet
data/raw/tahoe100m/data/train-02926-of-03388.parquet	112217225	fa09627606c0f6d305f163774931fdf85ea396fa2b4ac9aef105f24e915de342	yes	downloaded	https://huggingface.co/datasets/tahoebio/Tahoe-100M/resolve/main/data/train-02926-of-03388.parquet
data/raw/tahoe100m/data/train-02948-of-03388.parquet	92378458	6856c811fb38aff5a22893d343d2fc59d70550c97f3a91fe34da6f932852d21c	yes	downloaded	https://huggingface.co/datasets/tahoebio/Tahoe-100M/resolve/main/data/train-02948-of-03388.parquet
data/raw/tahoe100m/data/train-03025-of-03388.parquet	88791544	a259a014b784d790f3bd7e3a7bdfd2425a262acca5bf77d307e247919037e8c0	yes	downloaded	https://huggingface.co/datasets/tahoebio/Tahoe-100M/resolve/main/data/train-03025-of-03388.parquet
data/raw/tahoe100m/data/train-03003-of-03388.parquet	135126070	7c8a3d38f643a8cdad2a9e00233d7c507bb81aeeff5fa39129074e4856831d70	yes	downloaded	https://huggingface.co/datasets/tahoebio/Tahoe-100M/resolve/main/data/train-03003-of-03388.parquet
data/raw/tahoe100m/data/train-03069-of-03388.parquet	105134110	65f24c6391813582121defb73489fef1cc966b95827ef0423bb10bcd88f42dfe	yes	downloaded	https://huggingface.co/datasets/tahoebio/Tahoe-100M/resolve/main/data/train-03069-of-03388.parquet
data/raw/tahoe100m/data/train-03091-of-03388.parquet	92455548	d0a001ccb4c8f07bc206bf9c2bce314c22c4e1ac485463702c754c0df7568973	yes	downloaded	https://huggingface.co/datasets/tahoebio/Tahoe-100M/resolve/main/data/train-03091-of-03388.parquet
data/raw/tahoe100m/data/train-02992-of-03388.parquet	130709524	1d857afec5f468803f758d65e1459d9894f1b2a2597baaf1ac49fc37d9301670	yes	downloaded	https://huggingface.co/datasets/tahoebio/Tahoe-100M/resolve/main/data/train-02992-of-03388.parquet
data/raw/tahoe100m/data/train-03113-of-03388.parquet	110815407	4a402f48c4b7b9bc6ba3eb365f9d4e45fd5cff336eb960f80619aeeeaf779539	yes	downloaded	https://huggingface.co/datasets/tahoebio/Tahoe-100M/resolve/main/data/train-03113-of-03388.parquet
data/raw/tahoe100m/data/train-03080-of-03388.parquet	88124557	3910ecc0cc073215193e1749d3ba00f6b7dd3c482aa7a6de5473c5a044bfd713	yes	downloaded	https://huggingface.co/datasets/tahoebio/Tahoe-100M/resolve/main/data/train-03080-of-03388.parquet
data/raw/tahoe100m/data/train-03036-of-03388.parquet	106299426	734a63783c05638c34a9237b081935f82a9de44182dd352f11ff45fd8da541c4	yes	downloaded	https://huggingface.co/datasets/tahoebio/Tahoe-100M/resolve/main/data/train-03036-of-03388.parquet
data/raw/tahoe100m/data/train-03058-of-03388.parquet	109854952	19fde1b923938a734d7a2afed010f379f42d0bec32dd226c6884bcee8585d040	yes	downloaded	https://huggingface.co/datasets/tahoebio/Tahoe-100M/resolve/main/data/train-03058-of-03388.parquet
data/raw/tahoe100m/data/train-03102-of-03388.parquet	93426368	ba20657e98c00d6be02fc5ee7d541056aa49104333c0e0656a2945daf53409ae	yes	downloaded	https://huggingface.co/datasets/tahoebio/Tahoe-100M/resolve/main/data/train-03102-of-03388.parquet
data/raw/tahoe100m/data/train-03047-of-03388.parquet	129485256	9cf984810420ea9104e22eebd088b9f128fd593272e3d2d83e573f1f3672a9c2	yes	downloaded	https://huggingface.co/datasets/tahoebio/Tahoe-100M/resolve/main/data/train-03047-of-03388.parquet
data/raw/tahoe100m/data/train-03146-of-03388.parquet	109444243	a00dd6d6640a4c3e77c46861942ae28d922f1ed766acf1f7bf74082449b75bf2	yes	downloaded	https://huggingface.co/datasets/tahoebio/Tahoe-100M/resolve/main/data/train-03146-of-03388.parquet
data/raw/tahoe100m/data/train-03124-of-03388.parquet	96266512	9ffb205340886d458acc6ac52ccb4a5161955dbb7c9e4e798b7247732d445afc	yes	downloaded	https://huggingface.co/datasets/tahoebio/Tahoe-100M/resolve/main/data/train-03124-of-03388.parquet
data/raw/tahoe100m/data/train-03190-of-03388.parquet	114594348	47dd0814d659eb5b99f5f13bc952ce4d289892b045a7d0f16f35ba35d9fde2f4	yes	downloaded	https://huggingface.co/datasets/tahoebio/Tahoe-100M/resolve/main/data/train-03190-of-03388.parquet
data/raw/tahoe100m/data/train-03212-of-03388.parquet	77336442	5f1a30e780cabd403745c529b1a377eccb3e059ac47301fe3e9d6c38f442e98f	yes	downloaded	https://huggingface.co/datasets/tahoebio/Tahoe-100M/resolve/main/data/train-03212-of-03388.parquet
data/raw/tahoe100m/data/train-03168-of-03388.parquet	120369850	c30465bed59e7c2365fb4f3cb688d3e490bacc6cff1e9972ec5426ceca26da74	yes	downloaded	https://huggingface.co/datasets/tahoebio/Tahoe-100M/resolve/main/data/train-03168-of-03388.parquet
data/raw/tahoe100m/data/train-03179-of-03388.parquet	102583457	a3b884fb9fef2ee405d8cdf55c6c4ce936e9ae687544fff0be4c8cf293222a66	yes	downloaded	https://huggingface.co/datasets/tahoebio/Tahoe-100M/resolve/main/data/train-03179-of-03388.parquet
data/raw/tahoe100m/data/train-03245-of-03388.parquet	81249193	36ea6c677f57f635607dc8f8d3fd3666f1a4826751675e9ede1f667f03b63fd3	yes	downloaded	https://huggingface.co/datasets/tahoebio/Tahoe-100M/resolve/main/data/train-03245-of-03388.parquet
data/raw/tahoe100m/data/train-03256-of-03388.parquet	96503405	f1f8371fdefc5efcadfd2f7c138187f89a66726f996c26e56ec9ddce20291d41	yes	downloaded	https://huggingface.co/datasets/tahoebio/Tahoe-100M/resolve/main/data/train-03256-of-03388.parquet
data/raw/tahoe100m/data/train-03267-of-03388.parquet	75142568	2ca3ff97a929b86c25a812e3860f01bb0ecd3cfb8e708c8421d160ebf8f3c584	yes	downloaded	https://huggingface.co/datasets/tahoebio/Tahoe-100M/resolve/main/data/train-03267-of-03388.parquet
data/raw/tahoe100m/data/train-03278-of-03388.parquet	84606086	b62f14b24bd351ee84052aef9dbfba471b4ecad64042560a7d77c74625602ad1	yes	downloaded	https://huggingface.co/datasets/tahoebio/Tahoe-100M/resolve/main/data/train-03278-of-03388.parquet
data/raw/tahoe100m/data/train-03289-of-03388.parquet	78773336	531e01997dfbb249ddeeebbea743bbbef73cf7b447ae5b894f169cfcf7dfc8b8	yes	downloaded	https://huggingface.co/datasets/tahoebio/Tahoe-100M/resolve/main/data/train-03289-of-03388.parquet
data/raw/tahoe100m/data/train-03223-of-03388.parquet	95917471	c499f62800e3b651266762675b1581c186a8bf61ef4587d4b445bf62cdbe3635	yes	downloaded	https://huggingface.co/datasets/tahoebio/Tahoe-100M/resolve/main/data/train-03223-of-03388.parquet
data/raw/tahoe100m/data/train-03135-of-03388.parquet	124632700	178befb1b3b93dce34631a160d2d81fb0e9d6d638fd301e6bcf90bd3477aa700	yes	downloaded	https://huggingface.co/datasets/tahoebio/Tahoe-100M/resolve/main/data/train-03135-of-03388.parquet
data/raw/tahoe100m/data/train-03201-of-03388.parquet	115903124	11a703f41026140e62ef67b6e10e7abbcafb9d5c1446b8705b0a20d8cf75743d	yes	downloaded	https://huggingface.co/datasets/tahoebio/Tahoe-100M/resolve/main/data/train-03201-of-03388.parquet
data/raw/tahoe100m/data/train-03234-of-03388.parquet	117495001	24ab66676e4916aaa0588f9750f92e4faf651786590352618591fcb14ae5900e	yes	downloaded	https://huggingface.co/datasets/tahoebio/Tahoe-100M/resolve/main/data/train-03234-of-03388.parquet
data/raw/tahoe100m/data/train-03157-of-03388.parquet	124039097	9972d1f79c5372728dfc1f56e5ed20712845fe3476f1d4001851fb1f8fa7f364	yes	downloaded	https://huggingface.co/datasets/tahoebio/Tahoe-100M/resolve/main/data/train-03157-of-03388.parquet
data/raw/tahoe100m/metadata/obs_metadata.parquet	2293981573	e51b24f3666f5f433c59ff01dd6fa33934627091455e89d929f2c1ddc87401fe	yes	downloaded	https://huggingface.co/datasets/tahoebio/Tahoe-100M/resolve/main/metadata/obs_metadata.parquet
data/raw/lincs_l1000/GSE92742_Broad_LINCS_sig_info.txt.gz	11124404	19da29c0ee12ddf27f9698cd0da40beaff58657dcde9d382aae068737e831299	no-upstream-sum	downloaded	https://ftp.ncbi.nlm.nih.gov/geo/series/GSE92nnn/GSE92742/suppl/GSE92742_Broad_LINCS_sig_info.txt.gz
data/raw/lincs_l1000/GSE92742_Broad_LINCS_gene_info.txt.gz	216692	741216ccc53320119b47ab006de3bcad48963c57087c9e07f50f0d6cd088711a	no-upstream-sum	downloaded	https://ftp.ncbi.nlm.nih.gov/geo/series/GSE92nnn/GSE92742/suppl/GSE92742_Broad_LINCS_gene_info.txt.gz
data/raw/lincs_l1000/GSE92742_Broad_LINCS_pert_info.txt.gz	1138509	b1945b3fde51021865b12269929cc78ccf2665be27f53a4da9336e4ddcf4b42f	no-upstream-sum	downloaded	https://ftp.ncbi.nlm.nih.gov/geo/series/GSE92nnn/GSE92742/suppl/GSE92742_Broad_LINCS_pert_info.txt.gz
data/raw/lincs_l1000/GSE92742_Broad_LINCS_cell_info.txt.gz	2528	88c6ca5ff8bb3cf3af22c2eb8cbe769f9ae8e305a760959b18711877d730d61c	no-upstream-sum	downloaded	https://ftp.ncbi.nlm.nih.gov/geo/series/GSE92nnn/GSE92742/suppl/GSE92742_Broad_LINCS_cell_info.txt.gz
data/raw/lincs_l1000/GSE92742_Broad_LINCS_Level5_COMPZ.MODZ_n473647x12328.gctx.gz	21328033748	790f6c94b90c8b79ca5c1d338501a6bfdf0639dba591ee094b2cc23912670ce5	no-upstream-sum	downloaded	https://ftp.ncbi.nlm.nih.gov/geo/series/GSE92nnn/GSE92742/suppl/GSE92742_Broad_LINCS_Level5_COMPZ.MODZ_n473647x12328.gctx.gz
data/raw/scperturb/DixitRegev2016_K562_TFs_13_days.h5ad	121166672	f7c483fa2a3cb79740ee816850ad7b8432f2c4c17fb4ac6fdd2cbe32a29f11a1	yes	cached	https://zenodo.org/api/records/13350497/files/DixitRegev2016_K562_TFs_13_days.h5ad/content
data/raw/scperturb/DixitRegev2016_K562_TFs_High_MOI.h5ad	319735470	57d4e51930ba3d526caaba8d657a72dba6c6a3ff1e7f5e5fd8c0553539d6db54	yes	cached	https://zenodo.org/api/records/13350497/files/DixitRegev2016_K562_TFs_High_MOI.h5ad/content
data/raw/scperturb/DixitRegev2016_K562_TFs_7_days.h5ad	256685252	03802e358de0568cfe32de26d78bee2805687412f5fbb6b788213aca31e973a0	yes	cached	https://zenodo.org/api/records/13350497/files/DixitRegev2016_K562_TFs_7_days.h5ad/content
data/raw/scperturb/AdamsonWeissman2016_GSM2406681_10X010.h5ad	471286951	e70fcd49808cab8d724de8d5a332940911206e1c8ef44cc7b568d048ed795c85	yes	cached	https://zenodo.org/api/records/13350497/files/AdamsonWeissman2016_GSM2406681_10X010.h5ad/content
data/raw/scperturb/NadigOConner2024_hepg2.h5ad	850590740	1af2f7b3e692ad3d077e6027d68a1f800619e29aa3f7a0efa70146fb7223a4bf	yes	cached	https://zenodo.org/api/records/13350497/files/NadigOConner2024_hepg2.h5ad/content
data/raw/scperturb/ShifrutMarson2018.h5ad	871481676	73c92a61ccc49d3a8c1bfc18ebfd002c2439294c98eb11b3ca8a2c2d7e3d1b19	yes	cached	https://zenodo.org/api/records/13350497/files/ShifrutMarson2018.h5ad/content
data/raw/scperturb/AissaBenevolenskaya2021.h5ad	45919115	b15a47195aae031dfcba94c6f7f080f1d7e5c69d46b070d49132ee2a1bb8bb99	yes	cached	https://zenodo.org/api/records/13350497/files/AissaBenevolenskaya2021.h5ad/content
data/raw/scperturb/AdamsonWeissman2016_GSM2406675_10X001.h5ad	34557246	119e3c1cf7dede4e13f887b86f9bcd797a9dc29213ee57d36aa80012d93f1c1c	yes	cached	https://zenodo.org/api/records/13350497/files/AdamsonWeissman2016_GSM2406675_10X001.h5ad/content
data/raw/scperturb/DatlingerBock2017.h5ad	39085166	2ee8b95ef1b2567ce5cbf83fc3a20bf4318f32dc007e1228f064fe428125f7da	yes	cached	https://zenodo.org/api/records/13350497/files/DatlingerBock2017.h5ad/content
data/raw/scperturb/DatlingerBock2021.h5ad	33600780	9f8c35058d71442a904391dabf6574bbb24ae31ed00cef5d4e4ed498828f3592	yes	cached	https://zenodo.org/api/records/13350497/files/DatlingerBock2021.h5ad/content
data/raw/scperturb/FrangiehIzar2021_protein.h5ad	24714445	1f85827b5afad11a30d8ac99399772231110a1c3723bed6ecf7981a12cc3dbcc	yes	cached	https://zenodo.org/api/records/13350497/files/FrangiehIzar2021_protein.h5ad/content
data/raw/scperturb/AdamsonWeissman2016_GSM2406677_10X005.h5ad	139059637	6c6eca0f53f8887b86597e2a4ff512ff2b2d3d9c78ee7deec9a6e7d6ae859d01	yes	cached	https://zenodo.org/api/records/13350497/files/AdamsonWeissman2016_GSM2406677_10X005.h5ad/content
data/raw/scperturb/NadigOConner2024_jurkat.h5ad	1293665804	ade3d83150fd6944212363cd11da77c0d2143fa6df1febb3f15a66d4dab0677f	yes	cached	https://zenodo.org/api/records/13350497/files/NadigOConner2024_jurkat.h5ad/content
data/raw/scperturb/ChangYe2021.h5ad	501823050	79101d91992404772f590439d4ac5bd825c25866682c7ef439189f577613ca04	yes	cached	https://zenodo.org/api/records/13350497/files/ChangYe2021.h5ad/content
data/raw/scperturb/LaraAstiasoHuntly2023_exvivo.h5ad	1080740763	5659e681da47419b8401ca65ca2ca4156933a38b98ac65d61af3445295b7346f	yes	cached	https://zenodo.org/api/records/13350497/files/LaraAstiasoHuntly2023_exvivo.h5ad/content
data/raw/scperturb/PapalexiSatija2021_eccite_protein.h5ad	1191551	e1e293c75dfebe09301bf32093703cfd5f50c17d6fb53144d8213e52e0e4e150	yes	cached	https://zenodo.org/api/records/13350497/files/PapalexiSatija2021_eccite_protein.h5ad/content
data/raw/scperturb/PapalexiSatija2021_eccite_arrayed_RNA.h5ad	52339395	7f8b06d92955940c453b7bec5dec879d64c1b2e2667aa5b6f7bb4bbc6665d976	yes	cached	https://zenodo.org/api/records/13350497/files/PapalexiSatija2021_eccite_arrayed_RNA.h5ad/content
data/raw/scperturb/PapalexiSatija2021_eccite_RNA.h5ad	147215278	03e9602d124c261281936717d5795445805e6e704a52b0310bcde94225aa0929	yes	cached	https://zenodo.org/api/records/13350497/files/PapalexiSatija2021_eccite_RNA.h5ad/content
data/raw/scperturb/JoungZhang2023_combinatorial.h5ad	834073300	ce5188bd3f924f9c79fea6d0b2fb49e48a71d0cf6a2a5010ee9a9bd6e3289a01	yes	cached	https://zenodo.org/api/records/13350497/files/JoungZhang2023_combinatorial.h5ad/content
data/raw/scperturb/GasperiniShendure2019_highMOI.h5ad	418337592	b342ca237496764066a8b96115d551c48411049f52e3a7d9e89d864ece4ab90b	yes	cached	https://zenodo.org/api/records/13350497/files/GasperiniShendure2019_highMOI.h5ad/content
data/raw/scperturb/SunshineHein2023.h5ad	743672579	4dd14fb68dc16057e1cf4a05d0bcd2efd26c1a9e4ef8c7d21afccaf2cfc84270	yes	cached	https://zenodo.org/api/records/13350497/files/SunshineHein2023.h5ad/content
data/raw/scperturb/GehringPachter2019.h5ad	73274146	3f3a3968f0d20a3635619971da17049e2ac1b94b9c1ab6c61280caf70855ba3d	yes	cached	https://zenodo.org/api/records/13350497/files/GehringPachter2019.h5ad/content
data/raw/scperturb/GasperiniShendure2019_lowMOI.h5ad	322716827	e5d43d9c0ea12299ca2880dece131db07d766a9779ac0f9ba792ed7b7d85a213	yes	cached	https://zenodo.org/api/records/13350497/files/GasperiniShendure2019_lowMOI.h5ad/content
data/raw/scperturb/FrangiehIzar2021_RNA.h5ad	1458928348	cc42ef38bcf703a00e0c77c7945dd53159b12d814c438ae8afeaed9bc71f48d1	yes	cached	https://zenodo.org/api/records/13350497/files/FrangiehIzar2021_RNA.h5ad/content
data/raw/scperturb/SrivatsanTrapnell2020_sciplex3.h5ad	2526631614	603ed16c5e25401c8a7f5bb0b2b045179701017d65dcfc6aeea71722a66cd10a	yes	cached	https://zenodo.org/api/records/13350497/files/SrivatsanTrapnell2020_sciplex3.h5ad/content
data/raw/scperturb/PapalexiSatija2021_eccite_arrayed_protein.h5ad	550922	45aa4e2279ca7b6522eacfe61d74fb5f107cd177814a94f70b58549913a094f4	yes	cached	https://zenodo.org/api/records/13350497/files/PapalexiSatija2021_eccite_arrayed_protein.h5ad/content
data/raw/scperturb/NormanWeissman2019_filtered.h5ad	698680199	efde6f5301fe256725dce1d980f37bd96a13481a9a16135515897368e631affc	yes	cached	https://zenodo.org/api/records/13350497/files/NormanWeissman2019_filtered.h5ad/content
data/raw/scperturb/GasperiniShendure2019_atscale.h5ad	1866293566	6933c9312ea4a38d0225212a7bc940282c48f70baebf0441fa02108cad0ab9ee	yes	cached	https://zenodo.org/api/records/13350497/files/GasperiniShendure2019_atscale.h5ad/content
data/raw/scperturb/McFarlandTsherniak2020.h5ad	1459410830	94a7240047b9ce6822dc2aa1e7a66c1fd8b00be842e5a95fc72cbeb6f2834d2c	yes	cached	https://zenodo.org/api/records/13350497/files/McFarlandTsherniak2020.h5ad/content
data/raw/scperturb/SchraivogelSteinmetz2020_TAP_SCREEN__chromosome_8_screen.h5ad	21015792	63b02470db1c0adfba35356cf4d788484142324ee5b6a4dff4d4b5dc38330517	yes	cached	https://zenodo.org/api/records/13350497/files/SchraivogelSteinmetz2020_TAP_SCREEN__chromosome_8_screen.h5ad/content
data/raw/scperturb/SchiebingerLander2019_GSE106340.h5ad	378858726	fcc4da2d1f24566d926e5c61a7bf1dc8a362b7aa4d07e1061434dab2e2845ff9	yes	cached	https://zenodo.org/api/records/13350497/files/SchiebingerLander2019_GSE106340.h5ad/content
data/raw/scperturb/ReplogleWeissman2022_K562_essential.h5ad	1546729675	412fd0df8c4ccea9f4db91cd88033c49200838b29d40945e48574be588b48789	yes	cached	https://zenodo.org/api/records/13350497/files/ReplogleWeissman2022_K562_essential.h5ad/content
data/raw/scperturb/SrivatsanTrapnell2020_sciplex2.h5ad	145178504	0adabca03632ac9421a769fc9eaa4178447d4d572f4c2c54e4fde93a81acde67	yes	cached	https://zenodo.org/api/records/13350497/files/SrivatsanTrapnell2020_sciplex2.h5ad/content
data/raw/scperturb/ReplogleWeissman2022_rpe1.h5ad	1236886900	12d6a0cf9378c4f09411e27f0ce07b59f1d97731bd576d6fadf112f6f088d1a4	yes	cached	https://zenodo.org/api/records/13350497/files/ReplogleWeissman2022_rpe1.h5ad/content
data/raw/scperturb/SrivatsanTrapnell2020_sciplex4.h5ad	253335945	29db0c7a1372d96b70200946c11651aa62905b1d3091f89947bc19795d236b9f	yes	cached	https://zenodo.org/api/records/13350497/files/SrivatsanTrapnell2020_sciplex4.h5ad/content
data/raw/scperturb/SchraivogelSteinmetz2020_TAP_SCREEN__chromosome_11_screen.h5ad	21815981	3fa86ab3ff23232da931e8adebb38c985c906982b8a84e83ddba96557c14cd61	yes	cached	https://zenodo.org/api/records/13350497/files/SchraivogelSteinmetz2020_TAP_SCREEN__chromosome_11_screen.h5ad/content
data/raw/scperturb/TianKampmann2019_day7neuron.h5ad	268921535	e5883ffef02c0da955b8d6f1dd3c92ee1dc4d73f43d6a1ed9562444097fca5df	yes	cached	https://zenodo.org/api/records/13350497/files/TianKampmann2019_day7neuron.h5ad/content
data/raw/scperturb/TianKampmann2021_CRISPRa.h5ad	154788473	0f9f8845a77861025175242a8f4e67ff3c3b40ac997a9955ff5accb309e6760f	yes	cached	https://zenodo.org/api/records/13350497/files/TianKampmann2021_CRISPRa.h5ad/content
data/raw/scperturb/TianKampmann2019_iPSC.h5ad	350848489	9a3157e15abc3c739a545581d4196eed7717217598344192b1a3dafd370dabf9	yes	cached	https://zenodo.org/api/records/13350497/files/TianKampmann2019_iPSC.h5ad/content
data/raw/scperturb/XieHon2017.h5ad	117356359	3a9a4532786652613a8dbb5ba864c35f278233be0c26e2b91a2a471082918353	yes	cached	https://zenodo.org/api/records/13350497/files/XieHon2017.h5ad/content
data/raw/scperturb/WeinrebKlein2020.h5ad	228524613	51b70f06df6fd6a22a2b1d6f7b2e1616f1dac1a77985ec4568107f1b5f5726c3	yes	cached	https://zenodo.org/api/records/13350497/files/WeinrebKlein2020.h5ad/content
data/raw/scperturb/TianKampmann2021_CRISPRi.h5ad	289389479	7ea6689359964e23da78f93bb54c4eb08d9cd95c16ee769375fc5ac7edb62fa9	yes	cached	https://zenodo.org/api/records/13350497/files/TianKampmann2021_CRISPRi.h5ad/content
data/raw/scperturb/XuCao2023.h5ad	336637209	0065ac9524f103fcb7903125b4d2d22e8f2c29e427db31b7cefd5a8f1ea846e0	yes	cached	https://zenodo.org/api/records/13350497/files/XuCao2023.h5ad/content
data/raw/scperturb/ZhaoSims2021.h5ad	586888140	5d5d3c403453e9813d0f0babd1504c09e5e3061eba5dd09098917cc8c81f06d1	yes	cached	https://zenodo.org/api/records/13350497/files/ZhaoSims2021.h5ad/content
data/raw/scperturb/SchiebingerLander2019_GSE115943.h5ad	1640956517	393f4a8a171c5aadc38ed37f69bcccd03777d4d4175e5476fa363d49c4277144	yes	cached	https://zenodo.org/api/records/13350497/files/SchiebingerLander2019_GSE115943.h5ad/content
data/raw/scperturb/LaraAstiasoHuntly2023_invivo.h5ad	760312556	8dbf3c96aef2f68b75495ae72251ff42ba8362d2e900b2dba7c6aad11d90465f	yes	cached	https://zenodo.org/api/records/13350497/files/LaraAstiasoHuntly2023_invivo.h5ad/content
data/raw/scperturb/LaraAstiasoHuntly2023_leukemia.h5ad	1176002572	c39f3b64d985958d172699761f1e7600bd1df653cf57da40798943100e53cd0f	yes	cached	https://zenodo.org/api/records/13350497/files/LaraAstiasoHuntly2023_leukemia.h5ad/content
data/raw/scperturb/LiangWang2023.h5ad	364166137	3a58c9b9045ff96897ec378ad012e36cd0dc9d85ff0969e6d5e2c196ced665b7	yes	cached	https://zenodo.org/api/records/13350497/files/LiangWang2023.h5ad/content
data/raw/scperturb/SantinhaPlatt2023.h5ad	939335004	c81d29d0dd33b991be9fcc01d853f38af2ba93447b3a3267f4121ba340fd5003	yes	cached	https://zenodo.org/api/records/13350497/files/SantinhaPlatt2023.h5ad/content
data/raw/scperturb/CuiHacohen2023.h5ad	472111867	b312e0e3caec24f6adf6d009729b73ff0cf8c87fec8ec1362efc74675a60ec16	yes	cached	https://zenodo.org/api/records/13350497/files/CuiHacohen2023.h5ad/content
data/raw/scperturb/JoungZhang2023_atlas.h5ad	5804454475	8bd00eac883b469a1e82a2beca18f647e8023904920f233dbb8568e13503fc22	yes	cached	https://zenodo.org/api/records/13350497/files/JoungZhang2023_atlas.h5ad/content
data/raw/scperturb/ReplogleWeissman2022_K562_gwps.h5ad	8805466154	d3269d9c863d96555eba768b42ab330cc1b57493cd33b4ac8fe7fbab8278f104	yes	cached	https://zenodo.org/api/records/13350497/files/ReplogleWeissman2022_K562_gwps.h5ad/content
data/raw/scperturb/LotfollahiTheis2023.h5ad	235963662	9ceb9ad597b0ca9f529b147146962dccb3449c80eb446cdca8d4150c8d557811	yes	downloaded	https://zenodo.org/api/records/13350497/files/LotfollahiTheis2023.h5ad/content
data/raw/scperturb/WesselsSatija2023.h5ad	219393529	5da0485aed81b23bda57b4a7b4510a394682d54911416db89b4846ff6dd34732	yes	downloaded	https://zenodo.org/api/records/13350497/files/WesselsSatija2023.h5ad/content
data/raw/vcc_gene_axis/gene_names.csv	116023	e29ff3512b4c2440759bfb2a34577049b2f49df786b3e19c2a91b565de47b38e	yes	downloaded	https://storage.googleapis.com/arc-institute-virtual-cell-atlas/virtual-cell-challenge/2025/gene_names.csv
data/raw/arc_vcc2026_controls/vcc_2026_controls.zip	662118680	329a22bc29cac4f43ad0b846b9bb1a383f7a945c83a8cb0450c465f6dc5cc4b5	yes	downloaded	https://virtualcellchallenge.org/api/cli/datasets/controls/download
data/raw/arc_vcc2026_controls/context_A.h5ad	224973316	f22e71968487d3da9402769dcd0c73a47851fad4cd7dd25510283c923031fe3e	zip-crc32+locked-sha256	extracted	https://virtualcellchallenge.org/api/cli/datasets/controls/download#member=context_A.h5ad
data/raw/arc_vcc2026_controls/context_B.h5ad	210966111	41557555b3febf6db19fd930b4dd7db88941840077bf985d14dfff959c782380	zip-crc32+locked-sha256	extracted	https://virtualcellchallenge.org/api/cli/datasets/controls/download#member=context_B.h5ad
data/raw/arc_vcc2026_controls/context_C.h5ad	226056691	e090e7c7cfdd0006f689214ba38ba0cd2669578e89c9bc325b65f0bd940c02e0	zip-crc32+locked-sha256	extracted	https://virtualcellchallenge.org/api/cli/datasets/controls/download#member=context_C.h5ad
data/raw/arc_vcc2026_controls/gene_names.csv	119295	25bfa66715e186bebabce7ac788bbcea47e2bf59ca70be1f8f3a06f2f0e47201	zip-crc32+locked-sha256	extracted	https://virtualcellchallenge.org/api/cli/datasets/controls/download#member=gene_names.csv
data/raw/arc_vcc2026_controls/pert_counts.csv	1906	f57edd7b912ebd718efc7ee9d0f334772513e7cc418d133ce525470e373b3276	zip-crc32+locked-sha256	extracted	https://virtualcellchallenge.org/api/cli/datasets/controls/download#member=pert_counts.csv
data/raw/arc_vcc2026_controls/manifest.json	715	2c2b5d425df817ca35e9edf08282d12494ce42913ba824375bf0f98a1cc676f5	zip-crc32+locked-sha256	extracted	https://virtualcellchallenge.org/api/cli/datasets/controls/download#member=manifest.json
data/raw/mcfaline_figueroa2024/GSM7056148_sciPlexGxE_1_cell.annotations.txt.gz	61764	3b0c448a9c2155568f413c86535030f576bc27b5ece5d10123908c78b402d069	yes	cached	https://ftp.ncbi.nlm.nih.gov/geo/samples/GSM7056nnn/GSM7056148/suppl/GSM7056148_sciPlexGxE_1_cell.annotations.txt.gz
data/raw/mcfaline_figueroa2024/GSM7056148_sciPlexGxE_1_hash_sample_sheet.txt.gz	1979	b6c55e51d4ac21eb71a217f9b3869a0a3fb7ff9fef9956958962365c0057bdff	yes	cached	https://ftp.ncbi.nlm.nih.gov/geo/samples/GSM7056nnn/GSM7056148/suppl/GSM7056148_sciPlexGxE_1_hash_sample_sheet.txt.gz
data/raw/mcfaline_figueroa2024/GSM7056148_sciPlexGxE_1_sgRNA_sequences.txt.gz	473	5d10655084d5b2a3a5de3c8ca54bd53a8699f224c09a316b425af4e6315201f0	yes	cached	https://ftp.ncbi.nlm.nih.gov/geo/samples/GSM7056nnn/GSM7056148/suppl/GSM7056148_sciPlexGxE_1_sgRNA_sequences.txt.gz
data/raw/mcfaline_figueroa2024/GSM7056148_sciPlexGxE_1_gene.annotations.txt.gz	430161	54a7545912b56f7a75b339e5d4b1963cce3e34aef0a4299e4541d3c62f1f7d85	yes	cached	https://ftp.ncbi.nlm.nih.gov/geo/samples/GSM7056nnn/GSM7056148/suppl/GSM7056148_sciPlexGxE_1_gene.annotations.txt.gz
data/raw/mcfaline_figueroa2024/GSM7056149_sciPlexGxE_2_gRNASampleSheet.txt.gz	28449	39c8aaf26d4327219db844260d178d25b9b4ed0fea74492c3739659349054147	yes	cached	https://ftp.ncbi.nlm.nih.gov/geo/samples/GSM7056nnn/GSM7056149/suppl/GSM7056149_sciPlexGxE_2_gRNASampleSheet.txt.gz
data/raw/mcfaline_figueroa2024/GSM7056148_sciPlexGxE_1_hashTable.out.txt.gz	4521716	cc6724808e1e244123e8cc295230278b1edb06399b451eac7f0b3e402091ca8e	yes	cached	https://ftp.ncbi.nlm.nih.gov/geo/samples/GSM7056nnn/GSM7056148/suppl/GSM7056148_sciPlexGxE_1_hashTable.out.txt.gz
data/raw/mcfaline_figueroa2024/GSM7056148_sciPlexGxE_1_sgRNATable_out.rds.gz	23622181	5254e00e14b500e507f6578466530745acc522bbeef0e948a6cf48e087af6681	yes	cached	https://ftp.ncbi.nlm.nih.gov/geo/samples/GSM7056nnn/GSM7056148/suppl/GSM7056148_sciPlexGxE_1_sgRNATable_out.rds.gz
data/raw/mcfaline_figueroa2024/GSM7056149_sciPlexGxE_2_cell.annotations.txt.gz	115324478	7fffab7b4c323bdda5c21d6a71d499d9fde2748fc98e6150ba2342f3ab660156	yes	cached	https://ftp.ncbi.nlm.nih.gov/geo/samples/GSM7056nnn/GSM7056149/suppl/GSM7056149_sciPlexGxE_2_cell.annotations.txt.gz
data/raw/mcfaline_figueroa2024/GSM7056148_sciPlexGxE_1_preprocessed_cds.rds.gz	140095456	21e9cc92da3d44aab27d763f04bfe1e1131b0478c96d9aab43f846a2d7d7e31d	yes	cached	https://ftp.ncbi.nlm.nih.gov/geo/samples/GSM7056nnn/GSM7056148/suppl/GSM7056148_sciPlexGxE_1_preprocessed_cds.rds.gz
data/raw/mcfaline_figueroa2024/GSM7056148_sciPlexGxE_1_UMI.count.matrix.gz	180261589	4e25e3593661a71b6b2eb0b4fdc4c8e79816c678ce033223c1ed8e8120d6f902	yes	cached	https://ftp.ncbi.nlm.nih.gov/geo/samples/GSM7056nnn/GSM7056148/suppl/GSM7056148_sciPlexGxE_1_UMI.count.matrix.gz
data/raw/mcfaline_figueroa2024/GSM7056149_sciPlexGxE_2_gRNA_sequences.txt.gz	28786	bb285a38bd9669cb12e2637d886bfde5fa566897ff10f87d5d1e629f002fedef	yes	downloaded	https://huggingface.co/datasets/VirtualCell2025/datasets/resolve/abee070ba0d9066d3d5a7315de3ca4aabe5eca9d/public/GSE225775-sciPlexGxE-McFalineFigueroa_et_al_2024_20250802/data/GSM7056149_sciPlexGxE_2_gRNA_sequences.txt.gz
data/raw/mcfaline_figueroa2024/GSM7056149_sciPlexGxE_2_hash_sample_sheet.txt.gz	9213	9282147247fee2445952099760097ff753a8186a855649a1a4b8d029a520407e	yes	downloaded	https://huggingface.co/datasets/VirtualCell2025/datasets/resolve/abee070ba0d9066d3d5a7315de3ca4aabe5eca9d/public/GSE225775-sciPlexGxE-McFalineFigueroa_et_al_2024_20250802/data/GSM7056149_sciPlexGxE_2_hash_sample_sheet.txt.gz
data/raw/mcfaline_figueroa2024/GSM7056149_sciPlexGxE_2_hash_whitelist_rep1.txt.gz	3145	8442ff836b9f0cd305338a8f6ee237042e12443059a8ee7a084113c8ede13e4b	yes	downloaded	https://huggingface.co/datasets/VirtualCell2025/datasets/resolve/abee070ba0d9066d3d5a7315de3ca4aabe5eca9d/public/GSE225775-sciPlexGxE-McFalineFigueroa_et_al_2024_20250802/data/GSM7056149_sciPlexGxE_2_hash_whitelist_rep1.txt.gz
data/raw/mcfaline_figueroa2024/GSM7056149_sciPlexGxE_2_hash_whitelist_rep2.txt.gz	2979	b28365aff9ef675325fe94bfb4bea89978b958b412db4951d41327c5cd6b16db	yes	downloaded	https://huggingface.co/datasets/VirtualCell2025/datasets/resolve/abee070ba0d9066d3d5a7315de3ca4aabe5eca9d/public/GSE225775-sciPlexGxE-McFalineFigueroa_et_al_2024_20250802/data/GSM7056149_sciPlexGxE_2_hash_whitelist_rep2.txt.gz
data/raw/mcfaline_figueroa2024/GSM7056149_sciPlexGxE_2_gene.annotations.txt.gz	430161	60b62120c4d45fd49f4ef2fe778f969ce23df062c9dbe6af95ac0d8f02eb8938	yes	downloaded	https://huggingface.co/datasets/VirtualCell2025/datasets/resolve/abee070ba0d9066d3d5a7315de3ca4aabe5eca9d/public/GSE225775-sciPlexGxE-McFalineFigueroa_et_al_2024_20250802/data/GSM7056149_sciPlexGxE_2_gene.annotations.txt.gz
data/raw/mcfaline_figueroa2024/GSM7056150_sciPlex_3_cell.annotations.txt.gz	538733	7bd644c569669e3c3d012886d2e1310d0a9ee2660ef890e1bbf697ff26827065	yes	downloaded	https://huggingface.co/datasets/VirtualCell2025/datasets/resolve/abee070ba0d9066d3d5a7315de3ca4aabe5eca9d/public/GSE225775-sciPlexGxE-McFalineFigueroa_et_al_2024_20250802/data/GSM7056150_sciPlex_3_cell.annotations.txt.gz
data/raw/mcfaline_figueroa2024/GSM7056150_sciPlex_3_gene.annotations.txt.gz	430158	e2ebae280a129585cc95cd465d1a17ec0003a2a471f9a647122a400fea0d86f8	yes	downloaded	https://huggingface.co/datasets/VirtualCell2025/datasets/resolve/abee070ba0d9066d3d5a7315de3ca4aabe5eca9d/public/GSE225775-sciPlexGxE-McFalineFigueroa_et_al_2024_20250802/data/GSM7056150_sciPlex_3_gene.annotations.txt.gz
data/raw/mcfaline_figueroa2024/GSM7056150_sciPlex_3_hash_sample_sheet.txt.gz	6691	3814164c4e38cf09be8505bf0b23d244ab2faa5d57e6e0db8c29d14b346d8631	yes	downloaded	https://huggingface.co/datasets/VirtualCell2025/datasets/resolve/abee070ba0d9066d3d5a7315de3ca4aabe5eca9d/public/GSE225775-sciPlexGxE-McFalineFigueroa_et_al_2024_20250802/data/GSM7056150_sciPlex_3_hash_sample_sheet.txt.gz
data/raw/mcfaline_figueroa2024/GSM7056150_sciPlex_3_hashTable.out.txt.gz	10982366	7ed402e6d23c08c57602a012f4a4134f92e9d263954610fa665d055bc4770269	yes	downloaded	https://huggingface.co/datasets/VirtualCell2025/datasets/resolve/abee070ba0d9066d3d5a7315de3ca4aabe5eca9d/public/GSE225775-sciPlexGxE-McFalineFigueroa_et_al_2024_20250802/data/GSM7056150_sciPlex_3_hashTable.out.txt.gz
data/raw/mcfaline_figueroa2024/GSM7056151_sciPlex_4_cell.annotations.txt.gz	832570	5704448d55cca51021586c593921e050dad350c2afc0329f5f7eb6a16edbf5aa	yes	downloaded	https://huggingface.co/datasets/VirtualCell2025/datasets/resolve/abee070ba0d9066d3d5a7315de3ca4aabe5eca9d/public/GSE225775-sciPlexGxE-McFalineFigueroa_et_al_2024_20250802/data/GSM7056151_sciPlex_4_cell.annotations.txt.gz
data/raw/mcfaline_figueroa2024/GSM7056151_sciPlex_4_gene.annotations.txt.gz	430158	cbeed4e110b3593b4d8ec8fb481f66697b730cca0f9d1730cc20d5fe10a05990	yes	downloaded	https://huggingface.co/datasets/VirtualCell2025/datasets/resolve/abee070ba0d9066d3d5a7315de3ca4aabe5eca9d/public/GSE225775-sciPlexGxE-McFalineFigueroa_et_al_2024_20250802/data/GSM7056151_sciPlex_4_gene.annotations.txt.gz
data/raw/mcfaline_figueroa2024/GSM7056151_sciPlex_4_hashTable.out.txt.gz	19793477	3825a8db558af63a846d72e237bcd1b719b8fd1eaaeec36cc3defcf01767cd5c	yes	downloaded	https://huggingface.co/datasets/VirtualCell2025/datasets/resolve/abee070ba0d9066d3d5a7315de3ca4aabe5eca9d/public/GSE225775-sciPlexGxE-McFalineFigueroa_et_al_2024_20250802/data/GSM7056151_sciPlex_4_hashTable.out.txt.gz
data/raw/mcfaline_figueroa2024/GSM7056150_sciPlex_3_preprocessed_cds.list.rds.gz	143511185	9d34a54ff506bb6823249968d78f94b1cf1848936dd86ece3a448e5a9b42f306	yes	downloaded	https://huggingface.co/datasets/VirtualCell2025/datasets/resolve/abee070ba0d9066d3d5a7315de3ca4aabe5eca9d/public/GSE225775-sciPlexGxE-McFalineFigueroa_et_al_2024_20250802/data/GSM7056150_sciPlex_3_preprocessed_cds.list.rds.gz
data/raw/mcfaline_figueroa2024/GSM7056151_sciPlex_4_hash_sample_sheet.txt.gz	3335	ffb4083bcff9e8cb283c89817d7d4e534f753c075b94f5ffa90d8de8dc6fed9c	yes	downloaded	https://huggingface.co/datasets/VirtualCell2025/datasets/resolve/abee070ba0d9066d3d5a7315de3ca4aabe5eca9d/public/GSE225775-sciPlexGxE-McFalineFigueroa_et_al_2024_20250802/data/GSM7056151_sciPlex_4_hash_sample_sheet.txt.gz
data/raw/mcfaline_figueroa2024/filelist.txt	2694	9db7a72380bcc8e8d0dc6b25303fd6998c9086d3cf85ce6aa451acd7151e4c7e	no-upstream-sum	downloaded	https://ftp.ncbi.nlm.nih.gov/geo/series/GSE225nnn/GSE225775/suppl/filelist.txt
data/raw/mcfaline_figueroa2024/GSE225775_family.soft.gz	4855	16fbe809e6924af4352ee2707456019ad16ef056d246e4d2ac5353551ff3d33e	no-upstream-sum	downloaded	https://ftp.ncbi.nlm.nih.gov/geo/series/GSE225nnn/GSE225775/soft/GSE225775_family.soft.gz
data/raw/mcfaline_figueroa2024/GSM7056150_sciPlex_3_UMI.count.matrix.gz	265432576	5682cb683d1b17631be4605bb5efd2d26051e8f0e0d6251b24cfe6680c8c373d	yes	downloaded	https://huggingface.co/datasets/VirtualCell2025/datasets/resolve/abee070ba0d9066d3d5a7315de3ca4aabe5eca9d/public/GSE225775-sciPlexGxE-McFalineFigueroa_et_al_2024_20250802/data/GSM7056150_sciPlex_3_UMI.count.matrix.gz
data/raw/mcfaline_figueroa2024/GSM7056151_sciPlex_4_UMI.count.matrix.gz	590579159	1710e238558182026e0b66e05f1b8d5853fc89f941a9751def32d6dc35147455	yes	downloaded	https://huggingface.co/datasets/VirtualCell2025/datasets/resolve/abee070ba0d9066d3d5a7315de3ca4aabe5eca9d/public/GSE225775-sciPlexGxE-McFalineFigueroa_et_al_2024_20250802/data/GSM7056151_sciPlex_4_UMI.count.matrix.gz
data/raw/mcfaline_figueroa2024/GSM7056151_sciPlex_4_preprocessed_cds.list.rds.gz	858356130	24a282cea364af103668cb2e0efc3cebce64c08a22de8d85a1cad687a728ef27	yes	downloaded	https://huggingface.co/datasets/VirtualCell2025/datasets/resolve/abee070ba0d9066d3d5a7315de3ca4aabe5eca9d/public/GSE225775-sciPlexGxE-McFalineFigueroa_et_al_2024_20250802/data/GSM7056151_sciPlex_4_preprocessed_cds.list.rds.gz
data/raw/mcfaline_figueroa2024/GSM7056149_sciPlexGxE_2_gRNATable_reads.out.txt.gz	656028109	7fa62a7dd7225b931be064b32557d873a4639759ee5eb27c5907f68835a11ba6	yes	downloaded	https://huggingface.co/datasets/VirtualCell2025/datasets/resolve/abee070ba0d9066d3d5a7315de3ca4aabe5eca9d/public/GSE225775-sciPlexGxE-McFalineFigueroa_et_al_2024_20250802/data/GSM7056149_sciPlexGxE_2_gRNATable_reads.out.txt.gz
data/raw/mcfaline_figueroa2024/GSM7056149_sciPlexGxE_2_hashTable.out.txt.gz	724394500	04f22eb32e251478e08ecda657e0f68237fba53ce08913c22fae48d36c8b2e21	yes	downloaded	https://huggingface.co/datasets/VirtualCell2025/datasets/resolve/abee070ba0d9066d3d5a7315de3ca4aabe5eca9d/public/GSE225775-sciPlexGxE-McFalineFigueroa_et_al_2024_20250802/data/GSM7056149_sciPlexGxE_2_hashTable.out.txt.gz
data/raw/mcfaline_figueroa2024/GSM7056149_sciPlexGxE_2_preprocessed_cds.list.RDS.gz	3619987565	3e5c6755c737dba099c61db637568f81835e8c692f77cba1cb1f62ac4a794207	yes	downloaded	https://huggingface.co/datasets/VirtualCell2025/datasets/resolve/abee070ba0d9066d3d5a7315de3ca4aabe5eca9d/public/GSE225775-sciPlexGxE-McFalineFigueroa_et_al_2024_20250802/data/GSM7056149_sciPlexGxE_2_preprocessed_cds.list.RDS.gz
data/raw/mcfaline_figueroa2024/GSM7056149_sciPlexGxE_2_UMI.count.matrix.gz	6035886428	a1443d71dc890056bfb804d57bdef19d21942563ff088dcd1fadf08dd52f5359	yes	downloaded	https://huggingface.co/datasets/VirtualCell2025/datasets/resolve/abee070ba0d9066d3d5a7315de3ca4aabe5eca9d/public/GSE225775-sciPlexGxE-McFalineFigueroa_et_al_2024_20250802/data/GSM7056149_sciPlexGxE_2_UMI.count.matrix.gz
data/raw/scbasecount_2026_01_12_human/README.upstream.md	500	dd0240b8e4eb4ac5e856a45e374e94af4a88697752036a5759ec52ed519959a2	yes	cached	https://storage.googleapis.com/arc-institute-virtual-cell-atlas/scbasecount/2026-01-12/README.md?generation=1770409645481056
data/raw/scbasecount_2026_01_12_human/metadata/sample_metadata.parquet	3205158	e227fb5e1760b64bd54e04e76677891b935ba2c2cbec980f157ca64990719659	yes	cached	https://storage.googleapis.com/arc-institute-virtual-cell-atlas/scbasecount/2026-01-12/metadata/GeneFull_Ex50pAS/Homo_sapiens/sample_metadata.parquet?generation=1782511989476696
data/raw/scbasecount_2026_01_12_human/h5ad/SRX15542286.h5ad	61212992	68fa41f32ebb734e4dcdc5dbb6c0ff5f7b6214335b321851c312458ca2eda138	yes	downloaded	https://storage.googleapis.com/arc-institute-virtual-cell-atlas/scbasecount/2026-01-12/h5ad/GeneFull_Ex50pAS/Homo_sapiens/SRX15542286.h5ad?generation=1770409825189116
data/raw/scbasecount_2026_01_12_human/h5ad/SRX11570526.h5ad	93059750	b38594c4fc970c3402e8ab15e8cd67edf59cf304520f9881616c18e632e03683	yes	downloaded	https://storage.googleapis.com/arc-institute-virtual-cell-atlas/scbasecount/2026-01-12/h5ad/GeneFull_Ex50pAS/Homo_sapiens/SRX11570526.h5ad?generation=1770409828474333
data/raw/scbasecount_2026_01_12_human/h5ad/SRX15549693.h5ad	38747495	e4e9cd524eb5795516dd543e9883aa2e97b4a0e742d9fdab9876f2f884dc13cf	yes	downloaded	https://storage.googleapis.com/arc-institute-virtual-cell-atlas/scbasecount/2026-01-12/h5ad/GeneFull_Ex50pAS/Homo_sapiens/SRX15549693.h5ad?generation=1770409814586429
data/raw/scbasecount_2026_01_12_human/h5ad/SRX18109504.h5ad	2878065	fb7053eef90766b04374072fdd5dd702163e87ff1cb44e020257a3ecbdcb6880	yes	downloaded	https://storage.googleapis.com/arc-institute-virtual-cell-atlas/scbasecount/2026-01-12/h5ad/GeneFull_Ex50pAS/Homo_sapiens/SRX18109504.h5ad?generation=1770409815250044
data/raw/scbasecount_2026_01_12_human/h5ad/SRX15549792.h5ad	50159420	0abb6b8989a5a8fdfcb6ab0f840c84e0203a388e5eb3674ef7189a42e9e7122f	yes	downloaded	https://storage.googleapis.com/arc-institute-virtual-cell-atlas/scbasecount/2026-01-12/h5ad/GeneFull_Ex50pAS/Homo_sapiens/SRX15549792.h5ad?generation=1770409817302064
data/raw/scbasecount_2026_01_12_human/h5ad/SRX15542014.h5ad	66801846	a1c441f01dbd17e6ea56be2128deb93982cb8d1dc766a00bcbbf98dd599eecd2	yes	downloaded	https://storage.googleapis.com/arc-institute-virtual-cell-atlas/scbasecount/2026-01-12/h5ad/GeneFull_Ex50pAS/Homo_sapiens/SRX15542014.h5ad?generation=1770409823575951
data/raw/scbasecount_2026_01_12_human/h5ad/SRX15542334.h5ad	3588799	a36639b09bd73290b8ca63d2bc92c468f0f133ce39b1d3d9399999d38716f77c	yes	downloaded	https://storage.googleapis.com/arc-institute-virtual-cell-atlas/scbasecount/2026-01-12/h5ad/GeneFull_Ex50pAS/Homo_sapiens/SRX15542334.h5ad?generation=1770409814269203
data/raw/scbasecount_2026_01_12_human/h5ad/SRX15464843.h5ad	106879847	df88ceb20664496dfb25cf4ee5622c4d1b5f3dfaca63508118bcc17cb62ec3c6	yes	downloaded	https://storage.googleapis.com/arc-institute-virtual-cell-atlas/scbasecount/2026-01-12/h5ad/GeneFull_Ex50pAS/Homo_sapiens/SRX15464843.h5ad?generation=1770409828463721
data/raw/scbasecount_2026_01_12_human/h5ad/SRX19261035.h5ad	209482732	1eeed4baca56de5898a377a151b84040b9998c804257d3e37bf3e91ccdfc9ab3	yes	downloaded	https://storage.googleapis.com/arc-institute-virtual-cell-atlas/scbasecount/2026-01-12/h5ad/GeneFull_Ex50pAS/Homo_sapiens/SRX19261035.h5ad?generation=1770409824580438
data/raw/scbasecount_2026_01_12_human/h5ad/SRX12379066.h5ad	27159942	57f3284a643afac5651115f1e31af89c63202096a33729db2a8df6261a9164c2	yes	downloaded	https://storage.googleapis.com/arc-institute-virtual-cell-atlas/scbasecount/2026-01-12/h5ad/GeneFull_Ex50pAS/Homo_sapiens/SRX12379066.h5ad?generation=1770409826780394
data/raw/scbasecount_2026_01_12_human/h5ad/SRX9896144.h5ad	249559768	28a78190b9ef9de1217a6cae834ad2a759f8a11e9581b1912ff5b43265c62c86	yes	downloaded	https://storage.googleapis.com/arc-institute-virtual-cell-atlas/scbasecount/2026-01-12/h5ad/GeneFull_Ex50pAS/Homo_sapiens/SRX9896144.h5ad?generation=1770409808075697
data/raw/scbasecount_2026_01_12_human/h5ad/SRX15542293.h5ad	57738486	5428b6c6a2fa8869447998a2562b907e7c0e3782dbf72236cbd0dbe3d75ee471	yes	downloaded	https://storage.googleapis.com/arc-institute-virtual-cell-atlas/scbasecount/2026-01-12/h5ad/GeneFull_Ex50pAS/Homo_sapiens/SRX15542293.h5ad?generation=1770409816249421
data/raw/scbasecount_2026_01_12_human/h5ad/SRX15542527.h5ad	51806980	4ed6981c154abc494364e3c99e8c3612c062fe85b4ebcc0f256a475d52b40414	yes	downloaded	https://storage.googleapis.com/arc-institute-virtual-cell-atlas/scbasecount/2026-01-12/h5ad/GeneFull_Ex50pAS/Homo_sapiens/SRX15542527.h5ad?generation=1770409823585011
data/raw/scbasecount_2026_01_12_human/h5ad/SRX29074586.h5ad	467023168	ed14a0eea3f3152ac3f8ebbff5f5ca6f5f90e8f0a972f8c20a8a09ed9646a1f7	yes	downloaded	https://storage.googleapis.com/arc-institute-virtual-cell-atlas/scbasecount/2026-01-12/h5ad/GeneFull_Ex50pAS/Homo_sapiens/SRX29074586.h5ad?generation=1770409819317683
data/raw/scbasecount_2026_01_12_human/h5ad/SRX18391284.h5ad	216078829	6942c74a231829a6bd2e786a9de2c0cd07da89d9a4b7e5f31d046a4654d721d1	yes	downloaded	https://storage.googleapis.com/arc-institute-virtual-cell-atlas/scbasecount/2026-01-12/h5ad/GeneFull_Ex50pAS/Homo_sapiens/SRX18391284.h5ad?generation=1770409818905921
data/raw/scbasecount_2026_01_12_human/h5ad/SRX19500053.h5ad	81821433	3eb11a7b48b03c0a742141f0fbc39dba9ae76d97e940c50e3b57500671968ccc	yes	downloaded	https://storage.googleapis.com/arc-institute-virtual-cell-atlas/scbasecount/2026-01-12/h5ad/GeneFull_Ex50pAS/Homo_sapiens/SRX19500053.h5ad?generation=1770409818005173
data/raw/scbasecount_2026_01_12_human/h5ad/SRX20597942.h5ad	193377776	72c9faa4678d9b68fe91f941b9efabdf2d68a546954133ecc992afe304aefdef	yes	downloaded	https://storage.googleapis.com/arc-institute-virtual-cell-atlas/scbasecount/2026-01-12/h5ad/GeneFull_Ex50pAS/Homo_sapiens/SRX20597942.h5ad?generation=1770409912394124
data/raw/scbasecount_2026_01_12_human/h5ad/SRX10188840.h5ad	46007798	5c48fa50c21447e4ba317ec1e0a63d63e1f0e05a7e485845b904a997bd526a3a	yes	downloaded	https://storage.googleapis.com/arc-institute-virtual-cell-atlas/scbasecount/2026-01-12/h5ad/GeneFull_Ex50pAS/Homo_sapiens/SRX10188840.h5ad?generation=1770409829374983
data/raw/scbasecount_2026_01_12_human/h5ad/SRX14208680.h5ad	107176211	95d811f404960fe6bf84ac7f2d80d0e7ee6b7684a5cc374e7b53ad601bc4190c	yes	downloaded	https://storage.googleapis.com/arc-institute-virtual-cell-atlas/scbasecount/2026-01-12/h5ad/GeneFull_Ex50pAS/Homo_sapiens/SRX14208680.h5ad?generation=1770409832144796
data/raw/scbasecount_2026_01_12_human/h5ad/SRX15542383.h5ad	61814820	28de0d294d219f141c372d1ee31a172160d86943e0371e26dab48c5e592c1c2a	yes	downloaded	https://storage.googleapis.com/arc-institute-virtual-cell-atlas/scbasecount/2026-01-12/h5ad/GeneFull_Ex50pAS/Homo_sapiens/SRX15542383.h5ad?generation=1770409816719839
data/raw/scbasecount_2026_01_12_human/h5ad/SRX24301895.h5ad	4447953	3336fff9754f083a2d4b1ecfbcec5a2444c6177c35a8e6d0250de5b4a400fde4	yes	downloaded	https://storage.googleapis.com/arc-institute-virtual-cell-atlas/scbasecount/2026-01-12/h5ad/GeneFull_Ex50pAS/Homo_sapiens/SRX24301895.h5ad?generation=1770409802787115
data/raw/scbasecount_2026_01_12_human/h5ad/SRX15549990.h5ad	93386770	a78ed9d0e1786208b1e2396f9119e7d92055255af33f10e450bd3ddbfad5678b	yes	downloaded	https://storage.googleapis.com/arc-institute-virtual-cell-atlas/scbasecount/2026-01-12/h5ad/GeneFull_Ex50pAS/Homo_sapiens/SRX15549990.h5ad?generation=1770409843838637
data/raw/scbasecount_2026_01_12_human/h5ad/SRX11482795.h5ad	405018568	d24266aa91f6a75b3db7d0192b03452297759d329b6b6e53bf76b258265e6255	yes	downloaded	https://storage.googleapis.com/arc-institute-virtual-cell-atlas/scbasecount/2026-01-12/h5ad/GeneFull_Ex50pAS/Homo_sapiens/SRX11482795.h5ad?generation=1770409846478344
data/raw/scbasecount_2026_01_12_human/h5ad/SRX8094414.h5ad	411257860	7e26569fe37aca04add215467878b22db69545709a06454a6773e1de64295959	yes	downloaded	https://storage.googleapis.com/arc-institute-virtual-cell-atlas/scbasecount/2026-01-12/h5ad/GeneFull_Ex50pAS/Homo_sapiens/SRX8094414.h5ad?generation=1770409813570678
data/raw/scbasecount_2026_01_12_human/h5ad/SRX15550102.h5ad	54084851	4bae80e446412ab3dd64392c1e1ecb924c62709a9fd33d5427445510aa7b66ee	yes	downloaded	https://storage.googleapis.com/arc-institute-virtual-cell-atlas/scbasecount/2026-01-12/h5ad/GeneFull_Ex50pAS/Homo_sapiens/SRX15550102.h5ad?generation=1770409829079996
data/raw/scbasecount_2026_01_12_human/h5ad/SRX11541628.h5ad	502784648	30e8ee616abe3681f2b99c9219f3154b4c79d390c71fe6257b87a7452e0744ec	yes	downloaded	https://storage.googleapis.com/arc-institute-virtual-cell-atlas/scbasecount/2026-01-12/h5ad/GeneFull_Ex50pAS/Homo_sapiens/SRX11541628.h5ad?generation=1770409899782051
data/raw/scbasecount_2026_01_12_human/h5ad/SRX24258243.h5ad	48662570	e97be66c8176fef249e1209237f45d189b93baca7c237a080e89639b4336036f	yes	downloaded	https://storage.googleapis.com/arc-institute-virtual-cell-atlas/scbasecount/2026-01-12/h5ad/GeneFull_Ex50pAS/Homo_sapiens/SRX24258243.h5ad?generation=1770409804704948
data/raw/scbasecount_2026_01_12_human/h5ad/SRX20597944.h5ad	7012145	a1037f3fb46130b534f6363ebd80efedd0878130c1f220398c138e48d2145135	yes	downloaded	https://storage.googleapis.com/arc-institute-virtual-cell-atlas/scbasecount/2026-01-12/h5ad/GeneFull_Ex50pAS/Homo_sapiens/SRX20597944.h5ad?generation=1770409814028203
data/raw/scbasecount_2026_01_12_human/h5ad/SRX9474643.h5ad	160569448	e51363ebb0e2d35d0ae074eee87446f7c81c2a84c2bc6508fc637c56177765ce	yes	downloaded	https://storage.googleapis.com/arc-institute-virtual-cell-atlas/scbasecount/2026-01-12/h5ad/GeneFull_Ex50pAS/Homo_sapiens/SRX9474643.h5ad?generation=1770409806106804
data/raw/scbasecount_2026_01_12_human/h5ad/SRX14719818.h5ad	92190218	5254f42e895be43223f4e2f5cdda429b2d52f8346f068231741c5b2f7dbe3f79	yes	downloaded	https://storage.googleapis.com/arc-institute-virtual-cell-atlas/scbasecount/2026-01-12/h5ad/GeneFull_Ex50pAS/Homo_sapiens/SRX14719818.h5ad?generation=1770409831040699
data/raw/scbasecount_2026_01_12_human/h5ad/SRX11154162.h5ad	122675876	d6db82af1bdba1611162240b5113933b17604b9ec2347643fac17e90bc9a365b	yes	downloaded	https://storage.googleapis.com/arc-institute-virtual-cell-atlas/scbasecount/2026-01-12/h5ad/GeneFull_Ex50pAS/Homo_sapiens/SRX11154162.h5ad?generation=1770409828756520
data/raw/scbasecount_2026_01_12_human/h5ad/SRX27847292.h5ad	237972019	a882e5600501d10fca6f80d5aae2b667c2a85a60eedc1d1a4a53e6a4991847f2	yes	downloaded	https://storage.googleapis.com/arc-institute-virtual-cell-atlas/scbasecount/2026-01-12/h5ad/GeneFull_Ex50pAS/Homo_sapiens/SRX27847292.h5ad?generation=1770409810594772
data/raw/scbasecount_2026_01_12_human/h5ad/SRX18109489.h5ad	238738196	5a34848dd0f468c6ae13ef5f7df3cc18803baeb79419e0e28abd44c0368ee992	yes	downloaded	https://storage.googleapis.com/arc-institute-virtual-cell-atlas/scbasecount/2026-01-12/h5ad/GeneFull_Ex50pAS/Homo_sapiens/SRX18109489.h5ad?generation=1770409882191321
data/raw/scbasecount_2026_01_12_human/h5ad/SRX27162249.h5ad	352392927	c27f9f7b55d9a206dbc3a011a97eae39078832681ab77a644209ee45f63d7aaf	yes	downloaded	https://storage.googleapis.com/arc-institute-virtual-cell-atlas/scbasecount/2026-01-12/h5ad/GeneFull_Ex50pAS/Homo_sapiens/SRX27162249.h5ad?generation=1770409823708140
data/raw/scbasecount_2026_01_12_human/h5ad/SRX9123759.h5ad	54343149	674defffc85b3a9562a8b45b691cca9474c28fe2e775421d911be2fca8e67904	yes	downloaded	https://storage.googleapis.com/arc-institute-virtual-cell-atlas/scbasecount/2026-01-12/h5ad/GeneFull_Ex50pAS/Homo_sapiens/SRX9123759.h5ad?generation=1770409804850625
data/raw/scbasecount_2026_01_12_human/h5ad/SRX9345268.h5ad	146180558	111152da6b36037794379c6c4d62446cfe7b44b0058e35bd8e580f03fa3687a1	yes	downloaded	https://storage.googleapis.com/arc-institute-virtual-cell-atlas/scbasecount/2026-01-12/h5ad/GeneFull_Ex50pAS/Homo_sapiens/SRX9345268.h5ad?generation=1770409806046503
data/raw/scbasecount_2026_01_12_human/h5ad/SRX10664336.h5ad	170666528	1439835c3231433537d5493e73b1528675e48637cdd9d1c4e07a293ef20d1cbd	yes	downloaded	https://storage.googleapis.com/arc-institute-virtual-cell-atlas/scbasecount/2026-01-12/h5ad/GeneFull_Ex50pAS/Homo_sapiens/SRX10664336.h5ad?generation=1770409833018364
data/raw/scbasecount_2026_01_12_human/h5ad/ERX11900527.h5ad	144134185	3fa6157de179283a8618259eafbfb92744cccbb18d3e5129cbea15678753be81	yes	downloaded	https://storage.googleapis.com/arc-institute-virtual-cell-atlas/scbasecount/2026-01-12/h5ad/GeneFull_Ex50pAS/Homo_sapiens/ERX11900527.h5ad?generation=1770409831633267
data/raw/scbasecount_2026_01_12_human/h5ad/SRX11896345.h5ad	179861449	6ee1fbad8c67d956715368e3577dd9b33c0bcfd36732a7d43a01037d6de769e3	yes	downloaded	https://storage.googleapis.com/arc-institute-virtual-cell-atlas/scbasecount/2026-01-12/h5ad/GeneFull_Ex50pAS/Homo_sapiens/SRX11896345.h5ad?generation=1770409834491933
data/raw/scbasecount_2026_01_12_human/h5ad/SRX9821629.h5ad	185197317	23f5b9c80f7587a956a2349447edd9f3c99901acafbd7148e757fe179450c74d	yes	downloaded	https://storage.googleapis.com/arc-institute-virtual-cell-atlas/scbasecount/2026-01-12/h5ad/GeneFull_Ex50pAS/Homo_sapiens/SRX9821629.h5ad?generation=1770409808514210
data/raw/scbasecount_2026_01_12_human/h5ad/SRX19500058.h5ad	100128922	4217e1b2a5e06ef1e7b34bb620480961a63703e506cf84af8970790ceba49193	yes	downloaded	https://storage.googleapis.com/arc-institute-virtual-cell-atlas/scbasecount/2026-01-12/h5ad/GeneFull_Ex50pAS/Homo_sapiens/SRX19500058.h5ad?generation=1770409820211856
data/raw/scbasecount_2026_01_12_human/h5ad/SRX10697705.h5ad	151715505	cfcdb09ec625724c15b7a8d171472cd09cd8273107cabc83590f8200a5d06e6c	yes	downloaded	https://storage.googleapis.com/arc-institute-virtual-cell-atlas/scbasecount/2026-01-12/h5ad/GeneFull_Ex50pAS/Homo_sapiens/SRX10697705.h5ad?generation=1770409830318218
data/raw/scbasecount_2026_01_12_human/h5ad/SRX7846992.h5ad	37799943	1e751a794de5f606b8a988bb25d1efc1945f4f2369d2ce039157b0e62f2344aa	yes	downloaded	https://storage.googleapis.com/arc-institute-virtual-cell-atlas/scbasecount/2026-01-12/h5ad/GeneFull_Ex50pAS/Homo_sapiens/SRX7846992.h5ad?generation=1770409802548297
data/raw/scbasecount_2026_01_12_human/h5ad/ERX10671983.h5ad	32899249	320bd45b6d3dbbf245a0f029ff9a995efc852e8d7c36e378f41417ebac4f005c	yes	downloaded	https://storage.googleapis.com/arc-institute-virtual-cell-atlas/scbasecount/2026-01-12/h5ad/GeneFull_Ex50pAS/Homo_sapiens/ERX10671983.h5ad?generation=1770409828906825
data/raw/scbasecount_2026_01_12_human/h5ad/SRX9896150.h5ad	289427262	42985d767f61ad0e169ae7d02e852d5784622724a71de9fa18bc007b6acd9d68	yes	downloaded	https://storage.googleapis.com/arc-institute-virtual-cell-atlas/scbasecount/2026-01-12/h5ad/GeneFull_Ex50pAS/Homo_sapiens/SRX9896150.h5ad?generation=1770409810242464
data/raw/scbasecount_2026_01_12_human/h5ad/SRX20597943.h5ad	6813254	8312e8bae5a049c57105df75055dadcf5df953506ab52471274ee4bec75e5a4f	yes	downloaded	https://storage.googleapis.com/arc-institute-virtual-cell-atlas/scbasecount/2026-01-12/h5ad/GeneFull_Ex50pAS/Homo_sapiens/SRX20597943.h5ad?generation=1770409813819946
data/raw/scbasecount_2026_01_12_human/h5ad/SRX15550034.h5ad	34373571	c513408b41fc67d23e9e96b4ff91ccf90223b8c9940e9c87a4cb42f2704144b3	yes	downloaded	https://storage.googleapis.com/arc-institute-virtual-cell-atlas/scbasecount/2026-01-12/h5ad/GeneFull_Ex50pAS/Homo_sapiens/SRX15550034.h5ad?generation=1770409818311837
data/raw/scbasecount_2026_01_12_human/h5ad/SRX29074581.h5ad	518630217	95f36dd5918149b71f60b80c7f3470de695164e6fdd3d1e38f051dbc2b597e84	yes	downloaded	https://storage.googleapis.com/arc-institute-virtual-cell-atlas/scbasecount/2026-01-12/h5ad/GeneFull_Ex50pAS/Homo_sapiens/SRX29074581.h5ad?generation=1770409827045626
data/raw/scbasecount_2026_01_12_human/h5ad/SRX12501922.h5ad	282405513	2ac1ef2e2087797e6283b55c97fcfffc560f5c44e93bb64ef4f6aabd6a876727	yes	downloaded	https://storage.googleapis.com/arc-institute-virtual-cell-atlas/scbasecount/2026-01-12/h5ad/GeneFull_Ex50pAS/Homo_sapiens/SRX12501922.h5ad?generation=1770409883074835
data/raw/scbasecount_2026_01_12_human/h5ad/SRX18109498.h5ad	169141163	f42cf3858fb40ae581013e8ea59d0b0c4aa18a45c2eafdbae80dc0ead17bf975	yes	downloaded	https://storage.googleapis.com/arc-institute-virtual-cell-atlas/scbasecount/2026-01-12/h5ad/GeneFull_Ex50pAS/Homo_sapiens/SRX18109498.h5ad?generation=1770409817931995
data/raw/scbasecount_2026_01_12_human/h5ad/SRX10188834.h5ad	187121701	39ba03a867c1012becaaf28f4f1057d8f385997dc55c09f52140f4aeb06bad14	yes	downloaded	https://storage.googleapis.com/arc-institute-virtual-cell-atlas/scbasecount/2026-01-12/h5ad/GeneFull_Ex50pAS/Homo_sapiens/SRX10188834.h5ad?generation=1770409830557127
data/raw/scbasecount_2026_01_12_human/h5ad/SRX9725224.h5ad	97771052	8ba21c28321f3a1bc5c694c86f970c0d7b0ddbf545e95b7b8b499c56b356ba5c	yes	downloaded	https://storage.googleapis.com/arc-institute-virtual-cell-atlas/scbasecount/2026-01-12/h5ad/GeneFull_Ex50pAS/Homo_sapiens/SRX9725224.h5ad?generation=1770409804372669
data/raw/scbasecount_2026_01_12_human/h5ad/SRX15549909.h5ad	37919102	b93dfbca26ca22681427aa457309b154931ec09eba20cf607f0b35b9ce885985	yes	downloaded	https://storage.googleapis.com/arc-institute-virtual-cell-atlas/scbasecount/2026-01-12/h5ad/GeneFull_Ex50pAS/Homo_sapiens/SRX15549909.h5ad?generation=1770409814322316
data/raw/scbasecount_2026_01_12_human/h5ad/SRX19500059.h5ad	94282846	c8b2ff44a95e12336c0f5b4b14afa3d27cfd0d4caee682d9c97d67837e1fd82a	yes	downloaded	https://storage.googleapis.com/arc-institute-virtual-cell-atlas/scbasecount/2026-01-12/h5ad/GeneFull_Ex50pAS/Homo_sapiens/SRX19500059.h5ad?generation=1770409816476545
data/raw/scbasecount_2026_01_12_human/h5ad/SRX15542547.h5ad	150415502	c718b5bb83df33f28ea6c7279d3e24a0964686e5c3a4f9c71949f6673ef1cbb1	yes	downloaded	https://storage.googleapis.com/arc-institute-virtual-cell-atlas/scbasecount/2026-01-12/h5ad/GeneFull_Ex50pAS/Homo_sapiens/SRX15542547.h5ad?generation=1770409827431377
data/raw/scbasecount_2026_01_12_human/h5ad/SRX15549555.h5ad	3256152	3597e4aea28e364398aec25ad1d460c74e372bb9f12bf0ed078e7855093a9e93	yes	downloaded	https://storage.googleapis.com/arc-institute-virtual-cell-atlas/scbasecount/2026-01-12/h5ad/GeneFull_Ex50pAS/Homo_sapiens/SRX15549555.h5ad?generation=1770409816773923
data/raw/scbasecount_2026_01_12_human/h5ad/SRX15550175.h5ad	32381338	0b7af4908b244da627190c242ff730eed12a03ccb74988f1fa3cef4b7a832c23	yes	downloaded	https://storage.googleapis.com/arc-institute-virtual-cell-atlas/scbasecount/2026-01-12/h5ad/GeneFull_Ex50pAS/Homo_sapiens/SRX15550175.h5ad?generation=1770409814877674
data/raw/scbasecount_2026_01_12_human/h5ad/SRX15542400.h5ad	3586366	2dc87c58d605b5a9e44c46c05bd2c310840870bb2d1ea32d096ad3ba882684f3	yes	downloaded	https://storage.googleapis.com/arc-institute-virtual-cell-atlas/scbasecount/2026-01-12/h5ad/GeneFull_Ex50pAS/Homo_sapiens/SRX15542400.h5ad?generation=1770409815908205
data/raw/scbasecount_2026_01_12_human/h5ad/SRX15550453.h5ad	52509537	50bf7851f4c3346331b93121c4462fbd3eed8bd847575394a597e359ad7ee5ae	yes	downloaded	https://storage.googleapis.com/arc-institute-virtual-cell-atlas/scbasecount/2026-01-12/h5ad/GeneFull_Ex50pAS/Homo_sapiens/SRX15550453.h5ad?generation=1770409814943590
data/raw/scbasecount_2026_01_12_human/h5ad/SRX9896136.h5ad	282501997	10c1d79295d322a1546fa37f598b0db174def3777d5e59edc27d42eccaedcd9a	yes	downloaded	https://storage.googleapis.com/arc-institute-virtual-cell-atlas/scbasecount/2026-01-12/h5ad/GeneFull_Ex50pAS/Homo_sapiens/SRX9896136.h5ad?generation=1770409820838731
data/raw/scbasecount_2026_01_12_human/h5ad/SRX9671356.h5ad	148424327	7c82d25ca558d349afae14ed7778fe8c6e254c0e90b7bc9d755eeb9670193f9d	yes	downloaded	https://storage.googleapis.com/arc-institute-virtual-cell-atlas/scbasecount/2026-01-12/h5ad/GeneFull_Ex50pAS/Homo_sapiens/SRX9671356.h5ad?generation=1770409807674613
data/raw/scbasecount_2026_01_12_human/h5ad/SRX15550347.h5ad	56340317	f4f291350d2e625c8ae410bc629f60fcb30fb4b65ccaea52338e525159ba6b66	yes	downloaded	https://storage.googleapis.com/arc-institute-virtual-cell-atlas/scbasecount/2026-01-12/h5ad/GeneFull_Ex50pAS/Homo_sapiens/SRX15550347.h5ad?generation=1770409817660200
data/raw/scbasecount_2026_01_12_human/h5ad/SRX9103793.h5ad	402469060	a59fd16e9b2a2699470ac99601a92b3a58d99461088337e77f4d502975eea88a	yes	downloaded	https://storage.googleapis.com/arc-institute-virtual-cell-atlas/scbasecount/2026-01-12/h5ad/GeneFull_Ex50pAS/Homo_sapiens/SRX9103793.h5ad?generation=1770409823008791
data/raw/scbasecount_2026_01_12_human/h5ad/SRX15549625.h5ad	53963767	d666bdc25d7a1e3a7626eecc887cfdea834a3f0f018bba423188a81b6c019622	yes	downloaded	https://storage.googleapis.com/arc-institute-virtual-cell-atlas/scbasecount/2026-01-12/h5ad/GeneFull_Ex50pAS/Homo_sapiens/SRX15549625.h5ad?generation=1770409818391908
data/raw/scbasecount_2026_01_12_human/h5ad/SRX10831271.h5ad	139322615	68d37ca1ab2d818bb04510aae71ca4facf1e6e4be0478e8722da770b69c33bfa	yes	downloaded	https://storage.googleapis.com/arc-institute-virtual-cell-atlas/scbasecount/2026-01-12/h5ad/GeneFull_Ex50pAS/Homo_sapiens/SRX10831271.h5ad?generation=1770409831803310
data/raw/scbasecount_2026_01_12_human/h5ad/SRX10490270.h5ad	50161732	e36a65d49b5eb7b7230ed041cfd4f3e6db5084423c13b9091d9844dc11b7150b	yes	downloaded	https://storage.googleapis.com/arc-institute-virtual-cell-atlas/scbasecount/2026-01-12/h5ad/GeneFull_Ex50pAS/Homo_sapiens/SRX10490270.h5ad?generation=1770409828188744
data/raw/scbasecount_2026_01_12_human/h5ad/SRX10697706.h5ad	179105809	72ce4ddb4b8ba738b721eb2532b1aace1e2ab905598f778a2c5c71ef73e60fd4	yes	downloaded	https://storage.googleapis.com/arc-institute-virtual-cell-atlas/scbasecount/2026-01-12/h5ad/GeneFull_Ex50pAS/Homo_sapiens/SRX10697706.h5ad?generation=1770409836711254
data/raw/scbasecount_2026_01_12_human/h5ad/SRX21157187.h5ad	266073754	d53d184500647874e43416d6fdb34dc0f87b818ad14890dc6dedb91746abd2aa	yes	downloaded	https://storage.googleapis.com/arc-institute-virtual-cell-atlas/scbasecount/2026-01-12/h5ad/GeneFull_Ex50pAS/Homo_sapiens/SRX21157187.h5ad?generation=1770409822997272
data/raw/scbasecount_2026_01_12_human/h5ad/SRX7051962.h5ad	97154791	10cfafb292832ef2ac9064325272ee2e9e29427cf8cc5e6b53ea6f4fafc508ab	yes	downloaded	https://storage.googleapis.com/arc-institute-virtual-cell-atlas/scbasecount/2026-01-12/h5ad/GeneFull_Ex50pAS/Homo_sapiens/SRX7051962.h5ad?generation=1770409804881526
data/raw/scbasecount_2026_01_12_human/h5ad/SRX15541985.h5ad	51234937	ea0cd1c21b9268c64fa4530db1fa7b5f70fe69ba9d4a7712d609189fba2c4d59	yes	downloaded	https://storage.googleapis.com/arc-institute-virtual-cell-atlas/scbasecount/2026-01-12/h5ad/GeneFull_Ex50pAS/Homo_sapiens/SRX15541985.h5ad?generation=1770409814905579
data/raw/scbasecount_2026_01_12_human/h5ad/SRX8998539.h5ad	80749286	e1c63c8b88224cfcf5f0829edb9bd763b533ded018bd36f6a89a7989b9418f22	yes	downloaded	https://storage.googleapis.com/arc-institute-virtual-cell-atlas/scbasecount/2026-01-12/h5ad/GeneFull_Ex50pAS/Homo_sapiens/SRX8998539.h5ad?generation=1770409809447275
data/raw/scbasecount_2026_01_12_human/h5ad/SRX15541769.h5ad	60393507	e7bf3ff9757328f2ee6598fe7c8daedc83d34b7fbda659e6c3fa6b633ac4780d	yes	downloaded	https://storage.googleapis.com/arc-institute-virtual-cell-atlas/scbasecount/2026-01-12/h5ad/GeneFull_Ex50pAS/Homo_sapiens/SRX15541769.h5ad?generation=1770409815231744
data/raw/scbasecount_2026_01_12_human/h5ad/SRX27487154.h5ad	112710365	6a00978f31a81ebd1f22f2369158c93ba4ee305ad924deec79a10f0e7100a9d0	yes	downloaded	https://storage.googleapis.com/arc-institute-virtual-cell-atlas/scbasecount/2026-01-12/h5ad/GeneFull_Ex50pAS/Homo_sapiens/SRX27487154.h5ad?generation=1770409806416314
data/raw/scbasecount_2026_01_12_human/h5ad/SRX26261722.h5ad	159481401	d772e8b8b1782b4e7fd7c079fed328e5772ef3f2b7e64032b025961386e2b0ed	yes	downloaded	https://storage.googleapis.com/arc-institute-virtual-cell-atlas/scbasecount/2026-01-12/h5ad/GeneFull_Ex50pAS/Homo_sapiens/SRX26261722.h5ad?generation=1770409806309568
data/raw/scbasecount_2026_01_12_human/h5ad/SRX22686591.h5ad	143062869	47e8adcccce35d37a452353665d80ebb50d6bf99746c8f7c9af17fc6aef0f715	yes	downloaded	https://storage.googleapis.com/arc-institute-virtual-cell-atlas/scbasecount/2026-01-12/h5ad/GeneFull_Ex50pAS/Homo_sapiens/SRX22686591.h5ad?generation=1770409818939399
data/raw/scbasecount_2026_01_12_human/h5ad/ERX9138820.h5ad	57072400	115c5b716e0a3b0f810584f365e1ac165377b024bbcedc75c777f5b24cf75950	yes	downloaded	https://storage.googleapis.com/arc-institute-virtual-cell-atlas/scbasecount/2026-01-12/h5ad/GeneFull_Ex50pAS/Homo_sapiens/ERX9138820.h5ad?generation=1770409832160759
data/raw/scbasecount_2026_01_12_human/h5ad/SRX15542452.h5ad	69089004	4a405c4cc480a6af416737c9539683445b604d8ef060e5e55691ff5829af0bc6	yes	downloaded	https://storage.googleapis.com/arc-institute-virtual-cell-atlas/scbasecount/2026-01-12/h5ad/GeneFull_Ex50pAS/Homo_sapiens/SRX15542452.h5ad?generation=1770409822083559
data/raw/scbasecount_2026_01_12_human/h5ad/SRX9950297.h5ad	261210107	fc6c15cdc9260531931322c8d0c5e7325f6a3ca4b0faef69f8d50c0f1e373af2	yes	downloaded	https://storage.googleapis.com/arc-institute-virtual-cell-atlas/scbasecount/2026-01-12/h5ad/GeneFull_Ex50pAS/Homo_sapiens/SRX9950297.h5ad?generation=1770409815309474
data/raw/scbasecount_2026_01_12_human/h5ad/SRX9933944.h5ad	72452827	c6e9e3a42953d9af836f77e2e5e812368a5f826d64d7f643857e9b1bdb544c5d	yes	downloaded	https://storage.googleapis.com/arc-institute-virtual-cell-atlas/scbasecount/2026-01-12/h5ad/GeneFull_Ex50pAS/Homo_sapiens/SRX9933944.h5ad?generation=1770409803329672
data/raw/scbasecount_2026_01_12_human/h5ad/SRX15541700.h5ad	46384493	288fd219921a6188661557e924cf43a05f3e3344efb8de3a8f7f2fff09fa189d	yes	downloaded	https://storage.googleapis.com/arc-institute-virtual-cell-atlas/scbasecount/2026-01-12/h5ad/GeneFull_Ex50pAS/Homo_sapiens/SRX15541700.h5ad?generation=1770409815729789
data/raw/scbasecount_2026_01_12_human/h5ad/SRX15542471.h5ad	62906657	14ff50a8cfdbd29564eaedcb86636bb10e0acef028b74fb3d87ac3577d2d41a1	yes	downloaded	https://storage.googleapis.com/arc-institute-virtual-cell-atlas/scbasecount/2026-01-12/h5ad/GeneFull_Ex50pAS/Homo_sapiens/SRX15542471.h5ad?generation=1770409819514641
data/raw/scbasecount_2026_01_12_human/h5ad/SRX9896147.h5ad	306158310	f66ac602342f92f61647db752734e0ab073b7e655d6ccdb6aa4956a9e7317532	yes	downloaded	https://storage.googleapis.com/arc-institute-virtual-cell-atlas/scbasecount/2026-01-12/h5ad/GeneFull_Ex50pAS/Homo_sapiens/SRX9896147.h5ad?generation=1770409810395147
data/raw/scbasecount_2026_01_12_human/h5ad/SRX9896146.h5ad	342354591	a53f153ef21a4ff966ed9e6004e4b134bd266967611372601f3ca92659919d56	yes	downloaded	https://storage.googleapis.com/arc-institute-virtual-cell-atlas/scbasecount/2026-01-12/h5ad/GeneFull_Ex50pAS/Homo_sapiens/SRX9896146.h5ad?generation=1770409816690129
data/raw/scbasecount_2026_01_12_human/h5ad/SRX13625804.h5ad	179846521	7a697fb7659eeb90b805386e1e0b295c0a616535077751b67052d5c2e51611cf	yes	downloaded	https://storage.googleapis.com/arc-institute-virtual-cell-atlas/scbasecount/2026-01-12/h5ad/GeneFull_Ex50pAS/Homo_sapiens/SRX13625804.h5ad?generation=1770409895022875
data/raw/scbasecount_2026_01_12_human/h5ad/SRX10697707.h5ad	270788463	c36b75df4b8d0d818defc783cf2088edf21631fe5b0dded00fce03dfb8bddad8	yes	downloaded	https://storage.googleapis.com/arc-institute-virtual-cell-atlas/scbasecount/2026-01-12/h5ad/GeneFull_Ex50pAS/Homo_sapiens/SRX10697707.h5ad?generation=1770409938951702
data/raw/scbasecount_2026_01_12_human/h5ad/SRX9950294.h5ad	265401580	8a454b312a27ef634c16c5f2b2e3a3fe2c84da81c633fb26ef8c5cd8c14024eb	yes	downloaded	https://storage.googleapis.com/arc-institute-virtual-cell-atlas/scbasecount/2026-01-12/h5ad/GeneFull_Ex50pAS/Homo_sapiens/SRX9950294.h5ad?generation=1770409811279627
data/raw/scbasecount_2026_01_12_human/h5ad/SRX19500049.h5ad	60693290	c30c517170de5519b8e2a80b3a37477b2285286778874d04359b064cd5db449b	yes	downloaded	https://storage.googleapis.com/arc-institute-virtual-cell-atlas/scbasecount/2026-01-12/h5ad/GeneFull_Ex50pAS/Homo_sapiens/SRX19500049.h5ad?generation=1770409815083500
data/raw/scbasecount_2026_01_12_human/h5ad/SRX15466464.h5ad	5557270	a7af233b6f39550b7a527cce9897b6a4d95a21759f6580c748b631c7e955ed33	yes	downloaded	https://storage.googleapis.com/arc-institute-virtual-cell-atlas/scbasecount/2026-01-12/h5ad/GeneFull_Ex50pAS/Homo_sapiens/SRX15466464.h5ad?generation=1770409827661366
data/raw/scbasecount_2026_01_12_human/h5ad/SRX18492381.h5ad	167304983	c09c7fb2cb22ce94ba2de97c8cd6749eb1313da252adc1d9ec6c55047603cd1b	yes	downloaded	https://storage.googleapis.com/arc-institute-virtual-cell-atlas/scbasecount/2026-01-12/h5ad/GeneFull_Ex50pAS/Homo_sapiens/SRX18492381.h5ad?generation=1770409821049164
data/raw/scbasecount_2026_01_12_human/h5ad/SRX20597902.h5ad	7337172	7c70440f545632c7e8deb151ae258f7aecc5add08adb34dfb6b31b603f17d7f9	yes	downloaded	https://storage.googleapis.com/arc-institute-virtual-cell-atlas/scbasecount/2026-01-12/h5ad/GeneFull_Ex50pAS/Homo_sapiens/SRX20597902.h5ad?generation=1770409813435982
data/raw/scbasecount_2026_01_12_human/h5ad/ERX13645159.h5ad	245965055	61ebb70d2e1c7cfe8688330344bf297beee53df9bc35fbb6d2fc15a6c4678b7c	yes	downloaded	https://storage.googleapis.com/arc-institute-virtual-cell-atlas/scbasecount/2026-01-12/h5ad/GeneFull_Ex50pAS/Homo_sapiens/ERX13645159.h5ad?generation=1770409830993589
data/raw/scbasecount_2026_01_12_human/h5ad/SRX10188842.h5ad	50916064	76d5d26f80cfbb4dcd2d3d12e7c2f74e433d3bf3f1bd3537cb91a75e0b29cf13	yes	downloaded	https://storage.googleapis.com/arc-institute-virtual-cell-atlas/scbasecount/2026-01-12/h5ad/GeneFull_Ex50pAS/Homo_sapiens/SRX10188842.h5ad?generation=1770409864003224
data/raw/scbasecount_2026_01_12_human/h5ad/SRX20597945.h5ad	123436752	66de5585f5a633395f5e8b3cba1b7c1c83916292a2cef64cc61566e031bed96d	yes	downloaded	https://storage.googleapis.com/arc-institute-virtual-cell-atlas/scbasecount/2026-01-12/h5ad/GeneFull_Ex50pAS/Homo_sapiens/SRX20597945.h5ad?generation=1770409822799854
data/raw/scbasecount_2026_01_12_human/h5ad/SRX9896137.h5ad	298428773	aaa954207cf1dfb8cb24ff8195a63c54288480d5e7ef5db7cb3b66074b0a420c	yes	downloaded	https://storage.googleapis.com/arc-institute-virtual-cell-atlas/scbasecount/2026-01-12/h5ad/GeneFull_Ex50pAS/Homo_sapiens/SRX9896137.h5ad?generation=1770409824445056
data/raw/scbasecount_2026_01_12_human/h5ad/SRX11154158.h5ad	84187689	9798ff5094a624bbf5fe91864393340de9059afda0e36f274813b287988264f5	yes	downloaded	https://storage.googleapis.com/arc-institute-virtual-cell-atlas/scbasecount/2026-01-12/h5ad/GeneFull_Ex50pAS/Homo_sapiens/SRX11154158.h5ad?generation=1770409829346020
data/raw/scbasecount_2026_01_12_human/h5ad/SRX13380103.h5ad	56714948	d67222250599e3dd44e13a044d2c273cfb7aa42e8c9baac25f5eb480cd513f12	yes	downloaded	https://storage.googleapis.com/arc-institute-virtual-cell-atlas/scbasecount/2026-01-12/h5ad/GeneFull_Ex50pAS/Homo_sapiens/SRX13380103.h5ad?generation=1770409831345520
data/raw/scbasecount_2026_01_12_human/h5ad/SRX20597947.h5ad	6563871	dbf38fd94167ed81724e782e1b010fe5c77b8c97611836e860bc6eb7e442165e	yes	downloaded	https://storage.googleapis.com/arc-institute-virtual-cell-atlas/scbasecount/2026-01-12/h5ad/GeneFull_Ex50pAS/Homo_sapiens/SRX20597947.h5ad?generation=1770409813772325
data/raw/scbasecount_2026_01_12_human/h5ad/SRX18492379.h5ad	132595847	3af73c9c73ce3c41ad9cabc348b7fa3e02498f12f633b48dc9c40694ae5ec313	yes	downloaded	https://storage.googleapis.com/arc-institute-virtual-cell-atlas/scbasecount/2026-01-12/h5ad/GeneFull_Ex50pAS/Homo_sapiens/SRX18492379.h5ad?generation=1770409818388314
data/raw/scbasecount_2026_01_12_human/h5ad/SRX9152687.h5ad	35458613	37c08382e7fc124a5554b2699aa9d412b799cf819ef19cef03e8bc09dc0e4d17	yes	downloaded	https://storage.googleapis.com/arc-institute-virtual-cell-atlas/scbasecount/2026-01-12/h5ad/GeneFull_Ex50pAS/Homo_sapiens/SRX9152687.h5ad?generation=1770409802492899
data/raw/scbasecount_2026_01_12_human/h5ad/SRX11154157.h5ad	69496237	8edc3eebaf5831f7bff5501afc661ac1359c79ffb4a7353f95b3dd8f997c11eb	yes	downloaded	https://storage.googleapis.com/arc-institute-virtual-cell-atlas/scbasecount/2026-01-12/h5ad/GeneFull_Ex50pAS/Homo_sapiens/SRX11154157.h5ad?generation=1770409827619917
data/raw/scbasecount_2026_01_12_human/h5ad/SRX19261036.h5ad	229109950	bbb1f3790183cc27fcc7c2f729ea71a01c2ef7be7f0213cf3dbe0f0bf48a70e7	yes	downloaded	https://storage.googleapis.com/arc-institute-virtual-cell-atlas/scbasecount/2026-01-12/h5ad/GeneFull_Ex50pAS/Homo_sapiens/SRX19261036.h5ad?generation=1770409823049512
data/raw/scbasecount_2026_01_12_human/h5ad/SRX18109471.h5ad	3861565	392637a514f53d45c3e97c80ae850c41e891df9ee924f96c9751f726ae277c45	yes	downloaded	https://storage.googleapis.com/arc-institute-virtual-cell-atlas/scbasecount/2026-01-12/h5ad/GeneFull_Ex50pAS/Homo_sapiens/SRX18109471.h5ad?generation=1770409815938719
data/raw/scbasecount_2026_01_12_human/h5ad/SRX19261031.h5ad	298388099	c98bc96d73392a9419b8edd380a4cab2ceb84e23d40919c768d5d898df01d6f1	yes	downloaded	https://storage.googleapis.com/arc-institute-virtual-cell-atlas/scbasecount/2026-01-12/h5ad/GeneFull_Ex50pAS/Homo_sapiens/SRX19261031.h5ad?generation=1770409821636095
data/raw/scbasecount_2026_01_12_human/h5ad/SRX24266743.h5ad	88126674	aae4f2823176b195ab275d6a9e0daef5ca032cd98b909b74149c445dfbe474ba	yes	downloaded	https://storage.googleapis.com/arc-institute-virtual-cell-atlas/scbasecount/2026-01-12/h5ad/GeneFull_Ex50pAS/Homo_sapiens/SRX24266743.h5ad?generation=1770409805227453
data/raw/scbasecount_2026_01_12_human/h5ad/SRX15480559.h5ad	6353189	425803dd467865843ceb03998de1775a5e6fe1667d5cb75682ef1ef803635ed1	yes	downloaded	https://storage.googleapis.com/arc-institute-virtual-cell-atlas/scbasecount/2026-01-12/h5ad/GeneFull_Ex50pAS/Homo_sapiens/SRX15480559.h5ad?generation=1770409826231387
data/raw/scbasecount_2026_01_12_human/h5ad/SRX18492380.h5ad	2823230	b0d8871d0a62e885c23a06891c39621c888a1e27fc3a27a0aa81cad9c073749b	yes	downloaded	https://storage.googleapis.com/arc-institute-virtual-cell-atlas/scbasecount/2026-01-12/h5ad/GeneFull_Ex50pAS/Homo_sapiens/SRX18492380.h5ad?generation=1770409816274410
data/raw/scbasecount_2026_01_12_human/h5ad/SRX11579591.h5ad	124180230	4f8e23ceba3d8b79d5fecf75cc3ee98d12590e39a9997bd49340196541f43ae1	yes	downloaded	https://storage.googleapis.com/arc-institute-virtual-cell-atlas/scbasecount/2026-01-12/h5ad/GeneFull_Ex50pAS/Homo_sapiens/SRX11579591.h5ad?generation=1770409830929688
data/raw/scbasecount_2026_01_12_human/h5ad/SRX20597935.h5ad	7635419	4d89e764ac02902a157323ded97b08d7a9485467500230b27cbe05858cdbbed4	yes	downloaded	https://storage.googleapis.com/arc-institute-virtual-cell-atlas/scbasecount/2026-01-12/h5ad/GeneFull_Ex50pAS/Homo_sapiens/SRX20597935.h5ad?generation=1770409815459133
data/raw/scbasecount_2026_01_12_human/h5ad/SRX29074583.h5ad	379917516	08491a616ac515e61c82fef1522b7a0a9fa7b9b4c7f7009a9593b8e1409af902	yes	downloaded	https://storage.googleapis.com/arc-institute-virtual-cell-atlas/scbasecount/2026-01-12/h5ad/GeneFull_Ex50pAS/Homo_sapiens/SRX29074583.h5ad?generation=1770409823578207
data/raw/scbasecount_2026_01_12_human/h5ad/SRX15541223.h5ad	5550401	2065f81caeac8dff601f492b9a992dc5fc5d538b3013648d23d893292ff55390	yes	downloaded	https://storage.googleapis.com/arc-institute-virtual-cell-atlas/scbasecount/2026-01-12/h5ad/GeneFull_Ex50pAS/Homo_sapiens/SRX15541223.h5ad?generation=1770409814174337
data/raw/scbasecount_2026_01_12_human/h5ad/SRX11541629.h5ad	514174219	253d851bd2ea86ad1edcca911bcbc57d335239df1582b803a597d4359fb9640d	yes	downloaded	https://storage.googleapis.com/arc-institute-virtual-cell-atlas/scbasecount/2026-01-12/h5ad/GeneFull_Ex50pAS/Homo_sapiens/SRX11541629.h5ad?generation=1770409842043746
data/raw/scbasecount_2026_01_12_human/h5ad/SRX18827917.h5ad	189044935	d5a545458f1017cbfd5af393b187fcbf52abd87ab362c12c3100e112cdcb830d	yes	downloaded	https://storage.googleapis.com/arc-institute-virtual-cell-atlas/scbasecount/2026-01-12/h5ad/GeneFull_Ex50pAS/Homo_sapiens/SRX18827917.h5ad?generation=1770409820557429
data/raw/scbasecount_2026_01_12_human/h5ad/SRX19261039.h5ad	233780170	a9d4a16b183bf7947b7c37e52ec2b88a2f20b5a7df780d31f65c7bba6f85f3c5	yes	downloaded	https://storage.googleapis.com/arc-institute-virtual-cell-atlas/scbasecount/2026-01-12/h5ad/GeneFull_Ex50pAS/Homo_sapiens/SRX19261039.h5ad?generation=1770409822978050
data/raw/scbasecount_2026_01_12_human/h5ad/SRX12379062.h5ad	187322119	7461d80f7d3734a179f02773d72845905b0999024c240b936aa76f86783c2dd5	yes	downloaded	https://storage.googleapis.com/arc-institute-virtual-cell-atlas/scbasecount/2026-01-12/h5ad/GeneFull_Ex50pAS/Homo_sapiens/SRX12379062.h5ad?generation=1770409841243963
data/raw/scbasecount_2026_01_12_human/h5ad/SRX9725222.h5ad	57952192	bcbe3835747cc4d74e26c4b7325534b33d7f63311de4ead42da8057669849fbb	yes	downloaded	https://storage.googleapis.com/arc-institute-virtual-cell-atlas/scbasecount/2026-01-12/h5ad/GeneFull_Ex50pAS/Homo_sapiens/SRX9725222.h5ad?generation=1770409805555009
data/raw/scbasecount_2026_01_12_human/h5ad/SRX21779371.h5ad	137151202	68ea09686a255e0ae2b6addc9c1290ddc3154d7b0d803e2757eea3290ec102b9	yes	downloaded	https://storage.googleapis.com/arc-institute-virtual-cell-atlas/scbasecount/2026-01-12/h5ad/GeneFull_Ex50pAS/Homo_sapiens/SRX21779371.h5ad?generation=1770409823074354
data/raw/scbasecount_2026_01_12_human/h5ad/SRX27274730.h5ad	32239019	b19f1bf13653a9c68d3e2d7f1102011e3f29462d1b473c2850de023cc0852a51	yes	downloaded	https://storage.googleapis.com/arc-institute-virtual-cell-atlas/scbasecount/2026-01-12/h5ad/GeneFull_Ex50pAS/Homo_sapiens/SRX27274730.h5ad?generation=1770409803295666
data/raw/scbasecount_2026_01_12_human/h5ad/SRX29074589.h5ad	426995573	eb4b302176ca48adb3307d7ce8934255d029cb114fc957990b0c742dff04b9e9	yes	downloaded	https://storage.googleapis.com/arc-institute-virtual-cell-atlas/scbasecount/2026-01-12/h5ad/GeneFull_Ex50pAS/Homo_sapiens/SRX29074589.h5ad?generation=1770409812660344
data/raw/scbasecount_2026_01_12_human/h5ad/SRX23638272.h5ad	183437549	160d51094b1143b90c0b240cbe2ad78b8bdfa8f77cc08a09d63f04215969cef0	yes	downloaded	https://storage.googleapis.com/arc-institute-virtual-cell-atlas/scbasecount/2026-01-12/h5ad/GeneFull_Ex50pAS/Homo_sapiens/SRX23638272.h5ad?generation=1770409806063760
data/raw/scbasecount_2026_01_12_human/h5ad/SRX18391286.h5ad	260761709	de6ab3711e482041393cba9bd7770e25d65a81e5b9a33f8a490f0b81023a343a	yes	downloaded	https://storage.googleapis.com/arc-institute-virtual-cell-atlas/scbasecount/2026-01-12/h5ad/GeneFull_Ex50pAS/Homo_sapiens/SRX18391286.h5ad?generation=1770409824939708
data/raw/scbasecount_2026_01_12_human/h5ad/SRX9950292.h5ad	282506725	f91254fb113e54e8c2b5dad2a840109c49c5563e9f3c5c652917c85584bf2f88	yes	downloaded	https://storage.googleapis.com/arc-institute-virtual-cell-atlas/scbasecount/2026-01-12/h5ad/GeneFull_Ex50pAS/Homo_sapiens/SRX9950292.h5ad?generation=1770409819634830
data/raw/scbasecount_2026_01_12_human/h5ad/SRX20597936.h5ad	8737828	9f36e21ff67fc4d1378dcc388c959bf9b91dfdf150a788f0f45429a3bb017161	yes	downloaded	https://storage.googleapis.com/arc-institute-virtual-cell-atlas/scbasecount/2026-01-12/h5ad/GeneFull_Ex50pAS/Homo_sapiens/SRX20597936.h5ad?generation=1770409817349439
data/raw/scbasecount_2026_01_12_human/h5ad/SRX15390932.h5ad	142922535	c65756ae4ca007b9382bb7a64f0c746df23c5c88a82fdbf9af7639c0b5e9f840	yes	downloaded	https://storage.googleapis.com/arc-institute-virtual-cell-atlas/scbasecount/2026-01-12/h5ad/GeneFull_Ex50pAS/Homo_sapiens/SRX15390932.h5ad?generation=1770409882267223
data/raw/scbasecount_2026_01_12_human/h5ad/SRX27487150.h5ad	187891584	8fa8e8ab6491447788ed8ebf8b678d91fdb35328a4c5a74e8b9da5446c1c489f	yes	downloaded	https://storage.googleapis.com/arc-institute-virtual-cell-atlas/scbasecount/2026-01-12/h5ad/GeneFull_Ex50pAS/Homo_sapiens/SRX27487150.h5ad?generation=1770409806190090
data/raw/scbasecount_2026_01_12_human/h5ad/ERX13645164.h5ad	38515339	595f2412c42581737594da73d870744bc43f563a86c61f035d817c3118c2e58c	yes	downloaded	https://storage.googleapis.com/arc-institute-virtual-cell-atlas/scbasecount/2026-01-12/h5ad/GeneFull_Ex50pAS/Homo_sapiens/ERX13645164.h5ad?generation=1770409827742836
data/raw/scbasecount_2026_01_12_human/h5ad/SRX13351349.h5ad	82541264	85153742d31f9d47f545c840c2cfac18a9f7f9ba4e4a0536f0abf1b3e1f93a67	yes	downloaded	https://storage.googleapis.com/arc-institute-virtual-cell-atlas/scbasecount/2026-01-12/h5ad/GeneFull_Ex50pAS/Homo_sapiens/SRX13351349.h5ad?generation=1770409831133170
data/raw/scbasecount_2026_01_12_human/h5ad/SRX19500055.h5ad	64622848	c027c59bb29634f14a8826542912e071251ab9d2f1411dd6c951f9bd1872d049	yes	downloaded	https://storage.googleapis.com/arc-institute-virtual-cell-atlas/scbasecount/2026-01-12/h5ad/GeneFull_Ex50pAS/Homo_sapiens/SRX19500055.h5ad?generation=1770409815418051
data/raw/scbasecount_2026_01_12_human/h5ad/SRX10188835.h5ad	130600649	f2a43c2dcdc2cbf6da1b2c973957adcfd782b7831170febc2e00f4c0149f384f	yes	downloaded	https://storage.googleapis.com/arc-institute-virtual-cell-atlas/scbasecount/2026-01-12/h5ad/GeneFull_Ex50pAS/Homo_sapiens/SRX10188835.h5ad?generation=1770409828479724
data/raw/scbasecount_2026_01_12_human/h5ad/SRX10188830.h5ad	119014833	b778f4677f621c42bf12454d51799c427e43aa9f7b1e121943c50e4ccba07135	yes	downloaded	https://storage.googleapis.com/arc-institute-virtual-cell-atlas/scbasecount/2026-01-12/h5ad/GeneFull_Ex50pAS/Homo_sapiens/SRX10188830.h5ad?generation=1770409853702464
data/raw/scbasecount_2026_01_12_human/h5ad/SRX9725223.h5ad	19119671	a9c9ccadb7ca22c6a58a11c1525033268cf91c34d0065c8c39864f93674327a4	yes	downloaded	https://storage.googleapis.com/arc-institute-virtual-cell-atlas/scbasecount/2026-01-12/h5ad/GeneFull_Ex50pAS/Homo_sapiens/SRX9725223.h5ad?generation=1770409803863776
data/raw/scbasecount_2026_01_12_human/h5ad/SRX15465105.h5ad	4026688	f7718040cd6dd59304a12fdd318dad1c55692f88d38d976d714101ad03ae5756	yes	downloaded	https://storage.googleapis.com/arc-institute-virtual-cell-atlas/scbasecount/2026-01-12/h5ad/GeneFull_Ex50pAS/Homo_sapiens/SRX15465105.h5ad?generation=1770409825506102
data/raw/scbasecount_2026_01_12_human/h5ad/SRX9690501.h5ad	119264482	cd0bc9557cf7c2839d3f3edfc9bdb8debe2373ec737cd315b8169f8f4c034e14	yes	downloaded	https://storage.googleapis.com/arc-institute-virtual-cell-atlas/scbasecount/2026-01-12/h5ad/GeneFull_Ex50pAS/Homo_sapiens/SRX9690501.h5ad?generation=1770409804697485
data/raw/scbasecount_2026_01_12_human/h5ad/SRX11482792.h5ad	448115931	b2b30592b071b96c1ebb448cf72fe409b81d5c3c796a2e4fd262b0aa1214dfed	yes	downloaded	https://storage.googleapis.com/arc-institute-virtual-cell-atlas/scbasecount/2026-01-12/h5ad/GeneFull_Ex50pAS/Homo_sapiens/SRX11482792.h5ad?generation=1770409840388317
data/raw/scbasecount_2026_01_12_human/h5ad/SRX13625807.h5ad	174208875	573c91c65fc5735d717d352b353ae0c0b27c09516dddeb3b3bc801244d3c01c3	yes	downloaded	https://storage.googleapis.com/arc-institute-virtual-cell-atlas/scbasecount/2026-01-12/h5ad/GeneFull_Ex50pAS/Homo_sapiens/SRX13625807.h5ad?generation=1770409833569655
data/raw/scbasecount_2026_01_12_human/h5ad/SRX11892899.h5ad	287763058	4b99018fc05c72fccf0c7fe369376c16003cd0bc9dd357ef4c4d03bd6bfa77f4	yes	downloaded	https://storage.googleapis.com/arc-institute-virtual-cell-atlas/scbasecount/2026-01-12/h5ad/GeneFull_Ex50pAS/Homo_sapiens/SRX11892899.h5ad?generation=1770409833209918
data/raw/scbasecount_2026_01_12_human/h5ad/SRX11541630.h5ad	649291718	672ec98c138e15c4aff989ea87b5ddf6c7a704f32582a177c117602976584f03	yes	downloaded	https://storage.googleapis.com/arc-institute-virtual-cell-atlas/scbasecount/2026-01-12/h5ad/GeneFull_Ex50pAS/Homo_sapiens/SRX11541630.h5ad?generation=1770409851814605
data/raw/scbasecount_2026_01_12_human/h5ad/SRX7917648.h5ad	257923783	b3f7fa1e4dbffb18330093f2cd7ec5642589c96c9948a5ef00ca052e758cb3d8	yes	downloaded	https://storage.googleapis.com/arc-institute-virtual-cell-atlas/scbasecount/2026-01-12/h5ad/GeneFull_Ex50pAS/Homo_sapiens/SRX7917648.h5ad?generation=1770409810948348
data/raw/scbasecount_2026_01_12_human/h5ad/SRX15541555.h5ad	130266052	ce9f16d67bcfe90c89d4c681a2662bb460e122b73037a6c8679af08c8688e44a	yes	downloaded	https://storage.googleapis.com/arc-institute-virtual-cell-atlas/scbasecount/2026-01-12/h5ad/GeneFull_Ex50pAS/Homo_sapiens/SRX15541555.h5ad?generation=1770409820443038
data/raw/scbasecount_2026_01_12_human/h5ad/SRX15541657.h5ad	75902548	e096cf144dea17aa592e9f3099af33c1fabbfc9fd98607b897575ed806127aff	yes	downloaded	https://storage.googleapis.com/arc-institute-virtual-cell-atlas/scbasecount/2026-01-12/h5ad/GeneFull_Ex50pAS/Homo_sapiens/SRX15541657.h5ad?generation=1770409841633494
data/raw/scbasecount_2026_01_12_human/h5ad/SRX10188831.h5ad	115111264	14a98a84c802665f3a3d01ff181db77c70b5d2c0f3c0424c42e3b09c2efc0fa3	yes	downloaded	https://storage.googleapis.com/arc-institute-virtual-cell-atlas/scbasecount/2026-01-12/h5ad/GeneFull_Ex50pAS/Homo_sapiens/SRX10188831.h5ad?generation=1770409907740055
data/raw/scbasecount_2026_01_12_human/h5ad/SRX8787090.h5ad	320784173	d5f1ea66d51c8d587026c8935bc836c05d575e91e6e1d84177d900d20d891423	yes	downloaded	https://storage.googleapis.com/arc-institute-virtual-cell-atlas/scbasecount/2026-01-12/h5ad/GeneFull_Ex50pAS/Homo_sapiens/SRX8787090.h5ad?generation=1770409809913604
data/raw/scbasecount_2026_01_12_human/h5ad/SRX8566580.h5ad	138751081	2b6ab693ce305f95969eade7f70c82acce7a41e34e076462d9e1ea03318e6e16	yes	downloaded	https://storage.googleapis.com/arc-institute-virtual-cell-atlas/scbasecount/2026-01-12/h5ad/GeneFull_Ex50pAS/Homo_sapiens/SRX8566580.h5ad?generation=1770409808077506
data/raw/scbasecount_2026_01_12_human/h5ad/SRX15542320.h5ad	54024928	292a78fe44209e81a1c7ce0f80a3d15f5be62bd75874181526cdf22405a6bff8	yes	downloaded	https://storage.googleapis.com/arc-institute-virtual-cell-atlas/scbasecount/2026-01-12/h5ad/GeneFull_Ex50pAS/Homo_sapiens/SRX15542320.h5ad?generation=1770409819089005
data/raw/scbasecount_2026_01_12_human/h5ad/SRX21779373.h5ad	118291798	510e4e5a9f7e8e0fdc580a8ef30a400355d1613508110328d2cf519663bde1b3	yes	downloaded	https://storage.googleapis.com/arc-institute-virtual-cell-atlas/scbasecount/2026-01-12/h5ad/GeneFull_Ex50pAS/Homo_sapiens/SRX21779373.h5ad?generation=1770409817452272
data/raw/scbasecount_2026_01_12_human/h5ad/SRX15550083.h5ad	52022599	b99d24292764da595dd9edb64b7a9d0a0c6c90882993fabb06e0ca33b5943950	yes	downloaded	https://storage.googleapis.com/arc-institute-virtual-cell-atlas/scbasecount/2026-01-12/h5ad/GeneFull_Ex50pAS/Homo_sapiens/SRX15550083.h5ad?generation=1770409814705485
data/raw/scbasecount_2026_01_12_human/h5ad/SRX22094460.h5ad	125538364	f9722f37332948a4744fff2d89a5bf31d6d14dd78911fa40ae8bd88db87aafe4	yes	downloaded	https://storage.googleapis.com/arc-institute-virtual-cell-atlas/scbasecount/2026-01-12/h5ad/GeneFull_Ex50pAS/Homo_sapiens/SRX22094460.h5ad?generation=1770409817804450
data/raw/scbasecount_2026_01_12_human/h5ad/SRX8998540.h5ad	95565141	f9ed6ee49e1653a7af4bb2ab7999da87ea91d56b5d21a558032a5c5bfb02edb3	yes	downloaded	https://storage.googleapis.com/arc-institute-virtual-cell-atlas/scbasecount/2026-01-12/h5ad/GeneFull_Ex50pAS/Homo_sapiens/SRX8998540.h5ad?generation=1770409819894030
data/raw/scbasecount_2026_01_12_human/h5ad/SRX11355854.h5ad	2670766	f35772e56ae1fd40b10b0bf2c36ec387df6b46d2de11a149980745acd3feb966	yes	downloaded	https://storage.googleapis.com/arc-institute-virtual-cell-atlas/scbasecount/2026-01-12/h5ad/GeneFull_Ex50pAS/Homo_sapiens/SRX11355854.h5ad?generation=1770409828425963
data/raw/scbasecount_2026_01_12_human/h5ad/SRX16117606.h5ad	213413638	0b0ff2dcb885660fbc92db1e9ea771fce667c6995885f10c08ae2d01ec930784	yes	downloaded	https://storage.googleapis.com/arc-institute-virtual-cell-atlas/scbasecount/2026-01-12/h5ad/GeneFull_Ex50pAS/Homo_sapiens/SRX16117606.h5ad?generation=1770409826105124
data/raw/scbasecount_2026_01_12_human/h5ad/SRX9690500.h5ad	216636232	4183dd6336fc2f7a6432e6c2d4a228e9d33b02aa0391fa22d17d57c01d3305b9	yes	downloaded	https://storage.googleapis.com/arc-institute-virtual-cell-atlas/scbasecount/2026-01-12/h5ad/GeneFull_Ex50pAS/Homo_sapiens/SRX9690500.h5ad?generation=1770409809924410
data/raw/scbasecount_2026_01_12_human/h5ad/SRX15541922.h5ad	53234641	154861f6a3c9bddb0a70dff6b3db70691e0044f605573a8cc869a4a353cc1fa7	yes	downloaded	https://storage.googleapis.com/arc-institute-virtual-cell-atlas/scbasecount/2026-01-12/h5ad/GeneFull_Ex50pAS/Homo_sapiens/SRX15541922.h5ad?generation=1770409816861884
data/raw/scbasecount_2026_01_12_human/h5ad/SRX11154160.h5ad	48841180	f1c241a70b66a1cfe926ba89e9b34b1c5ae8b616939c518b2b82bccada49cc1e	yes	downloaded	https://storage.googleapis.com/arc-institute-virtual-cell-atlas/scbasecount/2026-01-12/h5ad/GeneFull_Ex50pAS/Homo_sapiens/SRX11154160.h5ad?generation=1770409826560992
data/raw/scbasecount_2026_01_12_human/h5ad/SRX20597901.h5ad	7989407	b244c2e0d75242cdabedc9d0fea0111d8737af382ab6227def6f430af5349b39	yes	downloaded	https://storage.googleapis.com/arc-institute-virtual-cell-atlas/scbasecount/2026-01-12/h5ad/GeneFull_Ex50pAS/Homo_sapiens/SRX20597901.h5ad?generation=1770409815208862
data/raw/scbasecount_2026_01_12_human/h5ad/SRX18109480.h5ad	226447181	f0a214df2c87c1a7e7faeeee126df130412a12a2dfc774cab86392135dce3eda	yes	downloaded	https://storage.googleapis.com/arc-institute-virtual-cell-atlas/scbasecount/2026-01-12/h5ad/GeneFull_Ex50pAS/Homo_sapiens/SRX18109480.h5ad?generation=1770409824359420
data/raw/scbasecount_2026_01_12_human/h5ad/SRX15542226.h5ad	86638111	73231b230d9364fcb450beed7a52b7f4de578d46ddefb62cb760d7bb89ba2c1a	yes	downloaded	https://storage.googleapis.com/arc-institute-virtual-cell-atlas/scbasecount/2026-01-12/h5ad/GeneFull_Ex50pAS/Homo_sapiens/SRX15542226.h5ad?generation=1770409815736602
data/raw/scbasecount_2026_01_12_human/h5ad/SRX9417107.h5ad	190724121	515c8661df3c37a2a45ef83713d747157a2345e02d4cfb09f919971d8011fc8f	yes	downloaded	https://storage.googleapis.com/arc-institute-virtual-cell-atlas/scbasecount/2026-01-12/h5ad/GeneFull_Ex50pAS/Homo_sapiens/SRX9417107.h5ad?generation=1770409805692617
data/raw/scbasecount_2026_01_12_human/h5ad/SRX13875125.h5ad	203686085	421e90042a9d3ead6b975535edf37ee0ef394c94616a56050a6cf9f4b2bb175a	yes	downloaded	https://storage.googleapis.com/arc-institute-virtual-cell-atlas/scbasecount/2026-01-12/h5ad/GeneFull_Ex50pAS/Homo_sapiens/SRX13875125.h5ad?generation=1770409888708743
data/raw/scbasecount_2026_01_12_human/h5ad/SRX15390112.h5ad	120062128	738a6e1635a67ddc57e060724318b371f2581ebcfb50e50e69c6d991555b15fc	yes	downloaded	https://storage.googleapis.com/arc-institute-virtual-cell-atlas/scbasecount/2026-01-12/h5ad/GeneFull_Ex50pAS/Homo_sapiens/SRX15390112.h5ad?generation=1770409829849621
data/raw/scbasecount_2026_01_12_human/h5ad/SRX9896143.h5ad	264950370	9e211f5b169b031f01e7d34365f68a8bebdede3ad884b080f1d2c20e2b2f1517	yes	downloaded	https://storage.googleapis.com/arc-institute-virtual-cell-atlas/scbasecount/2026-01-12/h5ad/GeneFull_Ex50pAS/Homo_sapiens/SRX9896143.h5ad?generation=1770409809228467
data/raw/scbasecount_2026_01_12_human/h5ad/SRX8094420.h5ad	372860922	38c0d676e4726a0a1fb807d2b3c817889e3eb1158ac11d496967c36452e713ee	yes	downloaded	https://storage.googleapis.com/arc-institute-virtual-cell-atlas/scbasecount/2026-01-12/h5ad/GeneFull_Ex50pAS/Homo_sapiens/SRX8094420.h5ad?generation=1770409821498552
data/raw/scbasecount_2026_01_12_human/h5ad/SRX26261721.h5ad	180357941	4224a90579d86f3553641672994bff0e5edbd9ddfdce8e7d545650a35d30dc1a	yes	downloaded	https://storage.googleapis.com/arc-institute-virtual-cell-atlas/scbasecount/2026-01-12/h5ad/GeneFull_Ex50pAS/Homo_sapiens/SRX26261721.h5ad?generation=1770409808531238
data/raw/scbasecount_2026_01_12_human/h5ad/SRX8940853.h5ad	47499486	21ec481eaf158255194ee901ebbc3ef4b074667080275eae407fc2e49babf70e	yes	downloaded	https://storage.googleapis.com/arc-institute-virtual-cell-atlas/scbasecount/2026-01-12/h5ad/GeneFull_Ex50pAS/Homo_sapiens/SRX8940853.h5ad?generation=1770409804463135
data/raw/scbasecount_2026_01_12_human/h5ad/SRX9495614.h5ad	3017825	e6bcbeeec37abca839ec165578501892c9125ef83584acec167d1e59241e44f3	yes	downloaded	https://storage.googleapis.com/arc-institute-virtual-cell-atlas/scbasecount/2026-01-12/h5ad/GeneFull_Ex50pAS/Homo_sapiens/SRX9495614.h5ad?generation=1770409803864340
data/raw/scbasecount_2026_01_12_human/h5ad/SRX19126987.h5ad	166972713	c8f38520ee3a95f0b651c5bca2308414ba7970489957331fd860230a8e2738a2	yes	downloaded	https://storage.googleapis.com/arc-institute-virtual-cell-atlas/scbasecount/2026-01-12/h5ad/GeneFull_Ex50pAS/Homo_sapiens/SRX19126987.h5ad?generation=1770409821991751
data/raw/scbasecount_2026_01_12_human/h5ad/SRX20597939.h5ad	133547684	a78a9a9d92c2dc392add6914989fc3a0c128546341c241c26a22c6fb7cd5680d	yes	downloaded	https://storage.googleapis.com/arc-institute-virtual-cell-atlas/scbasecount/2026-01-12/h5ad/GeneFull_Ex50pAS/Homo_sapiens/SRX20597939.h5ad?generation=1770409818136799
data/raw/scbasecount_2026_01_12_human/h5ad/SRX11355845.h5ad	2888054	1385ddd784eed59b331f8cc9fe71773cc906018aa068aca92768469aea01ef2e	yes	downloaded	https://storage.googleapis.com/arc-institute-virtual-cell-atlas/scbasecount/2026-01-12/h5ad/GeneFull_Ex50pAS/Homo_sapiens/SRX11355845.h5ad?generation=1770409827650704
data/raw/scbasecount_2026_01_12_human/h5ad/SRX14736687.h5ad	183562289	4bc323fc4972a083fd3da3f97cf5c2819e585c50d323594f8d231a5a21b0afd2	yes	downloaded	https://storage.googleapis.com/arc-institute-virtual-cell-atlas/scbasecount/2026-01-12/h5ad/GeneFull_Ex50pAS/Homo_sapiens/SRX14736687.h5ad?generation=1770409830966377
data/raw/scbasecount_2026_01_12_human/h5ad/SRX24274988.h5ad	3126962	d98cd75c30e521a930c430140c0e4d51493339076720a5f23664c4c32b375f52	yes	downloaded	https://storage.googleapis.com/arc-institute-virtual-cell-atlas/scbasecount/2026-01-12/h5ad/GeneFull_Ex50pAS/Homo_sapiens/SRX24274988.h5ad?generation=1770409804598327
data/raw/scbasecount_2026_01_12_human/h5ad/SRX15466221.h5ad	150708382	0a3adc484ada2386468326ec36b2bc272593ce6aedf5880f494b84c54d1495eb	yes	downloaded	https://storage.googleapis.com/arc-institute-virtual-cell-atlas/scbasecount/2026-01-12/h5ad/GeneFull_Ex50pAS/Homo_sapiens/SRX15466221.h5ad?generation=1770409830483342
data/raw/scbasecount_2026_01_12_human/h5ad/SRX6986719.h5ad	41584683	6f6ec20fab97874ca811ec1c4c548ee2c45bf60f0b0eb95829358676ca351827	yes	downloaded	https://storage.googleapis.com/arc-institute-virtual-cell-atlas/scbasecount/2026-01-12/h5ad/GeneFull_Ex50pAS/Homo_sapiens/SRX6986719.h5ad?generation=1770409804728923
data/raw/scbasecount_2026_01_12_human/h5ad/SRX20597946.h5ad	172326646	03bef7d30c3327bd3a7e4ac25a945cec9c3c1a20a1ec10bb3d64d9ba2e1cafe6	yes	downloaded	https://storage.googleapis.com/arc-institute-virtual-cell-atlas/scbasecount/2026-01-12/h5ad/GeneFull_Ex50pAS/Homo_sapiens/SRX20597946.h5ad?generation=1770409818454930
data/raw/scbasecount_2026_01_12_human/h5ad/SRX6949473.h5ad	81919679	ff5b3857622fdfbf27f68d5060327983513251f9910f8aa64c9077d90835df04	yes	downloaded	https://storage.googleapis.com/arc-institute-virtual-cell-atlas/scbasecount/2026-01-12/h5ad/GeneFull_Ex50pAS/Homo_sapiens/SRX6949473.h5ad?generation=1770409806591374
data/raw/scbasecount_2026_01_12_human/h5ad/SRX12379061.h5ad	72634087	963de0fe9edaf6878d362c4272dd135ae7cf94b01c06621aba7e1cace065baf8	yes	downloaded	https://storage.googleapis.com/arc-institute-virtual-cell-atlas/scbasecount/2026-01-12/h5ad/GeneFull_Ex50pAS/Homo_sapiens/SRX12379061.h5ad?generation=1770409827846161
data/raw/scbasecount_2026_01_12_human/h5ad/SRX9419650.h5ad	179443459	3781ec13fa2ba74f59ae6e58ea5e14987ee18a2204a2e8a858550f1cf495432e	yes	downloaded	https://storage.googleapis.com/arc-institute-virtual-cell-atlas/scbasecount/2026-01-12/h5ad/GeneFull_Ex50pAS/Homo_sapiens/SRX9419650.h5ad?generation=1770409806877392
data/raw/scbasecount_2026_01_12_human/h5ad/SRX11579599.h5ad	174844166	44ea4eabe31ea6d32fac28756c68d05e4ba1de12fc763e04f92b02d11d5f217e	yes	downloaded	https://storage.googleapis.com/arc-institute-virtual-cell-atlas/scbasecount/2026-01-12/h5ad/GeneFull_Ex50pAS/Homo_sapiens/SRX11579599.h5ad?generation=1770409834282826
data/raw/scbasecount_2026_01_12_human/h5ad/SRX11154166.h5ad	354837463	6129a870d08ec3ed7e86b461c4a0515e1f1931b3aa98516513d06f8a828f893d	yes	downloaded	https://storage.googleapis.com/arc-institute-virtual-cell-atlas/scbasecount/2026-01-12/h5ad/GeneFull_Ex50pAS/Homo_sapiens/SRX11154166.h5ad?generation=1770409832910861
data/raw/scbasecount_2026_01_12_human/h5ad/SRX11154168.h5ad	365854954	21d0dc23d94f3e5622435408b6597f9c689f3e2672386b48a6bb685ec53f75fb	yes	downloaded	https://storage.googleapis.com/arc-institute-virtual-cell-atlas/scbasecount/2026-01-12/h5ad/GeneFull_Ex50pAS/Homo_sapiens/SRX11154168.h5ad?generation=1770409874099955
data/raw/scbasecount_2026_01_12_human/h5ad/SRX24266745.h5ad	86556955	6833eede0e2d772b492e6447a9be4a234b3dbff265121da57a3c55b8ea87342d	yes	downloaded	https://storage.googleapis.com/arc-institute-virtual-cell-atlas/scbasecount/2026-01-12/h5ad/GeneFull_Ex50pAS/Homo_sapiens/SRX24266745.h5ad?generation=1770409805089016
data/raw/scbasecount_2026_01_12_human/h5ad/SRX8940867.h5ad	106285031	883daed71d00bcf1e6a49e014343ade75031b75d3c08884a3a893558f2a0932a	yes	downloaded	https://storage.googleapis.com/arc-institute-virtual-cell-atlas/scbasecount/2026-01-12/h5ad/GeneFull_Ex50pAS/Homo_sapiens/SRX8940867.h5ad?generation=1770409806208328
data/raw/scbasecount_2026_01_12_human/h5ad/SRX19500056.h5ad	76593329	fb0ddff3544b4da8557e4c5b6e2d9e6491e87003983bc0c2b78a2a1329ee4c72	yes	downloaded	https://storage.googleapis.com/arc-institute-virtual-cell-atlas/scbasecount/2026-01-12/h5ad/GeneFull_Ex50pAS/Homo_sapiens/SRX19500056.h5ad?generation=1770409819138654
data/raw/scbasecount_2026_01_12_human/h5ad/SRX9495610.h5ad	3082384	d9334bd89429953a7b6a930ba8b3372abbc2cfbed0e82f41a2eb7f986baf8e70	yes	downloaded	https://storage.googleapis.com/arc-institute-virtual-cell-atlas/scbasecount/2026-01-12/h5ad/GeneFull_Ex50pAS/Homo_sapiens/SRX9495610.h5ad?generation=1770409802786859
data/raw/scbasecount_2026_01_12_human/h5ad/SRX29214049.h5ad	416579592	70f2cbe635ac360bfd6bec51685c75ab8d8dde29db0c042a755ad7924b335fe0	yes	downloaded	https://storage.googleapis.com/arc-institute-virtual-cell-atlas/scbasecount/2026-01-12/h5ad/GeneFull_Ex50pAS/Homo_sapiens/SRX29214049.h5ad?generation=1770409820498275
data/raw/scbasecount_2026_01_12_human/h5ad/SRX9896114.h5ad	276511861	65365953b690940f2bfc8352df5816582306639c86a0beeed03d3440834a86d3	yes	downloaded	https://storage.googleapis.com/arc-institute-virtual-cell-atlas/scbasecount/2026-01-12/h5ad/GeneFull_Ex50pAS/Homo_sapiens/SRX9896114.h5ad?generation=1770409812242888
data/raw/scbasecount_2026_01_12_human/h5ad/SRX15479665.h5ad	144788613	ae08f57de1bdc18edb02b68e6dd286c8291fe15f7f79db1af79bf289045445b3	yes	downloaded	https://storage.googleapis.com/arc-institute-virtual-cell-atlas/scbasecount/2026-01-12/h5ad/GeneFull_Ex50pAS/Homo_sapiens/SRX15479665.h5ad?generation=1770409832989488
data/raw/scbasecount_2026_01_12_human/h5ad/SRX7241855.h5ad	216623637	232692bc33b2a6fba8df2917563a1d329f8e51ba0cce012dc20b744f02ae1686	yes	downloaded	https://storage.googleapis.com/arc-institute-virtual-cell-atlas/scbasecount/2026-01-12/h5ad/GeneFull_Ex50pAS/Homo_sapiens/SRX7241855.h5ad?generation=1770409812303493
data/raw/scbasecount_2026_01_12_human/h5ad/SRX15542437.h5ad	67815346	b07c5df653a7d726fdaa9c01d635cc24cf14641127bb8256a94f6ae6c719527a	yes	downloaded	https://storage.googleapis.com/arc-institute-virtual-cell-atlas/scbasecount/2026-01-12/h5ad/GeneFull_Ex50pAS/Homo_sapiens/SRX15542437.h5ad?generation=1770409817896343
data/raw/scbasecount_2026_01_12_human/h5ad/SRX9910837.h5ad	193380164	09344dcc24956d0e3d0102ebaacf6f07924ad757f6c5d6d4f2e1c81cde1ec128	yes	downloaded	https://storage.googleapis.com/arc-institute-virtual-cell-atlas/scbasecount/2026-01-12/h5ad/GeneFull_Ex50pAS/Homo_sapiens/SRX9910837.h5ad?generation=1770409806702428
data/raw/scbasecount_2026_01_12_human/h5ad/SRX8940854.h5ad	447501394	fe09de204579975e07e21affb1e7c64ea4bee4e3f4028766888fbfdd558d814b	yes	downloaded	https://storage.googleapis.com/arc-institute-virtual-cell-atlas/scbasecount/2026-01-12/h5ad/GeneFull_Ex50pAS/Homo_sapiens/SRX8940854.h5ad?generation=1770409821967902
data/raw/scbasecount_2026_01_12_human/h5ad/SRX7846994.h5ad	58982164	867d6b5b08f55f91850653cb270dc3362f69456e8d4757f526547b5e96b761cc	yes	downloaded	https://storage.googleapis.com/arc-institute-virtual-cell-atlas/scbasecount/2026-01-12/h5ad/GeneFull_Ex50pAS/Homo_sapiens/SRX7846994.h5ad?generation=1770409809007134
data/raw/scbasecount_2026_01_12_human/h5ad/SRX12501932.h5ad	207618776	838c8456e8e865c4c15518678a55148836281a271c36987a7786e4d36ccc4f5a	yes	downloaded	https://storage.googleapis.com/arc-institute-virtual-cell-atlas/scbasecount/2026-01-12/h5ad/GeneFull_Ex50pAS/Homo_sapiens/SRX12501932.h5ad?generation=1770409830765876
data/raw/scbasecount_2026_01_12_human/h5ad/SRX10831272.h5ad	95682181	2d43a077cd426c149aad0a7516af61ddd9781e3011c0680e721794dd7b52573c	yes	downloaded	https://storage.googleapis.com/arc-institute-virtual-cell-atlas/scbasecount/2026-01-12/h5ad/GeneFull_Ex50pAS/Homo_sapiens/SRX10831272.h5ad?generation=1770409829294978
data/raw/scbasecount_2026_01_12_human/h5ad/SRX8787087.h5ad	257738749	e5b999ed8c422e07d030a5862f5c46629a007a9edb7a502fa3635601e32b4b64	yes	downloaded	https://storage.googleapis.com/arc-institute-virtual-cell-atlas/scbasecount/2026-01-12/h5ad/GeneFull_Ex50pAS/Homo_sapiens/SRX8787087.h5ad?generation=1770409809149150
data/raw/scbasecount_2026_01_12_human/h5ad/SRX8998542.h5ad	88967024	2989d0af5d49548da5ca34c9734b560f073d0a0693a09962e6200010d877e1f6	yes	downloaded	https://storage.googleapis.com/arc-institute-virtual-cell-atlas/scbasecount/2026-01-12/h5ad/GeneFull_Ex50pAS/Homo_sapiens/SRX8998542.h5ad?generation=1770409805786340
data/raw/scbasecount_2026_01_12_human/h5ad/SRX20597937.h5ad	127604530	6baed804aa94090d0766f66d7f20a7a183bfe9d0f8d73d674a6efe93ad928328	yes	downloaded	https://storage.googleapis.com/arc-institute-virtual-cell-atlas/scbasecount/2026-01-12/h5ad/GeneFull_Ex50pAS/Homo_sapiens/SRX20597937.h5ad?generation=1770409822946552
data/raw/scbasecount_2026_01_12_human/h5ad/SRX10617587.h5ad	310540930	c152e5f6ea1b902fcc6ad69039232591df558d01ad6cf9f43943167d64def43f	yes	downloaded	https://storage.googleapis.com/arc-institute-virtual-cell-atlas/scbasecount/2026-01-12/h5ad/GeneFull_Ex50pAS/Homo_sapiens/SRX10617587.h5ad?generation=1770409833753949
data/raw/scbasecount_2026_01_12_human/h5ad/SRX15542203.h5ad	80765278	fe8d83bffd67a456d37fcdb201c304253d5bd2a26f4cd055897a434627c6b56c	yes	downloaded	https://storage.googleapis.com/arc-institute-virtual-cell-atlas/scbasecount/2026-01-12/h5ad/GeneFull_Ex50pAS/Homo_sapiens/SRX15542203.h5ad?generation=1770409816620785
data/raw/scbasecount_2026_01_12_human/h5ad/SRX27847290.h5ad	105516655	ef422a9907d3a5fc29bd29e5141d137f36762f1c16e067dbd6a7274721086bcd	yes	downloaded	https://storage.googleapis.com/arc-institute-virtual-cell-atlas/scbasecount/2026-01-12/h5ad/GeneFull_Ex50pAS/Homo_sapiens/SRX27847290.h5ad?generation=1770409806914415
data/raw/scbasecount_2026_01_12_human/h5ad/SRX22686590.h5ad	122842612	549e50b9d4b83bfab0e53fd0fd17093bac669986857b5e09a651d37a14bed08e	yes	downloaded	https://storage.googleapis.com/arc-institute-virtual-cell-atlas/scbasecount/2026-01-12/h5ad/GeneFull_Ex50pAS/Homo_sapiens/SRX22686590.h5ad?generation=1770409817402794
data/raw/scbasecount_2026_01_12_human/h5ad/SRX18492382.h5ad	2966914	3ff0e9f3e3d9d5a144ee35aad870ecbffed4b1106874570f924173f0c7d1f2cb	yes	downloaded	https://storage.googleapis.com/arc-institute-virtual-cell-atlas/scbasecount/2026-01-12/h5ad/GeneFull_Ex50pAS/Homo_sapiens/SRX18492382.h5ad?generation=1770409813526254
data/raw/scbasecount_2026_01_12_human/h5ad/SRX15549802.h5ad	61810240	2886b3b7c21ad4263d82cbc1a7d0a913ab1f567e2458a40e61a53a3e708771a2	yes	downloaded	https://storage.googleapis.com/arc-institute-virtual-cell-atlas/scbasecount/2026-01-12/h5ad/GeneFull_Ex50pAS/Homo_sapiens/SRX15549802.h5ad?generation=1770409816190311
data/raw/scbasecount_2026_01_12_human/h5ad/SRX10188836.h5ad	125501369	25c2c396f11bbc253b9e51f114c7e9ec0479a9f25fd1204cd860405f5a661342	yes	downloaded	https://storage.googleapis.com/arc-institute-virtual-cell-atlas/scbasecount/2026-01-12/h5ad/GeneFull_Ex50pAS/Homo_sapiens/SRX10188836.h5ad?generation=1770409851324875
data/raw/scbasecount_2026_01_12_human/h5ad/SRX11355776.h5ad	2657412	a22a8318ab109af726b2a680479e298efb5195c25dcae6211bccf2a8e92c3fdd	yes	downloaded	https://storage.googleapis.com/arc-institute-virtual-cell-atlas/scbasecount/2026-01-12/h5ad/GeneFull_Ex50pAS/Homo_sapiens/SRX11355776.h5ad?generation=1770409825588739
data/raw/scbasecount_2026_01_12_human/h5ad/SRX23511531.h5ad	262875895	68738142a82027733f633fb3a38dfdff52e94e8bc692565c8eaf36a1ba999f6a	yes	downloaded	https://storage.googleapis.com/arc-institute-virtual-cell-atlas/scbasecount/2026-01-12/h5ad/GeneFull_Ex50pAS/Homo_sapiens/SRX23511531.h5ad?generation=1770409807879650
data/raw/scbasecount_2026_01_12_human/h5ad/SRX15540774.h5ad	134723515	2c4d8c26a52b599c826302b3b67eab0a18de7e67c2c4996ff86373d95c443c04	yes	downloaded	https://storage.googleapis.com/arc-institute-virtual-cell-atlas/scbasecount/2026-01-12/h5ad/GeneFull_Ex50pAS/Homo_sapiens/SRX15540774.h5ad?generation=1770409834367427
data/raw/scbasecount_2026_01_12_human/h5ad/SRX21157188.h5ad	282576912	537d76ff8d9c8471f64e89361940395c949f31e73c8377b7061dfb0bce5e2079	yes	downloaded	https://storage.googleapis.com/arc-institute-virtual-cell-atlas/scbasecount/2026-01-12/h5ad/GeneFull_Ex50pAS/Homo_sapiens/SRX21157188.h5ad?generation=1770409827326199
data/raw/scbasecount_2026_01_12_human/h5ad/SRX11579595.h5ad	188219276	22b6bd136e7b7feab6f015d7f9f22b16e1c651cf04f54a0990c835319e462a74	yes	downloaded	https://storage.googleapis.com/arc-institute-virtual-cell-atlas/scbasecount/2026-01-12/h5ad/GeneFull_Ex50pAS/Homo_sapiens/SRX11579595.h5ad?generation=1770409859622750
data/raw/scbasecount_2026_01_12_human/h5ad/SRX27274728.h5ad	48280462	8107d362c8b50e0cde6606c37393353a037488227c87fcc34c2fc1e10bb2bddd	yes	downloaded	https://storage.googleapis.com/arc-institute-virtual-cell-atlas/scbasecount/2026-01-12/h5ad/GeneFull_Ex50pAS/Homo_sapiens/SRX27274728.h5ad?generation=1770409802545980
data/raw/scbasecount_2026_01_12_human/h5ad/SRX8998546.h5ad	50899330	bfa50b6410940e0c919ba86f5f909be71ac0c98edab92c1aaa2109b59d666528	yes	downloaded	https://storage.googleapis.com/arc-institute-virtual-cell-atlas/scbasecount/2026-01-12/h5ad/GeneFull_Ex50pAS/Homo_sapiens/SRX8998546.h5ad?generation=1770409804107918
data/raw/scbasecount_2026_01_12_human/h5ad/SRX8483354.h5ad	47728040	b37195969fc5193bd8cd4d4d4ed282022fd7adb2710e2eabc391d250fcbf2bc6	yes	downloaded	https://storage.googleapis.com/arc-institute-virtual-cell-atlas/scbasecount/2026-01-12/h5ad/GeneFull_Ex50pAS/Homo_sapiens/SRX8483354.h5ad?generation=1770409803399434
data/raw/scbasecount_2026_01_12_human/h5ad/SRX9896120.h5ad	276517779	070adbd377fc14126db23f7130ddf97bfe3f6be2a39a69065ef54ac14d5f9db2	yes	downloaded	https://storage.googleapis.com/arc-institute-virtual-cell-atlas/scbasecount/2026-01-12/h5ad/GeneFull_Ex50pAS/Homo_sapiens/SRX9896120.h5ad?generation=1770409809353993
data/raw/scbasecount_2026_01_12_human/h5ad/SRX19261032.h5ad	326423831	6e598a97ce55d632e6892048d01bb4ff92506e32bcc6ace77db91e52019d7a0f	yes	downloaded	https://storage.googleapis.com/arc-institute-virtual-cell-atlas/scbasecount/2026-01-12/h5ad/GeneFull_Ex50pAS/Homo_sapiens/SRX19261032.h5ad?generation=1770409822684709
data/raw/scbasecount_2026_01_12_human/h5ad/SRX11355846.h5ad	2657670	564e5b220c2a074e806417071baeaab813baf7c58995839310897999047afe79	yes	downloaded	https://storage.googleapis.com/arc-institute-virtual-cell-atlas/scbasecount/2026-01-12/h5ad/GeneFull_Ex50pAS/Homo_sapiens/SRX11355846.h5ad?generation=1770409830784490
data/raw/scbasecount_2026_01_12_human/h5ad/SRX18638742.h5ad	66317613	154131c9c2848599849de1c2d19d21efc9e460707fce6dc4fe00e7311a5a034f	yes	downloaded	https://storage.googleapis.com/arc-institute-virtual-cell-atlas/scbasecount/2026-01-12/h5ad/GeneFull_Ex50pAS/Homo_sapiens/SRX18638742.h5ad?generation=1770409819960254
data/raw/scbasecount_2026_01_12_human/h5ad/SRX10188839.h5ad	37232502	188f86d2238ff18761f41a9bf062f097c7c113db5bde188bf6b067d33687c884	yes	downloaded	https://storage.googleapis.com/arc-institute-virtual-cell-atlas/scbasecount/2026-01-12/h5ad/GeneFull_Ex50pAS/Homo_sapiens/SRX10188839.h5ad?generation=1770409827995609
data/raw/scbasecount_2026_01_12_human/h5ad/SRX15542551.h5ad	143467056	5665712395426452404dbe7584a28f1a759d27fc9f651a973843422e9cc967b5	yes	downloaded	https://storage.googleapis.com/arc-institute-virtual-cell-atlas/scbasecount/2026-01-12/h5ad/GeneFull_Ex50pAS/Homo_sapiens/SRX15542551.h5ad?generation=1770409817960115
data/raw/scbasecount_2026_01_12_human/h5ad/SRX10831268.h5ad	157542804	cf4b889c25fce2c18cbf2fe77f19ed1541967d283e58d41ac33bc21c32b509fd	yes	downloaded	https://storage.googleapis.com/arc-institute-virtual-cell-atlas/scbasecount/2026-01-12/h5ad/GeneFull_Ex50pAS/Homo_sapiens/SRX10831268.h5ad?generation=1770409831349790
data/raw/scbasecount_2026_01_12_human/h5ad/SRX8998544.h5ad	105461280	b071100a063f8cd1d30903acc8745735bfe93dd802cd82300503825d029f8da7	yes	downloaded	https://storage.googleapis.com/arc-institute-virtual-cell-atlas/scbasecount/2026-01-12/h5ad/GeneFull_Ex50pAS/Homo_sapiens/SRX8998544.h5ad?generation=1770409804433795
data/raw/scbasecount_2026_01_12_human/h5ad/SRX9495612.h5ad	2673656	eb82960b49e654fe0b9e4e0a394c1a3433841dd39860cabfa9ee79e8aab0480a	yes	downloaded	https://storage.googleapis.com/arc-institute-virtual-cell-atlas/scbasecount/2026-01-12/h5ad/GeneFull_Ex50pAS/Homo_sapiens/SRX9495612.h5ad?generation=1770409802896124
data/raw/scbasecount_2026_01_12_human/h5ad/SRX8073409.h5ad	200519489	bf1cf95981aa53f857674cf8a5b86aa8a739a1a00dd70bcb030df4af253ffe4c	yes	downloaded	https://storage.googleapis.com/arc-institute-virtual-cell-atlas/scbasecount/2026-01-12/h5ad/GeneFull_Ex50pAS/Homo_sapiens/SRX8073409.h5ad?generation=1770409806635959
data/raw/scbasecount_2026_01_12_human/h5ad/SRX11154167.h5ad	375001085	84fda7d8f8e8a764b9583bfb9e7b34af8a807e624d49b0319b0a43bb1c1a9bab	yes	downloaded	https://storage.googleapis.com/arc-institute-virtual-cell-atlas/scbasecount/2026-01-12/h5ad/GeneFull_Ex50pAS/Homo_sapiens/SRX11154167.h5ad?generation=1770409873877096
data/raw/scbasecount_2026_01_12_human/h5ad/SRX9896109.h5ad	261569412	0557a3e401006f5b9549ecc0784703e28990453a947717d288ccf3f4c5a6d6ab	yes	downloaded	https://storage.googleapis.com/arc-institute-virtual-cell-atlas/scbasecount/2026-01-12/h5ad/GeneFull_Ex50pAS/Homo_sapiens/SRX9896109.h5ad?generation=1770409807709169
data/raw/scbasecount_2026_01_12_human/h5ad/SRX16175538.h5ad	61759817	aa8ef313176ed0121f6c8f42e6591b43e01c9a92a28265428454c08051102261	yes	downloaded	https://storage.googleapis.com/arc-institute-virtual-cell-atlas/scbasecount/2026-01-12/h5ad/GeneFull_Ex50pAS/Homo_sapiens/SRX16175538.h5ad?generation=1770409817258576
data/raw/scbasecount_2026_01_12_human/h5ad/SRX18735831.h5ad	197835078	986f69d864310e02414f70093991b98bd505a0986bfe25150c960927b3e8e5ec	yes	downloaded	https://storage.googleapis.com/arc-institute-virtual-cell-atlas/scbasecount/2026-01-12/h5ad/GeneFull_Ex50pAS/Homo_sapiens/SRX18735831.h5ad?generation=1770409868774471
data/raw/scbasecount_2026_01_12_human/h5ad/SRX24769167.h5ad	84270730	cd59df70cced367603b1a4a2b51dba859afd93b589bec9c13b32f191c5ee5bcb	yes	downloaded	https://storage.googleapis.com/arc-institute-virtual-cell-atlas/scbasecount/2026-01-12/h5ad/GeneFull_Ex50pAS/Homo_sapiens/SRX24769167.h5ad?generation=1770409804596713
data/raw/scbasecount_2026_01_12_human/h5ad/SRX26449124.h5ad	287910716	624800a504768cc724e4416d1ad42e0ac0f267de851da8ba51a9ec1b65d1d40e	yes	downloaded	https://storage.googleapis.com/arc-institute-virtual-cell-atlas/scbasecount/2026-01-12/h5ad/GeneFull_Ex50pAS/Homo_sapiens/SRX26449124.h5ad?generation=1770409808849437
data/raw/scbasecount_2026_01_12_human/h5ad/ERX13332007.h5ad	112778821	7ebff9afbe943bb6ace3fff8715e53759060d86f344bc1811c67828ad1070b3d	yes	downloaded	https://storage.googleapis.com/arc-institute-virtual-cell-atlas/scbasecount/2026-01-12/h5ad/GeneFull_Ex50pAS/Homo_sapiens/ERX13332007.h5ad?generation=1770409830971411
data/raw/scbasecount_2026_01_12_human/h5ad/SRX18735793.h5ad	178437064	99212d9244c87a80535770271bd379d63affa1a33d1bb31ff9ff64145ca127dd	yes	downloaded	https://storage.googleapis.com/arc-institute-virtual-cell-atlas/scbasecount/2026-01-12/h5ad/GeneFull_Ex50pAS/Homo_sapiens/SRX18735793.h5ad?generation=1770409821169347
data/raw/scbasecount_2026_01_12_human/h5ad/SRX12030175.h5ad	161880024	c3c813bcd142ebc8f369fd29a146ab264c287252be8527e1c33c74af2c827849	yes	downloaded	https://storage.googleapis.com/arc-institute-virtual-cell-atlas/scbasecount/2026-01-12/h5ad/GeneFull_Ex50pAS/Homo_sapiens/SRX12030175.h5ad?generation=1770409830902142
data/raw/scbasecount_2026_01_12_human/h5ad/SRX11095721.h5ad	170622446	fe3afeefee2c033bdb988afde595f900f6308e5a30af8403137e60d3b12cdb26	yes	downloaded	https://storage.googleapis.com/arc-institute-virtual-cell-atlas/scbasecount/2026-01-12/h5ad/GeneFull_Ex50pAS/Homo_sapiens/SRX11095721.h5ad?generation=1770409831698184
data/raw/scbasecount_2026_01_12_human/h5ad/SRX9075303.h5ad	105746731	0805342f1c19c9b79f3a56398adfc7a776218cf7a56ee9f0ce1b23e5a063d224	yes	downloaded	https://storage.googleapis.com/arc-institute-virtual-cell-atlas/scbasecount/2026-01-12/h5ad/GeneFull_Ex50pAS/Homo_sapiens/SRX9075303.h5ad?generation=1770409807828103
data/raw/scbasecount_2026_01_12_human/h5ad/ERX8792181.h5ad	74787810	9354b33f362ec85154b45485bc08a4fcaa9963bd101d4b98de3e03f0bc8b4c6f	yes	downloaded	https://storage.googleapis.com/arc-institute-virtual-cell-atlas/scbasecount/2026-01-12/h5ad/GeneFull_Ex50pAS/Homo_sapiens/ERX8792181.h5ad?generation=1770409827862785
data/raw/scbasecount_2026_01_12_human/h5ad/SRX9075307.h5ad	74357044	9f41b2fa3afbf0855ed079be799b9a9cef511a09f517cab35743182eb8aead70	yes	downloaded	https://storage.googleapis.com/arc-institute-virtual-cell-atlas/scbasecount/2026-01-12/h5ad/GeneFull_Ex50pAS/Homo_sapiens/SRX9075307.h5ad?generation=1770409805202392
data/raw/scbasecount_2026_01_12_human/h5ad/SRX15139663.h5ad	80185279	0834f0622a6990a31ebebda782415ac42184420f346e76b0728e56e0ed35b9a9	yes	downloaded	https://storage.googleapis.com/arc-institute-virtual-cell-atlas/scbasecount/2026-01-12/h5ad/GeneFull_Ex50pAS/Homo_sapiens/SRX15139663.h5ad?generation=1770409834721017
data/raw/scbasecount_2026_01_12_human/h5ad/SRX19976808.h5ad	53739474	7a49c0f44902e02dfbaeb97e9edd6c16740da9e7d06013a3b65c17dc1b4a9ab5	yes	downloaded	https://storage.googleapis.com/arc-institute-virtual-cell-atlas/scbasecount/2026-01-12/h5ad/GeneFull_Ex50pAS/Homo_sapiens/SRX19976808.h5ad?generation=1770409818716065
data/raw/scbasecount_2026_01_12_human/h5ad/SRX19050187.h5ad	72136716	773f1a200321a46ec09d7da2b7ccc2200a381686b8ee971a2474216a8b6d171e	yes	downloaded	https://storage.googleapis.com/arc-institute-virtual-cell-atlas/scbasecount/2026-01-12/h5ad/GeneFull_Ex50pAS/Homo_sapiens/SRX19050187.h5ad?generation=1770409828368418
data/raw/scbasecount_2026_01_12_human/h5ad/ERX9138746.h5ad	17730433	a3f4aa30297e95259f614c9d9359748896b11a5e07b3e93ec6a35074870698b7	yes	downloaded	https://storage.googleapis.com/arc-institute-virtual-cell-atlas/scbasecount/2026-01-12/h5ad/GeneFull_Ex50pAS/Homo_sapiens/ERX9138746.h5ad?generation=1770409826699007
data/raw/scbasecount_2026_01_12_human/h5ad/SRX20687116.h5ad	117420830	1f6886003a0134957c4c5ff913a0f0f9a640b4db6ddfb768cb68b0a41ef86024	yes	downloaded	https://storage.googleapis.com/arc-institute-virtual-cell-atlas/scbasecount/2026-01-12/h5ad/GeneFull_Ex50pAS/Homo_sapiens/SRX20687116.h5ad?generation=1770409841575474
data/raw/scbasecount_2026_01_12_human/h5ad/SRX20726549.h5ad	53733444	99c128f21da2d20be0f9546585383d326e49466d33d3a4ead3dfe34287a9537c	yes	downloaded	https://storage.googleapis.com/arc-institute-virtual-cell-atlas/scbasecount/2026-01-12/h5ad/GeneFull_Ex50pAS/Homo_sapiens/SRX20726549.h5ad?generation=1770409815589789
data/raw/scbasecount_2026_01_12_human/h5ad/SRX26012145.h5ad	78930891	e6bcf10b0b7f82ebd306fe28d7a831a944d6b3b0b71bfd64317215f3bc6136a0	yes	downloaded	https://storage.googleapis.com/arc-institute-virtual-cell-atlas/scbasecount/2026-01-12/h5ad/GeneFull_Ex50pAS/Homo_sapiens/SRX26012145.h5ad?generation=1770409803734254
data/raw/scbasecount_2026_01_12_human/h5ad/SRX11987912.h5ad	14702857	eef34e7dbbd2966de02126604db0ae38741766f7ab05207d0f00ac032ce888c1	yes	downloaded	https://storage.googleapis.com/arc-institute-virtual-cell-atlas/scbasecount/2026-01-12/h5ad/GeneFull_Ex50pAS/Homo_sapiens/SRX11987912.h5ad?generation=1770409826073532
data/raw/scbasecount_2026_01_12_human/h5ad/SRX19050185.h5ad	144574881	e5435c282c88a6e5861bdddd10a373e019518f11d21a2b3f7e2f793b4acc1731	yes	downloaded	https://storage.googleapis.com/arc-institute-virtual-cell-atlas/scbasecount/2026-01-12/h5ad/GeneFull_Ex50pAS/Homo_sapiens/SRX19050185.h5ad?generation=1770409818492620
data/raw/scbasecount_2026_01_12_human/h5ad/SRX11987905.h5ad	18436040	7995c41a44f97ed8010460036a194a723b5c0b073b6d8563778f7483298bfce3	yes	downloaded	https://storage.googleapis.com/arc-institute-virtual-cell-atlas/scbasecount/2026-01-12/h5ad/GeneFull_Ex50pAS/Homo_sapiens/SRX11987905.h5ad?generation=1770409826812276
data/raw/scbasecount_2026_01_12_human/h5ad/SRX9768490.h5ad	2541676	25a4430b9f1237733b4e51c4021c16d3cb0d7aa29a9b3126b23099edded4da5a	yes	downloaded	https://storage.googleapis.com/arc-institute-virtual-cell-atlas/scbasecount/2026-01-12/h5ad/GeneFull_Ex50pAS/Homo_sapiens/SRX9768490.h5ad?generation=1770409801976099
data/raw/scbasecount_2026_01_12_human/h5ad/SRX9127136.h5ad	17489891	67359f9df07a2d7c6eca61a0bc7d3af05f552e1d99f8e52fb8b468b04c26eec8	yes	downloaded	https://storage.googleapis.com/arc-institute-virtual-cell-atlas/scbasecount/2026-01-12/h5ad/GeneFull_Ex50pAS/Homo_sapiens/SRX9127136.h5ad?generation=1770409802394967
data/raw/scbasecount_2026_01_12_human/h5ad/SRX9127140.h5ad	77896778	48195be07eabfeb6341b300e0ddaac446e28da916c4a41a083e92ee257e44e0c	yes	downloaded	https://storage.googleapis.com/arc-institute-virtual-cell-atlas/scbasecount/2026-01-12/h5ad/GeneFull_Ex50pAS/Homo_sapiens/SRX9127140.h5ad?generation=1770409805365195
data/raw/scbasecount_2026_01_12_human/h5ad/SRX28844512.h5ad	51896160	d9f3d43ca0ad3406958b95b0860bd91696b3b74ec2f948ec265b4d9bc5288df2	yes	downloaded	https://storage.googleapis.com/arc-institute-virtual-cell-atlas/scbasecount/2026-01-12/h5ad/GeneFull_Ex50pAS/Homo_sapiens/SRX28844512.h5ad?generation=1770409802953931
data/raw/scbasecount_2026_01_12_human/h5ad/SRX5126512.h5ad	71369401	53808aa5ea00423933c276f31fb9058e9cfb0c38313e41ff77269a0101495721	yes	downloaded	https://storage.googleapis.com/arc-institute-virtual-cell-atlas/scbasecount/2026-01-12/h5ad/GeneFull_Ex50pAS/Homo_sapiens/SRX5126512.h5ad?generation=1770409802952496
data/raw/scbasecount_2026_01_12_human/h5ad/NRX0000325.h5ad	21539103	0072652bd1ed77cefd1dc2d8c7e6e76a72e5aac5ad130742fc4f89ea6fadfe6c	yes	downloaded	https://storage.googleapis.com/arc-institute-virtual-cell-atlas/scbasecount/2026-01-12/h5ad/GeneFull_Ex50pAS/Homo_sapiens/NRX0000325.h5ad?generation=1770409826606312
data/raw/scbasecount_2026_01_12_human/h5ad/SRX11523698.h5ad	104577180	7c59c29fb96d850f4109db4f3767b91ec339e5b90344d3b86ca072663776dfec	yes	downloaded	https://storage.googleapis.com/arc-institute-virtual-cell-atlas/scbasecount/2026-01-12/h5ad/GeneFull_Ex50pAS/Homo_sapiens/SRX11523698.h5ad?generation=1770409860140273
data/raw/scbasecount_2026_01_12_human/h5ad/ERX8792226.h5ad	7275689	758c3096660f3e3f05de4d3dd263cbfebc19df6b94a59a2f3adbbf3a8a4ac22e	yes	downloaded	https://storage.googleapis.com/arc-institute-virtual-cell-atlas/scbasecount/2026-01-12/h5ad/GeneFull_Ex50pAS/Homo_sapiens/ERX8792226.h5ad?generation=1770409831566366
data/raw/scbasecount_2026_01_12_human/h5ad/SRX19952284.h5ad	4150737	deee95b3f27be4095afd2a5cc0541c089ffcda1519418c432f48470d28f035f9	yes	downloaded	https://storage.googleapis.com/arc-institute-virtual-cell-atlas/scbasecount/2026-01-12/h5ad/GeneFull_Ex50pAS/Homo_sapiens/SRX19952284.h5ad?generation=1770409814686882
data/raw/scbasecount_2026_01_12_human/h5ad/SRX27465440.h5ad	2581124	57dd6cec4033845b07d7cfd8eab7c503edebff24d0c0ee2f9e5716a67a384b5b	yes	downloaded	https://storage.googleapis.com/arc-institute-virtual-cell-atlas/scbasecount/2026-01-12/h5ad/GeneFull_Ex50pAS/Homo_sapiens/SRX27465440.h5ad?generation=1770409802829081
data/raw/scbasecount_2026_01_12_human/h5ad/SRX9995129.h5ad	50802003	6709d09233b73d4f13e89db7611a53eaa0e905d3eda64d8e53abdb0ec94eaa47	yes	downloaded	https://storage.googleapis.com/arc-institute-virtual-cell-atlas/scbasecount/2026-01-12/h5ad/GeneFull_Ex50pAS/Homo_sapiens/SRX9995129.h5ad?generation=1770409813904852
data/raw/scbasecount_2026_01_12_human/h5ad/SRX27465367.h5ad	2595578	247bd77c436e3edf28b3395b81a0f033723cc49f4a6eddd4297828148b2f52a9	yes	downloaded	https://storage.googleapis.com/arc-institute-virtual-cell-atlas/scbasecount/2026-01-12/h5ad/GeneFull_Ex50pAS/Homo_sapiens/SRX27465367.h5ad?generation=1770409802924102
data/raw/scbasecount_2026_01_12_human/h5ad/SRX27465383.h5ad	6858621	cb48a6563387eccd6da747a653c6762f7a38197496e8bb5408420edc6aaf524b	yes	downloaded	https://storage.googleapis.com/arc-institute-virtual-cell-atlas/scbasecount/2026-01-12/h5ad/GeneFull_Ex50pAS/Homo_sapiens/SRX27465383.h5ad?generation=1770409803092260
data/raw/scbasecount_2026_01_12_human/h5ad/SRX28769022.h5ad	4716944	2ceaf0bd2ea388cdb4b54ff50c7e0fad9e83def192d110883007f200c91c458b	yes	downloaded	https://storage.googleapis.com/arc-institute-virtual-cell-atlas/scbasecount/2026-01-12/h5ad/GeneFull_Ex50pAS/Homo_sapiens/SRX28769022.h5ad?generation=1770409803850355
data/raw/scbasecount_2026_01_12_human/h5ad/SRX28768603.h5ad	4884213	378e232b69d2b627c34c2d7bdffe5584b37f21498af9444cf84503b36abac5e7	yes	downloaded	https://storage.googleapis.com/arc-institute-virtual-cell-atlas/scbasecount/2026-01-12/h5ad/GeneFull_Ex50pAS/Homo_sapiens/SRX28768603.h5ad?generation=1770409802821609
data/raw/scbasecount_2026_01_12_human/h5ad/SRX28908263.h5ad	18233876	c2400ea1eadab56ef612a65e02a04cac692c4f6f1d7e0c6feace099b840e7b0b	yes	downloaded	https://storage.googleapis.com/arc-institute-virtual-cell-atlas/scbasecount/2026-01-12/h5ad/GeneFull_Ex50pAS/Homo_sapiens/SRX28908263.h5ad?generation=1770409804102159
data/raw/scbasecount_2026_01_12_human/h5ad/SRX27465182.h5ad	5179011	c3f568e57f7e976897608f4dd07fcb206908434a91ba22ef67f1dadc620df4de	yes	downloaded	https://storage.googleapis.com/arc-institute-virtual-cell-atlas/scbasecount/2026-01-12/h5ad/GeneFull_Ex50pAS/Homo_sapiens/SRX27465182.h5ad?generation=1770409803257961
data/raw/scbasecount_2026_01_12_human/h5ad/SRX28768437.h5ad	6793831	0e0b30ebd6324675cebfe5c6afeab070b3b2ee6bdd1769e304385a6c68233654	yes	downloaded	https://storage.googleapis.com/arc-institute-virtual-cell-atlas/scbasecount/2026-01-12/h5ad/GeneFull_Ex50pAS/Homo_sapiens/SRX28768437.h5ad?generation=1770409804878238
data/raw/scbasecount_2026_01_12_human/h5ad/SRX28768404.h5ad	5876398	1bf1256a6d3ebd998ddeaa151bacfa265542f88e8096603ba23631b51508a9c5	yes	downloaded	https://storage.googleapis.com/arc-institute-virtual-cell-atlas/scbasecount/2026-01-12/h5ad/GeneFull_Ex50pAS/Homo_sapiens/SRX28768404.h5ad?generation=1770409803069514
data/raw/scbasecount_2026_01_12_human/h5ad/SRX27465256.h5ad	2541748	0218b0ab7edb37a75e6bcd69159952d10f667d851066f7aa5b20e8742ebf67a2	yes	downloaded	https://storage.googleapis.com/arc-institute-virtual-cell-atlas/scbasecount/2026-01-12/h5ad/GeneFull_Ex50pAS/Homo_sapiens/SRX27465256.h5ad?generation=1770409802783506
data/raw/scbasecount_2026_01_12_human/h5ad/SRX28769230.h5ad	6916737	48f747cb4c7bd04cfb216336c10371f5ae858eea7b99cb3d0553a5cf0df06244	yes	downloaded	https://storage.googleapis.com/arc-institute-virtual-cell-atlas/scbasecount/2026-01-12/h5ad/GeneFull_Ex50pAS/Homo_sapiens/SRX28769230.h5ad?generation=1770409806080831
data/raw/scbasecount_2026_01_12_human/h5ad/SRX28768647.h5ad	5233625	b953ef8be0bc991c88b1d537c4c71269ccd9a3ec70ea3d0de94013bed29e54c9	yes	downloaded	https://storage.googleapis.com/arc-institute-virtual-cell-atlas/scbasecount/2026-01-12/h5ad/GeneFull_Ex50pAS/Homo_sapiens/SRX28768647.h5ad?generation=1770409803476531
data/raw/scbasecount_2026_01_12_human/h5ad/SRX27465364.h5ad	2533545	0ffb151d2fda83abf4f90365265ac08c20b52e67ef329d1f84db64ba65d59f65	yes	downloaded	https://storage.googleapis.com/arc-institute-virtual-cell-atlas/scbasecount/2026-01-12/h5ad/GeneFull_Ex50pAS/Homo_sapiens/SRX27465364.h5ad?generation=1770409802409434
data/raw/scbasecount_2026_01_12_human/h5ad/SRX28768605.h5ad	5391755	3f059b21e4802e988910de0168d8abee7f8ca3fbf9b32ba4dc3412c50f78a4f4	yes	downloaded	https://storage.googleapis.com/arc-institute-virtual-cell-atlas/scbasecount/2026-01-12/h5ad/GeneFull_Ex50pAS/Homo_sapiens/SRX28768605.h5ad?generation=1770409802813187
data/raw/scbasecount_2026_01_12_human/h5ad/SRX28908439.h5ad	2585765	17cc94410a617cdf88c3f2c2e9bb99ebdca0c2bc9d4d876c9d80ca0194337ecc	yes	downloaded	https://storage.googleapis.com/arc-institute-virtual-cell-atlas/scbasecount/2026-01-12/h5ad/GeneFull_Ex50pAS/Homo_sapiens/SRX28908439.h5ad?generation=1770409802518521
data/raw/scbasecount_2026_01_12_human/h5ad/SRX28908267.h5ad	12193291	305a08a83dbf08ff49933a1c7238e25e63d6d2cd34f222d85fdd2a004349df46	yes	downloaded	https://storage.googleapis.com/arc-institute-virtual-cell-atlas/scbasecount/2026-01-12/h5ad/GeneFull_Ex50pAS/Homo_sapiens/SRX28908267.h5ad?generation=1770409803596587
data/raw/scbasecount_2026_01_12_human/h5ad/SRX28768590.h5ad	6201227	e9283e8dc2e52ff08de91e588d3b090102ca96731d3ddd3338d9beace1eaf507	yes	downloaded	https://storage.googleapis.com/arc-institute-virtual-cell-atlas/scbasecount/2026-01-12/h5ad/GeneFull_Ex50pAS/Homo_sapiens/SRX28768590.h5ad?generation=1770409805089940
data/raw/scbasecount_2026_01_12_human/h5ad/SRX28908274.h5ad	12746802	869822e7c5d2306a95a1673330ce652ae47b855f71984571dbd74225183b58fa	yes	downloaded	https://storage.googleapis.com/arc-institute-virtual-cell-atlas/scbasecount/2026-01-12/h5ad/GeneFull_Ex50pAS/Homo_sapiens/SRX28908274.h5ad?generation=1770409801894700
data/raw/scbasecount_2026_01_12_human/h5ad/SRX28768439.h5ad	4445089	0b1ca8074fe1a0ffaef6477046bd16bce63adf3ab865b544e43355e9c2f6ee59	yes	downloaded	https://storage.googleapis.com/arc-institute-virtual-cell-atlas/scbasecount/2026-01-12/h5ad/GeneFull_Ex50pAS/Homo_sapiens/SRX28768439.h5ad?generation=1770409802828167
data/raw/scbasecount_2026_01_12_human/h5ad/SRX28768466.h5ad	6667095	20a5cf2175f4f472c039c923ff7f39c1edb952ea3598e4e1213935523ccb00bf	yes	downloaded	https://storage.googleapis.com/arc-institute-virtual-cell-atlas/scbasecount/2026-01-12/h5ad/GeneFull_Ex50pAS/Homo_sapiens/SRX28768466.h5ad?generation=1770409803827453
data/raw/scbasecount_2026_01_12_human/h5ad/SRX28768492.h5ad	5798167	b7899a6c9e211f9a11783693f289d076764f98eb881e7e44d3f5b550040e03c2	yes	downloaded	https://storage.googleapis.com/arc-institute-virtual-cell-atlas/scbasecount/2026-01-12/h5ad/GeneFull_Ex50pAS/Homo_sapiens/SRX28768492.h5ad?generation=1770409804018446
data/raw/scbasecount_2026_01_12_human/h5ad/SRX28768641.h5ad	4789625	4b3538a17ec3bf2a706cf12d07b88c3bd52771aff68af61efed23c29acedadfc	yes	downloaded	https://storage.googleapis.com/arc-institute-virtual-cell-atlas/scbasecount/2026-01-12/h5ad/GeneFull_Ex50pAS/Homo_sapiens/SRX28768641.h5ad?generation=1770409802788144
data/raw/scbasecount_2026_01_12_human/h5ad/SRX10617588.h5ad	261974572	1a1bb1d3fbf5d4d30ad5f5c8e2d85422c650a40a34caee5fe43ea6a0dce80b73	yes	downloaded	https://storage.googleapis.com/arc-institute-virtual-cell-atlas/scbasecount/2026-01-12/h5ad/GeneFull_Ex50pAS/Homo_sapiens/SRX10617588.h5ad?generation=1770409835895462
data/raw/scbasecount_2026_01_12_human/h5ad/SRX28908385.h5ad	9925500	fd5b04b4e905e71264d8a7913780b0828649920a31c65161e51569e3cb3e4478	yes	downloaded	https://storage.googleapis.com/arc-institute-virtual-cell-atlas/scbasecount/2026-01-12/h5ad/GeneFull_Ex50pAS/Homo_sapiens/SRX28908385.h5ad?generation=1770409801943444
data/raw/scbasecount_2026_01_12_human/h5ad/SRX28769126.h5ad	7528123	84416378f4e320fb43058434fc58e3b52d0fa00ae235d6490495a2baebcf9520	yes	downloaded	https://storage.googleapis.com/arc-institute-virtual-cell-atlas/scbasecount/2026-01-12/h5ad/GeneFull_Ex50pAS/Homo_sapiens/SRX28769126.h5ad?generation=1770409801975391
data/raw/scbasecount_2026_01_12_human/h5ad/SRX28908366.h5ad	18484026	24e06bfb7333f2f0f5ee2ad0f984f74733d7e86dacf34dca735a6af497ad551c	yes	downloaded	https://storage.googleapis.com/arc-institute-virtual-cell-atlas/scbasecount/2026-01-12/h5ad/GeneFull_Ex50pAS/Homo_sapiens/SRX28908366.h5ad?generation=1770409805380764
data/raw/scbasecount_2026_01_12_human/h5ad/SRX28768395.h5ad	4983054	8a0562d8cd639b7ab5758d52e667c094d40356a963d81f82f398f9d07601407e	yes	downloaded	https://storage.googleapis.com/arc-institute-virtual-cell-atlas/scbasecount/2026-01-12/h5ad/GeneFull_Ex50pAS/Homo_sapiens/SRX28768395.h5ad?generation=1770409804234734
data/raw/scbasecount_2026_01_12_human/h5ad/SRX27465221.h5ad	5374867	41e305a552cd1592e23caea5ff2b662257e004528777de1eec92dc042bacc220	yes	downloaded	https://storage.googleapis.com/arc-institute-virtual-cell-atlas/scbasecount/2026-01-12/h5ad/GeneFull_Ex50pAS/Homo_sapiens/SRX27465221.h5ad?generation=1770409803368864
data/raw/scbasecount_2026_01_12_human/h5ad/SRX28908339.h5ad	89109007	b9a5f512f351bd95f0b0185a144bf8e11fbc21cbf7fa56acf82757dd8c2bb27c	yes	downloaded	https://storage.googleapis.com/arc-institute-virtual-cell-atlas/scbasecount/2026-01-12/h5ad/GeneFull_Ex50pAS/Homo_sapiens/SRX28908339.h5ad?generation=1770409808077964
data/raw/scbasecount_2026_01_12_human/h5ad/SRX11515863.h5ad	35814864	87b1f721e40fb0fd8bb739f78921ea50d03bbe201f8130a0de0348441cac7013	yes	downloaded	https://storage.googleapis.com/arc-institute-virtual-cell-atlas/scbasecount/2026-01-12/h5ad/GeneFull_Ex50pAS/Homo_sapiens/SRX11515863.h5ad?generation=1770409826771993
data/raw/scbasecount_2026_01_12_human/h5ad/ERX8792211.h5ad	8680597	69b49182fa110b68d69f80be68472214c53ec82163170924570bd69cc7b1045f	yes	downloaded	https://storage.googleapis.com/arc-institute-virtual-cell-atlas/scbasecount/2026-01-12/h5ad/GeneFull_Ex50pAS/Homo_sapiens/ERX8792211.h5ad?generation=1770409827947270
data/raw/scbasecount_2026_01_12_human/h5ad/ERX8792217.h5ad	2613400	1544160aee73bf860d0919ec197012024004afee03490d3e049b731814979d9d	yes	downloaded	https://storage.googleapis.com/arc-institute-virtual-cell-atlas/scbasecount/2026-01-12/h5ad/GeneFull_Ex50pAS/Homo_sapiens/ERX8792217.h5ad?generation=1770409825761101
data/raw/scbasecount_2026_01_12_human/h5ad/SRX28769059.h5ad	4284825	2dce273f287c3d2e97b0cec72d571f6daee9b5ce3ab7f6f116b16e5fa91b6dfd	yes	downloaded	https://storage.googleapis.com/arc-institute-virtual-cell-atlas/scbasecount/2026-01-12/h5ad/GeneFull_Ex50pAS/Homo_sapiens/SRX28769059.h5ad?generation=1770409802257711
data/raw/scbasecount_2026_01_12_human/h5ad/SRX10104853.h5ad	108323791	1593bbda0bfb25fc3d994f6452a5f34c58457336a10fc67f4b9cdd1d52c8d62a	yes	downloaded	https://storage.googleapis.com/arc-institute-virtual-cell-atlas/scbasecount/2026-01-12/h5ad/GeneFull_Ex50pAS/Homo_sapiens/SRX10104853.h5ad?generation=1770409828098015
data/raw/scbasecount_2026_01_12_human/h5ad/SRX28908245.h5ad	15669240	c70acf875abcefe89ab9f9065a2e87f8130fbdc43bd0c4ef87ca30b4abdd891b	yes	downloaded	https://storage.googleapis.com/arc-institute-virtual-cell-atlas/scbasecount/2026-01-12/h5ad/GeneFull_Ex50pAS/Homo_sapiens/SRX28908245.h5ad?generation=1770409804174022
data/raw/scbasecount_2026_01_12_human/h5ad/SRX28908170.h5ad	8815663	e301a85c3456b3d5ab8a4813043abb219f45e19c2cdcbce1342d4c59c612bf5a	yes	downloaded	https://storage.googleapis.com/arc-institute-virtual-cell-atlas/scbasecount/2026-01-12/h5ad/GeneFull_Ex50pAS/Homo_sapiens/SRX28908170.h5ad?generation=1770409802817629
data/raw/scbasecount_2026_01_12_human/h5ad/SRX26220432.h5ad	6280668	b79eb174a9a77c9340484349dcb9c61d7aa90ff217177f47a5520fc2212996ec	yes	downloaded	https://storage.googleapis.com/arc-institute-virtual-cell-atlas/scbasecount/2026-01-12/h5ad/GeneFull_Ex50pAS/Homo_sapiens/SRX26220432.h5ad?generation=1770409802703507
data/raw/scbasecount_2026_01_12_human/h5ad/SRX8244525.h5ad	14752079	4edecd30f2c427d244857f1d74affd7500e4776c7e9fd2fa41397f136796bad9	yes	downloaded	https://storage.googleapis.com/arc-institute-virtual-cell-atlas/scbasecount/2026-01-12/h5ad/GeneFull_Ex50pAS/Homo_sapiens/SRX8244525.h5ad?generation=1770409803075191
data/raw/scbasecount_2026_01_12_human/h5ad/SRX9556613.h5ad	201059598	8c0bd45424f595d9c230fb906bc174cb4b89432b4b3c7674d343d418df07072a	yes	downloaded	https://storage.googleapis.com/arc-institute-virtual-cell-atlas/scbasecount/2026-01-12/h5ad/GeneFull_Ex50pAS/Homo_sapiens/SRX9556613.h5ad?generation=1770409808227444
data/raw/scbasecount_2026_01_12_human/h5ad/SRX12708360.h5ad	5864399	d8b823dda70a97f4c6da6549376d66bfe58e5b7f497c6a01e68f334e64d389e3	yes	downloaded	https://storage.googleapis.com/arc-institute-virtual-cell-atlas/scbasecount/2026-01-12/h5ad/GeneFull_Ex50pAS/Homo_sapiens/SRX12708360.h5ad?generation=1770409827836887
data/raw/scbasecount_2026_01_12_human/h5ad/SRX9058184.h5ad	28396386	59bf1bbd9ebb48cce5d3a9c7dbad66e80976e4d3492bf6b53a74f648df33997a	yes	downloaded	https://storage.googleapis.com/arc-institute-virtual-cell-atlas/scbasecount/2026-01-12/h5ad/GeneFull_Ex50pAS/Homo_sapiens/SRX9058184.h5ad?generation=1770409803884217
data/raw/scbasecount_2026_01_12_human/h5ad/SRX8364657.h5ad	56639090	e30986f3ff2c66b06245f3dc97c37ab3d5d5b0bc892866f288d892cfd3e8e297	yes	downloaded	https://storage.googleapis.com/arc-institute-virtual-cell-atlas/scbasecount/2026-01-12/h5ad/GeneFull_Ex50pAS/Homo_sapiens/SRX8364657.h5ad?generation=1770409803450990
data/raw/scbasecount_2026_01_12_human/h5ad/SRX11515833.h5ad	4964459	36ab170286211754676d6132f545e6e4afd2404a7a788df934402211b69ee550	yes	downloaded	https://storage.googleapis.com/arc-institute-virtual-cell-atlas/scbasecount/2026-01-12/h5ad/GeneFull_Ex50pAS/Homo_sapiens/SRX11515833.h5ad?generation=1770409827333748
data/raw/scbasecount_2026_01_12_human/h5ad/SRX27465371.h5ad	2577659	e0b8145144eefa4f22916a46693b7a9c5e4d8ed6a09fa8b9413e6ff015bcee77	yes	downloaded	https://storage.googleapis.com/arc-institute-virtual-cell-atlas/scbasecount/2026-01-12/h5ad/GeneFull_Ex50pAS/Homo_sapiens/SRX27465371.h5ad?generation=1770409803542702
data/raw/scbasecount_2026_01_12_human/h5ad/SRX11071617.h5ad	134412643	70c099f27c22273992c58640a59314d8dc17705ba0d92aafc4cb11c59845b98b	yes	downloaded	https://storage.googleapis.com/arc-institute-virtual-cell-atlas/scbasecount/2026-01-12/h5ad/GeneFull_Ex50pAS/Homo_sapiens/SRX11071617.h5ad?generation=1770409828091633
data/raw/scbasecount_2026_01_12_human/h5ad/SRX11515866.h5ad	43198911	4dd6bd2551ff641c189d8638acf9e7c6b8920d78ac688e14410d0370195957ab	yes	downloaded	https://storage.googleapis.com/arc-institute-virtual-cell-atlas/scbasecount/2026-01-12/h5ad/GeneFull_Ex50pAS/Homo_sapiens/SRX11515866.h5ad?generation=1770409827660371
data/raw/scbasecount_2026_01_12_human/h5ad/SRX28550142.h5ad	15830344	ab62cd750820d1836755b9efe743822c8569272e3358f490964a2ebc6d8f3cdf	yes	downloaded	https://storage.googleapis.com/arc-institute-virtual-cell-atlas/scbasecount/2026-01-12/h5ad/GeneFull_Ex50pAS/Homo_sapiens/SRX28550142.h5ad?generation=1770409803312388
data/raw/scbasecount_2026_01_12_human/h5ad/SRX28768537.h5ad	5393043	07c1cc24b5c5de2c2a1b5c614190d6c046b81ca9ccea25d418cde5a5b025705d	yes	downloaded	https://storage.googleapis.com/arc-institute-virtual-cell-atlas/scbasecount/2026-01-12/h5ad/GeneFull_Ex50pAS/Homo_sapiens/SRX28768537.h5ad?generation=1770409804407054
data/raw/scbasecount_2026_01_12_human/h5ad/SRX28908257.h5ad	2541514	e6e335c9c5d2b2d291c75ea44dea841191b49b623e9570d4d4abdbc87769ab4d	yes	downloaded	https://storage.googleapis.com/arc-institute-virtual-cell-atlas/scbasecount/2026-01-12/h5ad/GeneFull_Ex50pAS/Homo_sapiens/SRX28908257.h5ad?generation=1770409802829396
data/raw/scbasecount_2026_01_12_human/h5ad/SRX8961828.h5ad	34098152	f3e175a0909c02d42688ac6b2516fef842e56a42c6e223dbc8884e76625bac59	yes	downloaded	https://storage.googleapis.com/arc-institute-virtual-cell-atlas/scbasecount/2026-01-12/h5ad/GeneFull_Ex50pAS/Homo_sapiens/SRX8961828.h5ad?generation=1770409802798509
data/raw/scbasecount_2026_01_12_human/h5ad/SRX11515880.h5ad	20788280	2bd548c786dbe4f536a9e9d0a29c5794afbdec8ca7d587d2847e8eed43f4c7fa	yes	downloaded	https://storage.googleapis.com/arc-institute-virtual-cell-atlas/scbasecount/2026-01-12/h5ad/GeneFull_Ex50pAS/Homo_sapiens/SRX11515880.h5ad?generation=1770409828675462
data/raw/scbasecount_2026_01_12_human/h5ad/SRX28768435.h5ad	5252342	1e0a5158fb9af701f094d808d93929b8a884e7812472c1adb2a2de474c970446	yes	downloaded	https://storage.googleapis.com/arc-institute-virtual-cell-atlas/scbasecount/2026-01-12/h5ad/GeneFull_Ex50pAS/Homo_sapiens/SRX28768435.h5ad?generation=1770409803837968
data/raw/scbasecount_2026_01_12_human/h5ad/SRX9058170.h5ad	31877315	c19a9a38f011bc832987ffa933df63930e6e03ff7ae2cb01eb97393a1910e62e	yes	downloaded	https://storage.googleapis.com/arc-institute-virtual-cell-atlas/scbasecount/2026-01-12/h5ad/GeneFull_Ex50pAS/Homo_sapiens/SRX9058170.h5ad?generation=1770409803841838
data/raw/scbasecount_2026_01_12_human/h5ad/SRX13061276.h5ad	62143084	1d46ce1f1571c75e6339906e30bbe91607de78e84938073c0ca093814a224a32	yes	downloaded	https://storage.googleapis.com/arc-institute-virtual-cell-atlas/scbasecount/2026-01-12/h5ad/GeneFull_Ex50pAS/Homo_sapiens/SRX13061276.h5ad?generation=1770409828796147
data/raw/scbasecount_2026_01_12_human/h5ad/SRX9856812.h5ad	68947253	137a7d4acdb4bdec0e433b12269353de2b5c2c05d9d0b37afdd468620a87ccda	yes	downloaded	https://storage.googleapis.com/arc-institute-virtual-cell-atlas/scbasecount/2026-01-12/h5ad/GeneFull_Ex50pAS/Homo_sapiens/SRX9856812.h5ad?generation=1770409804379112
data/raw/scbasecount_2026_01_12_human/h5ad/SRX8820552.h5ad	13413002	9b906555a5b550f5f7ab9aeb856371b484036c8ec14757a60b7948ed32a97592	yes	downloaded	https://storage.googleapis.com/arc-institute-virtual-cell-atlas/scbasecount/2026-01-12/h5ad/GeneFull_Ex50pAS/Homo_sapiens/SRX8820552.h5ad?generation=1770409803308796
data/raw/scbasecount_2026_01_12_human/h5ad/SRX8820550.h5ad	18740193	3e902c966c92b8a44086174ecbce73bbe6f977bdd020e84ff6a8ab4eaaf68b24	yes	downloaded	https://storage.googleapis.com/arc-institute-virtual-cell-atlas/scbasecount/2026-01-12/h5ad/GeneFull_Ex50pAS/Homo_sapiens/SRX8820550.h5ad?generation=1770409802609029
data/raw/scbasecount_2026_01_12_human/h5ad/SRX8820549.h5ad	16729588	a3bd25ef1746983daa6494da504c515f6e6cd31dc33017534811839befdb2f7d	yes	downloaded	https://storage.googleapis.com/arc-institute-virtual-cell-atlas/scbasecount/2026-01-12/h5ad/GeneFull_Ex50pAS/Homo_sapiens/SRX8820549.h5ad?generation=1770409802625921
data/raw/scbasecount_2026_01_12_human/h5ad/SRX8820538.h5ad	10429319	0b47b59b6978d8a85d0ba440f8dc1ef24e828921faf04bc098b4e79391236ed7	yes	downloaded	https://storage.googleapis.com/arc-institute-virtual-cell-atlas/scbasecount/2026-01-12/h5ad/GeneFull_Ex50pAS/Homo_sapiens/SRX8820538.h5ad?generation=1770409801975254
data/raw/scbasecount_2026_01_12_human/h5ad/ERX11148775.h5ad	65961579	cfec45546e73123fdccb7ca110fb00b301cf5548a4ff0a3879bce46983d52e54	yes	downloaded	https://storage.googleapis.com/arc-institute-virtual-cell-atlas/scbasecount/2026-01-12/h5ad/GeneFull_Ex50pAS/Homo_sapiens/ERX11148775.h5ad?generation=1770409827043142
data/raw/scbasecount_2026_01_12_human/h5ad/SRX13584463.h5ad	16781686	1c68e71cd253abc1b984e14b82210b896fa45c47ce6330e7d75c057ed353c32e	yes	downloaded	https://storage.googleapis.com/arc-institute-virtual-cell-atlas/scbasecount/2026-01-12/h5ad/GeneFull_Ex50pAS/Homo_sapiens/SRX13584463.h5ad?generation=1770409828318893
data/raw/scbasecount_2026_01_12_human/h5ad/SRX28122271.h5ad	69762459	ef1e20210a95dc85e74ca5c55399105395239ca78a40039a3bc152c0fa2e9981	yes	downloaded	https://storage.googleapis.com/arc-institute-virtual-cell-atlas/scbasecount/2026-01-12/h5ad/GeneFull_Ex50pAS/Homo_sapiens/SRX28122271.h5ad?generation=1770409807598277
data/raw/scbasecount_2026_01_12_human/h5ad/SRX14719819.h5ad	218096301	0238ad666b5c1845b7378c3bac2cae72c4f923e67376552feab1e65ae5639c34	yes	downloaded	https://storage.googleapis.com/arc-institute-virtual-cell-atlas/scbasecount/2026-01-12/h5ad/GeneFull_Ex50pAS/Homo_sapiens/SRX14719819.h5ad?generation=1770409837701594
data/raw/scbasecount_2026_01_12_human/h5ad/SRX6584255.h5ad	27658820	dfaaa2cddb2571e90d41d04554a694cac71701901d8dfd11de0a628f84feda61	yes	downloaded	https://storage.googleapis.com/arc-institute-virtual-cell-atlas/scbasecount/2026-01-12/h5ad/GeneFull_Ex50pAS/Homo_sapiens/SRX6584255.h5ad?generation=1770409802176154
data/raw/scbasecount_2026_01_12_human/h5ad/SRX9365703.h5ad	229450507	22861024c1ffab1f6621f658b1cd78827739eb319ad29e790e2d2e286df89f51	yes	downloaded	https://storage.googleapis.com/arc-institute-virtual-cell-atlas/scbasecount/2026-01-12/h5ad/GeneFull_Ex50pAS/Homo_sapiens/SRX9365703.h5ad?generation=1770409807069058
data/raw/scbasecount_2026_01_12_human/h5ad/SRX9698555.h5ad	90464001	2cb18fa4cf45ddcc76ff3d92236661ee444a2b100bf4f9d8f2e63a42fd8bad7f	yes	downloaded	https://storage.googleapis.com/arc-institute-virtual-cell-atlas/scbasecount/2026-01-12/h5ad/GeneFull_Ex50pAS/Homo_sapiens/SRX9698555.h5ad?generation=1770409805230473
data/raw/scbasecount_2026_01_12_human/h5ad/SRX13251824.h5ad	39230109	f85236c4839fc3317e18c1e19b3de36ca628b6974db6c14e929933165d997bb1	yes	downloaded	https://storage.googleapis.com/arc-institute-virtual-cell-atlas/scbasecount/2026-01-12/h5ad/GeneFull_Ex50pAS/Homo_sapiens/SRX13251824.h5ad?generation=1770409828425412
data/raw/scbasecount_2026_01_12_human/h5ad/SRX9345270.h5ad	266062046	8fcfaea50a57879e5a41e7f8c4ce056ef0906aef1c3600b9ff0e8ad20f82890d	yes	downloaded	https://storage.googleapis.com/arc-institute-virtual-cell-atlas/scbasecount/2026-01-12/h5ad/GeneFull_Ex50pAS/Homo_sapiens/SRX9345270.h5ad?generation=1770409809483541
data/raw/scbasecount_2026_01_12_human/h5ad/SRX13441698.h5ad	20836582	fae5ad2a660e04eeec4fbbe9a2ab6c62e9abf2dafc8e6b50b779bfe1d6f020bc	yes	downloaded	https://storage.googleapis.com/arc-institute-virtual-cell-atlas/scbasecount/2026-01-12/h5ad/GeneFull_Ex50pAS/Homo_sapiens/SRX13441698.h5ad?generation=1770409825757999
data/raw/scbasecount_2026_01_12_human/h5ad/SRX13209848.h5ad	78069082	c0e459dabb4039718a361b2f57ef419f0ae4dd2691b09119b084f42db389ab6c	yes	downloaded	https://storage.googleapis.com/arc-institute-virtual-cell-atlas/scbasecount/2026-01-12/h5ad/GeneFull_Ex50pAS/Homo_sapiens/SRX13209848.h5ad?generation=1770409830608068
data/raw/scbasecount_2026_01_12_human/h5ad/SRX11813136.h5ad	37011511	da087629c127cffc3d623761b95bb2a173f3440dca9ce691e91e215c2de29bee	yes	downloaded	https://storage.googleapis.com/arc-institute-virtual-cell-atlas/scbasecount/2026-01-12/h5ad/GeneFull_Ex50pAS/Homo_sapiens/SRX11813136.h5ad?generation=1770409827203275
data/raw/scbasecount_2026_01_12_human/h5ad/SRX28769183.h5ad	64322180	b66b9efaaff9bb5a8edfafadc997119e5d5b1397beae776c5f9e2e0fb308fe6d	yes	downloaded	https://storage.googleapis.com/arc-institute-virtual-cell-atlas/scbasecount/2026-01-12/h5ad/GeneFull_Ex50pAS/Homo_sapiens/SRX28769183.h5ad?generation=1770409809956152
data/raw/scbasecount_2026_01_12_human/h5ad/SRX28908179.h5ad	3585540	564861d0784bbe7104d0b12e6c9e6f8d93f8a41e1872de85ca76423469ed1a66	yes	downloaded	https://storage.googleapis.com/arc-institute-virtual-cell-atlas/scbasecount/2026-01-12/h5ad/GeneFull_Ex50pAS/Homo_sapiens/SRX28908179.h5ad?generation=1770409802483162
data/raw/scbasecount_2026_01_12_human/h5ad/SRX28768354.h5ad	7238096	fd4fb8328c25559c31061281af598cfb48fec13a043af2e6cf0ff430e78cdc7d	yes	downloaded	https://storage.googleapis.com/arc-institute-virtual-cell-atlas/scbasecount/2026-01-12/h5ad/GeneFull_Ex50pAS/Homo_sapiens/SRX28768354.h5ad?generation=1770409802010250
data/raw/scbasecount_2026_01_12_human/h5ad/SRX28768640.h5ad	4115094	60d5ab7912c07dc0e33eb3171659ecb1b756efd01d29a37fbec2629d35ed7426	yes	downloaded	https://storage.googleapis.com/arc-institute-virtual-cell-atlas/scbasecount/2026-01-12/h5ad/GeneFull_Ex50pAS/Homo_sapiens/SRX28768640.h5ad?generation=1770409803558985
data/raw/scbasecount_2026_01_12_human/h5ad/SRX18517380.h5ad	222199692	3fdb7ecdba855cc08046657d186d064f9437e40291641ecd0266a49a222176da	yes	downloaded	https://storage.googleapis.com/arc-institute-virtual-cell-atlas/scbasecount/2026-01-12/h5ad/GeneFull_Ex50pAS/Homo_sapiens/SRX18517380.h5ad?generation=1770409825241344
data/raw/scbasecount_2026_01_12_human/h5ad/SRX9365709.h5ad	216710185	ef4d2f8b723dbe22d56c8dadd4f0bf4f9cb7d1e3413997a90be2ab0a58486ff6	yes	downloaded	https://storage.googleapis.com/arc-institute-virtual-cell-atlas/scbasecount/2026-01-12/h5ad/GeneFull_Ex50pAS/Homo_sapiens/SRX9365709.h5ad?generation=1770409807199425
data/raw/scbasecount_2026_01_12_human/h5ad/SRX28971818.h5ad	273800784	ed3e7e03edd074060e33985d1892be0e4827cf0d19e372e17c59cf61fc5200c8	yes	downloaded	https://storage.googleapis.com/arc-institute-virtual-cell-atlas/scbasecount/2026-01-12/h5ad/GeneFull_Ex50pAS/Homo_sapiens/SRX28971818.h5ad?generation=1770409826507435
data/raw/scbasecount_2026_01_12_human/h5ad/SRX28908301.h5ad	3362631	5a50f2f5799f726a9bc1c50c19c4e657c4ac4c3e258a6478d2839884e85f7dc9	yes	downloaded	https://storage.googleapis.com/arc-institute-virtual-cell-atlas/scbasecount/2026-01-12/h5ad/GeneFull_Ex50pAS/Homo_sapiens/SRX28908301.h5ad?generation=1770409802793938
data/raw/scbasecount_2026_01_12_human/h5ad/SRX28768434.h5ad	4912951	29709c06a637f7ab770f8378651331497827ab52bc5ba773a83d497b7c1e687f	yes	downloaded	https://storage.googleapis.com/arc-institute-virtual-cell-atlas/scbasecount/2026-01-12/h5ad/GeneFull_Ex50pAS/Homo_sapiens/SRX28768434.h5ad?generation=1770409802170407
data/raw/scbasecount_2026_01_12_human/h5ad/SRX28768392.h5ad	12694444	5094a9ba4bd9e8fb1586fc95b5f527bd2ba71cfc7cd17493a3a07fec7ee852a7	yes	downloaded	https://storage.googleapis.com/arc-institute-virtual-cell-atlas/scbasecount/2026-01-12/h5ad/GeneFull_Ex50pAS/Homo_sapiens/SRX28768392.h5ad?generation=1770409803523147
data/raw/scbasecount_2026_01_12_human/h5ad/SRX28768406.h5ad	5634894	3d5c4e1d2b752c61810ba7ce4a903d451ee26248787aead66749d66c926fe8de	yes	downloaded	https://storage.googleapis.com/arc-institute-virtual-cell-atlas/scbasecount/2026-01-12/h5ad/GeneFull_Ex50pAS/Homo_sapiens/SRX28768406.h5ad?generation=1770409803570255
data/raw/scbasecount_2026_01_12_human/h5ad/SRX28768582.h5ad	5251862	fe434386cac52ff1b317b9c2da35172bd6f8e64be9b0e701590d9a6911dde09b	yes	downloaded	https://storage.googleapis.com/arc-institute-virtual-cell-atlas/scbasecount/2026-01-12/h5ad/GeneFull_Ex50pAS/Homo_sapiens/SRX28768582.h5ad?generation=1770409802376422
data/raw/scbasecount_2026_01_12_human/h5ad/SRX28908383.h5ad	8878872	b7be56adbddf9c5580e35e5181a9a50326eeb4405931811ac89165fb70fd3ebe	yes	downloaded	https://storage.googleapis.com/arc-institute-virtual-cell-atlas/scbasecount/2026-01-12/h5ad/GeneFull_Ex50pAS/Homo_sapiens/SRX28908383.h5ad?generation=1770409802821944
data/raw/scbasecount_2026_01_12_human/h5ad/SRX28769030.h5ad	74787810	c7b3d06cf500ce84e39fe1a09a5da5bc7e7b3f7ff26eb9450fc0956460804cef	yes	downloaded	https://storage.googleapis.com/arc-institute-virtual-cell-atlas/scbasecount/2026-01-12/h5ad/GeneFull_Ex50pAS/Homo_sapiens/SRX28769030.h5ad?generation=1770409803611001
data/raw/scbasecount_2026_01_12_human/h5ad/SRX28769027.h5ad	7530474	04e0d826887aefc0c44c5229db72cdbd37f8a0241703ddd5ae27b487e959e706	yes	downloaded	https://storage.googleapis.com/arc-institute-virtual-cell-atlas/scbasecount/2026-01-12/h5ad/GeneFull_Ex50pAS/Homo_sapiens/SRX28769027.h5ad?generation=1770409804108741
data/raw/scbasecount_2026_01_12_human/h5ad/SRX28769211.h5ad	2558453	dd378dcb0f4234c60598c5a5ebce9c3b3ff3317ef71a8e372184561888b4828b	yes	downloaded	https://storage.googleapis.com/arc-institute-virtual-cell-atlas/scbasecount/2026-01-12/h5ad/GeneFull_Ex50pAS/Homo_sapiens/SRX28769211.h5ad?generation=1770409803331832
data/raw/scbasecount_2026_01_12_human/h5ad/SRX27465435.h5ad	5074036	74e650b96f294550eeb29fa74e2c7b3625b85b150315a48bf072240a1d850448	yes	downloaded	https://storage.googleapis.com/arc-institute-virtual-cell-atlas/scbasecount/2026-01-12/h5ad/GeneFull_Ex50pAS/Homo_sapiens/SRX27465435.h5ad?generation=1770409802355380
data/raw/scbasecount_2026_01_12_human/h5ad/SRX28769108.h5ad	151321100	8fe9b9e8a81aa046857c543ea69db8f736be39114f8fad538841d537a1807780	yes	downloaded	https://storage.googleapis.com/arc-institute-virtual-cell-atlas/scbasecount/2026-01-12/h5ad/GeneFull_Ex50pAS/Homo_sapiens/SRX28769108.h5ad?generation=1770409807163694
data/raw/scbasecount_2026_01_12_human/h5ad/SRX10364479.h5ad	38725717	f7a12b0b289cc13cb2c3b3393029bcba206841b6d14bb4f321eba787e1195af4	yes	downloaded	https://storage.googleapis.com/arc-institute-virtual-cell-atlas/scbasecount/2026-01-12/h5ad/GeneFull_Ex50pAS/Homo_sapiens/SRX10364479.h5ad?generation=1770409826409666
data/raw/scbasecount_2026_01_12_human/h5ad/SRX28908283.h5ad	277364812	dfc8c99d3bd595c276d0780e39d38ddb6e8b2a405a89c4ddd52f4220fb819787	yes	downloaded	https://storage.googleapis.com/arc-institute-virtual-cell-atlas/scbasecount/2026-01-12/h5ad/GeneFull_Ex50pAS/Homo_sapiens/SRX28908283.h5ad?generation=1770409839875816
data/raw/scbasecount_2026_01_12_human/h5ad/SRX13849575.h5ad	178773643	fa331b605727cf79f7b2d1e087e9ab8f9f66eb33a76d1d7322536ef973205b7a	yes	downloaded	https://storage.googleapis.com/arc-institute-virtual-cell-atlas/scbasecount/2026-01-12/h5ad/GeneFull_Ex50pAS/Homo_sapiens/SRX13849575.h5ad?generation=1770409927108531
data/raw/scbasecount_2026_01_12_human/h5ad/SRX26758258.h5ad	187825808	fcabc9aab8a7c037bae2cd6708b06eb5e7b6731f15fbc4ab57d0afbbe7c51b2b	yes	downloaded	https://storage.googleapis.com/arc-institute-virtual-cell-atlas/scbasecount/2026-01-12/h5ad/GeneFull_Ex50pAS/Homo_sapiens/SRX26758258.h5ad?generation=1770409806226380
data/raw/scbasecount_2026_01_12_human/h5ad/SRX27812350.h5ad	214774807	38820f192a3705e8e9bd10f01a5c9a8fad4730b869f10cee000e48fdc9a3a993	yes	downloaded	https://storage.googleapis.com/arc-institute-virtual-cell-atlas/scbasecount/2026-01-12/h5ad/GeneFull_Ex50pAS/Homo_sapiens/SRX27812350.h5ad?generation=1770409806525569
data/raw/scbasecount_2026_01_12_human/h5ad/SRX10152710.h5ad	30855704	f09d4d39f6843296b2b6f89bed8f5aec8a3d55c21e5f29c727f3b02ad370435e	yes	downloaded	https://storage.googleapis.com/arc-institute-virtual-cell-atlas/scbasecount/2026-01-12/h5ad/GeneFull_Ex50pAS/Homo_sapiens/SRX10152710.h5ad?generation=1770409829707121
data/raw/scbasecount_2026_01_12_human/h5ad/SRX10152712.h5ad	6675044	1ece8d1b659daf105cf1568d342d46ba42d7c3884ac9b4360f63a59076101743	yes	downloaded	https://storage.googleapis.com/arc-institute-virtual-cell-atlas/scbasecount/2026-01-12/h5ad/GeneFull_Ex50pAS/Homo_sapiens/SRX10152712.h5ad?generation=1770409825865974
data/raw/scbasecount_2026_01_12_human/h5ad/SRX10152701.h5ad	7765793	5ef5209e50a315af2c27b0e73fea9d1c01ad8a35e2d5561c69edd13d06bb9f6e	yes	downloaded	https://storage.googleapis.com/arc-institute-virtual-cell-atlas/scbasecount/2026-01-12/h5ad/GeneFull_Ex50pAS/Homo_sapiens/SRX10152701.h5ad?generation=1770409826846949
data/raw/scbasecount_2026_01_12_human/h5ad/ERX8792192.h5ad	129198855	a1441edd43ea6db4e38a28db482eafb4309fb37f96470e2c2a4db2acdda8594e	yes	downloaded	https://storage.googleapis.com/arc-institute-virtual-cell-atlas/scbasecount/2026-01-12/h5ad/GeneFull_Ex50pAS/Homo_sapiens/ERX8792192.h5ad?generation=1770409830526226
data/raw/scbasecount_2026_01_12_human/h5ad/SRX14637015.h5ad	146568877	bcba91744a2861b747559b5cc623934e00e28c091382ff76f5a98601d8c0f51a	yes	downloaded	https://storage.googleapis.com/arc-institute-virtual-cell-atlas/scbasecount/2026-01-12/h5ad/GeneFull_Ex50pAS/Homo_sapiens/SRX14637015.h5ad?generation=1770409830107438
data/raw/scbasecount_2026_01_12_human/h5ad/ERX8792198.h5ad	9392198	69b4b8d855b97e8d3a6cf7a4166ffa388db4e59a43176c2813d80ec136619ddc	yes	downloaded	https://storage.googleapis.com/arc-institute-virtual-cell-atlas/scbasecount/2026-01-12/h5ad/GeneFull_Ex50pAS/Homo_sapiens/ERX8792198.h5ad?generation=1770409825986489
data/raw/scbasecount_2026_01_12_human/h5ad/ERX4319168.h5ad	10397867	bb2e5ac129ee8af95834d3ab5f106d82945a2fc0f39a47a0865dd81302e7935e	yes	downloaded	https://storage.googleapis.com/arc-institute-virtual-cell-atlas/scbasecount/2026-01-12/h5ad/GeneFull_Ex50pAS/Homo_sapiens/ERX4319168.h5ad?generation=1770409825630062
data/raw/scbasecount_2026_01_12_human/h5ad/ERX4319174.h5ad	5457832	d09a1b4c75e6c658adc5aa236581b3d910f6926c82eba162171c98a1a5dddeb3	yes	downloaded	https://storage.googleapis.com/arc-institute-virtual-cell-atlas/scbasecount/2026-01-12/h5ad/GeneFull_Ex50pAS/Homo_sapiens/ERX4319174.h5ad?generation=1770409825733528
data/raw/scbasecount_2026_01_12_human/h5ad/SRX27878523.h5ad	105489323	4670c4b12209bfe393dd20d8ad0a0dcb18416a8be8aff0330fd561f3e096ec87	yes	downloaded	https://storage.googleapis.com/arc-institute-virtual-cell-atlas/scbasecount/2026-01-12/h5ad/GeneFull_Ex50pAS/Homo_sapiens/SRX27878523.h5ad?generation=1770409805129313
data/raw/scbasecount_2026_01_12_human/h5ad/ERX4319176.h5ad	9681860	cc23f64e91e8d3533d75394eaed5fca8e9254b1b85f61827f43fb59e9a93a105	yes	downloaded	https://storage.googleapis.com/arc-institute-virtual-cell-atlas/scbasecount/2026-01-12/h5ad/GeneFull_Ex50pAS/Homo_sapiens/ERX4319176.h5ad?generation=1770409825463486
data/raw/scbasecount_2026_01_12_human/h5ad/ERX9138859.h5ad	3609078	9628db506da1b44bb8dd54110ee69c55e47e891631f6035de78837d5040a19c2	yes	downloaded	https://storage.googleapis.com/arc-institute-virtual-cell-atlas/scbasecount/2026-01-12/h5ad/GeneFull_Ex50pAS/Homo_sapiens/ERX9138859.h5ad?generation=1770409825964826
data/raw/scbasecount_2026_01_12_human/h5ad/SRX27826364.h5ad	14420026	1f07b3250e363e5ded56fcbeb1312d3ddc30059cbea386c0cfc7b561e2372864	yes	downloaded	https://storage.googleapis.com/arc-institute-virtual-cell-atlas/scbasecount/2026-01-12/h5ad/GeneFull_Ex50pAS/Homo_sapiens/SRX27826364.h5ad?generation=1770409802788787
data/raw/scbasecount_2026_01_12_human/h5ad/ERX4319156.h5ad	138887009	77e9fd40c8c6b7588ea84d3a975921f4fb81e3b9031f186e659f63658e3eee43	yes	downloaded	https://storage.googleapis.com/arc-institute-virtual-cell-atlas/scbasecount/2026-01-12/h5ad/GeneFull_Ex50pAS/Homo_sapiens/ERX4319156.h5ad?generation=1770409838049048
data/raw/scbasecount_2026_01_12_human/h5ad/SRX10868888.h5ad	18067893	8bee4b3051533fcd268d38de41205e1fcb317109dd8d5b410ec0a1ef66ca84ad	yes	downloaded	https://storage.googleapis.com/arc-institute-virtual-cell-atlas/scbasecount/2026-01-12/h5ad/GeneFull_Ex50pAS/Homo_sapiens/SRX10868888.h5ad?generation=1770409826727759
data/raw/scbasecount_2026_01_12_human/h5ad/SRX23721822.h5ad	184533799	6ffc05d1c87ca652a2015b12b55f53faa5b792bfe2df63e2f3614cb92c48770c	yes	downloaded	https://storage.googleapis.com/arc-institute-virtual-cell-atlas/scbasecount/2026-01-12/h5ad/GeneFull_Ex50pAS/Homo_sapiens/SRX23721822.h5ad?generation=1770409805684593
data/raw/scbasecount_2026_01_12_human/h5ad/SRX28126541.h5ad	118469599	dbdcd163a2acc51976bf288815a2f48993b319a9799f84517cdad4452a48325d	yes	downloaded	https://storage.googleapis.com/arc-institute-virtual-cell-atlas/scbasecount/2026-01-12/h5ad/GeneFull_Ex50pAS/Homo_sapiens/SRX28126541.h5ad?generation=1770409804325083
data/raw/scbasecount_2026_01_12_human/h5ad/SRX11349320.h5ad	24789685	0407c85b5aa57fabcb16a6c62547fd7079099ea71e4020a61b26740429ef25d9	yes	downloaded	https://storage.googleapis.com/arc-institute-virtual-cell-atlas/scbasecount/2026-01-12/h5ad/GeneFull_Ex50pAS/Homo_sapiens/SRX11349320.h5ad?generation=1770409830350109
data/raw/scbasecount_2026_01_12_human/h5ad/SRX11349324.h5ad	37516743	be7eaeedeb8fcd1413ea3c6bf80992da38c00d6044e63e33e8838197ba62aaea	yes	downloaded	https://storage.googleapis.com/arc-institute-virtual-cell-atlas/scbasecount/2026-01-12/h5ad/GeneFull_Ex50pAS/Homo_sapiens/SRX11349324.h5ad?generation=1770409829205592
data/raw/scbasecount_2026_01_12_human/h5ad/SRX11600027.h5ad	433389283	6dbf2abc5de35b43ea9b06602361e5fc7b877bc5fd0a334a5a545b0a933c6f45	yes	downloaded	https://storage.googleapis.com/arc-institute-virtual-cell-atlas/scbasecount/2026-01-12/h5ad/GeneFull_Ex50pAS/Homo_sapiens/SRX11600027.h5ad?generation=1770409863304123
data/raw/scbasecount_2026_01_12_human/h5ad/SRX9628603.h5ad	313879479	d2d4b431e1fc069d83b517278292c3917a7bdbe833045b1b855b91b96e6c6737	yes	downloaded	https://storage.googleapis.com/arc-institute-virtual-cell-atlas/scbasecount/2026-01-12/h5ad/GeneFull_Ex50pAS/Homo_sapiens/SRX9628603.h5ad?generation=1770409814341186
data/raw/scbasecount_2026_01_12_human/h5ad/SRX14335925.h5ad	15276762	3d48b029b4921c7b078fd983a28d835cbfb25e98e7db409ae96b6b780e8d549f	yes	downloaded	https://storage.googleapis.com/arc-institute-virtual-cell-atlas/scbasecount/2026-01-12/h5ad/GeneFull_Ex50pAS/Homo_sapiens/SRX14335925.h5ad?generation=1770409826043373
data/raw/scbasecount_2026_01_12_human/h5ad/SRX9628596.h5ad	460662109	cef9430ada40e2442d532ddd1cba040c5c4f4956c8679cb43c46f6d09468796d	yes	downloaded	https://storage.googleapis.com/arc-institute-virtual-cell-atlas/scbasecount/2026-01-12/h5ad/GeneFull_Ex50pAS/Homo_sapiens/SRX9628596.h5ad?generation=1770409815602022
data/raw/scbasecount_2026_01_12_human/h5ad/SRX8884979.h5ad	21184324	d5d0db41db6c246f1e9e878929535642155f02f7737fed7529c8dc7494c94af1	yes	downloaded	https://storage.googleapis.com/arc-institute-virtual-cell-atlas/scbasecount/2026-01-12/h5ad/GeneFull_Ex50pAS/Homo_sapiens/SRX8884979.h5ad?generation=1770409802502949
data/raw/scbasecount_2026_01_12_human/h5ad/SRX15830708.h5ad	225113671	a9dae9ba68e7abe55bcb176b5dd10a17ca30e5fda37e1faf73cb5a2f9ed50eaa	yes	downloaded	https://storage.googleapis.com/arc-institute-virtual-cell-atlas/scbasecount/2026-01-12/h5ad/GeneFull_Ex50pAS/Homo_sapiens/SRX15830708.h5ad?generation=1770409823386584
data/raw/scbasecount_2026_01_12_human/h5ad/SRX11482796.h5ad	378188061	0ee05b4e4c70c4cc64e898d835b04e077e14ad1c7587cd1a96e7624e0a87d0da	yes	downloaded	https://storage.googleapis.com/arc-institute-virtual-cell-atlas/scbasecount/2026-01-12/h5ad/GeneFull_Ex50pAS/Homo_sapiens/SRX11482796.h5ad?generation=1770409841320705
data/raw/scbasecount_2026_01_12_human/h5ad/SRX22399938.h5ad	207493251	10b732ca2add6d9f24d818a657378f8f3d88ac8f1d0a50099831f78f614df6b8	yes	downloaded	https://storage.googleapis.com/arc-institute-virtual-cell-atlas/scbasecount/2026-01-12/h5ad/GeneFull_Ex50pAS/Homo_sapiens/SRX22399938.h5ad?generation=1770409832473257
data/raw/scbasecount_2026_01_12_human/h5ad/SRX9763501.h5ad	67713777	ced01af202b6e28667a042a834a9b9446f89f101b2c6e4f110cc42bcaa3fb484	yes	downloaded	https://storage.googleapis.com/arc-institute-virtual-cell-atlas/scbasecount/2026-01-12/h5ad/GeneFull_Ex50pAS/Homo_sapiens/SRX9763501.h5ad?generation=1770409807238611
data/raw/scbasecount_2026_01_12_human/h5ad/SRX8884977.h5ad	162246124	98c22505d3c3ee5e31fb87ee1faf072ff2f3f12ecac3efeabb181d691ea58fff	yes	downloaded	https://storage.googleapis.com/arc-institute-virtual-cell-atlas/scbasecount/2026-01-12/h5ad/GeneFull_Ex50pAS/Homo_sapiens/SRX8884977.h5ad?generation=1770409813107392
data/raw/scbasecount_2026_01_12_human/h5ad/SRX13703935.h5ad	100266397	3fbdb7db27dea443d0b87dc9e8668b58663fc651d7b0c9ff835a6f039676ac54	yes	downloaded	https://storage.googleapis.com/arc-institute-virtual-cell-atlas/scbasecount/2026-01-12/h5ad/GeneFull_Ex50pAS/Homo_sapiens/SRX13703935.h5ad?generation=1770409828718030
data/raw/scbasecount_2026_01_12_human/h5ad/SRX9068998.h5ad	3788090	582a41373b3b21597f072eae87ded9367bc9744a55525ccb1147284ad01ff774	yes	downloaded	https://storage.googleapis.com/arc-institute-virtual-cell-atlas/scbasecount/2026-01-12/h5ad/GeneFull_Ex50pAS/Homo_sapiens/SRX9068998.h5ad?generation=1770409801944177
data/raw/scbasecount_2026_01_12_human/h5ad/SRX24745445.h5ad	184278966	a77ef16b0358fda5a68776e20fc1de204ed21636ba69b6028d6acf6fe5d8457d	yes	downloaded	https://storage.googleapis.com/arc-institute-virtual-cell-atlas/scbasecount/2026-01-12/h5ad/GeneFull_Ex50pAS/Homo_sapiens/SRX24745445.h5ad?generation=1770409808356443
data/raw/scbasecount_2026_01_12_human/h5ad/SRX11523589.h5ad	122289875	d7216cb00b36a602cbfc443d2197f5285bc54502072e179c8f99f4b9938282de	yes	downloaded	https://storage.googleapis.com/arc-institute-virtual-cell-atlas/scbasecount/2026-01-12/h5ad/GeneFull_Ex50pAS/Homo_sapiens/SRX11523589.h5ad?generation=1770409830711206
data/raw/scbasecount_2026_01_12_human/h5ad/SRX11726204.h5ad	153877299	5258ef82d548eae74d1bb8eddf5a1b413ff56575df6460121fed49211534e2ea	yes	downloaded	https://storage.googleapis.com/arc-institute-virtual-cell-atlas/scbasecount/2026-01-12/h5ad/GeneFull_Ex50pAS/Homo_sapiens/SRX11726204.h5ad?generation=1770409831694989
data/raw/scbasecount_2026_01_12_human/h5ad/SRX10264526.h5ad	366919350	e2dee82ec2656946bdf538ae3d88bc78c60066d05c6f5d43a16ebf5994552d3e	yes	downloaded	https://storage.googleapis.com/arc-institute-virtual-cell-atlas/scbasecount/2026-01-12/h5ad/GeneFull_Ex50pAS/Homo_sapiens/SRX10264526.h5ad?generation=1770409838075489
data/raw/scbasecount_2026_01_12_human/h5ad/SRX15405028.h5ad	358200707	a0d62e44b7a8ea3b2b9c8153f31d8a8d004308421ced8360f266ed5e569c6cf0	yes	downloaded	https://storage.googleapis.com/arc-institute-virtual-cell-atlas/scbasecount/2026-01-12/h5ad/GeneFull_Ex50pAS/Homo_sapiens/SRX15405028.h5ad?generation=1770409836302328
data/raw/scbasecount_2026_01_12_human/h5ad/SRX11523666.h5ad	120697962	73a8c459c56623164d20e38cc09282da8ca8980563f2290e5ae953ec7ffdb28a	yes	downloaded	https://storage.googleapis.com/arc-institute-virtual-cell-atlas/scbasecount/2026-01-12/h5ad/GeneFull_Ex50pAS/Homo_sapiens/SRX11523666.h5ad?generation=1770409830036514
data/raw/scbasecount_2026_01_12_human/h5ad/SRX13849573.h5ad	89036998	bc126b1be9106e3ce43159d934f3f03d0742a7ece4a2c9665acd4ad1a3f4621d	yes	downloaded	https://storage.googleapis.com/arc-institute-virtual-cell-atlas/scbasecount/2026-01-12/h5ad/GeneFull_Ex50pAS/Homo_sapiens/SRX13849573.h5ad?generation=1770409833509458
data/raw/scbasecount_2026_01_12_human/h5ad/ERX11148803.h5ad	106649594	99a7ac0660a3fe3f73060982b23216a56adefe6b9e3b5f8332bec35f3f9ab889	yes	downloaded	https://storage.googleapis.com/arc-institute-virtual-cell-atlas/scbasecount/2026-01-12/h5ad/GeneFull_Ex50pAS/Homo_sapiens/ERX11148803.h5ad?generation=1770409831372737
data/raw/scbasecount_2026_01_12_human/h5ad/SRX21474140.h5ad	121440694	4cb4f3f8d9ed1c3d6c672b20e33a859f6bb5b542e48b2908c010fd2fc796fbc0	yes	downloaded	https://storage.googleapis.com/arc-institute-virtual-cell-atlas/scbasecount/2026-01-12/h5ad/GeneFull_Ex50pAS/Homo_sapiens/SRX21474140.h5ad?generation=1770409820586595
data/raw/scbasecount_2026_01_12_human/h5ad/ERX11148790.h5ad	146259443	a1c95abcfe9754a5b9bdccd98f5b3da0fd7a3873527ba74f0e66823cebbd3362	yes	downloaded	https://storage.googleapis.com/arc-institute-virtual-cell-atlas/scbasecount/2026-01-12/h5ad/GeneFull_Ex50pAS/Homo_sapiens/ERX11148790.h5ad?generation=1770409830542702
data/raw/scbasecount_2026_01_12_human/h5ad/SRX8777486.h5ad	46529346	dd8b952548c66322ffefbd1946718ce92900fdfb85b071c0c4f20f9a73147a13	yes	downloaded	https://storage.googleapis.com/arc-institute-virtual-cell-atlas/scbasecount/2026-01-12/h5ad/GeneFull_Ex50pAS/Homo_sapiens/SRX8777486.h5ad?generation=1770409804038609
data/raw/scbasecount_2026_01_12_human/h5ad/SRX11243108.h5ad	76560670	642f2d2041b3477afbe38e3a1be4a1db2166fe0c64b7923f097034ff7a7b6aaa	yes	downloaded	https://storage.googleapis.com/arc-institute-virtual-cell-atlas/scbasecount/2026-01-12/h5ad/GeneFull_Ex50pAS/Homo_sapiens/SRX11243108.h5ad?generation=1770409827116085
data/raw/scbasecount_2026_01_12_human/h5ad/SRX11726199.h5ad	167244131	352e2b5d47cd0ea7c1054483aee1bbc58cd15741d40ce234d71ede053ff00efb	yes	downloaded	https://storage.googleapis.com/arc-institute-virtual-cell-atlas/scbasecount/2026-01-12/h5ad/GeneFull_Ex50pAS/Homo_sapiens/SRX11726199.h5ad?generation=1770409830335422
data/raw/scbasecount_2026_01_12_human/h5ad/SRX8999175.h5ad	37768761	7ad85fa50f95b2c31381687580c516a9801341a1605f5330a992043ced470163	yes	downloaded	https://storage.googleapis.com/arc-institute-virtual-cell-atlas/scbasecount/2026-01-12/h5ad/GeneFull_Ex50pAS/Homo_sapiens/SRX8999175.h5ad?generation=1770409806513645
data/raw/scbasecount_2026_01_12_human/h5ad/SRX11243102.h5ad	109009162	21779b339fb77dcf1d312665945d233ec2c23ccd7e4f1fa420583bf97c4cb91c	yes	downloaded	https://storage.googleapis.com/arc-institute-virtual-cell-atlas/scbasecount/2026-01-12/h5ad/GeneFull_Ex50pAS/Homo_sapiens/SRX11243102.h5ad?generation=1770409837188930
data/raw/scbasecount_2026_01_12_human/h5ad/SRX11243101.h5ad	122288488	b0a8c6fd0e21f8ab2ae85a3cde075c2ff1a63c6b2c806a6be45418bc62cd3596	yes	downloaded	https://storage.googleapis.com/arc-institute-virtual-cell-atlas/scbasecount/2026-01-12/h5ad/GeneFull_Ex50pAS/Homo_sapiens/SRX11243101.h5ad?generation=1770409828987702
data/raw/scbasecount_2026_01_12_human/h5ad/SRX25737231.h5ad	246304123	3fcee1a719a52884597e53752dd3aafe4f8d2c9bb0d884cf4a6271f0afae8da6	yes	downloaded	https://storage.googleapis.com/arc-institute-virtual-cell-atlas/scbasecount/2026-01-12/h5ad/GeneFull_Ex50pAS/Homo_sapiens/SRX25737231.h5ad?generation=1770409808206743
data/raw/scbasecount_2026_01_12_human/h5ad/SRX11243098.h5ad	229105696	2e9e668619f59b63072f179a777bee489219061a36d1d59337c5cd933d94a9ba	yes	downloaded	https://storage.googleapis.com/arc-institute-virtual-cell-atlas/scbasecount/2026-01-12/h5ad/GeneFull_Ex50pAS/Homo_sapiens/SRX11243098.h5ad?generation=1770409833574055
data/raw/scbasecount_2026_01_12_human/h5ad/SRX27878524.h5ad	219278943	ca2eb90462bfd1244749c59f55dda53c61e3b3b454752c66bcef6a6cf38cf150	yes	downloaded	https://storage.googleapis.com/arc-institute-virtual-cell-atlas/scbasecount/2026-01-12/h5ad/GeneFull_Ex50pAS/Homo_sapiens/SRX27878524.h5ad?generation=1770409810621685
data/raw/scbasecount_2026_01_12_human/h5ad/SRX27449480.h5ad	4137208	4fe6fc8ddcfe5818af22309cee1c7ace58f12e49d3eaf56a540626566976c7f2	yes	downloaded	https://storage.googleapis.com/arc-institute-virtual-cell-atlas/scbasecount/2026-01-12/h5ad/GeneFull_Ex50pAS/Homo_sapiens/SRX27449480.h5ad?generation=1770409803858668
data/raw/scbasecount_2026_01_12_human/h5ad/SRX9665020.h5ad	182623385	f08a8dff61d02759ebddfc5d2bd374a93fea2cbf90a598d9bcb5c6daae571a50	yes	downloaded	https://storage.googleapis.com/arc-institute-virtual-cell-atlas/scbasecount/2026-01-12/h5ad/GeneFull_Ex50pAS/Homo_sapiens/SRX9665020.h5ad?generation=1770409806318288
data/raw/scbasecount_2026_01_12_human/h5ad/SRX27878535.h5ad	137310493	a30c9628a7e3ed11a79d7acb0578417b0dc7134726d9221c4f208bd06b7e8d21	yes	downloaded	https://storage.googleapis.com/arc-institute-virtual-cell-atlas/scbasecount/2026-01-12/h5ad/GeneFull_Ex50pAS/Homo_sapiens/SRX27878535.h5ad?generation=1770409804447543
data/raw/scbasecount_2026_01_12_human/h5ad/SRX22749116.h5ad	89097530	64dee86bc174a1993ec57f7d8fb71099e627470d81cff9129c0c451601521f7f	yes	downloaded	https://storage.googleapis.com/arc-institute-virtual-cell-atlas/scbasecount/2026-01-12/h5ad/GeneFull_Ex50pAS/Homo_sapiens/SRX22749116.h5ad?generation=1770409817378537
data/raw/scbasecount_2026_01_12_human/h5ad/SRX21168901.h5ad	12130589	a5e7907bf63acf35ddfdec36e76eef5ff3f24be29829e09ae0e15a98dac097b5	yes	downloaded	https://storage.googleapis.com/arc-institute-virtual-cell-atlas/scbasecount/2026-01-12/h5ad/GeneFull_Ex50pAS/Homo_sapiens/SRX21168901.h5ad?generation=1770409813741506
data/raw/scbasecount_2026_01_12_human/h5ad/SRX17490568.h5ad	336260264	46c9a99c15ff9310aa7a22d2c160d50b2fe2c1364f1890e33a46dff00bdfab91	yes	downloaded	https://storage.googleapis.com/arc-institute-virtual-cell-atlas/scbasecount/2026-01-12/h5ad/GeneFull_Ex50pAS/Homo_sapiens/SRX17490568.h5ad?generation=1770409825266780
data/raw/scbasecount_2026_01_12_human/h5ad/SRX9054506.h5ad	56175432	d7906cbc73d2770c7f90eadf52fcc8042cf3dc2775764a6648a940bf8d8bcbd9	yes	downloaded	https://storage.googleapis.com/arc-institute-virtual-cell-atlas/scbasecount/2026-01-12/h5ad/GeneFull_Ex50pAS/Homo_sapiens/SRX9054506.h5ad?generation=1770409802924910
data/raw/scbasecount_2026_01_12_human/h5ad/SRX13876150.h5ad	237649667	69d520b5f631aba0ed7c4e82738a68d04f4d2052d8b9a3b4245d877ec6d67c83	yes	downloaded	https://storage.googleapis.com/arc-institute-virtual-cell-atlas/scbasecount/2026-01-12/h5ad/GeneFull_Ex50pAS/Homo_sapiens/SRX13876150.h5ad?generation=1770409832208073
data/raw/scbasecount_2026_01_12_human/h5ad/SRX11099949.h5ad	10877076	f6fa376a6daa25e1a95c209b411a1eb7e6ff3df8f58929eb55b123861b772a60	yes	downloaded	https://storage.googleapis.com/arc-institute-virtual-cell-atlas/scbasecount/2026-01-12/h5ad/GeneFull_Ex50pAS/Homo_sapiens/SRX11099949.h5ad?generation=1770409828129465
data/raw/scbasecount_2026_01_12_human/h5ad/SRX18931625.h5ad	196010758	63af522e8ad4c78d25c427a5b29ea38cea8676422bda1151a73fc1e2c22b3f81	yes	downloaded	https://storage.googleapis.com/arc-institute-virtual-cell-atlas/scbasecount/2026-01-12/h5ad/GeneFull_Ex50pAS/Homo_sapiens/SRX18931625.h5ad?generation=1770409823003042
data/raw/scbasecount_2026_01_12_human/h5ad/SRX17937438.h5ad	167511918	342531141d52c3849e77479670f0760f22b23eb52b7f40198117962231b930f6	yes	downloaded	https://storage.googleapis.com/arc-institute-virtual-cell-atlas/scbasecount/2026-01-12/h5ad/GeneFull_Ex50pAS/Homo_sapiens/SRX17937438.h5ad?generation=1770409818654498
data/raw/scbasecount_2026_01_12_human/h5ad/SRX26317340.h5ad	65659824	3214b9a8ca68e95520ebf6e358d1bc9badbe4e6812f3b53ed3402de934429964	yes	downloaded	https://storage.googleapis.com/arc-institute-virtual-cell-atlas/scbasecount/2026-01-12/h5ad/GeneFull_Ex50pAS/Homo_sapiens/SRX26317340.h5ad?generation=1770409803054974
data/raw/scbasecount_2026_01_12_human/h5ad/SRX12509401.h5ad	77023142	9926b251d8d92836b3feeb91e861814fe90b4f65ced3787923700b6625a6b988	yes	downloaded	https://storage.googleapis.com/arc-institute-virtual-cell-atlas/scbasecount/2026-01-12/h5ad/GeneFull_Ex50pAS/Homo_sapiens/SRX12509401.h5ad?generation=1770409828188496
data/raw/scbasecount_2026_01_12_human/h5ad/ERX8791953.h5ad	4372931	6d6abfb187e83d456e812b7a1241ae24983c20403431d13a4f974d2f2127d1cc	yes	downloaded	https://storage.googleapis.com/arc-institute-virtual-cell-atlas/scbasecount/2026-01-12/h5ad/GeneFull_Ex50pAS/Homo_sapiens/ERX8791953.h5ad?generation=1770409826852182
data/raw/scbasecount_2026_01_12_human/h5ad/SRX17937436.h5ad	201489849	8d0afdd9bb429ae08054237327d6c0d3f3ba01beabbf8c71bc3438d64d45fe71	yes	downloaded	https://storage.googleapis.com/arc-institute-virtual-cell-atlas/scbasecount/2026-01-12/h5ad/GeneFull_Ex50pAS/Homo_sapiens/SRX17937436.h5ad?generation=1770409820964027
data/raw/scbasecount_2026_01_12_human/h5ad/SRX10152708.h5ad	44101225	d94ebde0fe0a74c304d62df3b6d344f62b382144e1028442585992747388cdcb	yes	downloaded	https://storage.googleapis.com/arc-institute-virtual-cell-atlas/scbasecount/2026-01-12/h5ad/GeneFull_Ex50pAS/Homo_sapiens/SRX10152708.h5ad?generation=1770409826383142
data/raw/scbasecount_2026_01_12_human/h5ad/ERX12098970.h5ad	150800975	7ef5c468738af586969c7c8d12cf296e94a8da18f48cfb869c8ac4c2e5b58503	yes	downloaded	https://storage.googleapis.com/arc-institute-virtual-cell-atlas/scbasecount/2026-01-12/h5ad/GeneFull_Ex50pAS/Homo_sapiens/ERX12098970.h5ad?generation=1770409830896956
data/raw/scbasecount_2026_01_12_human/h5ad/SRX21566218.h5ad	36977112	cacc58f92060e84907969cd933bbadace05b9d5ddc65016fb07a6329ca16f41e	yes	downloaded	https://storage.googleapis.com/arc-institute-virtual-cell-atlas/scbasecount/2026-01-12/h5ad/GeneFull_Ex50pAS/Homo_sapiens/SRX21566218.h5ad?generation=1770409814996866
data/raw/scbasecount_2026_01_12_human/h5ad/SRX20097063.h5ad	3594382	00cc034426d4737b68444c6e2915f1dfc85cb89de44d6e0d56cc66fe8501921b	yes	downloaded	https://storage.googleapis.com/arc-institute-virtual-cell-atlas/scbasecount/2026-01-12/h5ad/GeneFull_Ex50pAS/Homo_sapiens/SRX20097063.h5ad?generation=1770409813830800
data/raw/scbasecount_2026_01_12_human/h5ad/SRX27780130.h5ad	48179180	cb512c62d3f6768bf94f25a3b8911b317d987666b3e065186dc57cdaae1f3b4f	yes	downloaded	https://storage.googleapis.com/arc-institute-virtual-cell-atlas/scbasecount/2026-01-12/h5ad/GeneFull_Ex50pAS/Homo_sapiens/SRX27780130.h5ad?generation=1770409804499115
data/raw/scbasecount_2026_01_12_human/h5ad/SRX15327279.h5ad	154065397	360378cdb44e8ca0599a1d3e22e07921add6df2f4fd2414a7638e18cb6b3a8c3	yes	downloaded	https://storage.googleapis.com/arc-institute-virtual-cell-atlas/scbasecount/2026-01-12/h5ad/GeneFull_Ex50pAS/Homo_sapiens/SRX15327279.h5ad?generation=1770409829648055
data/raw/scbasecount_2026_01_12_human/h5ad/ERX9138894.h5ad	67136716	7e453fb7e110d2fd8865cb4c9b91df531750d5d0b335b21bae4ad8dcf2652c14	yes	downloaded	https://storage.googleapis.com/arc-institute-virtual-cell-atlas/scbasecount/2026-01-12/h5ad/GeneFull_Ex50pAS/Homo_sapiens/ERX9138894.h5ad?generation=1770409829665280
data/raw/scbasecount_2026_01_12_human/h5ad/SRX17781790.h5ad	68479749	70d0baff7e05cfdb0be62eba05ddbd1df1c008db417d19d6c683d84423645bf4	yes	downloaded	https://storage.googleapis.com/arc-institute-virtual-cell-atlas/scbasecount/2026-01-12/h5ad/GeneFull_Ex50pAS/Homo_sapiens/SRX17781790.h5ad?generation=1770409816583704
data/raw/scbasecount_2026_01_12_human/h5ad/SRX27449474.h5ad	3849980	26df8448ca098bbe7b419e6185bbfb2c8e8a98dd4afa71238320bbeac603bf91	yes	downloaded	https://storage.googleapis.com/arc-institute-virtual-cell-atlas/scbasecount/2026-01-12/h5ad/GeneFull_Ex50pAS/Homo_sapiens/SRX27449474.h5ad?generation=1770409809582921
data/raw/scbasecount_2026_01_12_human/h5ad/SRX24459593.h5ad	95388065	8382686def95ba8319e43a1ded57b766738fc1351caf2df65cb2b2cff59ab6db	yes	downloaded	https://storage.googleapis.com/arc-institute-virtual-cell-atlas/scbasecount/2026-01-12/h5ad/GeneFull_Ex50pAS/Homo_sapiens/SRX24459593.h5ad?generation=1770409806075394
data/raw/scbasecount_2026_01_12_human/h5ad/SRX21895779.h5ad	235293432	2c5d278bc39f7392f794284b2a1e6dc09716374384ae985ba451b5c59c30ffdb	yes	downloaded	https://storage.googleapis.com/arc-institute-virtual-cell-atlas/scbasecount/2026-01-12/h5ad/GeneFull_Ex50pAS/Homo_sapiens/SRX21895779.h5ad?generation=1770409866634091
data/raw/scbasecount_2026_01_12_human/h5ad/SRX27941704.h5ad	62502279	64bfb2954fca2955bddfaf89c2439e0b65bcacbfee5c4e37b4da3afad8ff3834	yes	downloaded	https://storage.googleapis.com/arc-institute-virtual-cell-atlas/scbasecount/2026-01-12/h5ad/GeneFull_Ex50pAS/Homo_sapiens/SRX27941704.h5ad?generation=1770409805278057
data/raw/scbasecount_2026_01_12_human/h5ad/SRX10152711.h5ad	8427829	b348aa2f1193967b97bdadb8edf31d06471821097a8575bb41910f9f0e8dddbf	yes	downloaded	https://storage.googleapis.com/arc-institute-virtual-cell-atlas/scbasecount/2026-01-12/h5ad/GeneFull_Ex50pAS/Homo_sapiens/SRX10152711.h5ad?generation=1770409827100211
data/raw/scbasecount_2026_01_12_human/h5ad/SRX10152705.h5ad	34389872	30e2937357a576f78fa339164f7d22a63be36ae8abac83451359fc733a0b527b	yes	downloaded	https://storage.googleapis.com/arc-institute-virtual-cell-atlas/scbasecount/2026-01-12/h5ad/GeneFull_Ex50pAS/Homo_sapiens/SRX10152705.h5ad?generation=1770409826562698
data/raw/scbasecount_2026_01_12_human/h5ad/SRX26645314.h5ad	50419190	60880d36487bc13966ebcd468c9a049066340d8f16399a82242fdb9ea1c6be34	yes	downloaded	https://storage.googleapis.com/arc-institute-virtual-cell-atlas/scbasecount/2026-01-12/h5ad/GeneFull_Ex50pAS/Homo_sapiens/SRX26645314.h5ad?generation=1770409803044876
data/raw/scbasecount_2026_01_12_human/h5ad/SRX9208627.h5ad	402055680	fc1a80553b79eef374b9f07dc229c2121738f4073b3a04c3e5855e7bddb3d9e7	yes	downloaded	https://storage.googleapis.com/arc-institute-virtual-cell-atlas/scbasecount/2026-01-12/h5ad/GeneFull_Ex50pAS/Homo_sapiens/SRX9208627.h5ad?generation=1770409813490777
data/raw/scbasecount_2026_01_12_human/h5ad/SRX11523610.h5ad	156350758	93b2d74a5b86ee165f28286d71eb416e98456affd769a0d6d080e1eed2025df2	yes	downloaded	https://storage.googleapis.com/arc-institute-virtual-cell-atlas/scbasecount/2026-01-12/h5ad/GeneFull_Ex50pAS/Homo_sapiens/SRX11523610.h5ad?generation=1770409833670690
data/raw/scbasecount_2026_01_12_human/h5ad/SRX8983872.h5ad	132320849	aaa6bf1783d955d0eb0b6620c97b12ad63ca32fb7ccebf2daea3eed6a290a8b3	yes	downloaded	https://storage.googleapis.com/arc-institute-virtual-cell-atlas/scbasecount/2026-01-12/h5ad/GeneFull_Ex50pAS/Homo_sapiens/SRX8983872.h5ad?generation=1770409805555491
data/raw/scbasecount_2026_01_12_human/h5ad/SRX17772370.h5ad	220566885	f54568da06e01cfe8bb7ac45cf904a16239b877eee2d0bdf580a545b2e66fa0f	yes	downloaded	https://storage.googleapis.com/arc-institute-virtual-cell-atlas/scbasecount/2026-01-12/h5ad/GeneFull_Ex50pAS/Homo_sapiens/SRX17772370.h5ad?generation=1770409819665999
data/raw/scbasecount_2026_01_12_human/h5ad/SRX6862882.h5ad	93966146	a7e6f5f85ad73a35b5247c22292fa0ba533eb3d2b414bc715041867cfd896f86	yes	downloaded	https://storage.googleapis.com/arc-institute-virtual-cell-atlas/scbasecount/2026-01-12/h5ad/GeneFull_Ex50pAS/Homo_sapiens/SRX6862882.h5ad?generation=1770409803932156
data/raw/scbasecount_2026_01_12_human/h5ad/SRX9075305.h5ad	83913242	c40e2192902e92d3ba24824fc2835d56334620a2d9e1995bbf10359561fdf38d	yes	downloaded	https://storage.googleapis.com/arc-institute-virtual-cell-atlas/scbasecount/2026-01-12/h5ad/GeneFull_Ex50pAS/Homo_sapiens/SRX9075305.h5ad?generation=1770409805670335
data/raw/scbasecount_2026_01_12_human/h5ad/SRX8983881.h5ad	133066924	8c2207cdd9ed3e301ede5630fb249cdd1d884016db4013bdb487ff738a98fe39	yes	downloaded	https://storage.googleapis.com/arc-institute-virtual-cell-atlas/scbasecount/2026-01-12/h5ad/GeneFull_Ex50pAS/Homo_sapiens/SRX8983881.h5ad?generation=1770409804317097
data/raw/scbasecount_2026_01_12_human/h5ad/SRX22288177.h5ad	113629839	7274f6237e55afa99aafdd91ed407a9c69bce838babd5b48e8cc83ab7fc03aec	yes	downloaded	https://storage.googleapis.com/arc-institute-virtual-cell-atlas/scbasecount/2026-01-12/h5ad/GeneFull_Ex50pAS/Homo_sapiens/SRX22288177.h5ad?generation=1770409816447467
data/raw/scbasecount_2026_01_12_human/h5ad/SRX10152706.h5ad	17707264	ca5ce2e05cc3c81eed797a2308327fe7e2d119617fb07a7c053e7beb646da290	yes	downloaded	https://storage.googleapis.com/arc-institute-virtual-cell-atlas/scbasecount/2026-01-12/h5ad/GeneFull_Ex50pAS/Homo_sapiens/SRX10152706.h5ad?generation=1770409828573087
data/raw/scbasecount_2026_01_12_human/h5ad/SRX12030178.h5ad	149030698	b8224e434f2aef10d56da99a827a5457a407f9febc36721981e35675b178b5e1	yes	downloaded	https://storage.googleapis.com/arc-institute-virtual-cell-atlas/scbasecount/2026-01-12/h5ad/GeneFull_Ex50pAS/Homo_sapiens/SRX12030178.h5ad?generation=1770409830781558
data/raw/scbasecount_2026_01_12_human/h5ad/SRX10152702.h5ad	31740442	b0ca861c4cfd51f525163d7ac76cce5d1dc9b93ff28e279ff4953607f10476af	yes	downloaded	https://storage.googleapis.com/arc-institute-virtual-cell-atlas/scbasecount/2026-01-12/h5ad/GeneFull_Ex50pAS/Homo_sapiens/SRX10152702.h5ad?generation=1770409827100958
data/raw/scbasecount_2026_01_12_human/h5ad/SRX9208647.h5ad	3226473	2805091f15c9c9fee14c48f5a83b82e6fb76ae971c5ee23de6adf3a2a43a7b58	yes	downloaded	https://storage.googleapis.com/arc-institute-virtual-cell-atlas/scbasecount/2026-01-12/h5ad/GeneFull_Ex50pAS/Homo_sapiens/SRX9208647.h5ad?generation=1770409802686823
data/raw/scbasecount_2026_01_12_human/h5ad/SRX9075304.h5ad	51201450	3796612690ce2ceb20a78165c1b3e2badda1d8e62a2b8b20c89e669b925f98e5	yes	downloaded	https://storage.googleapis.com/arc-institute-virtual-cell-atlas/scbasecount/2026-01-12/h5ad/GeneFull_Ex50pAS/Homo_sapiens/SRX9075304.h5ad?generation=1770409803001311
data/raw/scbasecount_2026_01_12_human/h5ad/SRX11023290.h5ad	199271775	e4eb4a4e3e5a1cb307853e6b783d79cb6c9003b95fb8f2032398c9a902eae2ee	yes	downloaded	https://storage.googleapis.com/arc-institute-virtual-cell-atlas/scbasecount/2026-01-12/h5ad/GeneFull_Ex50pAS/Homo_sapiens/SRX11023290.h5ad?generation=1770409838066899
data/raw/scbasecount_2026_01_12_human/h5ad/SRX14743332.h5ad	44782062	dac6dda2b4475674d01cc19ea69719be4cee9ca8541f01d5ca1fdf644ba2e975	yes	downloaded	https://storage.googleapis.com/arc-institute-virtual-cell-atlas/scbasecount/2026-01-12/h5ad/GeneFull_Ex50pAS/Homo_sapiens/SRX14743332.h5ad?generation=1770409828854043
data/raw/scbasecount_2026_01_12_human/h5ad/SRX9212184.h5ad	112858896	24b3efaf5afa862bf198136484f18393dc753e96b8c8a661417adcdc7226232d	yes	downloaded	https://storage.googleapis.com/arc-institute-virtual-cell-atlas/scbasecount/2026-01-12/h5ad/GeneFull_Ex50pAS/Homo_sapiens/SRX9212184.h5ad?generation=1770409808704293
data/raw/scbasecount_2026_01_12_human/h5ad/SRX13783653.h5ad	283186250	1d4874938f70c1a7d4a2aea34befa9e5cd44cf4529fec3c66611be4d5101259a	yes	downloaded	https://storage.googleapis.com/arc-institute-virtual-cell-atlas/scbasecount/2026-01-12/h5ad/GeneFull_Ex50pAS/Homo_sapiens/SRX13783653.h5ad?generation=1770409834998988
data/raw/scbasecount_2026_01_12_human/h5ad/SRX10868867.h5ad	7125351	696d3e7c65dc0a991124e5933a445d49e0808be54aca10bb8de8760b5d7d1794	yes	downloaded	https://storage.googleapis.com/arc-institute-virtual-cell-atlas/scbasecount/2026-01-12/h5ad/GeneFull_Ex50pAS/Homo_sapiens/SRX10868867.h5ad?generation=1770409826000482
data/raw/scbasecount_2026_01_12_human/h5ad/SRX8363976.h5ad	47056355	98ff8663bde3099d914efa3d4a0f770ceb071064490ed6ac625585f8801489e7	yes	downloaded	https://storage.googleapis.com/arc-institute-virtual-cell-atlas/scbasecount/2026-01-12/h5ad/GeneFull_Ex50pAS/Homo_sapiens/SRX8363976.h5ad?generation=1770409803042375
data/raw/scbasecount_2026_01_12_human/h5ad/SRX8419322.h5ad	164031100	bd7acb4d2885687669d525519caa80a5eb056ee6bbb583641d26d6edb10d43a2	yes	downloaded	https://storage.googleapis.com/arc-institute-virtual-cell-atlas/scbasecount/2026-01-12/h5ad/GeneFull_Ex50pAS/Homo_sapiens/SRX8419322.h5ad?generation=1770409813095114
data/raw/scbasecount_2026_01_12_human/h5ad/SRX10868863.h5ad	8946246	168d1ab44e9a7f80a93d269cd0ec2d143e2aecf4f498fb10607ac93205e5c177	yes	downloaded	https://storage.googleapis.com/arc-institute-virtual-cell-atlas/scbasecount/2026-01-12/h5ad/GeneFull_Ex50pAS/Homo_sapiens/SRX10868863.h5ad?generation=1770409826508535
data/raw/scbasecount_2026_01_12_human/h5ad/SRX8918913.h5ad	109355614	9e4f67885320dfde8653a4b85dc10d6776bb9e2ad2a8aac11bf8d50e59075055	yes	downloaded	https://storage.googleapis.com/arc-institute-virtual-cell-atlas/scbasecount/2026-01-12/h5ad/GeneFull_Ex50pAS/Homo_sapiens/SRX8918913.h5ad?generation=1770409805388707
data/raw/scbasecount_2026_01_12_human/h5ad/SRX13853287.h5ad	45138445	8ddcb0c45ed980ba298a987cb15de83e8e2183e3a329ec8e5253b0c330cf4e8a	yes	downloaded	https://storage.googleapis.com/arc-institute-virtual-cell-atlas/scbasecount/2026-01-12/h5ad/GeneFull_Ex50pAS/Homo_sapiens/SRX13853287.h5ad?generation=1770409826424398
data/raw/scbasecount_2026_01_12_human/h5ad/SRX11523708.h5ad	41491487	dc4a383f81c185bd976b07cff9376b01991e480dd730acb36a2cff9ea86e04e7	yes	downloaded	https://storage.googleapis.com/arc-institute-virtual-cell-atlas/scbasecount/2026-01-12/h5ad/GeneFull_Ex50pAS/Homo_sapiens/SRX11523708.h5ad?generation=1770409830765461
data/raw/scbasecount_2026_01_12_human/h5ad/SRX13853284.h5ad	233469112	839ee3d212c9fd5544a973908240ad986556e8970efbc1ceee1ac35d0bd04964	yes	downloaded	https://storage.googleapis.com/arc-institute-virtual-cell-atlas/scbasecount/2026-01-12/h5ad/GeneFull_Ex50pAS/Homo_sapiens/SRX13853284.h5ad?generation=1770409833257015
data/raw/scbasecount_2026_01_12_human/h5ad/SRX13853293.h5ad	223389564	9875d0eba150071a11fc5b6ba4cf469f34bbf498eed9a019a6543dd8f51772ba	yes	downloaded	https://storage.googleapis.com/arc-institute-virtual-cell-atlas/scbasecount/2026-01-12/h5ad/GeneFull_Ex50pAS/Homo_sapiens/SRX13853293.h5ad?generation=1770409833006944
data/raw/scbasecount_2026_01_12_human/h5ad/SRX14144267.h5ad	109207697	9b8474bb2b547f63f2e6857b47bf12935e0aa1c4ccf241ebacdf70c46fdf23ff	yes	downloaded	https://storage.googleapis.com/arc-institute-virtual-cell-atlas/scbasecount/2026-01-12/h5ad/GeneFull_Ex50pAS/Homo_sapiens/SRX14144267.h5ad?generation=1770409827932676
data/raw/scbasecount_2026_01_12_human/h5ad/SRX15241347.h5ad	204375694	ea9f8455f8ee6f94ca95536daafba5dfd903b7d82c1edfcf631bd5acf6b2de73	yes	downloaded	https://storage.googleapis.com/arc-institute-virtual-cell-atlas/scbasecount/2026-01-12/h5ad/GeneFull_Ex50pAS/Homo_sapiens/SRX15241347.h5ad?generation=1770409831190601
data/raw/scbasecount_2026_01_12_human/h5ad/SRX22950524.h5ad	41880468	12be5be00d376875b23655b10b047d5118249009bc089aa87124a456916e601e	yes	downloaded	https://storage.googleapis.com/arc-institute-virtual-cell-atlas/scbasecount/2026-01-12/h5ad/GeneFull_Ex50pAS/Homo_sapiens/SRX22950524.h5ad?generation=1770409818587460
data/raw/scbasecount_2026_01_12_human/h5ad/SRX10857411.h5ad	194456043	7adfda493bf6a39bc589a106730d90722f200b4b825f3e42c584aa7bd83c4cd4	yes	downloaded	https://storage.googleapis.com/arc-institute-virtual-cell-atlas/scbasecount/2026-01-12/h5ad/GeneFull_Ex50pAS/Homo_sapiens/SRX10857411.h5ad?generation=1770409835381166
data/raw/scbasecount_2026_01_12_human/h5ad/ERX11760606.h5ad	161758255	94e0e006c16b07fb6055900cf2835a98d49026b356e981347fa3e498a0adfe28	yes	downloaded	https://storage.googleapis.com/arc-institute-virtual-cell-atlas/scbasecount/2026-01-12/h5ad/GeneFull_Ex50pAS/Homo_sapiens/ERX11760606.h5ad?generation=1770409829875417
data/raw/scbasecount_2026_01_12_human/h5ad/SRX24468262.h5ad	177519246	5569c36616dd7ca8765da66f5a4dc2d0c59c949fd6578480f0f1297f45155c11	yes	downloaded	https://storage.googleapis.com/arc-institute-virtual-cell-atlas/scbasecount/2026-01-12/h5ad/GeneFull_Ex50pAS/Homo_sapiens/SRX24468262.h5ad?generation=1770409807498839
data/raw/scbasecount_2026_01_12_human/h5ad/SRX9980426.h5ad	143991341	c04008c33a7a4aa1f8a4060a9cc29090cbf9b6753e33a3f68e3c79a5aa0f2bed	yes	downloaded	https://storage.googleapis.com/arc-institute-virtual-cell-atlas/scbasecount/2026-01-12/h5ad/GeneFull_Ex50pAS/Homo_sapiens/SRX9980426.h5ad?generation=1770409806591121
data/raw/scbasecount_2026_01_12_human/h5ad/SRX21003270.h5ad	7089796	94c3b2992dd2c43064a97f8c8b597782b788ca3d56b265f07d57a4463f92b5fa	yes	downloaded	https://storage.googleapis.com/arc-institute-virtual-cell-atlas/scbasecount/2026-01-12/h5ad/GeneFull_Ex50pAS/Homo_sapiens/SRX21003270.h5ad?generation=1770409816854254
data/raw/scbasecount_2026_01_12_human/h5ad/SRX15805187.h5ad	4321766	959cb5af7b22f1e805b5829e8aaddc243f60924ca91bbcfac44a93eb559a74ff	yes	downloaded	https://storage.googleapis.com/arc-institute-virtual-cell-atlas/scbasecount/2026-01-12/h5ad/GeneFull_Ex50pAS/Homo_sapiens/SRX15805187.h5ad?generation=1770409814919822
data/raw/scbasecount_2026_01_12_human/h5ad/ERX11760598.h5ad	291917449	211a9a022960dc9732a76fe19ddb76283c4394f5f70d0a1ac7fe5118bb2a4503	yes	downloaded	https://storage.googleapis.com/arc-institute-virtual-cell-atlas/scbasecount/2026-01-12/h5ad/GeneFull_Ex50pAS/Homo_sapiens/ERX11760598.h5ad?generation=1770409954208447
data/raw/scbasecount_2026_01_12_human/h5ad/SRX15182500.h5ad	24802964	9f91dbd7237d4940ccc66a766183c6d03fea4f82eefcd5da476a409c138a4bb9	yes	downloaded	https://storage.googleapis.com/arc-institute-virtual-cell-atlas/scbasecount/2026-01-12/h5ad/GeneFull_Ex50pAS/Homo_sapiens/SRX15182500.h5ad?generation=1770409827475740
data/raw/scbasecount_2026_01_12_human/h5ad/SRX9568871.h5ad	28457164	5f5ed94a23b990132eb5182d896aecfe6a8a4e35d557e04badb5570eeea40ee2	yes	downloaded	https://storage.googleapis.com/arc-institute-virtual-cell-atlas/scbasecount/2026-01-12/h5ad/GeneFull_Ex50pAS/Homo_sapiens/SRX9568871.h5ad?generation=1770409803741930
data/raw/scbasecount_2026_01_12_human/h5ad/SRX9615334.h5ad	233186417	b00003e45446cc8b5f11f0893c34c5dd42b6a25c9892c0c444f4c79316736a6a	yes	downloaded	https://storage.googleapis.com/arc-institute-virtual-cell-atlas/scbasecount/2026-01-12/h5ad/GeneFull_Ex50pAS/Homo_sapiens/SRX9615334.h5ad?generation=1770409812142476
data/raw/scbasecount_2026_01_12_human/h5ad/SRX9980431.h5ad	125443059	379e8c018f5d9a62517ad681f3daa1b0a4218425608d0b4b39613b9d926d649a	yes	downloaded	https://storage.googleapis.com/arc-institute-virtual-cell-atlas/scbasecount/2026-01-12/h5ad/GeneFull_Ex50pAS/Homo_sapiens/SRX9980431.h5ad?generation=1770409813075602
data/raw/scbasecount_2026_01_12_human/h5ad/SRX17893676.h5ad	11905931	51e6f7a9cfd2028af4109f67922af299b1ad079153a5fc68088c3fd11bf117ca	yes	downloaded	https://storage.googleapis.com/arc-institute-virtual-cell-atlas/scbasecount/2026-01-12/h5ad/GeneFull_Ex50pAS/Homo_sapiens/SRX17893676.h5ad?generation=1770409815803087
data/raw/scbasecount_2026_01_12_human/h5ad/SRX22485630.h5ad	86219459	75f2821a79824e4e60b82bddeb1aeaab039525ff0ccfb486fbce72f7210aec28	yes	downloaded	https://storage.googleapis.com/arc-institute-virtual-cell-atlas/scbasecount/2026-01-12/h5ad/GeneFull_Ex50pAS/Homo_sapiens/SRX22485630.h5ad?generation=1770409816313260
data/raw/scbasecount_2026_01_12_human/h5ad/SRX11787932.h5ad	63477235	fbd97038fa8174eda7f1401a9d9f7479b33da8280c3273d7f60fc01af10b8226	yes	downloaded	https://storage.googleapis.com/arc-institute-virtual-cell-atlas/scbasecount/2026-01-12/h5ad/GeneFull_Ex50pAS/Homo_sapiens/SRX11787932.h5ad?generation=1770409829168571
data/raw/scbasecount_2026_01_12_human/h5ad/SRX9238970.h5ad	98612421	76cc9afc26ad9b89228cff7511bae868f218339f836bf5d5ec4855f46072b62c	yes	downloaded	https://storage.googleapis.com/arc-institute-virtual-cell-atlas/scbasecount/2026-01-12/h5ad/GeneFull_Ex50pAS/Homo_sapiens/SRX9238970.h5ad?generation=1770409804081379
data/raw/scbasecount_2026_01_12_human/h5ad/SRX12460424.h5ad	16058899	5eb665f2b005afb33946f1cda27b9cfebd1a45c16dd89ab9e50d989ffb13fd69	yes	downloaded	https://storage.googleapis.com/arc-institute-virtual-cell-atlas/scbasecount/2026-01-12/h5ad/GeneFull_Ex50pAS/Homo_sapiens/SRX12460424.h5ad?generation=1770409828263346
data/raw/scbasecount_2026_01_12_human/h5ad/SRX9770751.h5ad	61210069	419668962832c492df439dbdf379f89a7e8e8d4e9a16a86d4573c59a9f712f1f	yes	downloaded	https://storage.googleapis.com/arc-institute-virtual-cell-atlas/scbasecount/2026-01-12/h5ad/GeneFull_Ex50pAS/Homo_sapiens/SRX9770751.h5ad?generation=1770409803853064
data/raw/scbasecount_2026_01_12_human/h5ad/SRX15048560.h5ad	220849844	2cdaf8f13abc68cb9bc46d54467991b9c250cfce5f5acc45d8703e68ef53175f	yes	downloaded	https://storage.googleapis.com/arc-institute-virtual-cell-atlas/scbasecount/2026-01-12/h5ad/GeneFull_Ex50pAS/Homo_sapiens/SRX15048560.h5ad?generation=1770409835220833
data/raw/scbasecount_2026_01_12_human/h5ad/SRX9474689.h5ad	6386408	a19812c9a8240c0f11806118a42ad027cdb8fc6f5eb83d9e23d1f6d531bea4aa	yes	downloaded	https://storage.googleapis.com/arc-institute-virtual-cell-atlas/scbasecount/2026-01-12/h5ad/GeneFull_Ex50pAS/Homo_sapiens/SRX9474689.h5ad?generation=1770409803841552
data/raw/scbasecount_2026_01_12_human/h5ad/SRX13107365.h5ad	21409806	299e0eb9409609f27cdf0fb9846a0af94b1f8a0d4fee1cab0b6736ea347de510	yes	downloaded	https://storage.googleapis.com/arc-institute-virtual-cell-atlas/scbasecount/2026-01-12/h5ad/GeneFull_Ex50pAS/Homo_sapiens/SRX13107365.h5ad?generation=1770409826052083
data/raw/scbasecount_2026_01_12_human/h5ad/SRX11077091.h5ad	103380963	97c157f4d16aabaaec442e78c7586407490a4c07f1e2e2cbb9a5516c98541c16	yes	downloaded	https://storage.googleapis.com/arc-institute-virtual-cell-atlas/scbasecount/2026-01-12/h5ad/GeneFull_Ex50pAS/Homo_sapiens/SRX11077091.h5ad?generation=1770409830139119
data/raw/scbasecount_2026_01_12_human/h5ad/SRX27560333.h5ad	109040650	fa8ef56a623fb313d7839453ae3e2f6f7a039ad258a6793cb6381b7f22ed1130	yes	downloaded	https://storage.googleapis.com/arc-institute-virtual-cell-atlas/scbasecount/2026-01-12/h5ad/GeneFull_Ex50pAS/Homo_sapiens/SRX27560333.h5ad?generation=1770409805295901
data/raw/scbasecount_2026_01_12_human/h5ad/ERX8792184.h5ad	168829644	eb146586e4bf719204c225ce47e39b4f38e53e470f1c69824b6a591ac63a7d1a	yes	downloaded	https://storage.googleapis.com/arc-institute-virtual-cell-atlas/scbasecount/2026-01-12/h5ad/GeneFull_Ex50pAS/Homo_sapiens/ERX8792184.h5ad?generation=1770409830444536
data/raw/scbasecount_2026_01_12_human/h5ad/SRX12800502.h5ad	11393495	25a696c5dd7920b0f378ffa9257d0ea52412514649d3cf70f68a2f1fe30a9308	yes	downloaded	https://storage.googleapis.com/arc-institute-virtual-cell-atlas/scbasecount/2026-01-12/h5ad/GeneFull_Ex50pAS/Homo_sapiens/SRX12800502.h5ad?generation=1770409826626348
data/raw/scbasecount_2026_01_12_human/h5ad/SRX12800497.h5ad	45038922	b0c28c30daa4264edf867f8f75a454d7948b42f18d6f788d3385fcfb9c1d0c88	yes	downloaded	https://storage.googleapis.com/arc-institute-virtual-cell-atlas/scbasecount/2026-01-12/h5ad/GeneFull_Ex50pAS/Homo_sapiens/SRX12800497.h5ad?generation=1770409826648938
data/raw/scbasecount_2026_01_12_human/h5ad/SRX15405032.h5ad	38972054	e65e9ca3b4467dc7b4d2d6718be0887556939ae25f6493d6b5d6babb533bdb36	yes	downloaded	https://storage.googleapis.com/arc-institute-virtual-cell-atlas/scbasecount/2026-01-12/h5ad/GeneFull_Ex50pAS/Homo_sapiens/SRX15405032.h5ad?generation=1770409835774783
data/raw/scbasecount_2026_01_12_human/h5ad/SRX12800498.h5ad	62886975	6b892dac1b1d9819e9aeaf274012e43457eed2d592ef32e79cd7cd335b31c281	yes	downloaded	https://storage.googleapis.com/arc-institute-virtual-cell-atlas/scbasecount/2026-01-12/h5ad/GeneFull_Ex50pAS/Homo_sapiens/SRX12800498.h5ad?generation=1770409844812141
data/raw/scbasecount_2026_01_12_human/h5ad/SRX16848523.h5ad	47071149	08a758ead66198bafbd908aca5735a696d1928941295b2ef598624facbb18bf2	yes	downloaded	https://storage.googleapis.com/arc-institute-virtual-cell-atlas/scbasecount/2026-01-12/h5ad/GeneFull_Ex50pAS/Homo_sapiens/SRX16848523.h5ad?generation=1770409816085805
data/raw/scbasecount_2026_01_12_human/h5ad/SRX12800510.h5ad	60552454	f9eeedd3979aa4a983639f49de32f1347e4f9f016fa9cc0803631d2643eec720	yes	downloaded	https://storage.googleapis.com/arc-institute-virtual-cell-atlas/scbasecount/2026-01-12/h5ad/GeneFull_Ex50pAS/Homo_sapiens/SRX12800510.h5ad?generation=1770409829980000
data/raw/scbasecount_2026_01_12_human/h5ad/SRX13441702.h5ad	66558261	a7d75fb16761d6a4fe69fde62076f746f9de03722b6607b6aa0ca5b84658eaf4	yes	downloaded	https://storage.googleapis.com/arc-institute-virtual-cell-atlas/scbasecount/2026-01-12/h5ad/GeneFull_Ex50pAS/Homo_sapiens/SRX13441702.h5ad?generation=1770409827874967
data/raw/scbasecount_2026_01_12_human/h5ad/SRX9651825.h5ad	43878860	c2771ebb4c0cdac2f6d3515bdb8735814f9d5ba3792f1e8151fb3778c117989a	yes	downloaded	https://storage.googleapis.com/arc-institute-virtual-cell-atlas/scbasecount/2026-01-12/h5ad/GeneFull_Ex50pAS/Homo_sapiens/SRX9651825.h5ad?generation=1770409802700720
data/raw/scbasecount_2026_01_12_human/h5ad/SRX9777390.h5ad	41315621	5273542813d8e7920cd8d72c234dcdba0a9ee8ffe1d4d5b49dc993483601e29e	yes	downloaded	https://storage.googleapis.com/arc-institute-virtual-cell-atlas/scbasecount/2026-01-12/h5ad/GeneFull_Ex50pAS/Homo_sapiens/SRX9777390.h5ad?generation=1770409803838647
data/raw/scbasecount_2026_01_12_human/h5ad/SRX9777389.h5ad	34800893	34157dc29e9c3b191864711ff778c6a2d9a1d8727570f35f6e101f7b197d3fe7	yes	downloaded	https://storage.googleapis.com/arc-institute-virtual-cell-atlas/scbasecount/2026-01-12/h5ad/GeneFull_Ex50pAS/Homo_sapiens/SRX9777389.h5ad?generation=1770409805037663
data/raw/scbasecount_2026_01_12_human/h5ad/SRX8499469.h5ad	62188850	2c28779e90bbb4986a460d784a692f52071c03ec984854e74d4654d205ed8aa7	yes	downloaded	https://storage.googleapis.com/arc-institute-virtual-cell-atlas/scbasecount/2026-01-12/h5ad/GeneFull_Ex50pAS/Homo_sapiens/SRX8499469.h5ad?generation=1770409803776169
data/raw/scbasecount_2026_01_12_human/h5ad/SRX13254099.h5ad	307773675	b62dc2719e39cfcf11334b157ef7bdc049555f63a66ddf18129d5b82a616b834	yes	downloaded	https://storage.googleapis.com/arc-institute-virtual-cell-atlas/scbasecount/2026-01-12/h5ad/GeneFull_Ex50pAS/Homo_sapiens/SRX13254099.h5ad?generation=1770409833598718
data/raw/scbasecount_2026_01_12_human/h5ad/SRX17682221.h5ad	51520682	e02ea4d5fb5713ef1e81dc7a67973c74a94c7e95a32512999c84d50e07e6addc	yes	downloaded	https://storage.googleapis.com/arc-institute-virtual-cell-atlas/scbasecount/2026-01-12/h5ad/GeneFull_Ex50pAS/Homo_sapiens/SRX17682221.h5ad?generation=1770409815174883
data/raw/scbasecount_2026_01_12_human/h5ad/SRX8094418.h5ad	456088193	87e3eab6f79a3d9865293a628b58ccdb0db951db2a3f5f4d8668dbbecb37098d	yes	downloaded	https://storage.googleapis.com/arc-institute-virtual-cell-atlas/scbasecount/2026-01-12/h5ad/GeneFull_Ex50pAS/Homo_sapiens/SRX8094418.h5ad?generation=1770409877491337
data/raw/scbasecount_2026_01_12_human/h5ad/SRX15949010.h5ad	144496196	31c92e2325926a28364600ac21e0dd763d0a04e0e20c66d9bd0d37c050d8dcd8	yes	downloaded	https://storage.googleapis.com/arc-institute-virtual-cell-atlas/scbasecount/2026-01-12/h5ad/GeneFull_Ex50pAS/Homo_sapiens/SRX15949010.h5ad?generation=1770409817976602
data/raw/scbasecount_2026_01_12_human/h5ad/ERX4319173.h5ad	34497414	abca986e7863c28efc65f4d7068370e175482ac366e251aa3b216f95e93baa09	yes	downloaded	https://storage.googleapis.com/arc-institute-virtual-cell-atlas/scbasecount/2026-01-12/h5ad/GeneFull_Ex50pAS/Homo_sapiens/ERX4319173.h5ad?generation=1770409827613181
data/raw/scbasecount_2026_01_12_human/h5ad/SRX8961827.h5ad	34961973	9b52cd6d0605c822d5912f0280d22f6ee21fdc606734c69f8ce8a223bf308b14	yes	downloaded	https://storage.googleapis.com/arc-institute-virtual-cell-atlas/scbasecount/2026-01-12/h5ad/GeneFull_Ex50pAS/Homo_sapiens/SRX8961827.h5ad?generation=1770409804787451
data/raw/scbasecount_2026_01_12_human/h5ad/SRX19303546.h5ad	100467529	aa3ded2c721bd923b1a9b92cd3d4f0198e5f0b3d001660d37724e234c8e743a4	yes	downloaded	https://storage.googleapis.com/arc-institute-virtual-cell-atlas/scbasecount/2026-01-12/h5ad/GeneFull_Ex50pAS/Homo_sapiens/SRX19303546.h5ad?generation=1770409819922153
data/raw/scbasecount_2026_01_12_human/h5ad/SRX23811848.h5ad	195030584	39d4258eb7c6747994b78cdf8883f316acdf0990f5b4ea5ae12b6183b938f952	yes	downloaded	https://storage.googleapis.com/arc-institute-virtual-cell-atlas/scbasecount/2026-01-12/h5ad/GeneFull_Ex50pAS/Homo_sapiens/SRX23811848.h5ad?generation=1770409806685922
data/raw/scbasecount_2026_01_12_human/h5ad/SRX8367764.h5ad	280138122	f68cbfdc2580d081e67d7954b807e56c80874d4e8e6045513a2062383d4ba444	yes	downloaded	https://storage.googleapis.com/arc-institute-virtual-cell-atlas/scbasecount/2026-01-12/h5ad/GeneFull_Ex50pAS/Homo_sapiens/SRX8367764.h5ad?generation=1770409812815998
data/raw/scbasecount_2026_01_12_human/h5ad/SRX22129456.h5ad	311728680	e21a36bffb34b1e945c17f88f211dc692851f0c0e67dfe824f5ad01ee29fabf8	yes	downloaded	https://storage.googleapis.com/arc-institute-virtual-cell-atlas/scbasecount/2026-01-12/h5ad/GeneFull_Ex50pAS/Homo_sapiens/SRX22129456.h5ad?generation=1770409823401245
data/raw/scbasecount_2026_01_12_human/h5ad/SRX23721825.h5ad	289724191	febe48a2a2d94b85c82d8df23e71c14480c5e8d6a9d1cc5294129797612986b8	yes	downloaded	https://storage.googleapis.com/arc-institute-virtual-cell-atlas/scbasecount/2026-01-12/h5ad/GeneFull_Ex50pAS/Homo_sapiens/SRX23721825.h5ad?generation=1770409821609906
data/raw/scbasecount_2026_01_12_human/h5ad/SRX22129457.h5ad	302482165	0ae71b529937de98b8d7d1f0d158a1421929bcda6be22fcce8eec7719f26215c	yes	downloaded	https://storage.googleapis.com/arc-institute-virtual-cell-atlas/scbasecount/2026-01-12/h5ad/GeneFull_Ex50pAS/Homo_sapiens/SRX22129457.h5ad?generation=1770409824046992
data/raw/scbasecount_2026_01_12_human/h5ad/SRX7347529.h5ad	51516244	39df10b62ffb6347f27cc1998283f3e351a90afb9c266274491ecae828eb282f	yes	downloaded	https://storage.googleapis.com/arc-institute-virtual-cell-atlas/scbasecount/2026-01-12/h5ad/GeneFull_Ex50pAS/Homo_sapiens/SRX7347529.h5ad?generation=1770409809881581
data/raw/scbasecount_2026_01_12_human/h5ad/SRX9208641.h5ad	2565576	60540b5b5939f2ac647e3ccbb96ff0214f992af47bd81ad0680ed4f33aa89643	yes	downloaded	https://storage.googleapis.com/arc-institute-virtual-cell-atlas/scbasecount/2026-01-12/h5ad/GeneFull_Ex50pAS/Homo_sapiens/SRX9208641.h5ad?generation=1770409803856329
data/raw/scbasecount_2026_01_12_human/h5ad/SRX7347524.h5ad	151421801	5e5e83888b9fdd35ed479173ec7c2842339e18fb6524c94479fb3c2b08011565	yes	downloaded	https://storage.googleapis.com/arc-institute-virtual-cell-atlas/scbasecount/2026-01-12/h5ad/GeneFull_Ex50pAS/Homo_sapiens/SRX7347524.h5ad?generation=1770409809632636
data/raw/scbasecount_2026_01_12_human/h5ad/SRX9075312.h5ad	68664508	d7b73155a91a54f8718b5d821004a4903bd74aab3aef60d52eeb90fbc43f1ea0	yes	downloaded	https://storage.googleapis.com/arc-institute-virtual-cell-atlas/scbasecount/2026-01-12/h5ad/GeneFull_Ex50pAS/Homo_sapiens/SRX9075312.h5ad?generation=1770409805359203
data/raw/scbasecount_2026_01_12_human/h5ad/SRX8956890.h5ad	8996357	1801ea14dc1fb92c542ba0fef36410a8521e2ea4d568a236c91b03df1ee3bfb8	yes	downloaded	https://storage.googleapis.com/arc-institute-virtual-cell-atlas/scbasecount/2026-01-12/h5ad/GeneFull_Ex50pAS/Homo_sapiens/SRX8956890.h5ad?generation=1770409802142627
data/raw/scbasecount_2026_01_12_human/h5ad/SRX9856810.h5ad	92996591	ac952d9853fc5d092a6b69eabff016d21f7cd0e3413de924f903b19423a57025	yes	downloaded	https://storage.googleapis.com/arc-institute-virtual-cell-atlas/scbasecount/2026-01-12/h5ad/GeneFull_Ex50pAS/Homo_sapiens/SRX9856810.h5ad?generation=1770409805114786
data/raw/scbasecount_2026_01_12_human/h5ad/ERX9138782.h5ad	5737912	03f8ba05b1cf785f98a12fdc5acc974c094b4c7252b3d9a3223eea698adc5338	yes	downloaded	https://storage.googleapis.com/arc-institute-virtual-cell-atlas/scbasecount/2026-01-12/h5ad/GeneFull_Ex50pAS/Homo_sapiens/ERX9138782.h5ad?generation=1770409825691291
data/raw/scbasecount_2026_01_12_human/h5ad/SRX11485396.h5ad	25693344	93ce4b7103e9af4e1b307257907449980b75aa1996d659c4fa99394b8fdaf724	yes	downloaded	https://storage.googleapis.com/arc-institute-virtual-cell-atlas/scbasecount/2026-01-12/h5ad/GeneFull_Ex50pAS/Homo_sapiens/SRX11485396.h5ad?generation=1770409833845599
data/raw/scbasecount_2026_01_12_human/h5ad/SRX9556661.h5ad	16595180	88cfd7ce6650757cb0f2a73721118e06edf31eb00afa205220adcc7ee8a090f0	yes	downloaded	https://storage.googleapis.com/arc-institute-virtual-cell-atlas/scbasecount/2026-01-12/h5ad/GeneFull_Ex50pAS/Homo_sapiens/SRX9556661.h5ad?generation=1770409802832216
data/raw/scbasecount_2026_01_12_human/h5ad/ERX8792108.h5ad	28355554	fba2a736fc587b2591d860712974462833ed5665c805f4be7f54733ba04582ee	yes	downloaded	https://storage.googleapis.com/arc-institute-virtual-cell-atlas/scbasecount/2026-01-12/h5ad/GeneFull_Ex50pAS/Homo_sapiens/ERX8792108.h5ad?generation=1770409826699564
data/raw/scbasecount_2026_01_12_human/h5ad/ERX6124283.h5ad	150103056	f8a9990682c02cb63fd0f83a2f395335dce8cb7756b24d43e9628434ad260461	yes	downloaded	https://storage.googleapis.com/arc-institute-virtual-cell-atlas/scbasecount/2026-01-12/h5ad/GeneFull_Ex50pAS/Homo_sapiens/ERX6124283.h5ad?generation=1770409838753877
data/raw/scbasecount_2026_01_12_human/h5ad/SRX22129453.h5ad	400802942	d4daf6dcd3e90fc8dee380047df3bfe1875733aa5eaaed571f473ebe3a4b0489	yes	downloaded	https://storage.googleapis.com/arc-institute-virtual-cell-atlas/scbasecount/2026-01-12/h5ad/GeneFull_Ex50pAS/Homo_sapiens/SRX22129453.h5ad?generation=1770409829072563
data/raw/scbasecount_2026_01_12_human/h5ad/SRX14182541.h5ad	170922048	a8febde23bb080310d3490afb2390f692fa5c93b8c6fa62dc2c7e306d4172d23	yes	downloaded	https://storage.googleapis.com/arc-institute-virtual-cell-atlas/scbasecount/2026-01-12/h5ad/GeneFull_Ex50pAS/Homo_sapiens/SRX14182541.h5ad?generation=1770409833365596
data/raw/scbasecount_2026_01_12_human/h5ad/SRX10327371.h5ad	12833292	998fbbf4d4d2c155a3eb76dc4fb112f7f89c8ab7455d76e165d27b3c9966a150	yes	downloaded	https://storage.googleapis.com/arc-institute-virtual-cell-atlas/scbasecount/2026-01-12/h5ad/GeneFull_Ex50pAS/Homo_sapiens/SRX10327371.h5ad?generation=1770409826176235
data/raw/scbasecount_2026_01_12_human/h5ad/SRX9106609.h5ad	84662917	c3a679fe6f95f843e37247f13ed33de2fd60d3b0727b9de9bf93b90cfb766b1b	yes	downloaded	https://storage.googleapis.com/arc-institute-virtual-cell-atlas/scbasecount/2026-01-12/h5ad/GeneFull_Ex50pAS/Homo_sapiens/SRX9106609.h5ad?generation=1770409804667811
data/raw/scbasecount_2026_01_12_human/h5ad/SRX9801589.h5ad	249149584	5f8081d57b5532b7751daf47918af5e7c62bc7158cc6bc1986e0a204e4cc0f5a	yes	downloaded	https://storage.googleapis.com/arc-institute-virtual-cell-atlas/scbasecount/2026-01-12/h5ad/GeneFull_Ex50pAS/Homo_sapiens/SRX9801589.h5ad?generation=1770409818121808
data/raw/scbasecount_2026_01_12_human/h5ad/SRX10977987.h5ad	165932195	be780cf88846923dd60ee0a55dcda39a7b9093ae6fff598e560bb68d2c4af120	yes	downloaded	https://storage.googleapis.com/arc-institute-virtual-cell-atlas/scbasecount/2026-01-12/h5ad/GeneFull_Ex50pAS/Homo_sapiens/SRX10977987.h5ad?generation=1770409832058275
data/raw/scbasecount_2026_01_12_human/h5ad/SRX13061530.h5ad	24367352	2642485542b99607099eed83727cf3821bd7ae2709bc27c7e2a166f4ae2497e7	yes	downloaded	https://storage.googleapis.com/arc-institute-virtual-cell-atlas/scbasecount/2026-01-12/h5ad/GeneFull_Ex50pAS/Homo_sapiens/SRX13061530.h5ad?generation=1770409830389425
data/raw/scbasecount_2026_01_12_human/h5ad/SRX14182549.h5ad	230206433	b64452fce7ecff96dd2d7d740c3136fa1fb4f8d66e8c8c404efc89151ff78852	yes	downloaded	https://storage.googleapis.com/arc-institute-virtual-cell-atlas/scbasecount/2026-01-12/h5ad/GeneFull_Ex50pAS/Homo_sapiens/SRX14182549.h5ad?generation=1770409832613796
data/raw/scbasecount_2026_01_12_human/h5ad/SRX14495324.h5ad	52712652	c7d59c6dde49bc2955a3df843f79ba6fda400e6f368a93fce59326a7010af4b5	yes	downloaded	https://storage.googleapis.com/arc-institute-virtual-cell-atlas/scbasecount/2026-01-12/h5ad/GeneFull_Ex50pAS/Homo_sapiens/SRX14495324.h5ad?generation=1770409831158532
data/raw/scbasecount_2026_01_12_human/h5ad/SRX10124637.h5ad	95971928	a07348104db2eca150f74af3fa58256b5b417f837e67213672871ffdcff6bd7a	yes	downloaded	https://storage.googleapis.com/arc-institute-virtual-cell-atlas/scbasecount/2026-01-12/h5ad/GeneFull_Ex50pAS/Homo_sapiens/SRX10124637.h5ad?generation=1770409835888352
data/raw/scbasecount_2026_01_12_human/h5ad/SRX23223209.h5ad	278754116	1e877f862d9d8aef42d6496e98c15136f88fc8aa233523aba620d4fd916e002d	yes	downloaded	https://storage.googleapis.com/arc-institute-virtual-cell-atlas/scbasecount/2026-01-12/h5ad/GeneFull_Ex50pAS/Homo_sapiens/SRX23223209.h5ad?generation=1770409887579272
data/raw/scbasecount_2026_01_12_human/h5ad/SRX15736839.h5ad	180562495	7710f81842d1fb354a1ededb15a4766fbbb90521bb2d250c2cd5230322116737	yes	downloaded	https://storage.googleapis.com/arc-institute-virtual-cell-atlas/scbasecount/2026-01-12/h5ad/GeneFull_Ex50pAS/Homo_sapiens/SRX15736839.h5ad?generation=1770409819174613
data/raw/scbasecount_2026_01_12_human/h5ad/SRX11515838.h5ad	2633991	04483b5f700a3b10c9629302a959860ce92a76690886d4ee70f231beeff02a32	yes	downloaded	https://storage.googleapis.com/arc-institute-virtual-cell-atlas/scbasecount/2026-01-12/h5ad/GeneFull_Ex50pAS/Homo_sapiens/SRX11515838.h5ad?generation=1770409825655574
data/raw/scbasecount_2026_01_12_human/h5ad/SRX10338537.h5ad	249393859	d2c150487b69ebaac63ca9363b92ed58497a677edbb72a6963e47c4379c3c541	yes	downloaded	https://storage.googleapis.com/arc-institute-virtual-cell-atlas/scbasecount/2026-01-12/h5ad/GeneFull_Ex50pAS/Homo_sapiens/SRX10338537.h5ad?generation=1770409831596799
data/raw/scbasecount_2026_01_12_human/h5ad/SRX14182567.h5ad	219446460	bb6320f44c42cfa4bf7851272e3b5663a5ea8c9ba6b986035a43a58b45808118	yes	downloaded	https://storage.googleapis.com/arc-institute-virtual-cell-atlas/scbasecount/2026-01-12/h5ad/GeneFull_Ex50pAS/Homo_sapiens/SRX14182567.h5ad?generation=1770409833972504
data/raw/scbasecount_2026_01_12_human/h5ad/SRX10977993.h5ad	186659682	97fc6876d2880b75dda56e6726d0cfa972fbd9e5cb6bb1f8774ea75b0eb52a29	yes	downloaded	https://storage.googleapis.com/arc-institute-virtual-cell-atlas/scbasecount/2026-01-12/h5ad/GeneFull_Ex50pAS/Homo_sapiens/SRX10977993.h5ad?generation=1770409832633673
data/raw/scbasecount_2026_01_12_human/h5ad/SRX22834773.h5ad	9651365	a9238dd455bd1b173d649af62e618f50396009940fe7886ea4b6e17173abeeb5	yes	downloaded	https://storage.googleapis.com/arc-institute-virtual-cell-atlas/scbasecount/2026-01-12/h5ad/GeneFull_Ex50pAS/Homo_sapiens/SRX22834773.h5ad?generation=1770409814001801
data/raw/scbasecount_2026_01_12_human/h5ad/SRX8956889.h5ad	9235345	5b0ea2eb61e6458ad58a8a4ead04fe367004f83c000914f30d3b1123a78a8349	yes	downloaded	https://storage.googleapis.com/arc-institute-virtual-cell-atlas/scbasecount/2026-01-12/h5ad/GeneFull_Ex50pAS/Homo_sapiens/SRX8956889.h5ad?generation=1770409803310808
data/raw/scbasecount_2026_01_12_human/h5ad/SRX10978004.h5ad	140927118	0690a2adb7b0b0d8189bb42f26d56dc240756dc791c143f6e3f64558b7e9c99a	yes	downloaded	https://storage.googleapis.com/arc-institute-virtual-cell-atlas/scbasecount/2026-01-12/h5ad/GeneFull_Ex50pAS/Homo_sapiens/SRX10978004.h5ad?generation=1770409830046298
data/raw/scbasecount_2026_01_12_human/h5ad/ERX13775560.h5ad	180306353	8ff2b39c299f071abe1ab1e30e1ac13782604ce89202e4225c0ab23df1853a4a	yes	downloaded	https://storage.googleapis.com/arc-institute-virtual-cell-atlas/scbasecount/2026-01-12/h5ad/GeneFull_Ex50pAS/Homo_sapiens/ERX13775560.h5ad?generation=1770409830038106
data/raw/scbasecount_2026_01_12_human/h5ad/SRX27812358.h5ad	205072031	45f851d6b2d9548291c7436d275f1234c3e700edb7f2b3f70b34a9a5a462c992	yes	downloaded	https://storage.googleapis.com/arc-institute-virtual-cell-atlas/scbasecount/2026-01-12/h5ad/GeneFull_Ex50pAS/Homo_sapiens/SRX27812358.h5ad?generation=1770409807184412
data/raw/scbasecount_2026_01_12_human/h5ad/SRX27812362.h5ad	216376021	780861a6d3f4a866b08536964d8d5b70b66659fde52a4bfd44298d81e196550f	yes	downloaded	https://storage.googleapis.com/arc-institute-virtual-cell-atlas/scbasecount/2026-01-12/h5ad/GeneFull_Ex50pAS/Homo_sapiens/SRX27812362.h5ad?generation=1770409809304220
data/raw/scbasecount_2026_01_12_human/h5ad/SRX17392588.h5ad	80970350	870bd1394ad84e70912cdd50bcab73f0d647c7f097df2160a28d482f5dcde762	yes	downloaded	https://storage.googleapis.com/arc-institute-virtual-cell-atlas/scbasecount/2026-01-12/h5ad/GeneFull_Ex50pAS/Homo_sapiens/SRX17392588.h5ad?generation=1770409816697143
data/raw/scbasecount_2026_01_12_human/h5ad/ERX11148725.h5ad	158015893	c2057f7198e617cdfd3a6263fb66da987b8d0ba538446ae1cfa8dd826b4345e6	yes	downloaded	https://storage.googleapis.com/arc-institute-virtual-cell-atlas/scbasecount/2026-01-12/h5ad/GeneFull_Ex50pAS/Homo_sapiens/ERX11148725.h5ad?generation=1770409882690165
data/raw/scbasecount_2026_01_12_human/h5ad/SRX14045517.h5ad	9649394	dfbb0081bfed15f854ecaf2fc01ae19792796e21410fc7a4965b25e5d353cf1e	yes	downloaded	https://storage.googleapis.com/arc-institute-virtual-cell-atlas/scbasecount/2026-01-12/h5ad/GeneFull_Ex50pAS/Homo_sapiens/SRX14045517.h5ad?generation=1770409828461840
data/raw/scbasecount_2026_01_12_human/h5ad/SRX11084470.h5ad	30998706	097cdca7c36b5a1a9cd4b02a789bfc2d9200a1738f14acf451ebf56c5a0405b8	yes	downloaded	https://storage.googleapis.com/arc-institute-virtual-cell-atlas/scbasecount/2026-01-12/h5ad/GeneFull_Ex50pAS/Homo_sapiens/SRX11084470.h5ad?generation=1770409826107315
data/raw/scbasecount_2026_01_12_human/h5ad/SRX26213238.h5ad	2844657	3731c4df89d74a095f0aa974c40d3b7c6a682f63ac2d41aa03e8fc52c3c711ca	yes	downloaded	https://storage.googleapis.com/arc-institute-virtual-cell-atlas/scbasecount/2026-01-12/h5ad/GeneFull_Ex50pAS/Homo_sapiens/SRX26213238.h5ad?generation=1770409803724520
data/raw/scbasecount_2026_01_12_human/h5ad/SRX8349961.h5ad	29301990	5e189acc99397bc78fae55c56e9333cfd78a3d3675cbb5e4757c05b8a2548571	yes	downloaded	https://storage.googleapis.com/arc-institute-virtual-cell-atlas/scbasecount/2026-01-12/h5ad/GeneFull_Ex50pAS/Homo_sapiens/SRX8349961.h5ad?generation=1770409806402444
data/raw/scbasecount_2026_01_12_human/h5ad/SRX8349956.h5ad	24497070	dd95d4010e55227d70dbb98c807cc481491837b5405beabce29fd356bb6a8a0b	yes	downloaded	https://storage.googleapis.com/arc-institute-virtual-cell-atlas/scbasecount/2026-01-12/h5ad/GeneFull_Ex50pAS/Homo_sapiens/SRX8349956.h5ad?generation=1770409802803265
data/raw/scbasecount_2026_01_12_human/h5ad/SRX8983885.h5ad	20173145	9c35abe64a0ed32c78eafaddf385477c320cdc7ae194a1f73fc4214df04a8c5e	yes	downloaded	https://storage.googleapis.com/arc-institute-virtual-cell-atlas/scbasecount/2026-01-12/h5ad/GeneFull_Ex50pAS/Homo_sapiens/SRX8983885.h5ad?generation=1770409804863289
data/raw/scbasecount_2026_01_12_human/h5ad/SRX27812348.h5ad	233104856	0319a175c04a6c0ad511317bafaeb60fda4a116bbc4eed7267ac70e61917fb45	yes	downloaded	https://storage.googleapis.com/arc-institute-virtual-cell-atlas/scbasecount/2026-01-12/h5ad/GeneFull_Ex50pAS/Homo_sapiens/SRX27812348.h5ad?generation=1770409807550644
data/raw/scbasecount_2026_01_12_human/h5ad/SRX17392592.h5ad	209425315	135c8fbeecf48c3b967ea25dcf2ffcc0e761d3dc022775ddfeca3328270bfcde	yes	downloaded	https://storage.googleapis.com/arc-institute-virtual-cell-atlas/scbasecount/2026-01-12/h5ad/GeneFull_Ex50pAS/Homo_sapiens/SRX17392592.h5ad?generation=1770409820383926
data/raw/scbasecount_2026_01_12_human/h5ad/ERX12558789.h5ad	11446914	9ee9587ebb08339877c2254ffcd87452f2f3109add7c5322a2a086e6e2b0fbea	yes	downloaded	https://storage.googleapis.com/arc-institute-virtual-cell-atlas/scbasecount/2026-01-12/h5ad/GeneFull_Ex50pAS/Homo_sapiens/ERX12558789.h5ad?generation=1770409827142850
data/raw/scbasecount_2026_01_12_human/h5ad/SRX12708376.h5ad	2592616	de94ee01d94d7579b3ec1f5d3ffcfb6e4819fe2dac1c78eec833d92f9affa54a	yes	downloaded	https://storage.googleapis.com/arc-institute-virtual-cell-atlas/scbasecount/2026-01-12/h5ad/GeneFull_Ex50pAS/Homo_sapiens/SRX12708376.h5ad?generation=1770409826721528
data/raw/scbasecount_2026_01_12_human/h5ad/ERX8792188.h5ad	37112568	3c9eb185820ed4e5241056c446b26e9929f641545ab2fbec20f3c7b73c1d7c4a	yes	downloaded	https://storage.googleapis.com/arc-institute-virtual-cell-atlas/scbasecount/2026-01-12/h5ad/GeneFull_Ex50pAS/Homo_sapiens/ERX8792188.h5ad?generation=1770409826426930
data/raw/scbasecount_2026_01_12_human/h5ad/ERX9138819.h5ad	3062561	cc26de3d42c61c2682daf4da8f008a590af51b021c249edafc8d7ff03147e1dd	yes	downloaded	https://storage.googleapis.com/arc-institute-virtual-cell-atlas/scbasecount/2026-01-12/h5ad/GeneFull_Ex50pAS/Homo_sapiens/ERX9138819.h5ad?generation=1770409827191538
data/raw/scbasecount_2026_01_12_human/h5ad/SRX9276302.h5ad	55504437	1d2588e28de1d5810b0057505aa3b6a811c082441153890736a599c71e1be596	yes	downloaded	https://storage.googleapis.com/arc-institute-virtual-cell-atlas/scbasecount/2026-01-12/h5ad/GeneFull_Ex50pAS/Homo_sapiens/SRX9276302.h5ad?generation=1770409805385880
data/raw/scbasecount_2026_01_12_human/h5ad/SRX9276303.h5ad	49296070	96e88e4666d1e3d5e1657241c8ef079e85702b8e6c61942a3baa98ce08ce6122	yes	downloaded	https://storage.googleapis.com/arc-institute-virtual-cell-atlas/scbasecount/2026-01-12/h5ad/GeneFull_Ex50pAS/Homo_sapiens/SRX9276303.h5ad?generation=1770409802567635
data/raw/scbasecount_2026_01_12_human/h5ad/SRX9768482.h5ad	57739273	46867cfb6402990af7aaf419ae21399861dfc8c251b04a5cdf37181d69a813fa	yes	downloaded	https://storage.googleapis.com/arc-institute-virtual-cell-atlas/scbasecount/2026-01-12/h5ad/GeneFull_Ex50pAS/Homo_sapiens/SRX9768482.h5ad?generation=1770409802728564
data/raw/scbasecount_2026_01_12_human/h5ad/SRX12188762.h5ad	348752808	b70a6e95e7ed7b4c165615fab9882fd1921c6eb871493a7bfcb83536229e34f1	yes	downloaded	https://storage.googleapis.com/arc-institute-virtual-cell-atlas/scbasecount/2026-01-12/h5ad/GeneFull_Ex50pAS/Homo_sapiens/SRX12188762.h5ad?generation=1770409840242622
data/raw/scbasecount_2026_01_12_human/h5ad/ERX8792186.h5ad	12949879	1f317b600bef123c6f9b926f7848a2db2e48f0f3b70708e7501b9f405eaa1d60	yes	downloaded	https://storage.googleapis.com/arc-institute-virtual-cell-atlas/scbasecount/2026-01-12/h5ad/GeneFull_Ex50pAS/Homo_sapiens/ERX8792186.h5ad?generation=1770409825878198
data/raw/scbasecount_2026_01_12_human/h5ad/SRX11787949.h5ad	84648274	006a544943be1b7131bdc0eb06a7f235e6f43743ccd6ea3f60ced4e0a06dfe46	yes	downloaded	https://storage.googleapis.com/arc-institute-virtual-cell-atlas/scbasecount/2026-01-12/h5ad/GeneFull_Ex50pAS/Homo_sapiens/SRX11787949.h5ad?generation=1770409832867346
data/raw/scbasecount_2026_01_12_human/h5ad/SRX28769143.h5ad	20863612	6c4af84b3d4ce6200c8bdefca022cd42468aaf348dd75aa951b8cfff796425df	yes	downloaded	https://storage.googleapis.com/arc-institute-virtual-cell-atlas/scbasecount/2026-01-12/h5ad/GeneFull_Ex50pAS/Homo_sapiens/SRX28769143.h5ad?generation=1770409801904597
data/raw/scbasecount_2026_01_12_human/h5ad/SRX28768990.h5ad	12364811	ea66adddc34565e94a2c52eac80de4caabc075b12bc083c7175e1c8b9126dfde	yes	downloaded	https://storage.googleapis.com/arc-institute-virtual-cell-atlas/scbasecount/2026-01-12/h5ad/GeneFull_Ex50pAS/Homo_sapiens/SRX28768990.h5ad?generation=1770409804776694
data/raw/scbasecount_2026_01_12_human/h5ad/SRX28908260.h5ad	14730755	e28087182e8ea00923df40091fab711b0969f8469151e496330fda0f134d88ee	yes	downloaded	https://storage.googleapis.com/arc-institute-virtual-cell-atlas/scbasecount/2026-01-12/h5ad/GeneFull_Ex50pAS/Homo_sapiens/SRX28908260.h5ad?generation=1770409803316218
data/raw/scbasecount_2026_01_12_human/h5ad/SRX11987899.h5ad	27187409	ac393553a8e7a0597f1acd11f3fda53d25da3068b7f83784c3092f88d7f2f584	yes	downloaded	https://storage.googleapis.com/arc-institute-virtual-cell-atlas/scbasecount/2026-01-12/h5ad/GeneFull_Ex50pAS/Homo_sapiens/SRX11987899.h5ad?generation=1770409827175781
data/raw/scbasecount_2026_01_12_human/h5ad/SRX19162060.h5ad	4604785	5b0c778c68db83c7a0469fc3cc51698dc523f89e0cc8e5f2f5bd3c2bb9eded10	yes	downloaded	https://storage.googleapis.com/arc-institute-virtual-cell-atlas/scbasecount/2026-01-12/h5ad/GeneFull_Ex50pAS/Homo_sapiens/SRX19162060.h5ad?generation=1770409814492498
data/raw/scbasecount_2026_01_12_human/h5ad/SRX11987898.h5ad	62384188	d490b667302cfe069308da6ac3544c99b7cf999ad0364a1bfef591c6ca2f1e5a	yes	downloaded	https://storage.googleapis.com/arc-institute-virtual-cell-atlas/scbasecount/2026-01-12/h5ad/GeneFull_Ex50pAS/Homo_sapiens/SRX11987898.h5ad?generation=1770409827181612
data/raw/scbasecount_2026_01_12_human/h5ad/SRX19162062.h5ad	7679442	af88788ccdfbaeccc4e5e0f0c8573698dd240069f123c7e01789db1bd7626172	yes	downloaded	https://storage.googleapis.com/arc-institute-virtual-cell-atlas/scbasecount/2026-01-12/h5ad/GeneFull_Ex50pAS/Homo_sapiens/SRX19162062.h5ad?generation=1770409814751671
data/raw/scbasecount_2026_01_12_human/h5ad/SRX14767850.h5ad	150673474	a64832847ce62b352b79a7cbfb5eb0becc4839b622cd19c9d64067c9750164f5	yes	downloaded	https://storage.googleapis.com/arc-institute-virtual-cell-atlas/scbasecount/2026-01-12/h5ad/GeneFull_Ex50pAS/Homo_sapiens/SRX14767850.h5ad?generation=1770409832571323
data/raw/scbasecount_2026_01_12_human/h5ad/SRX12478850.h5ad	280451372	1ca3b3846206a0d07d7c39cf2d8f52c98050baf1c0fff97c8f81a2d295d45b8b	yes	downloaded	https://storage.googleapis.com/arc-institute-virtual-cell-atlas/scbasecount/2026-01-12/h5ad/GeneFull_Ex50pAS/Homo_sapiens/SRX12478850.h5ad?generation=1770409832446031
data/raw/scbasecount_2026_01_12_human/h5ad/ERX9138873.h5ad	32151853	c49b673820e2271516d1e46ce5110a36c82c5073bfd58a07ccd2a26180929d4e	yes	downloaded	https://storage.googleapis.com/arc-institute-virtual-cell-atlas/scbasecount/2026-01-12/h5ad/GeneFull_Ex50pAS/Homo_sapiens/ERX9138873.h5ad?generation=1770409826587653
data/raw/scbasecount_2026_01_12_human/h5ad/SRX23802734.h5ad	276729256	d3b4e936a115aadc3364f0a997b189c6efc8dadd178a84cc85099a9a6bf98e6d	yes	downloaded	https://storage.googleapis.com/arc-institute-virtual-cell-atlas/scbasecount/2026-01-12/h5ad/GeneFull_Ex50pAS/Homo_sapiens/SRX23802734.h5ad?generation=1770409810464052
data/raw/scbasecount_2026_01_12_human/h5ad/ERX11148763.h5ad	18835160	f3ce69f90955c765011e019225b1be1ca8b5a50f2d1c129f7fa4fbcb4fc029f1	yes	downloaded	https://storage.googleapis.com/arc-institute-virtual-cell-atlas/scbasecount/2026-01-12/h5ad/GeneFull_Ex50pAS/Homo_sapiens/ERX11148763.h5ad?generation=1770409826210264
data/raw/scbasecount_2026_01_12_human/h5ad/SRX10675020.h5ad	48637279	7b1f9419124168077a86ff80415c30092e5c3513a769586f46ed3b952a899178	yes	downloaded	https://storage.googleapis.com/arc-institute-virtual-cell-atlas/scbasecount/2026-01-12/h5ad/GeneFull_Ex50pAS/Homo_sapiens/SRX10675020.h5ad?generation=1770409845127869
data/raw/scbasecount_2026_01_12_human/h5ad/SRX8777491.h5ad	49097541	29391ac4a8252f78c976b561398be90561c571e1c91be0fa455ef423870a121b	yes	downloaded	https://storage.googleapis.com/arc-institute-virtual-cell-atlas/scbasecount/2026-01-12/h5ad/GeneFull_Ex50pAS/Homo_sapiens/SRX8777491.h5ad?generation=1770409807389633
data/raw/scbasecount_2026_01_12_human/h5ad/ERX9138847.h5ad	169068641	7b07082707a92852708a5740068324537ffd7d830144e01da1eae2f36b844ab4	yes	downloaded	https://storage.googleapis.com/arc-institute-virtual-cell-atlas/scbasecount/2026-01-12/h5ad/GeneFull_Ex50pAS/Homo_sapiens/ERX9138847.h5ad?generation=1770409835679576
data/raw/scbasecount_2026_01_12_human/h5ad/ERX4319208.h5ad	8613930	b286a54286bb9fbbf003dc24f849c1575d55060942341e03befbd2125a5ed5f7	yes	downloaded	https://storage.googleapis.com/arc-institute-virtual-cell-atlas/scbasecount/2026-01-12/h5ad/GeneFull_Ex50pAS/Homo_sapiens/ERX4319208.h5ad?generation=1770409828439747
data/raw/scbasecount_2026_01_12_human/h5ad/SRX15182490.h5ad	13958599	8299644ac975a85cabc60ed27f9a1e4aa8811ef03b13a0c4564970c1e077ffa5	yes	downloaded	https://storage.googleapis.com/arc-institute-virtual-cell-atlas/scbasecount/2026-01-12/h5ad/GeneFull_Ex50pAS/Homo_sapiens/SRX15182490.h5ad?generation=1770409826238819
data/raw/scbasecount_2026_01_12_human/h5ad/ERX4319233.h5ad	8582943	2972f282a8c47e4f6f811c357ad094676402272a67f7337110dd16c6377861db	yes	downloaded	https://storage.googleapis.com/arc-institute-virtual-cell-atlas/scbasecount/2026-01-12/h5ad/GeneFull_Ex50pAS/Homo_sapiens/ERX4319233.h5ad?generation=1770409825967417
data/raw/scbasecount_2026_01_12_human/h5ad/ERX4319139.h5ad	44256720	14e7bfe172a9b0475e8d95988bef1bf40556dfa8311bf3f3a50fc6493f421bed	yes	downloaded	https://storage.googleapis.com/arc-institute-virtual-cell-atlas/scbasecount/2026-01-12/h5ad/GeneFull_Ex50pAS/Homo_sapiens/ERX4319139.h5ad?generation=1770409827772058
data/raw/scbasecount_2026_01_12_human/h5ad/ERX4319171.h5ad	16380830	7fe88d980fb164d5ed7da0d31d73616598572df6978c5551849b1c4fa54dd363	yes	downloaded	https://storage.googleapis.com/arc-institute-virtual-cell-atlas/scbasecount/2026-01-12/h5ad/GeneFull_Ex50pAS/Homo_sapiens/ERX4319171.h5ad?generation=1770409828225057
data/raw/scbasecount_2026_01_12_human/h5ad/SRX15182494.h5ad	16705600	70efb6b19e9f5a390f5b2d375ba814ee3030385b4962add6103775aeab3a37cb	yes	downloaded	https://storage.googleapis.com/arc-institute-virtual-cell-atlas/scbasecount/2026-01-12/h5ad/GeneFull_Ex50pAS/Homo_sapiens/SRX15182494.h5ad?generation=1770409826320577
data/raw/scbasecount_2026_01_12_human/h5ad/ERX4319160.h5ad	52118568	d5523a781aca0151b048b29024905f60768e6c52835877fc43464cd554320682	yes	downloaded	https://storage.googleapis.com/arc-institute-virtual-cell-atlas/scbasecount/2026-01-12/h5ad/GeneFull_Ex50pAS/Homo_sapiens/ERX4319160.h5ad?generation=1770409852228656
data/raw/scbasecount_2026_01_12_human/h5ad/ERX11148808.h5ad	123518842	88f9468213d3e2a2f46808a95e2efb58f66cfc1dc169340db164a46a0a35b791	yes	downloaded	https://storage.googleapis.com/arc-institute-virtual-cell-atlas/scbasecount/2026-01-12/h5ad/GeneFull_Ex50pAS/Homo_sapiens/ERX11148808.h5ad?generation=1770409830052723
data/raw/scbasecount_2026_01_12_human/h5ad/SRX10104843.h5ad	54077179	341dad1dc3daa9b50df064b0a0cca4926d4f52f497507092e94568a968be85c9	yes	downloaded	https://storage.googleapis.com/arc-institute-virtual-cell-atlas/scbasecount/2026-01-12/h5ad/GeneFull_Ex50pAS/Homo_sapiens/SRX10104843.h5ad?generation=1770409832814652
data/raw/scbasecount_2026_01_12_human/h5ad/SRX10868897.h5ad	8078635	119215e4d44e5a5fc5937356b395534feffa4f03406c427e7b8eb4a6186c000a	yes	downloaded	https://storage.googleapis.com/arc-institute-virtual-cell-atlas/scbasecount/2026-01-12/h5ad/GeneFull_Ex50pAS/Homo_sapiens/SRX10868897.h5ad?generation=1770409827266952
data/raw/scbasecount_2026_01_12_human/h5ad/SRX19639302.h5ad	96939818	00061ecec43756f4ab8a1a6e9b1fffc89efb66e8addafb1d719883d4a6e44745	yes	downloaded	https://storage.googleapis.com/arc-institute-virtual-cell-atlas/scbasecount/2026-01-12/h5ad/GeneFull_Ex50pAS/Homo_sapiens/SRX19639302.h5ad?generation=1770409816115864
data/raw/scbasecount_2026_01_12_human/h5ad/ERX11148811.h5ad	74050257	171811a288ac8197de3da87b9fd949773275662713e74f6fcf4992603becca85	yes	downloaded	https://storage.googleapis.com/arc-institute-virtual-cell-atlas/scbasecount/2026-01-12/h5ad/GeneFull_Ex50pAS/Homo_sapiens/ERX11148811.h5ad?generation=1770409864596943
data/raw/scbasecount_2026_01_12_human/h5ad/SRX28769122.h5ad	11751457	2674739fc59dc192b1298d9b74714b38a52d0ef0178369701ead542e3ae6cb47	yes	downloaded	https://storage.googleapis.com/arc-institute-virtual-cell-atlas/scbasecount/2026-01-12/h5ad/GeneFull_Ex50pAS/Homo_sapiens/SRX28769122.h5ad?generation=1770409802816589
data/raw/scbasecount_2026_01_12_human/h5ad/SRX28908382.h5ad	16571359	0c9d26de523e7f633192c4e1eb63ea1616b49ff8f13b5de55cfec854278345d6	yes	downloaded	https://storage.googleapis.com/arc-institute-virtual-cell-atlas/scbasecount/2026-01-12/h5ad/GeneFull_Ex50pAS/Homo_sapiens/SRX28908382.h5ad?generation=1770409804418503
data/raw/scbasecount_2026_01_12_human/h5ad/ERX11148729.h5ad	125354906	c8e4755faf155cbe0b188014b9bb2d355f026276ea6407228746b605432cd86e	yes	downloaded	https://storage.googleapis.com/arc-institute-virtual-cell-atlas/scbasecount/2026-01-12/h5ad/GeneFull_Ex50pAS/Homo_sapiens/ERX11148729.h5ad?generation=1770409831437469
data/raw/scbasecount_2026_01_12_human/h5ad/SRX28908212.h5ad	6739932	867b765aadf993dc8e8c6d2eb12af4bba02666804d360198a681ebdf588365d6	yes	downloaded	https://storage.googleapis.com/arc-institute-virtual-cell-atlas/scbasecount/2026-01-12/h5ad/GeneFull_Ex50pAS/Homo_sapiens/SRX28908212.h5ad?generation=1770409802831085
data/raw/scbasecount_2026_01_12_human/h5ad/SRX11029946.h5ad	73652332	96d7b44425f340f6b0a074a2053186a0e1e90f902d8d6caf5bb0cd283e647249	yes	downloaded	https://storage.googleapis.com/arc-institute-virtual-cell-atlas/scbasecount/2026-01-12/h5ad/GeneFull_Ex50pAS/Homo_sapiens/SRX11029946.h5ad?generation=1770409829455430
data/raw/scbasecount_2026_01_12_human/h5ad/SRX13684838.h5ad	268172144	bfe2a6ad7d698022e04c6c0f000fb806d314b095315c5c7d1f9a8146dcf29a44	yes	downloaded	https://storage.googleapis.com/arc-institute-virtual-cell-atlas/scbasecount/2026-01-12/h5ad/GeneFull_Ex50pAS/Homo_sapiens/SRX13684838.h5ad?generation=1770409835585727
data/raw/scbasecount_2026_01_12_human/h5ad/ERX11148760.h5ad	45627697	ad435d25a9ffd4e24bc727f5e10d8e1bdf9748b78b337771adce6b25c7f2940f	yes	downloaded	https://storage.googleapis.com/arc-institute-virtual-cell-atlas/scbasecount/2026-01-12/h5ad/GeneFull_Ex50pAS/Homo_sapiens/ERX11148760.h5ad?generation=1770409827399342
data/raw/scbasecount_2026_01_12_human/h5ad/SRX17937433.h5ad	58144916	7b83d606b588b1323ed928b749e5abbf09ac4d0e90749f76421219958d07827c	yes	downloaded	https://storage.googleapis.com/arc-institute-virtual-cell-atlas/scbasecount/2026-01-12/h5ad/GeneFull_Ex50pAS/Homo_sapiens/SRX17937433.h5ad?generation=1770409814939188
data/raw/scbasecount_2026_01_12_human/h5ad/SRX24769166.h5ad	24004804	e10a9170c706a20c98ec090e5ca717a61fa6ae90923d20d5b2bb41b186a40bf5	yes	downloaded	https://storage.googleapis.com/arc-institute-virtual-cell-atlas/scbasecount/2026-01-12/h5ad/GeneFull_Ex50pAS/Homo_sapiens/SRX24769166.h5ad?generation=1770409805705683
data/raw/scbasecount_2026_01_12_human/h5ad/ERX11148769.h5ad	93059109	cc7e940cd74576369b646e088f6b0a873d76f9a76a1156fc29dcae5ecbf0b8bd	yes	downloaded	https://storage.googleapis.com/arc-institute-virtual-cell-atlas/scbasecount/2026-01-12/h5ad/GeneFull_Ex50pAS/Homo_sapiens/ERX11148769.h5ad?generation=1770409828097659
data/raw/scbasecount_2026_01_12_human/h5ad/SRX28908213.h5ad	160153305	c67bccf71089d75d0487c217213eb7042a327a621582171138ba681cd2f611ac	yes	downloaded	https://storage.googleapis.com/arc-institute-virtual-cell-atlas/scbasecount/2026-01-12/h5ad/GeneFull_Ex50pAS/Homo_sapiens/SRX28908213.h5ad?generation=1770409807747880
data/raw/scbasecount_2026_01_12_human/h5ad/SRX24763703.h5ad	10541062	fcf0b5e696dd156ef7ded6a0159a66ef5c26ac77ec06b7bc3c6ca26c75a9052d	yes	downloaded	https://storage.googleapis.com/arc-institute-virtual-cell-atlas/scbasecount/2026-01-12/h5ad/GeneFull_Ex50pAS/Homo_sapiens/SRX24763703.h5ad?generation=1770409802789644
data/raw/scbasecount_2026_01_12_human/h5ad/ERX4319203.h5ad	88615084	5c6695b3a3f8e3da07e99c4d1be8debae3bee282b0bce7a5c7f7f6793447fb6f	yes	downloaded	https://storage.googleapis.com/arc-institute-virtual-cell-atlas/scbasecount/2026-01-12/h5ad/GeneFull_Ex50pAS/Homo_sapiens/ERX4319203.h5ad?generation=1770409827172796
data/raw/scbasecount_2026_01_12_human/h5ad/SRX21370975.h5ad	23451565	a2a26e366c8dee6c3f82f99b6a894209c60bc51cb72876e102ad974b21601173	yes	downloaded	https://storage.googleapis.com/arc-institute-virtual-cell-atlas/scbasecount/2026-01-12/h5ad/GeneFull_Ex50pAS/Homo_sapiens/SRX21370975.h5ad?generation=1770409815422940
data/raw/scbasecount_2026_01_12_human/h5ad/SRX28908338.h5ad	5662374	e8ecfb4ecce0516aa363cff2ee94db4fb4326dc2944d78d53e1554253ecafd03	yes	downloaded	https://storage.googleapis.com/arc-institute-virtual-cell-atlas/scbasecount/2026-01-12/h5ad/GeneFull_Ex50pAS/Homo_sapiens/SRX28908338.h5ad?generation=1770409803850325
data/raw/scbasecount_2026_01_12_human/h5ad/SRX28769217.h5ad	2737876	f5c5637cdfa86497982b68f70915527111c501c045c5c9352ef07a644f9d2857	yes	downloaded	https://storage.googleapis.com/arc-institute-virtual-cell-atlas/scbasecount/2026-01-12/h5ad/GeneFull_Ex50pAS/Homo_sapiens/SRX28769217.h5ad?generation=1770409802826695
data/raw/scbasecount_2026_01_12_human/h5ad/SRX28769131.h5ad	13897551	f2b14ec4369cc0e7d3bf1c41b173830664be7b627004ab83c1c3e3c6dda14a5c	yes	downloaded	https://storage.googleapis.com/arc-institute-virtual-cell-atlas/scbasecount/2026-01-12/h5ad/GeneFull_Ex50pAS/Homo_sapiens/SRX28769131.h5ad?generation=1770409802958300
data/raw/scbasecount_2026_01_12_human/h5ad/SRX28769088.h5ad	12953993	3c1c1e77aa7853377510c3487bb856007a0d194309801271a30a0ab347fdf90f	yes	downloaded	https://storage.googleapis.com/arc-institute-virtual-cell-atlas/scbasecount/2026-01-12/h5ad/GeneFull_Ex50pAS/Homo_sapiens/SRX28769088.h5ad?generation=1770409804464630
data/raw/scbasecount_2026_01_12_human/h5ad/SRX28908459.h5ad	9114482	75a699322c5746dd07c34765c08e90cb881f0084d1c799027d7c08ff982d75cd	yes	downloaded	https://storage.googleapis.com/arc-institute-virtual-cell-atlas/scbasecount/2026-01-12/h5ad/GeneFull_Ex50pAS/Homo_sapiens/SRX28908459.h5ad?generation=1770409803428893
data/raw/scbasecount_2026_01_12_human/h5ad/SRX14743334.h5ad	2973544	851b328ce7e74c90f6356556e342c9c4d1e3409cab6b2cac6b28c488ed18d54d	yes	downloaded	https://storage.googleapis.com/arc-institute-virtual-cell-atlas/scbasecount/2026-01-12/h5ad/GeneFull_Ex50pAS/Homo_sapiens/SRX14743334.h5ad?generation=1770409827715025
data/raw/scbasecount_2026_01_12_human/h5ad/SRX19944404.h5ad	157025289	c72dc9685fa336a87363ae6ba7a8ecbc26c95838c6c7827697edca673e417b31	yes	downloaded	https://storage.googleapis.com/arc-institute-virtual-cell-atlas/scbasecount/2026-01-12/h5ad/GeneFull_Ex50pAS/Homo_sapiens/SRX19944404.h5ad?generation=1770409818688031
data/raw/scbasecount_2026_01_12_human/h5ad/SRX28908342.h5ad	213618004	4086a9b5f49000551757f7ba35bdcf2d7abd674582d428a1540ae1f8daf7409a	yes	downloaded	https://storage.googleapis.com/arc-institute-virtual-cell-atlas/scbasecount/2026-01-12/h5ad/GeneFull_Ex50pAS/Homo_sapiens/SRX28908342.h5ad?generation=1770409808140927
data/raw/scbasecount_2026_01_12_human/h5ad/ERX10987227.h5ad	91075358	4a74ebea8ad69a1d2995bb9f37e3551b1e77c532c1ee5d188046f11e83a21ecb	yes	downloaded	https://storage.googleapis.com/arc-institute-virtual-cell-atlas/scbasecount/2026-01-12/h5ad/GeneFull_Ex50pAS/Homo_sapiens/ERX10987227.h5ad?generation=1770409857848092
data/raw/scbasecount_2026_01_12_human/h5ad/SRX17053988.h5ad	402827275	42812c2f2870b0f7c8f48ef42aaeee4c6de34cea28e78a5e41cc746f942d3b24	yes	downloaded	https://storage.googleapis.com/arc-institute-virtual-cell-atlas/scbasecount/2026-01-12/h5ad/GeneFull_Ex50pAS/Homo_sapiens/SRX17053988.h5ad?generation=1770409825915494
data/raw/scbasecount_2026_01_12_human/h5ad/SRX9627326.h5ad	161049222	5eabeaedd045e18bf18df3e028cdeaa19eb9f79473676f85af12a220badfbea0	yes	downloaded	https://storage.googleapis.com/arc-institute-virtual-cell-atlas/scbasecount/2026-01-12/h5ad/GeneFull_Ex50pAS/Homo_sapiens/SRX9627326.h5ad?generation=1770409807150845
data/raw/scbasecount_2026_01_12_human/h5ad/SRX28769120.h5ad	7562807	125dee11a432cdf2243695b5e81921c9e83fa087b26ca86336ef533c4a48f432	yes	downloaded	https://storage.googleapis.com/arc-institute-virtual-cell-atlas/scbasecount/2026-01-12/h5ad/GeneFull_Ex50pAS/Homo_sapiens/SRX28769120.h5ad?generation=1770409803319963
data/raw/scbasecount_2026_01_12_human/h5ad/SRX13549271.h5ad	43107110	e9a73f722524043661be0c1afc52a8457af5442e0caaf32f4dd58b1c020fa6c9	yes	downloaded	https://storage.googleapis.com/arc-institute-virtual-cell-atlas/scbasecount/2026-01-12/h5ad/GeneFull_Ex50pAS/Homo_sapiens/SRX13549271.h5ad?generation=1770409828604877
data/raw/scbasecount_2026_01_12_human/h5ad/SRX9710083.h5ad	304529858	a7a5a53617c0b70af395e63a22fa94fc1e43e7824c898b6cd1f4c4515dd149b3	yes	downloaded	https://storage.googleapis.com/arc-institute-virtual-cell-atlas/scbasecount/2026-01-12/h5ad/GeneFull_Ex50pAS/Homo_sapiens/SRX9710083.h5ad?generation=1770409813129042
data/raw/scbasecount_2026_01_12_human/h5ad/SRX15391509.h5ad	66939621	e669410e844d6ea9c3b33e9a99b1b4771532e675bb0ab764468d398f4b43b6b3	yes	downloaded	https://storage.googleapis.com/arc-institute-virtual-cell-atlas/scbasecount/2026-01-12/h5ad/GeneFull_Ex50pAS/Homo_sapiens/SRX15391509.h5ad?generation=1770409827426393
data/raw/scbasecount_2026_01_12_human/h5ad/ERX8792035.h5ad	2673745	fd95946b098383c6c7e4ad399117ce20af43d81a3aa6d2517a767016edc3ba3f	yes	downloaded	https://storage.googleapis.com/arc-institute-virtual-cell-atlas/scbasecount/2026-01-12/h5ad/GeneFull_Ex50pAS/Homo_sapiens/ERX8792035.h5ad?generation=1770409826619312
data/raw/scbasecount_2026_01_12_human/h5ad/SRX22523182.h5ad	48942367	f0d434750c4f376a4e9c29a7cab9bb6f410eaaada53088cdbac50e9a3853e6ed	yes	downloaded	https://storage.googleapis.com/arc-institute-virtual-cell-atlas/scbasecount/2026-01-12/h5ad/GeneFull_Ex50pAS/Homo_sapiens/SRX22523182.h5ad?generation=1770409814589966
data/raw/scbasecount_2026_01_12_human/h5ad/SRX17605970.h5ad	89687465	e0be9cab45a11de4fb28a5504714255e8739ef5303f72a6ba0b5b468c7c053d9	yes	downloaded	https://storage.googleapis.com/arc-institute-virtual-cell-atlas/scbasecount/2026-01-12/h5ad/GeneFull_Ex50pAS/Homo_sapiens/SRX17605970.h5ad?generation=1770409816828818
data/raw/scbasecount_2026_01_12_human/h5ad/SRX6584254.h5ad	16067171	5530a7c767b7c11a4d2063ec3db32b1f6ce51243f7d0f416ece529cb5e4588d4	yes	downloaded	https://storage.googleapis.com/arc-institute-virtual-cell-atlas/scbasecount/2026-01-12/h5ad/GeneFull_Ex50pAS/Homo_sapiens/SRX6584254.h5ad?generation=1770409803364440
data/raw/scbasecount_2026_01_12_human/h5ad/SRX11523605.h5ad	38144784	30cb20cbc9fc34bbe3fa0a2f1dde106ca06c2ec70e55d96331bdbb2ea4058406	yes	downloaded	https://storage.googleapis.com/arc-institute-virtual-cell-atlas/scbasecount/2026-01-12/h5ad/GeneFull_Ex50pAS/Homo_sapiens/SRX11523605.h5ad?generation=1770409826545965
data/raw/scbasecount_2026_01_12_human/h5ad/SRX14719061.h5ad	207823053	1ed9d940dcfcf316d18d4253a15de3b505e44aff343964bfd32c510aa3701d1b	yes	downloaded	https://storage.googleapis.com/arc-institute-virtual-cell-atlas/scbasecount/2026-01-12/h5ad/GeneFull_Ex50pAS/Homo_sapiens/SRX14719061.h5ad?generation=1770409833154920
data/raw/scbasecount_2026_01_12_human/h5ad/SRX11523498.h5ad	33499768	871fa7b593e94d11a57ad39ba92340bae9ed4d7a017f1324c2cf23e0d41220f6	yes	downloaded	https://storage.googleapis.com/arc-institute-virtual-cell-atlas/scbasecount/2026-01-12/h5ad/GeneFull_Ex50pAS/Homo_sapiens/SRX11523498.h5ad?generation=1770409827177321
data/raw/scbasecount_2026_01_12_human/h5ad/SRX11523496.h5ad	92345827	fec6a5930272103b9c39d97056c2a926ce107b67473837f9f838fef81df1f592	yes	downloaded	https://storage.googleapis.com/arc-institute-virtual-cell-atlas/scbasecount/2026-01-12/h5ad/GeneFull_Ex50pAS/Homo_sapiens/SRX11523496.h5ad?generation=1770409828669994
data/raw/scbasecount_2026_01_12_human/h5ad/SRX11523493.h5ad	122089271	f3c68cc62ac3a7091a761eb8a059d74a5a6d46e182f7fabcead6be70345f46a0	yes	downloaded	https://storage.googleapis.com/arc-institute-virtual-cell-atlas/scbasecount/2026-01-12/h5ad/GeneFull_Ex50pAS/Homo_sapiens/SRX11523493.h5ad?generation=1770409828526039
data/raw/scbasecount_2026_01_12_human/h5ad/ERX9138775.h5ad	4481400	4b8a81002e9831d4ea6b52b2c067743b9e49bffaaeefd8c8f93020bc63969d82	yes	downloaded	https://storage.googleapis.com/arc-institute-virtual-cell-atlas/scbasecount/2026-01-12/h5ad/GeneFull_Ex50pAS/Homo_sapiens/ERX9138775.h5ad?generation=1770409825655194
data/raw/scbasecount_2026_01_12_human/h5ad/ERX9138758.h5ad	8624252	bef61769c7dc61ca686301ec95eef13ad2ba79248769a6b977055dd417394335	yes	downloaded	https://storage.googleapis.com/arc-institute-virtual-cell-atlas/scbasecount/2026-01-12/h5ad/GeneFull_Ex50pAS/Homo_sapiens/ERX9138758.h5ad?generation=1770409826125877
data/raw/scbasecount_2026_01_12_human/h5ad/ERX9138815.h5ad	10287704	214b39e38b642365bf0386b96e44d67b9270c9b7225d5d383500cb818ea58b45	yes	downloaded	https://storage.googleapis.com/arc-institute-virtual-cell-atlas/scbasecount/2026-01-12/h5ad/GeneFull_Ex50pAS/Homo_sapiens/ERX9138815.h5ad?generation=1770409825889756
data/raw/scbasecount_2026_01_12_human/h5ad/SRX9834857.h5ad	47788350	b203f6276c7f2ba6991cab71c4dfd6dc806de03d8c80f94b400d90a7d7d190ef	yes	downloaded	https://storage.googleapis.com/arc-institute-virtual-cell-atlas/scbasecount/2026-01-12/h5ad/GeneFull_Ex50pAS/Homo_sapiens/SRX9834857.h5ad?generation=1770409807114576
data/raw/scbasecount_2026_01_12_human/h5ad/SRX22251849.h5ad	131816025	69677050af341d6437be67543aed8b536b075239753db180f4123153bc096395	yes	downloaded	https://storage.googleapis.com/arc-institute-virtual-cell-atlas/scbasecount/2026-01-12/h5ad/GeneFull_Ex50pAS/Homo_sapiens/SRX22251849.h5ad?generation=1770409817108905
data/raw/scbasecount_2026_01_12_human/h5ad/ERX9138869.h5ad	156321330	8b6d061c055398dbb1239bdfdea2b165aa76350253edc80d676c9ca8c2de0d8e	yes	downloaded	https://storage.googleapis.com/arc-institute-virtual-cell-atlas/scbasecount/2026-01-12/h5ad/GeneFull_Ex50pAS/Homo_sapiens/ERX9138869.h5ad?generation=1770409831926471
data/raw/scbasecount_2026_01_12_human/h5ad/SRX11169659.h5ad	262074506	8524622e0bf4a4fec45e03379701c8b6b9859fe013091520488ab5eec7bd7d89	yes	downloaded	https://storage.googleapis.com/arc-institute-virtual-cell-atlas/scbasecount/2026-01-12/h5ad/GeneFull_Ex50pAS/Homo_sapiens/SRX11169659.h5ad?generation=1770409837192448
data/raw/scbasecount_2026_01_12_human/h5ad/SRX10579572.h5ad	120064067	a4be49e8b1f09bb367b1f3596a0c209d02c0f5cc1722bdfea36180d1d970eb6b	yes	downloaded	https://storage.googleapis.com/arc-institute-virtual-cell-atlas/scbasecount/2026-01-12/h5ad/GeneFull_Ex50pAS/Homo_sapiens/SRX10579572.h5ad?generation=1770409829324212
data/raw/scbasecount_2026_01_12_human/h5ad/SRX9208630.h5ad	507944960	3be17cb7b24d4f49290375d2288816bb3d2106afe448920d6b3199cc213d104e	yes	downloaded	https://storage.googleapis.com/arc-institute-virtual-cell-atlas/scbasecount/2026-01-12/h5ad/GeneFull_Ex50pAS/Homo_sapiens/SRX9208630.h5ad?generation=1770409938545229
data/raw/scbasecount_2026_01_12_human/h5ad/SRX20503052.h5ad	60842334	33154e7b1f08c9424e2450fd04e6f9e5711d4e83529164ecc4498528482cb0f5	yes	downloaded	https://storage.googleapis.com/arc-institute-virtual-cell-atlas/scbasecount/2026-01-12/h5ad/GeneFull_Ex50pAS/Homo_sapiens/SRX20503052.h5ad?generation=1770409814950360
data/raw/scbasecount_2026_01_12_human/h5ad/SRX11243097.h5ad	112835196	e3d59c989139f60fa86428fc323407b9627d6df4c201eed53b29d7407d4bb104	yes	downloaded	https://storage.googleapis.com/arc-institute-virtual-cell-atlas/scbasecount/2026-01-12/h5ad/GeneFull_Ex50pAS/Homo_sapiens/SRX11243097.h5ad?generation=1770409830729069
data/raw/scbasecount_2026_01_12_human/h5ad/SRX11349317.h5ad	50131466	e7f0f133eff10770609038eab90203c6e48d59f3174a37632d1a8e7c15237b36	yes	downloaded	https://storage.googleapis.com/arc-institute-virtual-cell-atlas/scbasecount/2026-01-12/h5ad/GeneFull_Ex50pAS/Homo_sapiens/SRX11349317.h5ad?generation=1770409829129380
data/raw/scbasecount_2026_01_12_human/h5ad/SRX10124624.h5ad	222255940	bccffd8688df4afdfadf0726aa5236650153d5bbf44a0b247cd08e263eaaeeae	yes	downloaded	https://storage.googleapis.com/arc-institute-virtual-cell-atlas/scbasecount/2026-01-12/h5ad/GeneFull_Ex50pAS/Homo_sapiens/SRX10124624.h5ad?generation=1770409831837025
data/raw/scbasecount_2026_01_12_human/h5ad/SRX9426285.h5ad	311655408	eda6695d8ebbec1dcc5c650cd878cf93b415c3e1bf1a2c378a11efa1c03e1de0	yes	downloaded	https://storage.googleapis.com/arc-institute-virtual-cell-atlas/scbasecount/2026-01-12/h5ad/GeneFull_Ex50pAS/Homo_sapiens/SRX9426285.h5ad?generation=1770409809916845
data/raw/scbasecount_2026_01_12_human/h5ad/SRX11243103.h5ad	86463701	90246833788c81f2cb151193689cd4f9182f1ffbe443e79f76712b041a4dfa4a	yes	downloaded	https://storage.googleapis.com/arc-institute-virtual-cell-atlas/scbasecount/2026-01-12/h5ad/GeneFull_Ex50pAS/Homo_sapiens/SRX11243103.h5ad?generation=1770409830505311
data/raw/scbasecount_2026_01_12_human/h5ad/SRX17937439.h5ad	203496048	fcf4b14dca1f24e2724615dd6900858b85a8da5f131a5f1b6d29c3b07d9ec503	yes	downloaded	https://storage.googleapis.com/arc-institute-virtual-cell-atlas/scbasecount/2026-01-12/h5ad/GeneFull_Ex50pAS/Homo_sapiens/SRX17937439.h5ad?generation=1770409819650246
data/raw/scbasecount_2026_01_12_human/h5ad/SRX9016178.h5ad	189353519	929b4d17f84bf8aca162d995edd5788d83f898c4494dcb8c398a58a072e2d642	yes	downloaded	https://storage.googleapis.com/arc-institute-virtual-cell-atlas/scbasecount/2026-01-12/h5ad/GeneFull_Ex50pAS/Homo_sapiens/SRX9016178.h5ad?generation=1770409809433585
data/raw/scbasecount_2026_01_12_human/h5ad/SRX11185438.h5ad	494842080	79ec45ca31eee88ec6bfd4f2f1c2248a3a1247ab35e6b84b64f43ab2e071dd8d	yes	downloaded	https://storage.googleapis.com/arc-institute-virtual-cell-atlas/scbasecount/2026-01-12/h5ad/GeneFull_Ex50pAS/Homo_sapiens/SRX11185438.h5ad?generation=1770409846863212
data/raw/scbasecount_2026_01_12_human/h5ad/SRX11524186.h5ad	19584843	3d855eecb68902c05be295e3b91794f8cb6fc549ca004a5c3459f53c07801efd	yes	downloaded	https://storage.googleapis.com/arc-institute-virtual-cell-atlas/scbasecount/2026-01-12/h5ad/GeneFull_Ex50pAS/Homo_sapiens/SRX11524186.h5ad?generation=1770409829009149
data/raw/scbasecount_2026_01_12_human/h5ad/SRX13790492.h5ad	141053103	12badbbf239fea2ec7d74361022405e48e8d67b492148e59ddab7e864fc08cbf	yes	downloaded	https://storage.googleapis.com/arc-institute-virtual-cell-atlas/scbasecount/2026-01-12/h5ad/GeneFull_Ex50pAS/Homo_sapiens/SRX13790492.h5ad?generation=1770409829693356
data/raw/scbasecount_2026_01_12_human/h5ad/SRX11523510.h5ad	105029260	b9b75159bfd5cc8dd44c4c9f82150f1a3a81f86efead9c60ffb8250d2932a8f4	yes	downloaded	https://storage.googleapis.com/arc-institute-virtual-cell-atlas/scbasecount/2026-01-12/h5ad/GeneFull_Ex50pAS/Homo_sapiens/SRX11523510.h5ad?generation=1770409830469508
data/raw/scbasecount_2026_01_12_human/h5ad/SRX8668245.h5ad	417442014	f0b0f7320548865260e9ca60dff594fb01f34b38902186a723721fe0a700015f	yes	downloaded	https://storage.googleapis.com/arc-institute-virtual-cell-atlas/scbasecount/2026-01-12/h5ad/GeneFull_Ex50pAS/Homo_sapiens/SRX8668245.h5ad?generation=1770409820043056
data/raw/scbasecount_2026_01_12_human/h5ad/SRX12101436.h5ad	303691549	4982dcb13394a68a5b0c27fe363eb0f3a34f95ff1a3204779c3d42a24c271c2c	yes	downloaded	https://storage.googleapis.com/arc-institute-virtual-cell-atlas/scbasecount/2026-01-12/h5ad/GeneFull_Ex50pAS/Homo_sapiens/SRX12101436.h5ad?generation=1770409832978471
data/raw/scbasecount_2026_01_12_human/h5ad/SRX19033435.h5ad	60897868	ba5ffbaab0c655cfcdc9cc54333be0ed0979a177b14e2d89c4e98f5517fbb4e2	yes	downloaded	https://storage.googleapis.com/arc-institute-virtual-cell-atlas/scbasecount/2026-01-12/h5ad/GeneFull_Ex50pAS/Homo_sapiens/SRX19033435.h5ad?generation=1770409820206845
data/raw/scbasecount_2026_01_12_human/h5ad/SRX8982934.h5ad	49725077	1168b2cd30ee52482f92af423d5e50dddc4b0048953d3736ba51fe64b96f08fa	yes	downloaded	https://storage.googleapis.com/arc-institute-virtual-cell-atlas/scbasecount/2026-01-12/h5ad/GeneFull_Ex50pAS/Homo_sapiens/SRX8982934.h5ad?generation=1770409802757601
data/raw/scbasecount_2026_01_12_human/h5ad/SRX9556593.h5ad	284529823	9c912cf93f891ac8938330aa426477428230f0496a7cef3794a6f0aefb338004	yes	downloaded	https://storage.googleapis.com/arc-institute-virtual-cell-atlas/scbasecount/2026-01-12/h5ad/GeneFull_Ex50pAS/Homo_sapiens/SRX9556593.h5ad?generation=1770409814548059
data/raw/scbasecount_2026_01_12_human/h5ad/SRX14182559.h5ad	240835626	5f461b334d7c65e6d752821d3d552415567ed010d131c65db09895ae519a76cb	yes	downloaded	https://storage.googleapis.com/arc-institute-virtual-cell-atlas/scbasecount/2026-01-12/h5ad/GeneFull_Ex50pAS/Homo_sapiens/SRX14182559.h5ad?generation=1770409832793919
data/raw/scbasecount_2026_01_12_human/h5ad/ERX8792158.h5ad	5015535	5566cc5950450b28d52f768fd18d7f419d666442d498380dfe0fb8f9f5fe30d6	yes	downloaded	https://storage.googleapis.com/arc-institute-virtual-cell-atlas/scbasecount/2026-01-12/h5ad/GeneFull_Ex50pAS/Homo_sapiens/ERX8792158.h5ad?generation=1770409827046926
data/raw/scbasecount_2026_01_12_human/h5ad/SRX12101437.h5ad	411380463	3cc36f0da865c78b74e9ee931eb8d37d155c536193010c98bcfef95f766ff13f	yes	downloaded	https://storage.googleapis.com/arc-institute-virtual-cell-atlas/scbasecount/2026-01-12/h5ad/GeneFull_Ex50pAS/Homo_sapiens/SRX12101437.h5ad?generation=1770409846504515
data/raw/scbasecount_2026_01_12_human/h5ad/SRX15246028.h5ad	28556291	a0eb7523427c1880f0deb9c6ebaa5221e485c7587658cd3af3c745c913e8c6e1	yes	downloaded	https://storage.googleapis.com/arc-institute-virtual-cell-atlas/scbasecount/2026-01-12/h5ad/GeneFull_Ex50pAS/Homo_sapiens/SRX15246028.h5ad?generation=1770409826947492
data/raw/scbasecount_2026_01_12_human/h5ad/SRX13998815.h5ad	102674840	66a2694e5190e38e64aae7b68cd78d05b0a611b6c31cb6579ff07bb17835999b	yes	downloaded	https://storage.googleapis.com/arc-institute-virtual-cell-atlas/scbasecount/2026-01-12/h5ad/GeneFull_Ex50pAS/Homo_sapiens/SRX13998815.h5ad?generation=1770409827940176
data/raw/scbasecount_2026_01_12_human/h5ad/ERX8792152.h5ad	4767366	334a6d48a4624786a97c461273226d85c3f3d0d5e46f0e107d0968f6875f2981	yes	downloaded	https://storage.googleapis.com/arc-institute-virtual-cell-atlas/scbasecount/2026-01-12/h5ad/GeneFull_Ex50pAS/Homo_sapiens/ERX8792152.h5ad?generation=1770409826284582
data/raw/scbasecount_2026_01_12_human/h5ad/ERX8792156.h5ad	4844664	f4b25b93542f2d6bb2b887eb785f80a3a9fc761a27d9e4ab1703b00c14684a4e	yes	downloaded	https://storage.googleapis.com/arc-institute-virtual-cell-atlas/scbasecount/2026-01-12/h5ad/GeneFull_Ex50pAS/Homo_sapiens/ERX8792156.h5ad?generation=1770409826786533
data/raw/scbasecount_2026_01_12_human/h5ad/SRX8982935.h5ad	223749671	80c4b79daafeabcbe9aaca391acdf47d2de4c40d827395869c8da846a25e6b5c	yes	downloaded	https://storage.googleapis.com/arc-institute-virtual-cell-atlas/scbasecount/2026-01-12/h5ad/GeneFull_Ex50pAS/Homo_sapiens/SRX8982935.h5ad?generation=1770409809704835
data/raw/scbasecount_2026_01_12_human/h5ad/SRX27472586.h5ad	113216629	875cb52ec01a8a540013aa5fc20ef268d38eae376f2fa8a413cca5ae02215967	yes	downloaded	https://storage.googleapis.com/arc-institute-virtual-cell-atlas/scbasecount/2026-01-12/h5ad/GeneFull_Ex50pAS/Homo_sapiens/SRX27472586.h5ad?generation=1770409808056801
data/raw/scbasecount_2026_01_12_human/h5ad/ERX8792120.h5ad	3133529	0625b2b7f733374a56a3c5262f32ec332bfc4d2220ec41a5278611a7bb0eefff	yes	downloaded	https://storage.googleapis.com/arc-institute-virtual-cell-atlas/scbasecount/2026-01-12/h5ad/GeneFull_Ex50pAS/Homo_sapiens/ERX8792120.h5ad?generation=1770409825739901
data/raw/scbasecount_2026_01_12_human/h5ad/ERX8792134.h5ad	3057683	367eb3735ec9cc2061a623e05f026d3b8c26fb1da0c2a4b45d6527fceb2b1760	yes	downloaded	https://storage.googleapis.com/arc-institute-virtual-cell-atlas/scbasecount/2026-01-12/h5ad/GeneFull_Ex50pAS/Homo_sapiens/ERX8792134.h5ad?generation=1770409826955552
data/raw/scbasecount_2026_01_12_human/h5ad/SRX11342144.h5ad	25195979	6944e893b4a99f27b23279d9f22ed7c30cc77c3bda0e2c109410223d23652bb4	yes	downloaded	https://storage.googleapis.com/arc-institute-virtual-cell-atlas/scbasecount/2026-01-12/h5ad/GeneFull_Ex50pAS/Homo_sapiens/SRX11342144.h5ad?generation=1770409826319322
data/raw/scbasecount_2026_01_12_human/h5ad/SRX28908227.h5ad	13793566	12c9b49ff2c2bddab4cbf7b17c8cb3adb8ad884589e4bd1cfd3ed89ea49b4b95	yes	downloaded	https://storage.googleapis.com/arc-institute-virtual-cell-atlas/scbasecount/2026-01-12/h5ad/GeneFull_Ex50pAS/Homo_sapiens/SRX28908227.h5ad?generation=1770409803061836
data/raw/scbasecount_2026_01_12_human/h5ad/SRX10457031.h5ad	84532231	829f7f7057ebc3cbee3f67647a5c135a8c11843e790e84cb8bb214b134c5496c	yes	downloaded	https://storage.googleapis.com/arc-institute-virtual-cell-atlas/scbasecount/2026-01-12/h5ad/GeneFull_Ex50pAS/Homo_sapiens/SRX10457031.h5ad?generation=1770409830158978
data/raw/scbasecount_2026_01_12_human/h5ad/ERX8792163.h5ad	165612835	9860274bee3e19b24b0d3c910f475c8cffb8b319e47f17f8b6f21e2dfead8ef3	yes	downloaded	https://storage.googleapis.com/arc-institute-virtual-cell-atlas/scbasecount/2026-01-12/h5ad/GeneFull_Ex50pAS/Homo_sapiens/ERX8792163.h5ad?generation=1770409833955517
data/raw/scbasecount_2026_01_12_human/h5ad/ERX8792153.h5ad	169199254	104349aee6bb286253b99abc17c80c8b2a4f546a02e4fbd44bf7540c415738ed	yes	downloaded	https://storage.googleapis.com/arc-institute-virtual-cell-atlas/scbasecount/2026-01-12/h5ad/GeneFull_Ex50pAS/Homo_sapiens/ERX8792153.h5ad?generation=1770409829581475
data/raw/scbasecount_2026_01_12_human/h5ad/SRX14753671.h5ad	4931567	663599a9ab54382250cdad40da7d2520bfa3145ea063f20fc40b77dfc7cf9c67	yes	downloaded	https://storage.googleapis.com/arc-institute-virtual-cell-atlas/scbasecount/2026-01-12/h5ad/GeneFull_Ex50pAS/Homo_sapiens/SRX14753671.h5ad?generation=1770409828345666
data/raw/scbasecount_2026_01_12_human/h5ad/SRX20326045.h5ad	130474589	0642fe510a4a41669773f237792fbfcb14b1201cc8d4d3050cc040365a1c692e	yes	downloaded	https://storage.googleapis.com/arc-institute-virtual-cell-atlas/scbasecount/2026-01-12/h5ad/GeneFull_Ex50pAS/Homo_sapiens/SRX20326045.h5ad?generation=1770409816974431
data/raw/scbasecount_2026_01_12_human/h5ad/SRX13111260.h5ad	178249801	b65f3356ccbc23a668688a268400f11f867e898d46d6e852e0848de23dc23af9	yes	downloaded	https://storage.googleapis.com/arc-institute-virtual-cell-atlas/scbasecount/2026-01-12/h5ad/GeneFull_Ex50pAS/Homo_sapiens/SRX13111260.h5ad?generation=1770409831772225
data/raw/scbasecount_2026_01_12_human/h5ad/SRX10112700.h5ad	388069296	c664659b548302e9f0ca11ad4f0688d98e8dd32e89746809c21d849ad60b99fd	yes	downloaded	https://storage.googleapis.com/arc-institute-virtual-cell-atlas/scbasecount/2026-01-12/h5ad/GeneFull_Ex50pAS/Homo_sapiens/SRX10112700.h5ad?generation=1770409844594626
data/raw/scbasecount_2026_01_12_human/h5ad/SRX13061179.h5ad	9723604	f633031f71a0a95bf80b03344114b0051b95a2ad1ef2cfc6c5e2c96d92804905	yes	downloaded	https://storage.googleapis.com/arc-institute-virtual-cell-atlas/scbasecount/2026-01-12/h5ad/GeneFull_Ex50pAS/Homo_sapiens/SRX13061179.h5ad?generation=1770409826170516
data/raw/scbasecount_2026_01_12_human/h5ad/ERX9913834.h5ad	207454894	fede573b88e50021c15e872d85a7b942073910df8016c547cb0af3d5286291b2	yes	downloaded	https://storage.googleapis.com/arc-institute-virtual-cell-atlas/scbasecount/2026-01-12/h5ad/GeneFull_Ex50pAS/Homo_sapiens/ERX9913834.h5ad?generation=1770409831101124
data/raw/scbasecount_2026_01_12_human/h5ad/SRX12708379.h5ad	4436966	729716df533c0f04f85e100356baba8a18d857c22806f440e340cfc616da50f8	yes	downloaded	https://storage.googleapis.com/arc-institute-virtual-cell-atlas/scbasecount/2026-01-12/h5ad/GeneFull_Ex50pAS/Homo_sapiens/SRX12708379.h5ad?generation=1770409827339693
data/raw/scbasecount_2026_01_12_human/h5ad/SRX13209840.h5ad	59885244	3d050ce9256a0c5a3b80917f5edde36d68608e5a667202900194ac8cfc2dc37a	yes	downloaded	https://storage.googleapis.com/arc-institute-virtual-cell-atlas/scbasecount/2026-01-12/h5ad/GeneFull_Ex50pAS/Homo_sapiens/SRX13209840.h5ad?generation=1770409826646184
data/raw/scbasecount_2026_01_12_human/h5ad/SRX9756247.h5ad	8923790	abba10127d31a4d886c1c46643581ce15a2467ebc859ba36a346861e27d17cff	yes	downloaded	https://storage.googleapis.com/arc-institute-virtual-cell-atlas/scbasecount/2026-01-12/h5ad/GeneFull_Ex50pAS/Homo_sapiens/SRX9756247.h5ad?generation=1770409805596032
data/raw/scbasecount_2026_01_12_human/h5ad/SRX9568861.h5ad	39820268	9698a19abd14768b45fe65ae969268955e05be8f0905159c7c11be593ad783a8	yes	downloaded	https://storage.googleapis.com/arc-institute-virtual-cell-atlas/scbasecount/2026-01-12/h5ad/GeneFull_Ex50pAS/Homo_sapiens/SRX9568861.h5ad?generation=1770409803191469
data/raw/scbasecount_2026_01_12_human/h5ad/SRX17893672.h5ad	261443247	743dc82607847246a4122760b09c9b1b8efa965c830120b12d421708906d61f5	yes	downloaded	https://storage.googleapis.com/arc-institute-virtual-cell-atlas/scbasecount/2026-01-12/h5ad/GeneFull_Ex50pAS/Homo_sapiens/SRX17893672.h5ad?generation=1770409847475082
data/raw/scbasecount_2026_01_12_human/h5ad/SRX9556652.h5ad	17679319	ce0ee2aed1bab467bb5dfe458f9062c69d49869c8091076c553a11d8bd8f0b03	yes	downloaded	https://storage.googleapis.com/arc-institute-virtual-cell-atlas/scbasecount/2026-01-12/h5ad/GeneFull_Ex50pAS/Homo_sapiens/SRX9556652.h5ad?generation=1770409802790641
data/raw/scbasecount_2026_01_12_human/h5ad/SRX9834865.h5ad	25261036	1d3ef955223c3be870c5b466f845e7d40bce11135df960dd12e5b051d9a7f56a	yes	downloaded	https://storage.googleapis.com/arc-institute-virtual-cell-atlas/scbasecount/2026-01-12/h5ad/GeneFull_Ex50pAS/Homo_sapiens/SRX9834865.h5ad?generation=1770409802315152
data/raw/scbasecount_2026_01_12_human/h5ad/SRX11797885.h5ad	74152455	18f0865580841a19228bb2f3e3cd84045485126798e253692aae4fbc8637ee0c	yes	downloaded	https://storage.googleapis.com/arc-institute-virtual-cell-atlas/scbasecount/2026-01-12/h5ad/GeneFull_Ex50pAS/Homo_sapiens/SRX11797885.h5ad?generation=1770409832537867
data/raw/scbasecount_2026_01_12_human/h5ad/SRX14495318.h5ad	56158890	b98ac6ffd6f7cac4448b3045e217abb41c13f765d96d1828effa8741abbe9da3	yes	downloaded	https://storage.googleapis.com/arc-institute-virtual-cell-atlas/scbasecount/2026-01-12/h5ad/GeneFull_Ex50pAS/Homo_sapiens/SRX14495318.h5ad?generation=1770409828076374
data/raw/scbasecount_2026_01_12_human/h5ad/SRX9711334.h5ad	17680513	fe3143d47e8de33868f611562505f59f346333a5dff1042b95520d904bf3e6d8	yes	downloaded	https://storage.googleapis.com/arc-institute-virtual-cell-atlas/scbasecount/2026-01-12/h5ad/GeneFull_Ex50pAS/Homo_sapiens/SRX9711334.h5ad?generation=1770409803456791
data/raw/scbasecount_2026_01_12_human/h5ad/SRX17794272.h5ad	3487231	48fe3b099cc297d729ca7965f642314b7f26bd55f25d70d26c0e123f72e1eb65	yes	downloaded	https://storage.googleapis.com/arc-institute-virtual-cell-atlas/scbasecount/2026-01-12/h5ad/GeneFull_Ex50pAS/Homo_sapiens/SRX17794272.h5ad?generation=1770409815497453
data/raw/scbasecount_2026_01_12_human/h5ad/SRX8349957.h5ad	47685864	5c4e6b2dee5db7b735b2fefed47e0c9b316a4cfff4dc43179c7d6597bebc5235	yes	downloaded	https://storage.googleapis.com/arc-institute-virtual-cell-atlas/scbasecount/2026-01-12/h5ad/GeneFull_Ex50pAS/Homo_sapiens/SRX8349957.h5ad?generation=1770409804843688
data/raw/scbasecount_2026_01_12_human/h5ad/ERX11876752.h5ad	201353784	199583b15eee08df503df3e5a0ea1ffc96c967797d690be8f3195d87cfc4786d	yes	downloaded	https://storage.googleapis.com/arc-institute-virtual-cell-atlas/scbasecount/2026-01-12/h5ad/GeneFull_Ex50pAS/Homo_sapiens/ERX11876752.h5ad?generation=1770409830871563
data/raw/scbasecount_2026_01_12_human/h5ad/SRX10128168.h5ad	162428336	46efce04027bc31e27eb5fab863e6aba81a71e1ebd5cebd3aef3cd60b5968787	yes	downloaded	https://storage.googleapis.com/arc-institute-virtual-cell-atlas/scbasecount/2026-01-12/h5ad/GeneFull_Ex50pAS/Homo_sapiens/SRX10128168.h5ad?generation=1770409830148138
data/raw/scbasecount_2026_01_12_human/h5ad/SRX15246030.h5ad	21175071	f12f827e84cb236aeaa2dfe20ee2ea5e46b0a0feb6e17541156a34eebddf4209	yes	downloaded	https://storage.googleapis.com/arc-institute-virtual-cell-atlas/scbasecount/2026-01-12/h5ad/GeneFull_Ex50pAS/Homo_sapiens/SRX15246030.h5ad?generation=1770409828142579
data/raw/scbasecount_2026_01_12_human/h5ad/ERX8791946.h5ad	4356536	6cca0ab55e6455cfc6247d3f251c1a848256c0db0cc5207386dcdbd3cc248fea	yes	downloaded	https://storage.googleapis.com/arc-institute-virtual-cell-atlas/scbasecount/2026-01-12/h5ad/GeneFull_Ex50pAS/Homo_sapiens/ERX8791946.h5ad?generation=1770409825348509
data/raw/scbasecount_2026_01_12_human/h5ad/SRX16056635.h5ad	228129328	da9cab53cf20429ff390b33ccff404a53ccb86c51a5623411e9596c7b8ca219a	yes	downloaded	https://storage.googleapis.com/arc-institute-virtual-cell-atlas/scbasecount/2026-01-12/h5ad/GeneFull_Ex50pAS/Homo_sapiens/SRX16056635.h5ad?generation=1770409827298567
data/raw/scbasecount_2026_01_12_human/h5ad/SRX18356774.h5ad	164354718	c89e1cb0c01c99b2c49b32ef0af8e0c27614a6c3463ab7320e125018ef08b9f2	yes	downloaded	https://storage.googleapis.com/arc-institute-virtual-cell-atlas/scbasecount/2026-01-12/h5ad/GeneFull_Ex50pAS/Homo_sapiens/SRX18356774.h5ad?generation=1770409822139673
data/raw/scbasecount_2026_01_12_human/h5ad/SRX10504776.h5ad	222315264	3ae3a3e95499e02e3dfb354f630475c273de9f2ef96db189a5df1ef5dd06cf4a	yes	downloaded	https://storage.googleapis.com/arc-institute-virtual-cell-atlas/scbasecount/2026-01-12/h5ad/GeneFull_Ex50pAS/Homo_sapiens/SRX10504776.h5ad?generation=1770409832770304
data/raw/scbasecount_2026_01_12_human/h5ad/SRX9864011.h5ad	6444440	5f94afeeab02a30c0c97583ef3bfe3144376455058fdc9f2c45d55340fb48e75	yes	downloaded	https://storage.googleapis.com/arc-institute-virtual-cell-atlas/scbasecount/2026-01-12/h5ad/GeneFull_Ex50pAS/Homo_sapiens/SRX9864011.h5ad?generation=1770409803436241
data/raw/scbasecount_2026_01_12_human/h5ad/SRX27560339.h5ad	172200277	092328768c2a45fd5a4f9f3736edefebeb022e75fac20fed645e11682e6679f7	yes	downloaded	https://storage.googleapis.com/arc-institute-virtual-cell-atlas/scbasecount/2026-01-12/h5ad/GeneFull_Ex50pAS/Homo_sapiens/SRX27560339.h5ad?generation=1770409805270441
data/raw/scbasecount_2026_01_12_human/h5ad/SRX9474693.h5ad	12220560	49b8a049d31730ba0e48ce3d1984d6fc6d5f9baa36780762cfd6eec1ff94a627	yes	downloaded	https://storage.googleapis.com/arc-institute-virtual-cell-atlas/scbasecount/2026-01-12/h5ad/GeneFull_Ex50pAS/Homo_sapiens/SRX9474693.h5ad?generation=1770409804097139
data/raw/scbasecount_2026_01_12_human/h5ad/SRX27560381.h5ad	118429640	dc705b0efa63bd1a4e7cd742aeb803a127da30805e1725217eadacc3eafba7a7	yes	downloaded	https://storage.googleapis.com/arc-institute-virtual-cell-atlas/scbasecount/2026-01-12/h5ad/GeneFull_Ex50pAS/Homo_sapiens/SRX27560381.h5ad?generation=1770409804181541
data/raw/scbasecount_2026_01_12_human/h5ad/SRX10579577.h5ad	129177737	de997d17a13fdc95588c396ed50fb1f8b950fa4f4c451c4df19a56377ff2fca1	yes	downloaded	https://storage.googleapis.com/arc-institute-virtual-cell-atlas/scbasecount/2026-01-12/h5ad/GeneFull_Ex50pAS/Homo_sapiens/SRX10579577.h5ad?generation=1770409832094114
data/raw/scbasecount_2026_01_12_human/h5ad/SRX9763503.h5ad	45725148	dd428de9865e2c9c45e765c99edffccb9428238e32cfaf29f4f379fc7370d0b8	yes	downloaded	https://storage.googleapis.com/arc-institute-virtual-cell-atlas/scbasecount/2026-01-12/h5ad/GeneFull_Ex50pAS/Homo_sapiens/SRX9763503.h5ad?generation=1770409803083481
data/raw/scbasecount_2026_01_12_human/h5ad/SRX21600003.h5ad	238673359	8c93d56c13e658f2f1ddb419d9f6402bfa04b6289696da0cea00c8b792121a81	yes	downloaded	https://storage.googleapis.com/arc-institute-virtual-cell-atlas/scbasecount/2026-01-12/h5ad/GeneFull_Ex50pAS/Homo_sapiens/SRX21600003.h5ad?generation=1770409883159313
data/raw/scbasecount_2026_01_12_human/h5ad/SRX8998541.h5ad	85285395	c9f3fc704302448aa4f3bfb20189aa52d9f4ac5fc79280fad9e0221f6c7c8588	yes	downloaded	https://storage.googleapis.com/arc-institute-virtual-cell-atlas/scbasecount/2026-01-12/h5ad/GeneFull_Ex50pAS/Homo_sapiens/SRX8998541.h5ad?generation=1770409805714728
data/raw/scbasecount_2026_01_12_human/h5ad/SRX10579575.h5ad	322875779	fec160890c2daffacb97c43a58cc4e416de3a5040727e10d239243589041599f	yes	downloaded	https://storage.googleapis.com/arc-institute-virtual-cell-atlas/scbasecount/2026-01-12/h5ad/GeneFull_Ex50pAS/Homo_sapiens/SRX10579575.h5ad?generation=1770409835548234
data/raw/scbasecount_2026_01_12_human/h5ad/ERX9138898.h5ad	3165280	5f347cd3342719140567356ebe9d7961ffc12fb7503c263565cb24f54783435a	yes	downloaded	https://storage.googleapis.com/arc-institute-virtual-cell-atlas/scbasecount/2026-01-12/h5ad/GeneFull_Ex50pAS/Homo_sapiens/ERX9138898.h5ad?generation=1770409825759663
data/raw/scbasecount_2026_01_12_human/h5ad/SRX22558193.h5ad	24757356	bd94c73d864886bdebd6d5dc9d4d87f68523c1b370696093ed90e7f0f5a89697	yes	downloaded	https://storage.googleapis.com/arc-institute-virtual-cell-atlas/scbasecount/2026-01-12/h5ad/GeneFull_Ex50pAS/Homo_sapiens/SRX22558193.h5ad?generation=1770409820650102
data/raw/scbasecount_2026_01_12_human/h5ad/SRX14637017.h5ad	178796736	02e5db3375140a8c05b2627464ce369f97c4857c7940e7172f8a8dbf0ace7787	yes	downloaded	https://storage.googleapis.com/arc-institute-virtual-cell-atlas/scbasecount/2026-01-12/h5ad/GeneFull_Ex50pAS/Homo_sapiens/SRX14637017.h5ad?generation=1770409831070732
data/raw/scbasecount_2026_01_12_human/h5ad/SRX19103439.h5ad	145646068	e987e0aa2e2ec14191c60128fd0a9152ebcce66f6f4edca66581340af8c16246	yes	downloaded	https://storage.googleapis.com/arc-institute-virtual-cell-atlas/scbasecount/2026-01-12/h5ad/GeneFull_Ex50pAS/Homo_sapiens/SRX19103439.h5ad?generation=1770409818558499
data/raw/scbasecount_2026_01_12_human/h5ad/SRX9054504.h5ad	75185099	66cbcbc1b07f80c10e182c1d8fc28b60ec01953bf587b0e57c280ead5e3b3c02	yes	downloaded	https://storage.googleapis.com/arc-institute-virtual-cell-atlas/scbasecount/2026-01-12/h5ad/GeneFull_Ex50pAS/Homo_sapiens/SRX9054504.h5ad?generation=1770409804670752
data/raw/scbasecount_2026_01_12_human/h5ad/ERX4319136.h5ad	37285684	5b9b1db2e0ea672d3bb8bae3ccee61883137c0d09c04a712d2de25bf30458905	yes	downloaded	https://storage.googleapis.com/arc-institute-virtual-cell-atlas/scbasecount/2026-01-12/h5ad/GeneFull_Ex50pAS/Homo_sapiens/ERX4319136.h5ad?generation=1770409826367894
data/raw/scbasecount_2026_01_12_human/h5ad/ERX11900541.h5ad	87585901	ca428f55f47404e10c614dc924dc45110eb7373d900c2c9ab96a1dc0a5cbfab6	yes	downloaded	https://storage.googleapis.com/arc-institute-virtual-cell-atlas/scbasecount/2026-01-12/h5ad/GeneFull_Ex50pAS/Homo_sapiens/ERX11900541.h5ad?generation=1770409827391011
data/raw/scbasecount_2026_01_12_human/h5ad/SRX10606548.h5ad	2642548	224323be209c98b3301fcef06e98bf6afb0f26b70c158d4f6aa9e172459897bd	yes	downloaded	https://storage.googleapis.com/arc-institute-virtual-cell-atlas/scbasecount/2026-01-12/h5ad/GeneFull_Ex50pAS/Homo_sapiens/SRX10606548.h5ad?generation=1770409827375206
data/raw/scbasecount_2026_01_12_human/h5ad/SRX11726598.h5ad	30789055	b11dd9ecb95d048c5acda7bef036c7919496a87dd7b0497d997eb8e4864987b6	yes	downloaded	https://storage.googleapis.com/arc-institute-virtual-cell-atlas/scbasecount/2026-01-12/h5ad/GeneFull_Ex50pAS/Homo_sapiens/SRX11726598.h5ad?generation=1770409827288776
data/raw/scbasecount_2026_01_12_human/h5ad/SRX10606547.h5ad	95018339	c688afb8951d9e367ad2970848a4734e908ac5f1df102eaa7d6fde884b3622ba	yes	downloaded	https://storage.googleapis.com/arc-institute-virtual-cell-atlas/scbasecount/2026-01-12/h5ad/GeneFull_Ex50pAS/Homo_sapiens/SRX10606547.h5ad?generation=1770409828959472
data/raw/scbasecount_2026_01_12_human/h5ad/SRX11349328.h5ad	14715186	c29399d978a339a82e22f27365b36d341f9ed069dc96bcf83aa50f83a42cf87f	yes	downloaded	https://storage.googleapis.com/arc-institute-virtual-cell-atlas/scbasecount/2026-01-12/h5ad/GeneFull_Ex50pAS/Homo_sapiens/SRX11349328.h5ad?generation=1770409825531550
data/raw/scbasecount_2026_01_12_human/h5ad/SRX13897046.h5ad	167133435	f844e601ebb6e1b898452e9b4f3315635d52d4d827fbc278ed45c8797b67159e	yes	downloaded	https://storage.googleapis.com/arc-institute-virtual-cell-atlas/scbasecount/2026-01-12/h5ad/GeneFull_Ex50pAS/Homo_sapiens/SRX13897046.h5ad?generation=1770409831244860
data/raw/scbasecount_2026_01_12_human/h5ad/SRX11349321.h5ad	21131950	5808bc20c17962d6983aadd99ee8e0dc38d1f8130c6c1a9edff884eb13638a11	yes	downloaded	https://storage.googleapis.com/arc-institute-virtual-cell-atlas/scbasecount/2026-01-12/h5ad/GeneFull_Ex50pAS/Homo_sapiens/SRX11349321.h5ad?generation=1770409826331255
data/raw/scbasecount_2026_01_12_human/h5ad/SRX18201490.h5ad	261170654	dab2e6870270a1d447502a46b23807a3094d52e4b758575dcd3ae71d1af2d52c	yes	downloaded	https://storage.googleapis.com/arc-institute-virtual-cell-atlas/scbasecount/2026-01-12/h5ad/GeneFull_Ex50pAS/Homo_sapiens/SRX18201490.h5ad?generation=1770409907397768
data/raw/scbasecount_2026_01_12_human/h5ad/SRX8820561.h5ad	19557100	822b4ce5c4bb335e9cf5188d03533f7d9a34f4c4ded60d0c1277bea311cdbb1c	yes	downloaded	https://storage.googleapis.com/arc-institute-virtual-cell-atlas/scbasecount/2026-01-12/h5ad/GeneFull_Ex50pAS/Homo_sapiens/SRX8820561.h5ad?generation=1770409803261259
data/raw/scbasecount_2026_01_12_human/h5ad/SRX8820543.h5ad	21005098	e3a09662b7a13bfd6722bcad235b266f62cb661ff38fa7386176bfdde13fd745	yes	downloaded	https://storage.googleapis.com/arc-institute-virtual-cell-atlas/scbasecount/2026-01-12/h5ad/GeneFull_Ex50pAS/Homo_sapiens/SRX8820543.h5ad?generation=1770409802139382
data/raw/scbasecount_2026_01_12_human/h5ad/SRX9582945.h5ad	51332933	7cb225ce7345d7259068596004bd60d25cccaa28a6a7d5f770ac19b61b6bbb7e	yes	downloaded	https://storage.googleapis.com/arc-institute-virtual-cell-atlas/scbasecount/2026-01-12/h5ad/GeneFull_Ex50pAS/Homo_sapiens/SRX9582945.h5ad?generation=1770409802937445
data/raw/scbasecount_2026_01_12_human/h5ad/SRX26241105.h5ad	130480789	6a1b6a780c8489cc5987fa07bb50b2d082b56568f4c6532a31f6d6039d54c7c1	yes	downloaded	https://storage.googleapis.com/arc-institute-virtual-cell-atlas/scbasecount/2026-01-12/h5ad/GeneFull_Ex50pAS/Homo_sapiens/SRX26241105.h5ad?generation=1770409820786632
data/raw/scbasecount_2026_01_12_human/h5ad/ERX10019093.h5ad	389727004	30708c567b45a5333e4d65770149929fedc57a97c95e7caa6ef16f8f43337d47	yes	downloaded	https://storage.googleapis.com/arc-institute-virtual-cell-atlas/scbasecount/2026-01-12/h5ad/GeneFull_Ex50pAS/Homo_sapiens/ERX10019093.h5ad?generation=1770409838976083
data/raw/scbasecount_2026_01_12_human/h5ad/SRX10579815.h5ad	14358788	25f4228dcdc7cbd10734cd3748d18d57d0d5a890bf10146ce6083141bf169ebf	yes	downloaded	https://storage.googleapis.com/arc-institute-virtual-cell-atlas/scbasecount/2026-01-12/h5ad/GeneFull_Ex50pAS/Homo_sapiens/SRX10579815.h5ad?generation=1770409826003206
data/raw/scbasecount_2026_01_12_human/h5ad/SRX10579810.h5ad	11888294	bcb59f9069ef5f005a3711d2e3a5cd9ba2a166f3ad484bc048f57e331ba1dec5	yes	downloaded	https://storage.googleapis.com/arc-institute-virtual-cell-atlas/scbasecount/2026-01-12/h5ad/GeneFull_Ex50pAS/Homo_sapiens/SRX10579810.h5ad?generation=1770409826103819
data/raw/scbasecount_2026_01_12_human/h5ad/SRX19639300.h5ad	183329656	8b5d6aeb6c66735c3c175a73005ee2febd1b4a32b7be5065d0e24ac2e33b628f	yes	downloaded	https://storage.googleapis.com/arc-institute-virtual-cell-atlas/scbasecount/2026-01-12/h5ad/GeneFull_Ex50pAS/Homo_sapiens/SRX19639300.h5ad?generation=1770409821178736
data/raw/scbasecount_2026_01_12_human/h5ad/SRX14591075.h5ad	118035125	bd8adcfff38fb84863fcf5b3e6a42e2a2b59ce581ef5edad5fe1aa6a66d87e56	yes	downloaded	https://storage.googleapis.com/arc-institute-virtual-cell-atlas/scbasecount/2026-01-12/h5ad/GeneFull_Ex50pAS/Homo_sapiens/SRX14591075.h5ad?generation=1770409828553450
data/raw/scbasecount_2026_01_12_human/h5ad/SRX11523567.h5ad	124221067	50c6ae2960d43ac6597c20eb9b54806843a68d399259bace8a60e8704c186fa0	yes	downloaded	https://storage.googleapis.com/arc-institute-virtual-cell-atlas/scbasecount/2026-01-12/h5ad/GeneFull_Ex50pAS/Homo_sapiens/SRX11523567.h5ad?generation=1770409828605319
data/raw/scbasecount_2026_01_12_human/h5ad/SRX9777392.h5ad	21832810	2618ab7119f0b162ccda5bcdca3aba7082759e23263603406189eb55da87cd19	yes	downloaded	https://storage.googleapis.com/arc-institute-virtual-cell-atlas/scbasecount/2026-01-12/h5ad/GeneFull_Ex50pAS/Homo_sapiens/SRX9777392.h5ad?generation=1770409803725420
data/raw/scbasecount_2026_01_12_human/h5ad/SRX21915172.h5ad	166686841	93ed3430381e9646e81fdf653ca91360a6a5dc4755533d39e352426924a9016e	yes	downloaded	https://storage.googleapis.com/arc-institute-virtual-cell-atlas/scbasecount/2026-01-12/h5ad/GeneFull_Ex50pAS/Homo_sapiens/SRX21915172.h5ad?generation=1770409823523323
data/raw/scbasecount_2026_01_12_human/h5ad/SRX11987915.h5ad	30576115	f6e9d4f15e77143c22bf3084c3a2df1104b7328484fcca1f70a58fda3daa2ac5	yes	downloaded	https://storage.googleapis.com/arc-institute-virtual-cell-atlas/scbasecount/2026-01-12/h5ad/GeneFull_Ex50pAS/Homo_sapiens/SRX11987915.h5ad?generation=1770409826166246
data/raw/scbasecount_2026_01_12_human/h5ad/SRX11523552.h5ad	110607827	06154166f45958431d876f9ec699dbdefd8bb88fbb593ceaa12926e5747adfc5	yes	downloaded	https://storage.googleapis.com/arc-institute-virtual-cell-atlas/scbasecount/2026-01-12/h5ad/GeneFull_Ex50pAS/Homo_sapiens/SRX11523552.h5ad?generation=1770409829063212
data/raw/scbasecount_2026_01_12_human/h5ad/SRX27425817.h5ad	199634111	e48051c3e89e7565a391ccdc163c85deb9a43a7e6879f49b9a8e76b6cecdb56a	yes	downloaded	https://storage.googleapis.com/arc-institute-virtual-cell-atlas/scbasecount/2026-01-12/h5ad/GeneFull_Ex50pAS/Homo_sapiens/SRX27425817.h5ad?generation=1770409812832493
data/raw/scbasecount_2026_01_12_human/h5ad/SRX15233590.h5ad	191869581	c360b501d5683e3547143f2e9f1b3c540d63cb347b48f2c730fabbcdb28489f9	yes	downloaded	https://storage.googleapis.com/arc-institute-virtual-cell-atlas/scbasecount/2026-01-12/h5ad/GeneFull_Ex50pAS/Homo_sapiens/SRX15233590.h5ad?generation=1770409832124151
data/raw/scbasecount_2026_01_12_human/h5ad/SRX17153389.h5ad	257396559	2ae2cd66b9ffb5675d7f5b25f2c7c278cbeb997fed38074703fba20a0572eed3	yes	downloaded	https://storage.googleapis.com/arc-institute-virtual-cell-atlas/scbasecount/2026-01-12/h5ad/GeneFull_Ex50pAS/Homo_sapiens/SRX17153389.h5ad?generation=1770409823020353
data/raw/scbasecount_2026_01_12_human/h5ad/SRX8020283.h5ad	13196911	55dada3dc66409fe94e216ea630b316c142bf01c5ceb8119877c85e8d8ebe825	yes	downloaded	https://storage.googleapis.com/arc-institute-virtual-cell-atlas/scbasecount/2026-01-12/h5ad/GeneFull_Ex50pAS/Homo_sapiens/SRX8020283.h5ad?generation=1770409803854966
data/raw/scbasecount_2026_01_12_human/h5ad/SRX27812352.h5ad	92249655	c43720f7d2f4f592e60a4163082bb8e209e91b6f8fb90013a3b473927f58fb4d	yes	downloaded	https://storage.googleapis.com/arc-institute-virtual-cell-atlas/scbasecount/2026-01-12/h5ad/GeneFull_Ex50pAS/Homo_sapiens/SRX27812352.h5ad?generation=1770409805926678
data/raw/scbasecount_2026_01_12_human/h5ad/SRX26616308.h5ad	10381761	60acd16a31a19e968c7e41e2139ebdf6c18bb43522aecfca13042d840f8e3578	yes	downloaded	https://storage.googleapis.com/arc-institute-virtual-cell-atlas/scbasecount/2026-01-12/h5ad/GeneFull_Ex50pAS/Homo_sapiens/SRX26616308.h5ad?generation=1770409806079828
data/raw/scbasecount_2026_01_12_human/h5ad/SRX10359213.h5ad	220429486	4bd1960ce72ad58b0b0d88c20bfe1c5ad380d22fa24d760af1532bd65f066a93	yes	downloaded	https://storage.googleapis.com/arc-institute-virtual-cell-atlas/scbasecount/2026-01-12/h5ad/GeneFull_Ex50pAS/Homo_sapiens/SRX10359213.h5ad?generation=1770409832746444
data/raw/scbasecount_2026_01_12_human/h5ad/SRX14757006.h5ad	33998251	f1c36da28b2354478864751ac06c36b7ccb73bdfcfc272f4fdb73f4825beaa87	yes	downloaded	https://storage.googleapis.com/arc-institute-virtual-cell-atlas/scbasecount/2026-01-12/h5ad/GeneFull_Ex50pAS/Homo_sapiens/SRX14757006.h5ad?generation=1770409827158853
data/raw/scbasecount_2026_01_12_human/h5ad/SRX23046552.h5ad	10729793	ffd29ba81a56c16d25f92b6498bff6946eaf1668d9949b40e5bacc67431b9821	yes	downloaded	https://storage.googleapis.com/arc-institute-virtual-cell-atlas/scbasecount/2026-01-12/h5ad/GeneFull_Ex50pAS/Homo_sapiens/SRX23046552.h5ad?generation=1770409817809914
data/raw/scbasecount_2026_01_12_human/h5ad/SRX23232510.h5ad	135589037	3563b17bea1f90bd7c3472876ef5d5f9f5ded8ffa867b543c7879186a0a5c458	yes	downloaded	https://storage.googleapis.com/arc-institute-virtual-cell-atlas/scbasecount/2026-01-12/h5ad/GeneFull_Ex50pAS/Homo_sapiens/SRX23232510.h5ad?generation=1770409850357304
data/raw/scbasecount_2026_01_12_human/h5ad/SRX27812359.h5ad	254575068	3f3955b30892ee7754fc61f62fa8e3d98422b8c758a27608770db3cda35202b3	yes	downloaded	https://storage.googleapis.com/arc-institute-virtual-cell-atlas/scbasecount/2026-01-12/h5ad/GeneFull_Ex50pAS/Homo_sapiens/SRX27812359.h5ad?generation=1770409815332237
data/raw/scbasecount_2026_01_12_human/h5ad/SRX19103452.h5ad	203726125	b264cd64d783efb36f00cfe9c17fd9776c8836472b7fe57917e78f5d6655dc58	yes	downloaded	https://storage.googleapis.com/arc-institute-virtual-cell-atlas/scbasecount/2026-01-12/h5ad/GeneFull_Ex50pAS/Homo_sapiens/SRX19103452.h5ad?generation=1770409821721292
data/raw/scbasecount_2026_01_12_human/h5ad/SRX10443206.h5ad	11843543	254bf181e0455bba4b6eaedb0d9c69c033ed6cbc60df2a3e31ca79a6f79ba397	yes	downloaded	https://storage.googleapis.com/arc-institute-virtual-cell-atlas/scbasecount/2026-01-12/h5ad/GeneFull_Ex50pAS/Homo_sapiens/SRX10443206.h5ad?generation=1770409828190044
data/raw/scbasecount_2026_01_12_human/h5ad/SRX11987892.h5ad	19430006	d9248476edcc4cc6569e7c491e23cf3d0d5e0527e3c97dca64a2c7aac46b3b27	yes	downloaded	https://storage.googleapis.com/arc-institute-virtual-cell-atlas/scbasecount/2026-01-12/h5ad/GeneFull_Ex50pAS/Homo_sapiens/SRX11987892.h5ad?generation=1770409828439994
data/raw/scbasecount_2026_01_12_human/h5ad/SRX27487152.h5ad	108954626	25dedb341bf71acfa0e8c4c5a29e1b5c1671fd3731d39d968ee12cded7623463	yes	downloaded	https://storage.googleapis.com/arc-institute-virtual-cell-atlas/scbasecount/2026-01-12/h5ad/GeneFull_Ex50pAS/Homo_sapiens/SRX27487152.h5ad?generation=1770409820965659
data/raw/scbasecount_2026_01_12_human/h5ad/SRX8520854.h5ad	249927299	94ad3d3d71b9696655dbe29edaf40015d90426eb3de7e3f938e4948bb3fae6cd	yes	downloaded	https://storage.googleapis.com/arc-institute-virtual-cell-atlas/scbasecount/2026-01-12/h5ad/GeneFull_Ex50pAS/Homo_sapiens/SRX8520854.h5ad?generation=1770409808908228
data/raw/scbasecount_2026_01_12_human/h5ad/SRX9756935.h5ad	233743917	832a6fc475ac2f981f847f1c79ccb06a213b52664fbd4394152196de6af44322	yes	downloaded	https://storage.googleapis.com/arc-institute-virtual-cell-atlas/scbasecount/2026-01-12/h5ad/GeneFull_Ex50pAS/Homo_sapiens/SRX9756935.h5ad?generation=1770409862662308
data/raw/scbasecount_2026_01_12_human/h5ad/SRX20687114.h5ad	199541916	ab064359fa582bedfab4c1c74e8dbccac9016b25dc9d183f1ea7a7f0f5dd402f	yes	downloaded	https://storage.googleapis.com/arc-institute-virtual-cell-atlas/scbasecount/2026-01-12/h5ad/GeneFull_Ex50pAS/Homo_sapiens/SRX20687114.h5ad?generation=1770409826471065
data/raw/scbasecount_2026_01_12_human/h5ad/SRX14677181.h5ad	3997936	dbd107708b1c6b322906b672cfa263e6681eb08c1109efafceb84a7bab6720dc	yes	downloaded	https://storage.googleapis.com/arc-institute-virtual-cell-atlas/scbasecount/2026-01-12/h5ad/GeneFull_Ex50pAS/Homo_sapiens/SRX14677181.h5ad?generation=1770409827289676
data/raw/scbasecount_2026_01_12_human/h5ad/SRX24416940.h5ad	48396932	b805101d00e9412682fb9c7cee6951b9852760944c07d8e7a7de7cf59176fcd4	yes	downloaded	https://storage.googleapis.com/arc-institute-virtual-cell-atlas/scbasecount/2026-01-12/h5ad/GeneFull_Ex50pAS/Homo_sapiens/SRX24416940.h5ad?generation=1770409807044020
data/raw/scbasecount_2026_01_12_human/h5ad/SRX25737235.h5ad	138081656	8859336c41e895c381ebcabbce955056101ccdf919b4304075bad35a81ced683	yes	downloaded	https://storage.googleapis.com/arc-institute-virtual-cell-atlas/scbasecount/2026-01-12/h5ad/GeneFull_Ex50pAS/Homo_sapiens/SRX25737235.h5ad?generation=1770409807210270
data/raw/scbasecount_2026_01_12_human/h5ad/SRX16314802.h5ad	227737631	a08f9465be8bdc75c3e60eaf01cf4f33b829d0adcb7bacc649195c4f98c942d0	yes	downloaded	https://storage.googleapis.com/arc-institute-virtual-cell-atlas/scbasecount/2026-01-12/h5ad/GeneFull_Ex50pAS/Homo_sapiens/SRX16314802.h5ad?generation=1770409823109442
data/raw/scbasecount_2026_01_12_human/h5ad/SRX17639458.h5ad	419765634	5f365aa649f7fdf05d931a0eca44623ae73704fcaecd9b05491fbb9d387ea3d3	yes	downloaded	https://storage.googleapis.com/arc-institute-virtual-cell-atlas/scbasecount/2026-01-12/h5ad/GeneFull_Ex50pAS/Homo_sapiens/SRX17639458.h5ad?generation=1770409828197147
data/raw/scbasecount_2026_01_12_human/h5ad/SRX10579813.h5ad	15299350	3607c5097efedea55d7d3ec7367629a8f6c62bbb3b4cb50cfbf5741ed9f2d914	yes	downloaded	https://storage.googleapis.com/arc-institute-virtual-cell-atlas/scbasecount/2026-01-12/h5ad/GeneFull_Ex50pAS/Homo_sapiens/SRX10579813.h5ad?generation=1770409828714107
data/raw/scbasecount_2026_01_12_human/h5ad/SRX9276292.h5ad	59595114	b766b03e7f97a712d451f210b4bfdf23f416dbdf4df245b6d917cdc368bbca46	yes	downloaded	https://storage.googleapis.com/arc-institute-virtual-cell-atlas/scbasecount/2026-01-12/h5ad/GeneFull_Ex50pAS/Homo_sapiens/SRX9276292.h5ad?generation=1770409804633651
data/raw/scbasecount_2026_01_12_human/h5ad/SRX11071619.h5ad	5169815	bb76688b6fea3632742418452e2d9da7e10a3e3d15fba260133deb2181ac0887	yes	downloaded	https://storage.googleapis.com/arc-institute-virtual-cell-atlas/scbasecount/2026-01-12/h5ad/GeneFull_Ex50pAS/Homo_sapiens/SRX11071619.h5ad?generation=1770409825780790
data/raw/scbasecount_2026_01_12_human/h5ad/SRX13849571.h5ad	50850049	576c737b5bf8af0ba1c6b62321710881273cf65ec0a68fde629c3c92ab33792d	yes	downloaded	https://storage.googleapis.com/arc-institute-virtual-cell-atlas/scbasecount/2026-01-12/h5ad/GeneFull_Ex50pAS/Homo_sapiens/SRX13849571.h5ad?generation=1770409843073599
data/raw/scbasecount_2026_01_12_human/h5ad/SRX10957183.h5ad	207236903	4b7c6b27fa7fae9de321e20b9c18cffad1f39e2aaaa72ae47e3cfed8fa8509a6	yes	downloaded	https://storage.googleapis.com/arc-institute-virtual-cell-atlas/scbasecount/2026-01-12/h5ad/GeneFull_Ex50pAS/Homo_sapiens/SRX10957183.h5ad?generation=1770409863427075
data/raw/scbasecount_2026_01_12_human/h5ad/SRX24073320.h5ad	110683256	20c35c77dc8a581da4d3ebb9eb0f8d6093101c3199bbbb4d530a5c94a80d3623	yes	downloaded	https://storage.googleapis.com/arc-institute-virtual-cell-atlas/scbasecount/2026-01-12/h5ad/GeneFull_Ex50pAS/Homo_sapiens/SRX24073320.h5ad?generation=1770409804512154
data/raw/scbasecount_2026_01_12_human/h5ad/SRX27465301.h5ad	3157165	8796dbada7bf15edfb380dd2be61295f98bdcb7f64a2d5638a179b491c7d42d7	yes	downloaded	https://storage.googleapis.com/arc-institute-virtual-cell-atlas/scbasecount/2026-01-12/h5ad/GeneFull_Ex50pAS/Homo_sapiens/SRX27465301.h5ad?generation=1770409801938333
data/raw/scbasecount_2026_01_12_human/h5ad/SRX25040447.h5ad	6302608	2381977558420a677864e4f98230938808d808800b50e24d0fadb06af784da9c	yes	downloaded	https://storage.googleapis.com/arc-institute-virtual-cell-atlas/scbasecount/2026-01-12/h5ad/GeneFull_Ex50pAS/Homo_sapiens/SRX25040447.h5ad?generation=1770409803149474
data/raw/scbasecount_2026_01_12_human/h5ad/SRX19391329.h5ad	72347201	a8a0ba7fbe3e5aba8ef941f3fc9eddc0350372fbfca19644b907b36f19e004d6	yes	downloaded	https://storage.googleapis.com/arc-institute-virtual-cell-atlas/scbasecount/2026-01-12/h5ad/GeneFull_Ex50pAS/Homo_sapiens/SRX19391329.h5ad?generation=1770409817340790
data/raw/scbasecount_2026_01_12_human/h5ad/SRX9246190.h5ad	324490414	760a1816471388fb8fa00700a8463a92088e8ca5675096906641d9b7b64b8baf	yes	downloaded	https://storage.googleapis.com/arc-institute-virtual-cell-atlas/scbasecount/2026-01-12/h5ad/GeneFull_Ex50pAS/Homo_sapiens/SRX9246190.h5ad?generation=1770409809974109
data/raw/scbasecount_2026_01_12_human/h5ad/SRX8640446.h5ad	15191830	7f792ca982b69c4ffb00d8856c7f4071280c5109359b1a98322d998dcbd50417	yes	downloaded	https://storage.googleapis.com/arc-institute-virtual-cell-atlas/scbasecount/2026-01-12/h5ad/GeneFull_Ex50pAS/Homo_sapiens/SRX8640446.h5ad?generation=1770409802511095
data/raw/scbasecount_2026_01_12_human/h5ad/SRX27826365.h5ad	16714886	41fc96f74f40f6a7dc85a77f2cc8154e159a17c176ee643d52fdcc32b7637701	yes	downloaded	https://storage.googleapis.com/arc-institute-virtual-cell-atlas/scbasecount/2026-01-12/h5ad/GeneFull_Ex50pAS/Homo_sapiens/SRX27826365.h5ad?generation=1770409802901273
data/raw/scbasecount_2026_01_12_human/h5ad/SRX26012135.h5ad	63301760	28b4cb72a149c065806e725cba4eef99d34ef0c094d7dad97e11d0a4266c3fe2	yes	downloaded	https://storage.googleapis.com/arc-institute-virtual-cell-atlas/scbasecount/2026-01-12/h5ad/GeneFull_Ex50pAS/Homo_sapiens/SRX26012135.h5ad?generation=1770409821826846
data/raw/scbasecount_2026_01_12_human/h5ad/SRX8726756.h5ad	133743537	d8be90c8b7cc1a12b69539921d40ac440a46aa5c93c9ed5eef4ba815241f942e	yes	downloaded	https://storage.googleapis.com/arc-institute-virtual-cell-atlas/scbasecount/2026-01-12/h5ad/GeneFull_Ex50pAS/Homo_sapiens/SRX8726756.h5ad?generation=1770409808052985
data/raw/scbasecount_2026_01_12_human/h5ad/SRX9349398.h5ad	39832415	b0caef3d75482052b4deeb51f19f0845ba8617d2ca0e3339dbd8c2bcbc16e118	yes	downloaded	https://storage.googleapis.com/arc-institute-virtual-cell-atlas/scbasecount/2026-01-12/h5ad/GeneFull_Ex50pAS/Homo_sapiens/SRX9349398.h5ad?generation=1770409802562151
data/raw/scbasecount_2026_01_12_human/h5ad/SRX29130825.h5ad	133431170	0863b7b7bf1494626d5c24623f0e7000a94407e38920feb798b499a0e6af4893	yes	downloaded	https://storage.googleapis.com/arc-institute-virtual-cell-atlas/scbasecount/2026-01-12/h5ad/GeneFull_Ex50pAS/Homo_sapiens/SRX29130825.h5ad?generation=1770409804853323
data/raw/scbasecount_2026_01_12_human/h5ad/SRX9785589.h5ad	152921144	d622fcd2cb744c7c8f677a930ae24567a237ca8e60d404f1d5a5d4add758a7ba	yes	downloaded	https://storage.googleapis.com/arc-institute-virtual-cell-atlas/scbasecount/2026-01-12/h5ad/GeneFull_Ex50pAS/Homo_sapiens/SRX9785589.h5ad?generation=1770409804928489
data/raw/scbasecount_2026_01_12_human/h5ad/SRX7860280.h5ad	245167624	6d789a4875772af022386a8eaa1eaa5b7b79aedf6e128dc629ed0ba6a92e0db6	yes	downloaded	https://storage.googleapis.com/arc-institute-virtual-cell-atlas/scbasecount/2026-01-12/h5ad/GeneFull_Ex50pAS/Homo_sapiens/SRX7860280.h5ad?generation=1770409811457949
data/raw/scbasecount_2026_01_12_human/h5ad/SRX12800505.h5ad	33804959	028bcfddd7549d323569446ed80221816a187cd0f239ea424c648c2a4de20bff	yes	downloaded	https://storage.googleapis.com/arc-institute-virtual-cell-atlas/scbasecount/2026-01-12/h5ad/GeneFull_Ex50pAS/Homo_sapiens/SRX12800505.h5ad?generation=1770409828624879
data/raw/scbasecount_2026_01_12_human/h5ad/SRX12800499.h5ad	34299338	7275e3dc7a20fc4501b2f760e1509114a436f4d9d12e15fe7c1c66e2a6645de9	yes	downloaded	https://storage.googleapis.com/arc-institute-virtual-cell-atlas/scbasecount/2026-01-12/h5ad/GeneFull_Ex50pAS/Homo_sapiens/SRX12800499.h5ad?generation=1770409826079449
data/raw/scbasecount_2026_01_12_human/h5ad/SRX26241106.h5ad	110745735	e242205363199d1c6e03c5ef0661218ca9d9428a5b062874f95899c4f41a1015	yes	downloaded	https://storage.googleapis.com/arc-institute-virtual-cell-atlas/scbasecount/2026-01-12/h5ad/GeneFull_Ex50pAS/Homo_sapiens/SRX26241106.h5ad?generation=1770409804653711
data/raw/scbasecount_2026_01_12_human/h5ad/SRX23352122.h5ad	95953572	39f11d2fdf26970370199284c7dd8b6d2eb3939f62e8013472a432b137df3554	yes	downloaded	https://storage.googleapis.com/arc-institute-virtual-cell-atlas/scbasecount/2026-01-12/h5ad/GeneFull_Ex50pAS/Homo_sapiens/SRX23352122.h5ad?generation=1770409816105346
data/raw/scbasecount_2026_01_12_human/h5ad/SRX13427341.h5ad	126331518	d948810979887748c552de661b549e79a958865ab1452d825ae2aedf2d068ef8	yes	downloaded	https://storage.googleapis.com/arc-institute-virtual-cell-atlas/scbasecount/2026-01-12/h5ad/GeneFull_Ex50pAS/Homo_sapiens/SRX13427341.h5ad?generation=1770409829481719
data/raw/scbasecount_2026_01_12_human/h5ad/SRX28908221.h5ad	2541522	2113ba7481ff437162872968159da40f15b1059281b1b0b52b692af471a361cd	yes	downloaded	https://storage.googleapis.com/arc-institute-virtual-cell-atlas/scbasecount/2026-01-12/h5ad/GeneFull_Ex50pAS/Homo_sapiens/SRX28908221.h5ad?generation=1770409802821981
data/raw/scbasecount_2026_01_12_human/h5ad/SRX11523563.h5ad	100856729	192a82f60c0aaa9e9460343dbc2c80082fb8ff51ae2e5befb107bb04c132d64a	yes	downloaded	https://storage.googleapis.com/arc-institute-virtual-cell-atlas/scbasecount/2026-01-12/h5ad/GeneFull_Ex50pAS/Homo_sapiens/SRX11523563.h5ad?generation=1770409830002556
data/raw/scbasecount_2026_01_12_human/h5ad/SRX8949638.h5ad	5534476	30f5922f9b1df6c823525bfdfff2d780d62f011cb0790ee9d574c39239fa1883	yes	downloaded	https://storage.googleapis.com/arc-institute-virtual-cell-atlas/scbasecount/2026-01-12/h5ad/GeneFull_Ex50pAS/Homo_sapiens/SRX8949638.h5ad?generation=1770409802879668
data/raw/scbasecount_2026_01_12_human/h5ad/SRX12509394.h5ad	214801954	2da58f3ccc4c3e67268ae10b332892fcc930c40c910feb928dad73a9458665e7	yes	downloaded	https://storage.googleapis.com/arc-institute-virtual-cell-atlas/scbasecount/2026-01-12/h5ad/GeneFull_Ex50pAS/Homo_sapiens/SRX12509394.h5ad?generation=1770409834132631
data/raw/scbasecount_2026_01_12_human/h5ad/SRX8020213.h5ad	10591660	27b486fecf0c9f271e526d89078a365088a78f064ce6d62f26c354709cc8f304	yes	downloaded	https://storage.googleapis.com/arc-institute-virtual-cell-atlas/scbasecount/2026-01-12/h5ad/GeneFull_Ex50pAS/Homo_sapiens/SRX8020213.h5ad?generation=1770409803455442
data/raw/scbasecount_2026_01_12_human/h5ad/SRX11523579.h5ad	124314386	9df3fbbac97ae2dc1e7a024428c9c8122a266fa476f8bbcbb07b55ef4d5ce704	yes	downloaded	https://storage.googleapis.com/arc-institute-virtual-cell-atlas/scbasecount/2026-01-12/h5ad/GeneFull_Ex50pAS/Homo_sapiens/SRX11523579.h5ad?generation=1770409831589983
data/raw/scbasecount_2026_01_12_human/h5ad/SRX7878786.h5ad	17892738	86e4d3fcf4ffe8c71a748f35d04113e39ba1cc2be4a24db106226454a661b548	yes	downloaded	https://storage.googleapis.com/arc-institute-virtual-cell-atlas/scbasecount/2026-01-12/h5ad/GeneFull_Ex50pAS/Homo_sapiens/SRX7878786.h5ad?generation=1770409802278656
data/raw/scbasecount_2026_01_12_human/h5ad/SRX9665019.h5ad	46611082	62a2c58eabdc14c634ab58e267bf54b0610ac6737190a13745d340f7f53ef2f9	yes	downloaded	https://storage.googleapis.com/arc-institute-virtual-cell-atlas/scbasecount/2026-01-12/h5ad/GeneFull_Ex50pAS/Homo_sapiens/SRX9665019.h5ad?generation=1770409803230067
data/raw/scbasecount_2026_01_12_human/h5ad/SRX19391327.h5ad	124877619	807cad9970b9ab6cfadc32bd514674925c92f0dc056d9cdf08df51d140e30389	yes	downloaded	https://storage.googleapis.com/arc-institute-virtual-cell-atlas/scbasecount/2026-01-12/h5ad/GeneFull_Ex50pAS/Homo_sapiens/SRX19391327.h5ad?generation=1770409820513512
data/raw/scbasecount_2026_01_12_human/h5ad/SRX9058167.h5ad	52524105	68f8625a1cee8a2c3a171727a5eb88a0e5035ccfd6a3e580b721118497b6f379	yes	downloaded	https://storage.googleapis.com/arc-institute-virtual-cell-atlas/scbasecount/2026-01-12/h5ad/GeneFull_Ex50pAS/Homo_sapiens/SRX9058167.h5ad?generation=1770409804919997
data/raw/scbasecount_2026_01_12_human/h5ad/SRX11515857.h5ad	15372822	959aaee08bb5e7b20da50d4c1fc11ed809e39bc93a8d89129ad361c70b9659fc	yes	downloaded	https://storage.googleapis.com/arc-institute-virtual-cell-atlas/scbasecount/2026-01-12/h5ad/GeneFull_Ex50pAS/Homo_sapiens/SRX11515857.h5ad?generation=1770409828615557
data/raw/scbasecount_2026_01_12_human/h5ad/SRX24149505.h5ad	3535120	2b194543056c200c532e38668512a6a17c4fc1f7a617bb77ceb0a9777535dc05	yes	downloaded	https://storage.googleapis.com/arc-institute-virtual-cell-atlas/scbasecount/2026-01-12/h5ad/GeneFull_Ex50pAS/Homo_sapiens/SRX24149505.h5ad?generation=1770409804410734
data/raw/scbasecount_2026_01_12_human/h5ad/SRX11523462.h5ad	81728062	eb4fa238e6ca6c2a18eb45fdd3ce8013b6467de00af59ecf2ab7bc247276011a	yes	downloaded	https://storage.googleapis.com/arc-institute-virtual-cell-atlas/scbasecount/2026-01-12/h5ad/GeneFull_Ex50pAS/Homo_sapiens/SRX11523462.h5ad?generation=1770409827723749
data/raw/scbasecount_2026_01_12_human/h5ad/SRX8884974.h5ad	25251565	906e206f02116b953f8830673c5c04dcb9e45ea28022ee6159ecd50fef60239e	yes	downloaded	https://storage.googleapis.com/arc-institute-virtual-cell-atlas/scbasecount/2026-01-12/h5ad/GeneFull_Ex50pAS/Homo_sapiens/SRX8884974.h5ad?generation=1770409802798326
data/raw/scbasecount_2026_01_12_human/h5ad/SRX12708372.h5ad	2535426	5f7b76a3bd049bf9fcf94d8ed119077e94230cc740c5cb7fef3e8f09fc60d814	yes	downloaded	https://storage.googleapis.com/arc-institute-virtual-cell-atlas/scbasecount/2026-01-12/h5ad/GeneFull_Ex50pAS/Homo_sapiens/SRX12708372.h5ad?generation=1770409826271007
data/raw/scbasecount_2026_01_12_human/h5ad/SRX8994898.h5ad	112707663	d7a863582e8ac6aa942230a2b3aa271c9943b24010a92e54d63bb7129a1acd82	yes	downloaded	https://storage.googleapis.com/arc-institute-virtual-cell-atlas/scbasecount/2026-01-12/h5ad/GeneFull_Ex50pAS/Homo_sapiens/SRX8994898.h5ad?generation=1770409806377073
data/raw/scbasecount_2026_01_12_human/h5ad/SRX17794277.h5ad	3009112	b47efef5b695cbda4da72558df4d788b51b5e33f766939873746f1cccc0a2e30	yes	downloaded	https://storage.googleapis.com/arc-institute-virtual-cell-atlas/scbasecount/2026-01-12/h5ad/GeneFull_Ex50pAS/Homo_sapiens/SRX17794277.h5ad?generation=1770409817593431
data/raw/scbasecount_2026_01_12_human/h5ad/SRX19964585.h5ad	243121627	d03d0ce9467c72727b782de60278e02ebe400d77af36a7823c11389981ecfda4	yes	downloaded	https://storage.googleapis.com/arc-institute-virtual-cell-atlas/scbasecount/2026-01-12/h5ad/GeneFull_Ex50pAS/Homo_sapiens/SRX19964585.h5ad?generation=1770409822776349
data/raw/scbasecount_2026_01_12_human/h5ad/SRX22485631.h5ad	84912691	69565d343711149a3905cfd48350e6540164d0ad738c334ea369e22c30cbe4ca	yes	downloaded	https://storage.googleapis.com/arc-institute-virtual-cell-atlas/scbasecount/2026-01-12/h5ad/GeneFull_Ex50pAS/Homo_sapiens/SRX22485631.h5ad?generation=1770409816998381
data/raw/scbasecount_2026_01_12_human/h5ad/ERX6124280.h5ad	249051564	a208979f8aea16f5fe3a581e4b7a6acc417e359fcb7bea5ad9191d967db1635c	yes	downloaded	https://storage.googleapis.com/arc-institute-virtual-cell-atlas/scbasecount/2026-01-12/h5ad/GeneFull_Ex50pAS/Homo_sapiens/ERX6124280.h5ad?generation=1770409859974875
data/raw/scbasecount_2026_01_12_human/h5ad/ERX13645156.h5ad	175517084	5384f0e6edb8a0d7d715abb90a0d0166e2002c2157e9780c0d82c0c9f67a8ed8	yes	downloaded	https://storage.googleapis.com/arc-institute-virtual-cell-atlas/scbasecount/2026-01-12/h5ad/GeneFull_Ex50pAS/Homo_sapiens/ERX13645156.h5ad?generation=1770409832635270
data/raw/scbasecount_2026_01_12_human/h5ad/SRX9777394.h5ad	60575961	39e0803ad6d2e0d8c2fbfd4f16d768bb4b4a74faed736dba545c8aa4231fd02d	yes	downloaded	https://storage.googleapis.com/arc-institute-virtual-cell-atlas/scbasecount/2026-01-12/h5ad/GeneFull_Ex50pAS/Homo_sapiens/SRX9777394.h5ad?generation=1770409803067201
data/raw/scbasecount_2026_01_12_human/h5ad/SRX26449114.h5ad	253663241	3c79081641532cdfa4ede8b7023fe6f16c292a6711d25cee4fbba0980224f9fb	yes	downloaded	https://storage.googleapis.com/arc-institute-virtual-cell-atlas/scbasecount/2026-01-12/h5ad/GeneFull_Ex50pAS/Homo_sapiens/SRX26449114.h5ad?generation=1770409808059232
data/raw/scbasecount_2026_01_12_human/h5ad/SRX23560132.h5ad	56006350	c69dcea7e057d379f3b31ceac4e3269e0e8ef1808ac9a75e8493b0f4611cf743	yes	downloaded	https://storage.googleapis.com/arc-institute-virtual-cell-atlas/scbasecount/2026-01-12/h5ad/GeneFull_Ex50pAS/Homo_sapiens/SRX23560132.h5ad?generation=1770409804682622
data/raw/scbasecount_2026_01_12_human/h5ad/SRX20687115.h5ad	116909363	5104e13eb15a4a064dd12693e50d6cd716fce910835d2442e88e9d41572b535b	yes	downloaded	https://storage.googleapis.com/arc-institute-virtual-cell-atlas/scbasecount/2026-01-12/h5ad/GeneFull_Ex50pAS/Homo_sapiens/SRX20687115.h5ad?generation=1770409819748047
data/raw/scbasecount_2026_01_12_human/h5ad/SRX26645329.h5ad	157968594	8f9833db8ff9e9763759d44a638945d056b0a349bb3c18c2f92d95c174951d8a	yes	downloaded	https://storage.googleapis.com/arc-institute-virtual-cell-atlas/scbasecount/2026-01-12/h5ad/GeneFull_Ex50pAS/Homo_sapiens/SRX26645329.h5ad?generation=1770409809538663
data/raw/scbasecount_2026_01_12_human/h5ad/SRX11813133.h5ad	37591572	9f99ac71faafb0526e3c7349d6d00a16c6ad8761d9aea597ccdf3241be7fc8c0	yes	downloaded	https://storage.googleapis.com/arc-institute-virtual-cell-atlas/scbasecount/2026-01-12/h5ad/GeneFull_Ex50pAS/Homo_sapiens/SRX11813133.h5ad?generation=1770409827949292
data/raw/scbasecount_2026_01_12_human/h5ad/SRX17239452.h5ad	67881270	e4e7697b02c1ef3c8ff2ee539054baa1c1f4fa4a273d411eb6b430332e0a1d8a	yes	downloaded	https://storage.googleapis.com/arc-institute-virtual-cell-atlas/scbasecount/2026-01-12/h5ad/GeneFull_Ex50pAS/Homo_sapiens/SRX17239452.h5ad?generation=1770409820069233
data/raw/scbasecount_2026_01_12_human/h5ad/SRX11523556.h5ad	106968302	f939e65f1abca617a105ff16a57baad32ec4a08e16a0ab10a4c12fd4b2fc12e5	yes	downloaded	https://storage.googleapis.com/arc-institute-virtual-cell-atlas/scbasecount/2026-01-12/h5ad/GeneFull_Ex50pAS/Homo_sapiens/SRX11523556.h5ad?generation=1770409827544502
data/raw/scbasecount_2026_01_12_human/h5ad/SRX17578512.h5ad	140196462	6e4aa770b65be93f61ddd15ba7f3c22a9cf9d61b4a2dcecddbefbf07d8d659d2	yes	downloaded	https://storage.googleapis.com/arc-institute-virtual-cell-atlas/scbasecount/2026-01-12/h5ad/GeneFull_Ex50pAS/Homo_sapiens/SRX17578512.h5ad?generation=1770409820944251
data/raw/scbasecount_2026_01_12_human/h5ad/SRX26317337.h5ad	4865197	9aac493b3936f39fb1be7858f4dc0873c3c582835569165a0eeb645855e43c18	yes	downloaded	https://storage.googleapis.com/arc-institute-virtual-cell-atlas/scbasecount/2026-01-12/h5ad/GeneFull_Ex50pAS/Homo_sapiens/SRX26317337.h5ad?generation=1770409803072430
data/raw/scbasecount_2026_01_12_human/h5ad/SRX8778054.h5ad	81568640	3a15d1ede9efd4db38364f5ce8c9914b4a4cfa6337229fb35273115b79277cb5	yes	downloaded	https://storage.googleapis.com/arc-institute-virtual-cell-atlas/scbasecount/2026-01-12/h5ad/GeneFull_Ex50pAS/Homo_sapiens/SRX8778054.h5ad?generation=1770409803690402
data/raw/scbasecount_2026_01_12_human/h5ad/SRX14858017.h5ad	84761035	a24e7de44dbf1c9ecc812ebcf6534c3304db498dd74639f8ab2f03b8c6b23d22	yes	downloaded	https://storage.googleapis.com/arc-institute-virtual-cell-atlas/scbasecount/2026-01-12/h5ad/GeneFull_Ex50pAS/Homo_sapiens/SRX14858017.h5ad?generation=1770409829053702
data/raw/scbasecount_2026_01_12_human/h5ad/SRX27878557.h5ad	41477327	2d0e59d4c2abb9ec83bf4177b9a90a361ca66cbf7fbb318ad483e7af99afc566	yes	downloaded	https://storage.googleapis.com/arc-institute-virtual-cell-atlas/scbasecount/2026-01-12/h5ad/GeneFull_Ex50pAS/Homo_sapiens/SRX27878557.h5ad?generation=1770409803695009
data/raw/scbasecount_2026_01_12_human/h5ad/SRX27449479.h5ad	3330137	f893c84877ef92b8a58555d524f0c4162a9f8224f1eee79ae2ca9d5fb871fc17	yes	downloaded	https://storage.googleapis.com/arc-institute-virtual-cell-atlas/scbasecount/2026-01-12/h5ad/GeneFull_Ex50pAS/Homo_sapiens/SRX27449479.h5ad?generation=1770409803614099
data/raw/scbasecount_2026_01_12_human/h5ad/SRX27449490.h5ad	3442791	32da15b352711382e29783be85393da23f1e129894c975be190a870a581afe7b	yes	downloaded	https://storage.googleapis.com/arc-institute-virtual-cell-atlas/scbasecount/2026-01-12/h5ad/GeneFull_Ex50pAS/Homo_sapiens/SRX27449490.h5ad?generation=1770409802786796
data/raw/scbasecount_2026_01_12_human/h5ad/SRX27878528.h5ad	66981607	4b42ddd6b5f6bf0dca895cc723a5021b6394ff7083e1e7e45ace98e554248d9a	yes	downloaded	https://storage.googleapis.com/arc-institute-virtual-cell-atlas/scbasecount/2026-01-12/h5ad/GeneFull_Ex50pAS/Homo_sapiens/SRX27878528.h5ad?generation=1770409803287284
data/raw/scbasecount_2026_01_12_human/h5ad/SRX27449486.h5ad	3110097	bd01ebfdea419ad182e4a36d052e3931a3a6b6f76c442be7c3c3371725e42897	yes	downloaded	https://storage.googleapis.com/arc-institute-virtual-cell-atlas/scbasecount/2026-01-12/h5ad/GeneFull_Ex50pAS/Homo_sapiens/SRX27449486.h5ad?generation=1770409804454275
data/raw/scbasecount_2026_01_12_human/h5ad/SRX25852475.h5ad	129198027	04eee552b2653468d9f7e96dcc0f3a5ce4aed054ddf4a29d06c80a26441d47af	yes	downloaded	https://storage.googleapis.com/arc-institute-virtual-cell-atlas/scbasecount/2026-01-12/h5ad/GeneFull_Ex50pAS/Homo_sapiens/SRX25852475.h5ad?generation=1770409807657702
data/raw/scbasecount_2026_01_12_human/h5ad/SRX27878550.h5ad	92743655	0515332bbef1debb4f3a3af63e74d40e81464613681e894003ea3839917be181	yes	downloaded	https://storage.googleapis.com/arc-institute-virtual-cell-atlas/scbasecount/2026-01-12/h5ad/GeneFull_Ex50pAS/Homo_sapiens/SRX27878550.h5ad?generation=1770409805919932
data/raw/scbasecount_2026_01_12_human/h5ad/SRX27878525.h5ad	182017659	82354cc83834743878c60d6cc59415d75a6701fef9232ce8b169733911c957f2	yes	downloaded	https://storage.googleapis.com/arc-institute-virtual-cell-atlas/scbasecount/2026-01-12/h5ad/GeneFull_Ex50pAS/Homo_sapiens/SRX27878525.h5ad?generation=1770409810687839
data/raw/scbasecount_2026_01_12_human/h5ad/SRX26161111.h5ad	284245632	84ec3d2e645097ffca74dac873f5c4bfb7a4dbcedf85c59f3b68e53d76ed6b61	yes	downloaded	https://storage.googleapis.com/arc-institute-virtual-cell-atlas/scbasecount/2026-01-12/h5ad/GeneFull_Ex50pAS/Homo_sapiens/SRX26161111.h5ad?generation=1770409811786402
data/raw/scbasecount_2026_01_12_human/h5ad/SRX27878548.h5ad	130698374	9c8f0cc06fd58c4aec6a9fb6b0b16814d3a1cb5a7e580fdbc8a5e00b1e1ab9f5	yes	downloaded	https://storage.googleapis.com/arc-institute-virtual-cell-atlas/scbasecount/2026-01-12/h5ad/GeneFull_Ex50pAS/Homo_sapiens/SRX27878548.h5ad?generation=1770409810488353
data/raw/scbasecount_2026_01_12_human/h5ad/SRX11523687.h5ad	88956762	27f03c3d253ed90cede479f942e4990583617c2d916d2a929becc7aebe8488f2	yes	downloaded	https://storage.googleapis.com/arc-institute-virtual-cell-atlas/scbasecount/2026-01-12/h5ad/GeneFull_Ex50pAS/Homo_sapiens/SRX11523687.h5ad?generation=1770409828312016
data/raw/scbasecount_2026_01_12_human/h5ad/SRX27878556.h5ad	139874238	71d03c3417e968d0cceee13c9d3df8f24fc628a61ffe927958f49fc1868e1075	yes	downloaded	https://storage.googleapis.com/arc-institute-virtual-cell-atlas/scbasecount/2026-01-12/h5ad/GeneFull_Ex50pAS/Homo_sapiens/SRX27878556.h5ad?generation=1770409809242402
data/raw/scbasecount_2026_01_12_human/h5ad/SRX9474691.h5ad	10589395	c524b932c2a06db7d591330e9b34d072605702de6006eb2d534950ca666a415e	yes	downloaded	https://storage.googleapis.com/arc-institute-virtual-cell-atlas/scbasecount/2026-01-12/h5ad/GeneFull_Ex50pAS/Homo_sapiens/SRX9474691.h5ad?generation=1770409804665207
data/raw/scbasecount_2026_01_12_human/h5ad/SRX9834888.h5ad	44017429	865ec9e4a8668729b57dbf78596e0331435534dc9beea618642a94e2de5b18f1	yes	downloaded	https://storage.googleapis.com/arc-institute-virtual-cell-atlas/scbasecount/2026-01-12/h5ad/GeneFull_Ex50pAS/Homo_sapiens/SRX9834888.h5ad?generation=1770409804907371
data/raw/scbasecount_2026_01_12_human/h5ad/SRX8820560.h5ad	9705881	de36638f8b1548734d1e82d3e5badba88a4a9d50c35ff88490531000ccc9095f	yes	downloaded	https://storage.googleapis.com/arc-institute-virtual-cell-atlas/scbasecount/2026-01-12/h5ad/GeneFull_Ex50pAS/Homo_sapiens/SRX8820560.h5ad?generation=1770409801979581
data/raw/scbasecount_2026_01_12_human/h5ad/SRX26012132.h5ad	46366559	2ca12c66ae25ae7ea5120ab395363687f4e4e26ebc6a4134567d57adadb0a7de	yes	downloaded	https://storage.googleapis.com/arc-institute-virtual-cell-atlas/scbasecount/2026-01-12/h5ad/GeneFull_Ex50pAS/Homo_sapiens/SRX26012132.h5ad?generation=1770409804430982
data/raw/scbasecount_2026_01_12_human/h5ad/SRX9834887.h5ad	51026799	60ef383a6ee302ce9811ff5912d797c4de91022df930cd904e01d245419d5055	yes	downloaded	https://storage.googleapis.com/arc-institute-virtual-cell-atlas/scbasecount/2026-01-12/h5ad/GeneFull_Ex50pAS/Homo_sapiens/SRX9834887.h5ad?generation=1770409812215660
data/raw/scbasecount_2026_01_12_human/h5ad/SRX27878516.h5ad	156526461	704086d49b07ce83d3312ad260abc88bd4504b1460f815d6b7bfdff8c2d8691b	yes	downloaded	https://storage.googleapis.com/arc-institute-virtual-cell-atlas/scbasecount/2026-01-12/h5ad/GeneFull_Ex50pAS/Homo_sapiens/SRX27878516.h5ad?generation=1770409809260083
data/raw/scbasecount_2026_01_12_human/h5ad/SRX7112676.h5ad	10509348	9ed5f5a7907ddf4c5f22619bdd80ca8ddd872a47b23caacfc352d9f5e3032a5d	yes	downloaded	https://storage.googleapis.com/arc-institute-virtual-cell-atlas/scbasecount/2026-01-12/h5ad/GeneFull_Ex50pAS/Homo_sapiens/SRX7112676.h5ad?generation=1770409803308207
data/raw/scbasecount_2026_01_12_human/h5ad/SRX8983877.h5ad	55518234	3831fa6628573a3092165f94893ce735bf0041418dc94522fc4a04dddf7eec26	yes	downloaded	https://storage.googleapis.com/arc-institute-virtual-cell-atlas/scbasecount/2026-01-12/h5ad/GeneFull_Ex50pAS/Homo_sapiens/SRX8983877.h5ad?generation=1770409807472200
data/raw/scbasecount_2026_01_12_human/h5ad/SRX9075306.h5ad	90523676	b5d139d409836d8c40b115f2634c2364cf8021b6d4d2152e74abeceb9da799bb	yes	downloaded	https://storage.googleapis.com/arc-institute-virtual-cell-atlas/scbasecount/2026-01-12/h5ad/GeneFull_Ex50pAS/Homo_sapiens/SRX9075306.h5ad?generation=1770409803631349
data/raw/scbasecount_2026_01_12_human/h5ad/ERX11760612.h5ad	174008454	5bf1dd3c4c12e558cd58ab0a9beef03fde7b3b21c67fc119a3de4f994b555bcf	yes	downloaded	https://storage.googleapis.com/arc-institute-virtual-cell-atlas/scbasecount/2026-01-12/h5ad/GeneFull_Ex50pAS/Homo_sapiens/ERX11760612.h5ad?generation=1770409834934070
data/raw/scbasecount_2026_01_12_human/h5ad/SRX9665027.h5ad	270591211	6731ef6dd8d581042631cd2befe3f66facaabe4ca424e31f5eca1c65eede43cb	yes	downloaded	https://storage.googleapis.com/arc-institute-virtual-cell-atlas/scbasecount/2026-01-12/h5ad/GeneFull_Ex50pAS/Homo_sapiens/SRX9665027.h5ad?generation=1770409833382159
data/raw/scbasecount_2026_01_12_human/h5ad/SRX13814621.h5ad	4301136	168dfb589cdc6197501831733b1275b1ae018511a2c62800464268b5ef09b538	yes	downloaded	https://storage.googleapis.com/arc-institute-virtual-cell-atlas/scbasecount/2026-01-12/h5ad/GeneFull_Ex50pAS/Homo_sapiens/SRX13814621.h5ad?generation=1770409826440706
data/raw/scbasecount_2026_01_12_human/h5ad/SRX11987907.h5ad	14346869	9ffded3608c8cf04f2f6746af25674e072422486e1b2cab15341e9c156e57ce2	yes	downloaded	https://storage.googleapis.com/arc-institute-virtual-cell-atlas/scbasecount/2026-01-12/h5ad/GeneFull_Ex50pAS/Homo_sapiens/SRX11987907.h5ad?generation=1770409828345622
data/raw/scbasecount_2026_01_12_human/h5ad/SRX9768484.h5ad	2529411	7a23ff8da2ad02f89a683df2bdbc853dcd6beef8940f24f6b82c7e9d79189111	yes	downloaded	https://storage.googleapis.com/arc-institute-virtual-cell-atlas/scbasecount/2026-01-12/h5ad/GeneFull_Ex50pAS/Homo_sapiens/SRX9768484.h5ad?generation=1770409802831467
data/raw/scbasecount_2026_01_12_human/h5ad/SRX25737228.h5ad	318054255	c9fc6438dc8a750016c801d37a2779c2f5510b3c7f3332f4e539f271b2540e2f	yes	downloaded	https://storage.googleapis.com/arc-institute-virtual-cell-atlas/scbasecount/2026-01-12/h5ad/GeneFull_Ex50pAS/Homo_sapiens/SRX25737228.h5ad?generation=1770409813436106
data/raw/scbasecount_2026_01_12_human/h5ad/SRX14098305.h5ad	51779857	ff2a292ec6e5160248209635e15320b0ab2457f6e55f0b4f79afab788521b70d	yes	downloaded	https://storage.googleapis.com/arc-institute-virtual-cell-atlas/scbasecount/2026-01-12/h5ad/GeneFull_Ex50pAS/Homo_sapiens/SRX14098305.h5ad?generation=1770409829533059
data/raw/scbasecount_2026_01_12_human/h5ad/SRX9665014.h5ad	251313706	35d63f505bbef4b8401bb0f176a008d9132bd40cd225e1d49fff0208f9733f6a	yes	downloaded	https://storage.googleapis.com/arc-institute-virtual-cell-atlas/scbasecount/2026-01-12/h5ad/GeneFull_Ex50pAS/Homo_sapiens/SRX9665014.h5ad?generation=1770409812014710
data/raw/scbasecount_2026_01_12_human/h5ad/ERX11760592.h5ad	335958224	28a4f3c1deef9e0f9500da76e97e4ded41d4de86ff584f352576475810294f33	yes	downloaded	https://storage.googleapis.com/arc-institute-virtual-cell-atlas/scbasecount/2026-01-12/h5ad/GeneFull_Ex50pAS/Homo_sapiens/ERX11760592.h5ad?generation=1770409835067777
data/raw/scbasecount_2026_01_12_human/h5ad/ERX9138810.h5ad	6289246	f05017fba6615d3000e5a12a5cfda88b28a400d0b7e0650be5147f82ca5ea39a	yes	downloaded	https://storage.googleapis.com/arc-institute-virtual-cell-atlas/scbasecount/2026-01-12/h5ad/GeneFull_Ex50pAS/Homo_sapiens/ERX9138810.h5ad?generation=1770409825845974
data/raw/scbasecount_2026_01_12_human/h5ad/SRX8953166.h5ad	57516948	dfdcaff7f73fde603782bc9923be3dd8fdf560a4b4ea240dea51c5a13373fe57	yes	downloaded	https://storage.googleapis.com/arc-institute-virtual-cell-atlas/scbasecount/2026-01-12/h5ad/GeneFull_Ex50pAS/Homo_sapiens/SRX8953166.h5ad?generation=1770409807668212
data/raw/scbasecount_2026_01_12_human/h5ad/SRX8953167.h5ad	56058612	75eadc8d344d30ab84a1a5676dd83486a515b9217c73f93f92296fba7a83890e	yes	downloaded	https://storage.googleapis.com/arc-institute-virtual-cell-atlas/scbasecount/2026-01-12/h5ad/GeneFull_Ex50pAS/Homo_sapiens/SRX8953167.h5ad?generation=1770409808339017
data/raw/scbasecount_2026_01_12_human/h5ad/SRX9276313.h5ad	42209384	4afa3c14844bfbf4c8e7321509549672e67219b23698eddb5e11fee6c693b635	yes	downloaded	https://storage.googleapis.com/arc-institute-virtual-cell-atlas/scbasecount/2026-01-12/h5ad/GeneFull_Ex50pAS/Homo_sapiens/SRX9276313.h5ad?generation=1770409805289712
data/raw/scbasecount_2026_01_12_human/h5ad/SRX15182497.h5ad	31165365	7cf1d80ffdffa0d8d5fd79a887447caa343b93dd40cbef7469655b1a2319e347	yes	downloaded	https://storage.googleapis.com/arc-institute-virtual-cell-atlas/scbasecount/2026-01-12/h5ad/GeneFull_Ex50pAS/Homo_sapiens/SRX15182497.h5ad?generation=1770409826312238
data/raw/scbasecount_2026_01_12_human/h5ad/SRX25183950.h5ad	154218898	64b1f6f38c3446046962b548ce742576d180ad17b720a3050ca351f58494f7ad	yes	downloaded	https://storage.googleapis.com/arc-institute-virtual-cell-atlas/scbasecount/2026-01-12/h5ad/GeneFull_Ex50pAS/Homo_sapiens/SRX25183950.h5ad?generation=1770409811323940
data/raw/scbasecount_2026_01_12_human/h5ad/SRX8778049.h5ad	20186227	c6fd04d3b163e7c649079f558ade2361f3897e77fa9baf61a03c55a593925b1a	yes	downloaded	https://storage.googleapis.com/arc-institute-virtual-cell-atlas/scbasecount/2026-01-12/h5ad/GeneFull_Ex50pAS/Homo_sapiens/SRX8778049.h5ad?generation=1770409802522233
data/raw/scbasecount_2026_01_12_human/h5ad/SRX26012133.h5ad	65802509	ce41971601dc1412ca6057a0d278f1baedab77d1d26a0db8a33e61a3f57b9c00	yes	downloaded	https://storage.googleapis.com/arc-institute-virtual-cell-atlas/scbasecount/2026-01-12/h5ad/GeneFull_Ex50pAS/Homo_sapiens/SRX26012133.h5ad?generation=1770409805857510
data/raw/scbasecount_2026_01_12_human/h5ad/SRX9317487.h5ad	91764654	940eb5f35d97182cab4626c1cfb4f29eb27615f604bb6a504ba78b3f521834ed	yes	downloaded	https://storage.googleapis.com/arc-institute-virtual-cell-atlas/scbasecount/2026-01-12/h5ad/GeneFull_Ex50pAS/Homo_sapiens/SRX9317487.h5ad?generation=1770409804178786
data/raw/scbasecount_2026_01_12_human/h5ad/SRX21048013.h5ad	236915876	a557b3d81ad6373f6c41126bb3086a75e7f81fa11019e55e6578940d979de5e3	yes	downloaded	https://storage.googleapis.com/arc-institute-virtual-cell-atlas/scbasecount/2026-01-12/h5ad/GeneFull_Ex50pAS/Homo_sapiens/SRX21048013.h5ad?generation=1770409822342004
data/raw/scbasecount_2026_01_12_human/h5ad/SRX8983875.h5ad	170589912	1e4b9b8b3eaa999e1a450b4ac5abf1e5f2ffabd3d88349d5e9b52d469676c2c5	yes	downloaded	https://storage.googleapis.com/arc-institute-virtual-cell-atlas/scbasecount/2026-01-12/h5ad/GeneFull_Ex50pAS/Homo_sapiens/SRX8983875.h5ad?generation=1770409806064128
data/raw/scbasecount_2026_01_12_human/h5ad/SRX26241109.h5ad	126014335	5810b03648811ba57a207e8703d738721530a8fb9d381bd33a51b9b6a17bf447	yes	downloaded	https://storage.googleapis.com/arc-institute-virtual-cell-atlas/scbasecount/2026-01-12/h5ad/GeneFull_Ex50pAS/Homo_sapiens/SRX26241109.h5ad?generation=1770409808795036
data/raw/scbasecount_2026_01_12_human/h5ad/SRX11095725.h5ad	253446871	3524efa8c5166b8da3507f84c51cfbfccd6b6f117b0b6b85a32ce03512d5b561	yes	downloaded	https://storage.googleapis.com/arc-institute-virtual-cell-atlas/scbasecount/2026-01-12/h5ad/GeneFull_Ex50pAS/Homo_sapiens/SRX11095725.h5ad?generation=1770409869425678
data/raw/scbasecount_2026_01_12_human/h5ad/SRX9632582.h5ad	321186040	ad546302ee20475936731b88cb00ff8a661828cb82eee774e32bafb0f70ecfe8	yes	downloaded	https://storage.googleapis.com/arc-institute-virtual-cell-atlas/scbasecount/2026-01-12/h5ad/GeneFull_Ex50pAS/Homo_sapiens/SRX9632582.h5ad?generation=1770409814636240
data/raw/scbasecount_2026_01_12_human/h5ad/SRX15631149.h5ad	2930985	1b2cf49e455d04b4d54a8efdf8fb4ec4f69bd6368143759a8189585cad34e8cd	yes	downloaded	https://storage.googleapis.com/arc-institute-virtual-cell-atlas/scbasecount/2026-01-12/h5ad/GeneFull_Ex50pAS/Homo_sapiens/SRX15631149.h5ad?generation=1770409814811934
data/raw/scbasecount_2026_01_12_human/h5ad/SRX10667316.h5ad	3575705	60a0d12457a16867db2b6049f8225cb612aa4b3fbb56e2b84321683ae65a938b	yes	downloaded	https://storage.googleapis.com/arc-institute-virtual-cell-atlas/scbasecount/2026-01-12/h5ad/GeneFull_Ex50pAS/Homo_sapiens/SRX10667316.h5ad?generation=1770409825927013
data/raw/scbasecount_2026_01_12_human/h5ad/SRX11095724.h5ad	291796478	a59e00125d7803091b786ceb10b5e1c50d1d3c6c4c96eb427be02d12e8f31c5a	yes	downloaded	https://storage.googleapis.com/arc-institute-virtual-cell-atlas/scbasecount/2026-01-12/h5ad/GeneFull_Ex50pAS/Homo_sapiens/SRX11095724.h5ad?generation=1770409837441219
data/raw/scbasecount_2026_01_12_human/h5ad/SRX10128170.h5ad	155121447	52fd9382a3a4db513a4e0c09ba7e046d9f3c3c7f181af8a402e18aff8f5e2f1d	yes	downloaded	https://storage.googleapis.com/arc-institute-virtual-cell-atlas/scbasecount/2026-01-12/h5ad/GeneFull_Ex50pAS/Homo_sapiens/SRX10128170.h5ad?generation=1770409832918615
data/raw/scbasecount_2026_01_12_human/h5ad/SRX8982937.h5ad	174191406	94aae4861fb39dfb078a6a114de9dde4b7b757bdb7ca201d8833a8add5c86737	yes	downloaded	https://storage.googleapis.com/arc-institute-virtual-cell-atlas/scbasecount/2026-01-12/h5ad/GeneFull_Ex50pAS/Homo_sapiens/SRX8982937.h5ad?generation=1770409813868362
data/raw/scbasecount_2026_01_12_human/h5ad/SRX20598022.h5ad	191712797	453f23f7e6bb66327ccf7a3a7cc0bef1de10da6125f2b19efdc91be85d889e33	yes	downloaded	https://storage.googleapis.com/arc-institute-virtual-cell-atlas/scbasecount/2026-01-12/h5ad/GeneFull_Ex50pAS/Homo_sapiens/SRX20598022.h5ad?generation=1770409819130000
data/raw/scbasecount_2026_01_12_human/h5ad/SRX11137166.h5ad	86006974	6c22316e088709cc617da4f698d96233b86fb74659259c8da88acbb4b3eaa0ab	yes	downloaded	https://storage.googleapis.com/arc-institute-virtual-cell-atlas/scbasecount/2026-01-12/h5ad/GeneFull_Ex50pAS/Homo_sapiens/SRX11137166.h5ad?generation=1770409837793162
data/raw/scbasecount_2026_01_12_human/h5ad/SRX9710080.h5ad	160633417	e5e3a4034fc6caf828f74f73946eb04f92959539e425ccf6cf6e1012753b22f2	yes	downloaded	https://storage.googleapis.com/arc-institute-virtual-cell-atlas/scbasecount/2026-01-12/h5ad/GeneFull_Ex50pAS/Homo_sapiens/SRX9710080.h5ad?generation=1770409807446524
data/raw/scbasecount_2026_01_12_human/h5ad/SRX19050177.h5ad	28587843	135b41cc0c5f3253d37069e3ef49d512e1cedbc115a5ef460736b291b6b1ca47	yes	downloaded	https://storage.googleapis.com/arc-institute-virtual-cell-atlas/scbasecount/2026-01-12/h5ad/GeneFull_Ex50pAS/Homo_sapiens/SRX19050177.h5ad?generation=1770409814415450
data/raw/scbasecount_2026_01_12_human/h5ad/SRX9276334.h5ad	17485077	6b7c5afc7f5b6202cdac2e328be36df12a7e0d36060e0dc24a68eb5a12ff7737	yes	downloaded	https://storage.googleapis.com/arc-institute-virtual-cell-atlas/scbasecount/2026-01-12/h5ad/GeneFull_Ex50pAS/Homo_sapiens/SRX9276334.h5ad?generation=1770409802461243
data/raw/scbasecount_2026_01_12_human/h5ad/SRX19050189.h5ad	71681397	ee145d09a9d9669576a73b5f0cfedeb5157e177d632ec83a5c9fd04a303cadac	yes	downloaded	https://storage.googleapis.com/arc-institute-virtual-cell-atlas/scbasecount/2026-01-12/h5ad/GeneFull_Ex50pAS/Homo_sapiens/SRX19050189.h5ad?generation=1770409817667935
data/raw/scbasecount_2026_01_12_human/h5ad/SRX9710082.h5ad	206267466	59495ff9ae6b4f7bb2e7bb17c018b6b86dae8606d576da9c25b66c6f543b5ee3	yes	downloaded	https://storage.googleapis.com/arc-institute-virtual-cell-atlas/scbasecount/2026-01-12/h5ad/GeneFull_Ex50pAS/Homo_sapiens/SRX9710082.h5ad?generation=1770409809076306
data/raw/scbasecount_2026_01_12_human/h5ad/SRX15830704.h5ad	144767474	c92738de9ef3b522fcf584a08fe3a977e4b46d2c3e4a526aab3ba4c53fa9d55b	yes	downloaded	https://storage.googleapis.com/arc-institute-virtual-cell-atlas/scbasecount/2026-01-12/h5ad/GeneFull_Ex50pAS/Homo_sapiens/SRX15830704.h5ad?generation=1770409822222003
data/raw/scbasecount_2026_01_12_human/h5ad/SRX15139676.h5ad	212474327	cc87224e9551fd6d98c0f09b197a33007eab6f47f710e6214d932baa939fd0f0	yes	downloaded	https://storage.googleapis.com/arc-institute-virtual-cell-atlas/scbasecount/2026-01-12/h5ad/GeneFull_Ex50pAS/Homo_sapiens/SRX15139676.h5ad?generation=1770409831869986
data/raw/scbasecount_2026_01_12_human/h5ad/SRX15830705.h5ad	132880449	00f570ecfc2010f59ba31e0cb2e357c0cffe29ca9c29f7f43aa5de4a65b3ad52	yes	downloaded	https://storage.googleapis.com/arc-institute-virtual-cell-atlas/scbasecount/2026-01-12/h5ad/GeneFull_Ex50pAS/Homo_sapiens/SRX15830705.h5ad?generation=1770409818881461
data/raw/scbasecount_2026_01_12_human/h5ad/SRX13037851.h5ad	446509468	b289ed2d5755c2e32e94b3b2a182ad3e813ddb1ef8ac618650f8dc312ce173dd	yes	downloaded	https://storage.googleapis.com/arc-institute-virtual-cell-atlas/scbasecount/2026-01-12/h5ad/GeneFull_Ex50pAS/Homo_sapiens/SRX13037851.h5ad?generation=1770409866890922
data/raw/scbasecount_2026_01_12_human/h5ad/SRX9317482.h5ad	40969373	91e93be235b6241beff0c2cb16d34d64c9b41625c42768b065ef3243677c7ee4	yes	downloaded	https://storage.googleapis.com/arc-institute-virtual-cell-atlas/scbasecount/2026-01-12/h5ad/GeneFull_Ex50pAS/Homo_sapiens/SRX9317482.h5ad?generation=1770409803798806
data/raw/scbasecount_2026_01_12_human/h5ad/SRX28908237.h5ad	2556092	d8c993903621904d57c13956088d7cc415bdd5fa29993bf15f59cf87faaa7ef3	yes	downloaded	https://storage.googleapis.com/arc-institute-virtual-cell-atlas/scbasecount/2026-01-12/h5ad/GeneFull_Ex50pAS/Homo_sapiens/SRX28908237.h5ad?generation=1770409802390407
data/raw/scbasecount_2026_01_12_human/h5ad/SRX28768462.h5ad	6158217	a3dbb82e2f96910380a35a1da1f5282921a15fc77a8c6ebfdc0760f3915cf9db	yes	downloaded	https://storage.googleapis.com/arc-institute-virtual-cell-atlas/scbasecount/2026-01-12/h5ad/GeneFull_Ex50pAS/Homo_sapiens/SRX28768462.h5ad?generation=1770409802845131
data/raw/scbasecount_2026_01_12_human/h5ad/SRX11515815.h5ad	3623863	8e8ee6d25d859711412d71c4630070bc120e48d3e2a023072dd2ba4e042ac14c	yes	downloaded	https://storage.googleapis.com/arc-institute-virtual-cell-atlas/scbasecount/2026-01-12/h5ad/GeneFull_Ex50pAS/Homo_sapiens/SRX11515815.h5ad?generation=1770409827553118
data/raw/scbasecount_2026_01_12_human/h5ad/SRX28908349.h5ad	2580018	1ced6a326e5a857a620f2d9df5c945d29ea6bb99be731664a89825776b07eb9f	yes	downloaded	https://storage.googleapis.com/arc-institute-virtual-cell-atlas/scbasecount/2026-01-12/h5ad/GeneFull_Ex50pAS/Homo_sapiens/SRX28908349.h5ad?generation=1770409803856106
data/raw/scbasecount_2026_01_12_human/h5ad/SRX13263469.h5ad	21784424	01ffe76d93ce1eced87a7be15b4e4e3c9564dc2773c0c88456596363f57962b3	yes	downloaded	https://storage.googleapis.com/arc-institute-virtual-cell-atlas/scbasecount/2026-01-12/h5ad/GeneFull_Ex50pAS/Homo_sapiens/SRX13263469.h5ad?generation=1770409826550448
data/raw/scbasecount_2026_01_12_human/h5ad/SRX8049101.h5ad	108931548	8d66a8d4bd558117d50646c06e566b25da9101d78ed52dee8ba3f7bf98f69357	yes	downloaded	https://storage.googleapis.com/arc-institute-virtual-cell-atlas/scbasecount/2026-01-12/h5ad/GeneFull_Ex50pAS/Homo_sapiens/SRX8049101.h5ad?generation=1770409804300716
data/raw/scbasecount_2026_01_12_human/h5ad/SRX15182493.h5ad	45999784	7db960f1a0d13ee1d4b7df6b80626c2348f3644a5d518beffaacd431233ef6a0	yes	downloaded	https://storage.googleapis.com/arc-institute-virtual-cell-atlas/scbasecount/2026-01-12/h5ad/GeneFull_Ex50pAS/Homo_sapiens/SRX15182493.h5ad?generation=1770409826293519
data/raw/scbasecount_2026_01_12_human/h5ad/SRX16314692.h5ad	3993939	35a3a04748fe8ccb63116777373347d22d6bcb73c08ccfb1fbac55b3445bdd84	yes	downloaded	https://storage.googleapis.com/arc-institute-virtual-cell-atlas/scbasecount/2026-01-12/h5ad/GeneFull_Ex50pAS/Homo_sapiens/SRX16314692.h5ad?generation=1770409813620844
data/raw/scbasecount_2026_01_12_human/h5ad/SRX9426289.h5ad	130277866	6f340cdcfe8aa315431e949bbc954abdfc4ba0842f2c6251ae8a9441ed1d7b86	yes	downloaded	https://storage.googleapis.com/arc-institute-virtual-cell-atlas/scbasecount/2026-01-12/h5ad/GeneFull_Ex50pAS/Homo_sapiens/SRX9426289.h5ad?generation=1770409805134496
data/raw/scbasecount_2026_01_12_human/h5ad/SRX24149497.h5ad	55463795	156b99c6dff551079dd177cc6103dcff9ab269ae4bb3af8845e94824642a79bc	yes	downloaded	https://storage.googleapis.com/arc-institute-virtual-cell-atlas/scbasecount/2026-01-12/h5ad/GeneFull_Ex50pAS/Homo_sapiens/SRX24149497.h5ad?generation=1770409803933508
data/raw/scbasecount_2026_01_12_human/h5ad/ERX8792222.h5ad	7893297	1ea4e8a0da876760e3f476d78852cec8cb3e48912c34edf933d0999e3dcb8264	yes	downloaded	https://storage.googleapis.com/arc-institute-virtual-cell-atlas/scbasecount/2026-01-12/h5ad/GeneFull_Ex50pAS/Homo_sapiens/ERX8792222.h5ad?generation=1770409825627883
data/raw/scbasecount_2026_01_12_human/h5ad/SRX25998052.h5ad	189131628	19f42881d7eeb7dc37dc595f53df7603af0f1394b153de0dbe2d92bf2b8efea6	yes	downloaded	https://storage.googleapis.com/arc-institute-virtual-cell-atlas/scbasecount/2026-01-12/h5ad/GeneFull_Ex50pAS/Homo_sapiens/SRX25998052.h5ad?generation=1770409806475780
data/raw/scbasecount_2026_01_12_human/h5ad/SRX8999173.h5ad	94422060	1f874861fdb225c9990c687b63ce90d24455d70d7392b6dc65c78d92af09bf7b	yes	downloaded	https://storage.googleapis.com/arc-institute-virtual-cell-atlas/scbasecount/2026-01-12/h5ad/GeneFull_Ex50pAS/Homo_sapiens/SRX8999173.h5ad?generation=1770409803244870
data/raw/scbasecount_2026_01_12_human/h5ad/SRX23206525.h5ad	21010739	d1dceacea8795442def5547d0a511bf698a4a76909066981b8d9009d5c0dab86	yes	downloaded	https://storage.googleapis.com/arc-institute-virtual-cell-atlas/scbasecount/2026-01-12/h5ad/GeneFull_Ex50pAS/Homo_sapiens/SRX23206525.h5ad?generation=1770409815910995
data/raw/scbasecount_2026_01_12_human/h5ad/SRX9628602.h5ad	286399294	9ae6c46ccd817a81a5418ce86056407ff27985305b1cfa365ade4cdf914098df	yes	downloaded	https://storage.googleapis.com/arc-institute-virtual-cell-atlas/scbasecount/2026-01-12/h5ad/GeneFull_Ex50pAS/Homo_sapiens/SRX9628602.h5ad?generation=1770409811187512
data/raw/scbasecount_2026_01_12_human/h5ad/SRX9212191.h5ad	107406932	275d0d2b7fad23d62446b9cc4cb0105ac2be5501cd73af381802b44f486420e4	yes	downloaded	https://storage.googleapis.com/arc-institute-virtual-cell-atlas/scbasecount/2026-01-12/h5ad/GeneFull_Ex50pAS/Homo_sapiens/SRX9212191.h5ad?generation=1770409804267685
data/raw/scbasecount_2026_01_12_human/h5ad/SRX9651834.h5ad	115454043	5d411dd1d2b69956f9716b0632e91993eb6bdca4880157f99eca1a6b6b896672	yes	downloaded	https://storage.googleapis.com/arc-institute-virtual-cell-atlas/scbasecount/2026-01-12/h5ad/GeneFull_Ex50pAS/Homo_sapiens/SRX9651834.h5ad?generation=1770409812328546
data/raw/scbasecount_2026_01_12_human/h5ad/SRX12725775.h5ad	189951758	a94f51d86c0af6692f8e34bf33d84036d3d1db661cc57a11b5312a16601f01aa	yes	downloaded	https://storage.googleapis.com/arc-institute-virtual-cell-atlas/scbasecount/2026-01-12/h5ad/GeneFull_Ex50pAS/Homo_sapiens/SRX12725775.h5ad?generation=1770409922981073
data/raw/scbasecount_2026_01_12_human/h5ad/SRX21075782.h5ad	196950466	2364778a264bb436c221bdb099e0e9809ce3a2740fcf90f3063193ebd3a380bd	yes	downloaded	https://storage.googleapis.com/arc-institute-virtual-cell-atlas/scbasecount/2026-01-12/h5ad/GeneFull_Ex50pAS/Homo_sapiens/SRX21075782.h5ad?generation=1770409824485767
data/raw/scbasecount_2026_01_12_human/h5ad/SRX9058177.h5ad	27314753	c85c286c5361df2d56d2a3cb10b374c7b668f8757bd511336f6c4fe890b752f4	yes	downloaded	https://storage.googleapis.com/arc-institute-virtual-cell-atlas/scbasecount/2026-01-12/h5ad/GeneFull_Ex50pAS/Homo_sapiens/SRX9058177.h5ad?generation=1770409803505998
data/raw/scbasecount_2026_01_12_human/h5ad/SRX6730010.h5ad	14348043	f309e91af28f8bf4a7d6d025507476c275b7e9ba5dd6e98cd243febc8726be6b	yes	downloaded	https://storage.googleapis.com/arc-institute-virtual-cell-atlas/scbasecount/2026-01-12/h5ad/GeneFull_Ex50pAS/Homo_sapiens/SRX6730010.h5ad?generation=1770409802797077
data/raw/scbasecount_2026_01_12_human/h5ad/SRX13880399.h5ad	81682525	318fbd4ec4e10ebce58e0c9387315b4346271f7375e65db4c178ece9104e11b3	yes	downloaded	https://storage.googleapis.com/arc-institute-virtual-cell-atlas/scbasecount/2026-01-12/h5ad/GeneFull_Ex50pAS/Homo_sapiens/SRX13880399.h5ad?generation=1770409830419809
data/raw/scbasecount_2026_01_12_human/h5ad/SRX12800496.h5ad	42149156	b2e9f693dd7301caf0a121e3ad62cc8875e0ce39fe04e4d5c5a1ea8da18ff995	yes	downloaded	https://storage.googleapis.com/arc-institute-virtual-cell-atlas/scbasecount/2026-01-12/h5ad/GeneFull_Ex50pAS/Homo_sapiens/SRX12800496.h5ad?generation=1770409828543729
data/raw/scbasecount_2026_01_12_human/h5ad/SRX14417485.h5ad	12392926	0f707c5b4abce98a6c654721f5498707cdc7b16264467e439a3800ab8809eb57	yes	downloaded	https://storage.googleapis.com/arc-institute-virtual-cell-atlas/scbasecount/2026-01-12/h5ad/GeneFull_Ex50pAS/Homo_sapiens/SRX14417485.h5ad?generation=1770409826292366
data/raw/scbasecount_2026_01_12_human/h5ad/SRX11137167.h5ad	203462521	7488dff13d80b49542af877c5318205a55b0e7e020972d2fbac37257d5f486ae	yes	downloaded	https://storage.googleapis.com/arc-institute-virtual-cell-atlas/scbasecount/2026-01-12/h5ad/GeneFull_Ex50pAS/Homo_sapiens/SRX11137167.h5ad?generation=1770409830525281
data/raw/scbasecount_2026_01_12_human/h5ad/SRX27532046.h5ad	46869491	015ae3f513a9a3c8aa2f2c2e6d18603e31c8324ed74fcd8c7be424b063b3a14c	yes	downloaded	https://storage.googleapis.com/arc-institute-virtual-cell-atlas/scbasecount/2026-01-12/h5ad/GeneFull_Ex50pAS/Homo_sapiens/SRX27532046.h5ad?generation=1770409802466865
data/raw/scbasecount_2026_01_12_human/h5ad/SRX27560298.h5ad	440073153	144cfc31a7604b2400cc8fc6e65d182eb7f59ee0235e9e34fc638fc25f38bf1a	yes	downloaded	https://storage.googleapis.com/arc-institute-virtual-cell-atlas/scbasecount/2026-01-12/h5ad/GeneFull_Ex50pAS/Homo_sapiens/SRX27560298.h5ad?generation=1770409825051086
data/raw/scbasecount_2026_01_12_human/h5ad/SRX15805174.h5ad	46075859	e125d0ba12d18a4468ba33551f7d6f406336876befa22e1b861ccf583b1d6b1a	yes	downloaded	https://storage.googleapis.com/arc-institute-virtual-cell-atlas/scbasecount/2026-01-12/h5ad/GeneFull_Ex50pAS/Homo_sapiens/SRX15805174.h5ad?generation=1770409820779998
data/raw/scbasecount_2026_01_12_human/h5ad/SRX27449468.h5ad	3602717	53b77194681617328136577e6205d1ff1e852d59cb71a56acb841539c8838e59	yes	downloaded	https://storage.googleapis.com/arc-institute-virtual-cell-atlas/scbasecount/2026-01-12/h5ad/GeneFull_Ex50pAS/Homo_sapiens/SRX27449468.h5ad?generation=1770409802385236
data/raw/scbasecount_2026_01_12_human/h5ad/SRX23506482.h5ad	144498442	477ffa9cb1b862a642ad0ebd0fea5b7c0c158eab32c4b2f93a42dc5d1b2c5161	yes	downloaded	https://storage.googleapis.com/arc-institute-virtual-cell-atlas/scbasecount/2026-01-12/h5ad/GeneFull_Ex50pAS/Homo_sapiens/SRX23506482.h5ad?generation=1770409807282146
data/raw/scbasecount_2026_01_12_human/h5ad/SRX13814619.h5ad	2642451	c9f6479ea43f7b8bf5c388de6f74cf85d829ce21fb7aa50381a98a384fe184e2	yes	downloaded	https://storage.googleapis.com/arc-institute-virtual-cell-atlas/scbasecount/2026-01-12/h5ad/GeneFull_Ex50pAS/Homo_sapiens/SRX13814619.h5ad?generation=1770409826811938
data/raw/scbasecount_2026_01_12_human/h5ad/SRX17937437.h5ad	241131512	030c45a18a59566b753d1f82f01b48c7a652b3b284e63c2d8458116fa08d0055	yes	downloaded	https://storage.googleapis.com/arc-institute-virtual-cell-atlas/scbasecount/2026-01-12/h5ad/GeneFull_Ex50pAS/Homo_sapiens/SRX17937437.h5ad?generation=1770409819904865
data/raw/scbasecount_2026_01_12_human/h5ad/SRX13814617.h5ad	3013373	22faf7458844d3bf0b4f63f02acbe482284d5ef40ce34e924a728d4c1a8bf407	yes	downloaded	https://storage.googleapis.com/arc-institute-virtual-cell-atlas/scbasecount/2026-01-12/h5ad/GeneFull_Ex50pAS/Homo_sapiens/SRX13814617.h5ad?generation=1770409827804863
data/raw/scbasecount_2026_01_12_human/h5ad/SRX9058146.h5ad	22540170	bec981cde8311190722aa0bbcc61f324bd9411e38b142c5f9143a48b8a5c3bb7	yes	downloaded	https://storage.googleapis.com/arc-institute-virtual-cell-atlas/scbasecount/2026-01-12/h5ad/GeneFull_Ex50pAS/Homo_sapiens/SRX9058146.h5ad?generation=1770409802141568
data/raw/scbasecount_2026_01_12_human/h5ad/SRX11523659.h5ad	65233102	c7e200c2064878543882c1bcd81778e5805cb0000fbd49c4171936cfa0325029	yes	downloaded	https://storage.googleapis.com/arc-institute-virtual-cell-atlas/scbasecount/2026-01-12/h5ad/GeneFull_Ex50pAS/Homo_sapiens/SRX11523659.h5ad?generation=1770409827338011
data/raw/scbasecount_2026_01_12_human/h5ad/SRX23843136.h5ad	56905447	91a9c100fc68fa1b5944bd3ce7abc0eb190507edde1876cbe990d6f62e429147	yes	downloaded	https://storage.googleapis.com/arc-institute-virtual-cell-atlas/scbasecount/2026-01-12/h5ad/GeneFull_Ex50pAS/Homo_sapiens/SRX23843136.h5ad?generation=1770409803111654
data/raw/scbasecount_2026_01_12_human/h5ad/SRX18365141.h5ad	303816231	9a08bcf2f1b2bf65f51128daadf3092de7c899efce837f13bae206577c5dea03	yes	downloaded	https://storage.googleapis.com/arc-institute-virtual-cell-atlas/scbasecount/2026-01-12/h5ad/GeneFull_Ex50pAS/Homo_sapiens/SRX18365141.h5ad?generation=1770409824593867
data/raw/scbasecount_2026_01_12_human/h5ad/SRX13118346.h5ad	6219978	712a5669117943f0b92253df947c208ab8f907db9975ad7b0b612cb85173a122	yes	downloaded	https://storage.googleapis.com/arc-institute-virtual-cell-atlas/scbasecount/2026-01-12/h5ad/GeneFull_Ex50pAS/Homo_sapiens/SRX13118346.h5ad?generation=1770409825830788
data/raw/scbasecount_2026_01_12_human/h5ad/ERX8791944.h5ad	61198254	3e6eea8ead5f93de36cf132e700cbb62920431d89bd693be4a070863e063c63b	yes	downloaded	https://storage.googleapis.com/arc-institute-virtual-cell-atlas/scbasecount/2026-01-12/h5ad/GeneFull_Ex50pAS/Homo_sapiens/ERX8791944.h5ad?generation=1770409827626214
data/raw/scbasecount_2026_01_12_human/h5ad/SRX13441694.h5ad	99445058	cf9a257f9369afea8be998e2c86c719d8a78572d614afc2e1563be4f29e5985d	yes	downloaded	https://storage.googleapis.com/arc-institute-virtual-cell-atlas/scbasecount/2026-01-12/h5ad/GeneFull_Ex50pAS/Homo_sapiens/SRX13441694.h5ad?generation=1770409829218062
data/raw/scbasecount_2026_01_12_human/h5ad/SRX27878518.h5ad	317385034	19b206cfc53313dacf45a3a3702d2193d221745948b17c6480e454f7ba351940	yes	downloaded	https://storage.googleapis.com/arc-institute-virtual-cell-atlas/scbasecount/2026-01-12/h5ad/GeneFull_Ex50pAS/Homo_sapiens/SRX27878518.h5ad?generation=1770409811848178
data/raw/scbasecount_2026_01_12_human/h5ad/ERX11148817.h5ad	135990935	1e9b77a946aeca6d919d6fa57c6a43e922cba0a96b28a02ccb30331f25f8c82f	yes	downloaded	https://storage.googleapis.com/arc-institute-virtual-cell-atlas/scbasecount/2026-01-12/h5ad/GeneFull_Ex50pAS/Homo_sapiens/ERX11148817.h5ad?generation=1770409829741394
data/raw/scbasecount_2026_01_12_human/h5ad/SRX10675027.h5ad	86958378	1ef9e6e77c82a64a8fab7d4e904be9ce406e0bcf362a5d608d3bd2da5f337504	yes	downloaded	https://storage.googleapis.com/arc-institute-virtual-cell-atlas/scbasecount/2026-01-12/h5ad/GeneFull_Ex50pAS/Homo_sapiens/SRX10675027.h5ad?generation=1770409827721994
data/raw/scbasecount_2026_01_12_human/h5ad/ERX11760600.h5ad	228281149	f7038bc6f66c3b0a4b762b32285a82b8faa9855f6d72ebce924a2c8c324c6611	yes	downloaded	https://storage.googleapis.com/arc-institute-virtual-cell-atlas/scbasecount/2026-01-12/h5ad/GeneFull_Ex50pAS/Homo_sapiens/ERX11760600.h5ad?generation=1770409831154928
data/raw/scbasecount_2026_01_12_human/h5ad/SRX10675026.h5ad	141232422	906aeef669e8e722d8bf182e4f3abd5ff1f8f9b709d1d3316794b6bd6e2206f6	yes	downloaded	https://storage.googleapis.com/arc-institute-virtual-cell-atlas/scbasecount/2026-01-12/h5ad/GeneFull_Ex50pAS/Homo_sapiens/SRX10675026.h5ad?generation=1770409832062859
data/raw/scbasecount_2026_01_12_human/h5ad/SRX10359208.h5ad	20984401	ffd84dbbd77c3e1c165f323da646294556f4d58bb939270129f43b78176c8098	yes	downloaded	https://storage.googleapis.com/arc-institute-virtual-cell-atlas/scbasecount/2026-01-12/h5ad/GeneFull_Ex50pAS/Homo_sapiens/SRX10359208.h5ad?generation=1770409825888120
data/raw/scbasecount_2026_01_12_human/h5ad/SRX11523618.h5ad	117900984	e4d937e835a94366bd7e4d7a097395b254c350c734385b269e556c96b54b7471	yes	downloaded	https://storage.googleapis.com/arc-institute-virtual-cell-atlas/scbasecount/2026-01-12/h5ad/GeneFull_Ex50pAS/Homo_sapiens/SRX11523618.h5ad?generation=1770409829768973
data/raw/scbasecount_2026_01_12_human/h5ad/SRX10101184.h5ad	88792624	c79de277dc87f15fbcbd383ca942592908ed5ec727b2a9311ac475eb3fe509bd	yes	downloaded	https://storage.googleapis.com/arc-institute-virtual-cell-atlas/scbasecount/2026-01-12/h5ad/GeneFull_Ex50pAS/Homo_sapiens/SRX10101184.h5ad?generation=1770409829705014
data/raw/scbasecount_2026_01_12_human/h5ad/ERX9138787.h5ad	4128399	c2c8354a3ad261262810d3213d678118ceba323b740d4ee90f89c0809b094555	yes	downloaded	https://storage.googleapis.com/arc-institute-virtual-cell-atlas/scbasecount/2026-01-12/h5ad/GeneFull_Ex50pAS/Homo_sapiens/ERX9138787.h5ad?generation=1770409827952608
data/raw/scbasecount_2026_01_12_human/h5ad/SRX10857442.h5ad	167265688	86be4a4a04b269d4a9647e5ac82ab59d0f3ffbdc24502b196f7ac5154bd55d25	yes	downloaded	https://storage.googleapis.com/arc-institute-virtual-cell-atlas/scbasecount/2026-01-12/h5ad/GeneFull_Ex50pAS/Homo_sapiens/SRX10857442.h5ad?generation=1770409830893121
data/raw/scbasecount_2026_01_12_human/h5ad/SRX10101185.h5ad	198367188	c1639d1c366efdfb1d2413ac677864a4073b58a2a11cdc72341dc38b93002380	yes	downloaded	https://storage.googleapis.com/arc-institute-virtual-cell-atlas/scbasecount/2026-01-12/h5ad/GeneFull_Ex50pAS/Homo_sapiens/SRX10101185.h5ad?generation=1770409834580311
data/raw/scbasecount_2026_01_12_human/h5ad/SRX13111269.h5ad	193984724	45eb5aab95bf285c3d36823df8df2019beb127541de170b8652a17c8dbfc7fd3	yes	downloaded	https://storage.googleapis.com/arc-institute-virtual-cell-atlas/scbasecount/2026-01-12/h5ad/GeneFull_Ex50pAS/Homo_sapiens/SRX13111269.h5ad?generation=1770409860187066
data/raw/scbasecount_2026_01_12_human/h5ad/ERX11148772.h5ad	16109941	60ad63cfdff4fdeb072fe3c63418b7dfe8e940fc4ba1d8c52a4163ded9c1c32c	yes	downloaded	https://storage.googleapis.com/arc-institute-virtual-cell-atlas/scbasecount/2026-01-12/h5ad/GeneFull_Ex50pAS/Homo_sapiens/ERX11148772.h5ad?generation=1770409825875076
data/raw/scbasecount_2026_01_12_human/h5ad/SRX11137165.h5ad	238453136	da2fbc5a5d5a23cd88cf87e193a68024a6e659873cc8a63a2840dbddfa3d96b7	yes	downloaded	https://storage.googleapis.com/arc-institute-virtual-cell-atlas/scbasecount/2026-01-12/h5ad/GeneFull_Ex50pAS/Homo_sapiens/SRX11137165.h5ad?generation=1770409835840696
data/raw/scbasecount_2026_01_12_human/h5ad/ERX11148794.h5ad	126840540	6b9016eb4d3aea74d7c3f1250ff385a3fbac60aa735d95a061144aafa906af7e	yes	downloaded	https://storage.googleapis.com/arc-institute-virtual-cell-atlas/scbasecount/2026-01-12/h5ad/GeneFull_Ex50pAS/Homo_sapiens/ERX11148794.h5ad?generation=1770409831095202
data/raw/scbasecount_2026_01_12_human/h5ad/ERX11148779.h5ad	51548032	6f97fba1e6689ee4bddb1eacaef13d9a37d155b94c5856a98c3f4a578c790cf3	yes	downloaded	https://storage.googleapis.com/arc-institute-virtual-cell-atlas/scbasecount/2026-01-12/h5ad/GeneFull_Ex50pAS/Homo_sapiens/ERX11148779.h5ad?generation=1770409826700806
data/raw/scbasecount_2026_01_12_human/h5ad/SRX8820537.h5ad	25386428	19b439c63ea4acb8e075f97db4a95fc4d3163810602b11c9c866c15811ff4bc7	yes	downloaded	https://storage.googleapis.com/arc-institute-virtual-cell-atlas/scbasecount/2026-01-12/h5ad/GeneFull_Ex50pAS/Homo_sapiens/SRX8820537.h5ad?generation=1770409803841415
data/raw/scbasecount_2026_01_12_human/h5ad/SRX13497825.h5ad	21624158	fd5fa8a31bdba976c2fa9646a4e51614bb4c69f6248c5bd7c454f7eca6e2e5e3	yes	downloaded	https://storage.googleapis.com/arc-institute-virtual-cell-atlas/scbasecount/2026-01-12/h5ad/GeneFull_Ex50pAS/Homo_sapiens/SRX13497825.h5ad?generation=1770409833682878
data/raw/scbasecount_2026_01_12_human/h5ad/ERX8791939.h5ad	6613726	d9f022ef92d58a0205b9e6e0e03c80a874d0bbca26c9b807e51ae5f7506e14a3	yes	downloaded	https://storage.googleapis.com/arc-institute-virtual-cell-atlas/scbasecount/2026-01-12/h5ad/GeneFull_Ex50pAS/Homo_sapiens/ERX8791939.h5ad?generation=1770409826166032
data/raw/scbasecount_2026_01_12_human/h5ad/SRX19233502.h5ad	6404152	43a4c82e8e2f6ca0e76fa9c3ae272ba983f6935143b8b497cadea93a3ac47ab0	yes	downloaded	https://storage.googleapis.com/arc-institute-virtual-cell-atlas/scbasecount/2026-01-12/h5ad/GeneFull_Ex50pAS/Homo_sapiens/SRX19233502.h5ad?generation=1770409820719124
data/raw/scbasecount_2026_01_12_human/h5ad/ERX8791984.h5ad	3229327	2a607b081df441562f8d26e3349adae8567754b626c8c3571a4e036473501313	yes	downloaded	https://storage.googleapis.com/arc-institute-virtual-cell-atlas/scbasecount/2026-01-12/h5ad/GeneFull_Ex50pAS/Homo_sapiens/ERX8791984.h5ad?generation=1770409825797977
data/raw/scbasecount_2026_01_12_human/h5ad/SRX8363975.h5ad	48115741	f67d8ac3a0869cbbe0557a86142fa88acd6b49188a284241e1b160b107cb08da	yes	downloaded	https://storage.googleapis.com/arc-institute-virtual-cell-atlas/scbasecount/2026-01-12/h5ad/GeneFull_Ex50pAS/Homo_sapiens/SRX8363975.h5ad?generation=1770409802393831
data/raw/scbasecount_2026_01_12_human/h5ad/SRX28769195.h5ad	8689455	21279b7f6dae0bd1eff8587a7fbdde9601b7aa92aa8592700ecf4e5d9ad77f1f	yes	downloaded	https://storage.googleapis.com/arc-institute-virtual-cell-atlas/scbasecount/2026-01-12/h5ad/GeneFull_Ex50pAS/Homo_sapiens/SRX28769195.h5ad?generation=1770409802968458
data/raw/scbasecount_2026_01_12_human/h5ad/ERX11148728.h5ad	197961044	de335f87a8335e37ff37ad4666ef902e6f4b208eb1888edfcd86499c99c815c0	yes	downloaded	https://storage.googleapis.com/arc-institute-virtual-cell-atlas/scbasecount/2026-01-12/h5ad/GeneFull_Ex50pAS/Homo_sapiens/ERX11148728.h5ad?generation=1770409832321478
data/raw/scbasecount_2026_01_12_human/h5ad/SRX9665023.h5ad	144228854	5e9e13cfcdfc041276978c2ef879bdeea5108e7c1842713785ad7ba2f074dad7	yes	downloaded	https://storage.googleapis.com/arc-institute-virtual-cell-atlas/scbasecount/2026-01-12/h5ad/GeneFull_Ex50pAS/Homo_sapiens/SRX9665023.h5ad?generation=1770409805584316
data/raw/scbasecount_2026_01_12_human/h5ad/SRX17794284.h5ad	72747164	826a3790a4e256cd2c1eb8296327ca602d65acd6eadac40b7cf52007e2d873ba	yes	downloaded	https://storage.googleapis.com/arc-institute-virtual-cell-atlas/scbasecount/2026-01-12/h5ad/GeneFull_Ex50pAS/Homo_sapiens/SRX17794284.h5ad?generation=1770409816803707
data/raw/scbasecount_2026_01_12_human/h5ad/SRX17949772.h5ad	37109931	cb70f017ed21573ad3d8f854b9f271c374ce15ceb847d79700551704af27aaa0	yes	downloaded	https://storage.googleapis.com/arc-institute-virtual-cell-atlas/scbasecount/2026-01-12/h5ad/GeneFull_Ex50pAS/Homo_sapiens/SRX17949772.h5ad?generation=1770409814939864
data/raw/scbasecount_2026_01_12_human/h5ad/SRX23141370.h5ad	25320432	bbd89d1a4528743f41d9b1f5cff2c8d4b9113f4326baae7f7c6e490428078a85	yes	downloaded	https://storage.googleapis.com/arc-institute-virtual-cell-atlas/scbasecount/2026-01-12/h5ad/GeneFull_Ex50pAS/Homo_sapiens/SRX23141370.h5ad?generation=1770409813947556
data/raw/scbasecount_2026_01_12_human/h5ad/SRX11071624.h5ad	106751368	69a6deaebbff6cdc51178af8e09fc80240d1eafbeb1c1b0ffb06d4bdb01d94ee	yes	downloaded	https://storage.googleapis.com/arc-institute-virtual-cell-atlas/scbasecount/2026-01-12/h5ad/GeneFull_Ex50pAS/Homo_sapiens/SRX11071624.h5ad?generation=1770409831901857
data/raw/scbasecount_2026_01_12_human/h5ad/SRX26248265.h5ad	200393687	cd2e2ce0c360ea51bace05c3b20a63eccd24b7475a5c6dda19749f6c0f1f5e42	yes	downloaded	https://storage.googleapis.com/arc-institute-virtual-cell-atlas/scbasecount/2026-01-12/h5ad/GeneFull_Ex50pAS/Homo_sapiens/SRX26248265.h5ad?generation=1770409806293024
data/raw/scbasecount_2026_01_12_human/h5ad/SRX23560129.h5ad	202182026	af08149237dad9a65b9584d0efbde07ff9831b8b7906664f4f9f76c11a53844c	yes	downloaded	https://storage.googleapis.com/arc-institute-virtual-cell-atlas/scbasecount/2026-01-12/h5ad/GeneFull_Ex50pAS/Homo_sapiens/SRX23560129.h5ad?generation=1770409810121848
data/raw/scbasecount_2026_01_12_human/h5ad/SRX19964587.h5ad	192792700	de57379f96a2fe346b717d0b66238591b1c222890b5f3bb66cb260bead1addf2	yes	downloaded	https://storage.googleapis.com/arc-institute-virtual-cell-atlas/scbasecount/2026-01-12/h5ad/GeneFull_Ex50pAS/Homo_sapiens/SRX19964587.h5ad?generation=1770409818949736
data/raw/scbasecount_2026_01_12_human/h5ad/SRX14870622.h5ad	111663360	be04e9ac5fcbffdef86bdc1ba0dd5f3ae8fd3faf7051bb6d59005d077c3e4a23	yes	downloaded	https://storage.googleapis.com/arc-institute-virtual-cell-atlas/scbasecount/2026-01-12/h5ad/GeneFull_Ex50pAS/Homo_sapiens/SRX14870622.h5ad?generation=1770409832548848
data/raw/scbasecount_2026_01_12_human/h5ad/SRX9317488.h5ad	230081108	e67a302cf4abe8fb5938564f52b10a76067b0c0a0d36a0a1a3808555e92712b9	yes	downloaded	https://storage.googleapis.com/arc-institute-virtual-cell-atlas/scbasecount/2026-01-12/h5ad/GeneFull_Ex50pAS/Homo_sapiens/SRX9317488.h5ad?generation=1770409808798912
data/raw/scbasecount_2026_01_12_human/h5ad/SRX7223707.h5ad	288309639	2779293095871653523b7c7a1fb4feec09315b13001a7c2e95313c8318d561cf	yes	downloaded	https://storage.googleapis.com/arc-institute-virtual-cell-atlas/scbasecount/2026-01-12/h5ad/GeneFull_Ex50pAS/Homo_sapiens/SRX7223707.h5ad?generation=1770409810280979
data/raw/scbasecount_2026_01_12_human/h5ad/SRX22811479.h5ad	37755807	28d100d83bceda3839760b52128767af1668735bc45e5e2f5e64e9b92de9e71b	yes	downloaded	https://storage.googleapis.com/arc-institute-virtual-cell-atlas/scbasecount/2026-01-12/h5ad/GeneFull_Ex50pAS/Homo_sapiens/SRX22811479.h5ad?generation=1770409817283211
data/raw/scbasecount_2026_01_12_human/h5ad/SRX24836417.h5ad	38035887	75f6ce7d1136a9774f51a2e797cb1333c75d293c3c423d6944e8330ce53fd773	yes	downloaded	https://storage.googleapis.com/arc-institute-virtual-cell-atlas/scbasecount/2026-01-12/h5ad/GeneFull_Ex50pAS/Homo_sapiens/SRX24836417.h5ad?generation=1770409804562736
data/raw/scbasecount_2026_01_12_human/h5ad/ERX8791986.h5ad	10873168	a8b1ed892f502e9e0667307590bd99c9bcfcfb7471c348b82da520c59f5718d6	yes	downloaded	https://storage.googleapis.com/arc-institute-virtual-cell-atlas/scbasecount/2026-01-12/h5ad/GeneFull_Ex50pAS/Homo_sapiens/ERX8791986.h5ad?generation=1770409826882033
data/raw/scbasecount_2026_01_12_human/h5ad/SRX17639453.h5ad	236226769	72bdb7f83ee81919cb2f768ce0c1bf28d22ad2a2f9d41e8aaa14d7a15aa24963	yes	downloaded	https://storage.googleapis.com/arc-institute-virtual-cell-atlas/scbasecount/2026-01-12/h5ad/GeneFull_Ex50pAS/Homo_sapiens/SRX17639453.h5ad?generation=1770409825467585
data/raw/scbasecount_2026_01_12_human/h5ad/SRX17033053.h5ad	82251208	7eed9641b05714fab1e4b4456577018137141e7ad99c78bf62688ce90aa1b672	yes	downloaded	https://storage.googleapis.com/arc-institute-virtual-cell-atlas/scbasecount/2026-01-12/h5ad/GeneFull_Ex50pAS/Homo_sapiens/SRX17033053.h5ad?generation=1770409818714935
data/raw/scbasecount_2026_01_12_human/h5ad/SRX8530541.h5ad	13804799	c46f026c8dcbabd69c4f29d8a3dc36026f98c096fd41f59b736f15c44197d263	yes	downloaded	https://storage.googleapis.com/arc-institute-virtual-cell-atlas/scbasecount/2026-01-12/h5ad/GeneFull_Ex50pAS/Homo_sapiens/SRX8530541.h5ad?generation=1770409804202888
data/raw/scbasecount_2026_01_12_human/h5ad/SRX21501379.h5ad	152346367	14c7a5d08e4a93c01e394e6a959e8f39ee351394a4e5948ce2949b7efd2e39f8	yes	downloaded	https://storage.googleapis.com/arc-institute-virtual-cell-atlas/scbasecount/2026-01-12/h5ad/GeneFull_Ex50pAS/Homo_sapiens/SRX21501379.h5ad?generation=1770409820019413
data/raw/scbasecount_2026_01_12_human/h5ad/SRX15612314.h5ad	59376388	0ed6d8d13b2308b35651b4df9b31539b1c3becc16f998b14f3accdbad38f33e3	yes	downloaded	https://storage.googleapis.com/arc-institute-virtual-cell-atlas/scbasecount/2026-01-12/h5ad/GeneFull_Ex50pAS/Homo_sapiens/SRX15612314.h5ad?generation=1770409815569209
data/raw/scbasecount_2026_01_12_human/h5ad/SRX19639303.h5ad	117058663	1f225326d91c99ca1cda4ac9e20f0e152dbe2420b634ba0ed0f4d6dffde4f9b6	yes	downloaded	https://storage.googleapis.com/arc-institute-virtual-cell-atlas/scbasecount/2026-01-12/h5ad/GeneFull_Ex50pAS/Homo_sapiens/SRX19639303.h5ad?generation=1770409818260982
data/raw/scbasecount_2026_01_12_human/h5ad/SRX24220063.h5ad	129707564	e7b01e056497b87570c4210e29657d1de68073ebaa89634176f0bb599f3968dc	yes	downloaded	https://storage.googleapis.com/arc-institute-virtual-cell-atlas/scbasecount/2026-01-12/h5ad/GeneFull_Ex50pAS/Homo_sapiens/SRX24220063.h5ad?generation=1770409808161089
data/raw/scbasecount_2026_01_12_human/h5ad/SRX28122268.h5ad	226426230	16d15cc4e43e31103fe52186a6135c01d0a111686b1f644e29b8d7bd09675138	yes	downloaded	https://storage.googleapis.com/arc-institute-virtual-cell-atlas/scbasecount/2026-01-12/h5ad/GeneFull_Ex50pAS/Homo_sapiens/SRX28122268.h5ad?generation=1770409812914849
data/raw/scbasecount_2026_01_12_human/h5ad/SRX9058152.h5ad	51158718	c7d54a453712649dcac67151f5b3dd938e2d8a24dbddc27fd76627498b1dea81	yes	downloaded	https://storage.googleapis.com/arc-institute-virtual-cell-atlas/scbasecount/2026-01-12/h5ad/GeneFull_Ex50pAS/Homo_sapiens/SRX9058152.h5ad?generation=1770409803694242
data/raw/scbasecount_2026_01_12_human/h5ad/SRX12635179.h5ad	110718165	d551635fde82221f9bf87eb660fe9de9f5afc517ddf3d53387e57a10fc2261fc	yes	downloaded	https://storage.googleapis.com/arc-institute-virtual-cell-atlas/scbasecount/2026-01-12/h5ad/GeneFull_Ex50pAS/Homo_sapiens/SRX12635179.h5ad?generation=1770409828038880
data/raw/scbasecount_2026_01_12_human/h5ad/SRX22405465.h5ad	7410533	4704fca4400f7b9f49df8b8d817840c8156bb669e6fa8723581728fbea73996a	yes	downloaded	https://storage.googleapis.com/arc-institute-virtual-cell-atlas/scbasecount/2026-01-12/h5ad/GeneFull_Ex50pAS/Homo_sapiens/SRX22405465.h5ad?generation=1770409814269025
data/raw/scbasecount_2026_01_12_human/h5ad/SRX9058154.h5ad	44773461	e07b9feceb4710a2ae2964a5eec867237737367a71336a538bc3e9fb8c4e001d	yes	downloaded	https://storage.googleapis.com/arc-institute-virtual-cell-atlas/scbasecount/2026-01-12/h5ad/GeneFull_Ex50pAS/Homo_sapiens/SRX9058154.h5ad?generation=1770409802257379
data/raw/scbasecount_2026_01_12_human/h5ad/SRX16651436.h5ad	2583698	1f2908d5551fbe15f8cb8098de2da24bb082af0fb123fb8262b4a69ce953a198	yes	downloaded	https://storage.googleapis.com/arc-institute-virtual-cell-atlas/scbasecount/2026-01-12/h5ad/GeneFull_Ex50pAS/Homo_sapiens/SRX16651436.h5ad?generation=1770409813711902
data/raw/scbasecount_2026_01_12_human/h5ad/SRX8094408.h5ad	38644594	c26d10322392025a416d3021e9f0e2a83fdd4c1ef24ad4741e9b570c634e18bf	yes	downloaded	https://storage.googleapis.com/arc-institute-virtual-cell-atlas/scbasecount/2026-01-12/h5ad/GeneFull_Ex50pAS/Homo_sapiens/SRX8094408.h5ad?generation=1770409803753423
data/raw/scbasecount_2026_01_12_human/h5ad/SRX20673992.h5ad	50593924	2b62d6383528c5f04b0c42d566ae86cd790ce1d44546b379384f7fd12582032d	yes	downloaded	https://storage.googleapis.com/arc-institute-virtual-cell-atlas/scbasecount/2026-01-12/h5ad/GeneFull_Ex50pAS/Homo_sapiens/SRX20673992.h5ad?generation=1770409818560759
data/raw/scbasecount_2026_01_12_human/h5ad/ERX11899886.h5ad	339936200	22ed6d13c6f8e543ceb24cacb9c5f12740cfbe21e5338f7173dc5b3ecd3f6153	yes	downloaded	https://storage.googleapis.com/arc-institute-virtual-cell-atlas/scbasecount/2026-01-12/h5ad/GeneFull_Ex50pAS/Homo_sapiens/ERX11899886.h5ad?generation=1770409861112750
data/raw/scbasecount_2026_01_12_human/h5ad/SRX8602659.h5ad	3282476	e047d00809c56bdfc8cd5b8ff3400710d6a6af3bc0badcf24d3cfba2bf9182ca	yes	downloaded	https://storage.googleapis.com/arc-institute-virtual-cell-atlas/scbasecount/2026-01-12/h5ad/GeneFull_Ex50pAS/Homo_sapiens/SRX8602659.h5ad?generation=1770409802236338
data/raw/scbasecount_2026_01_12_human/h5ad/SRX24370780.h5ad	18463602	3d31939ba45301fe53ba61e388cb1ab8450bb2a7ffbe2bffc3e3f46650f12a98	yes	downloaded	https://storage.googleapis.com/arc-institute-virtual-cell-atlas/scbasecount/2026-01-12/h5ad/GeneFull_Ex50pAS/Homo_sapiens/SRX24370780.h5ad?generation=1770409806423050
data/raw/scbasecount_2026_01_12_human/h5ad/SRX26012134.h5ad	100614115	596830b2e3c769d4f8e601967d7e8b587d2a37ec8cc894353cf5e0d2bada54e4	yes	downloaded	https://storage.googleapis.com/arc-institute-virtual-cell-atlas/scbasecount/2026-01-12/h5ad/GeneFull_Ex50pAS/Homo_sapiens/SRX26012134.h5ad?generation=1770409813038842
data/raw/scbasecount_2026_01_12_human/h5ad/SRX19103445.h5ad	148626837	9024562ffb1c7e70fdc8424a39b6c03b1e5a612773dda3a82f6d3d1dff70e808	yes	downloaded	https://storage.googleapis.com/arc-institute-virtual-cell-atlas/scbasecount/2026-01-12/h5ad/GeneFull_Ex50pAS/Homo_sapiens/SRX19103445.h5ad?generation=1770409820499942
data/raw/scbasecount_2026_01_12_human/h5ad/SRX8983878.h5ad	149420317	b606fdc7fe48f15cc8561ece8d3ec0f3d0d8435a21b2ec770e0b78f8fbac5a9a	yes	downloaded	https://storage.googleapis.com/arc-institute-virtual-cell-atlas/scbasecount/2026-01-12/h5ad/GeneFull_Ex50pAS/Homo_sapiens/SRX8983878.h5ad?generation=1770409806101585
data/raw/scbasecount_2026_01_12_human/h5ad/SRX12379065.h5ad	100148080	915d0881413b9c4a4fd954ba012d1ed28b8650a3006ac7d0fef7c7a263ca6c99	yes	downloaded	https://storage.googleapis.com/arc-institute-virtual-cell-atlas/scbasecount/2026-01-12/h5ad/GeneFull_Ex50pAS/Homo_sapiens/SRX12379065.h5ad?generation=1770409827569354
data/raw/scbasecount_2026_01_12_human/h5ad/SRX9365691.h5ad	152839033	7e7e5f250b68d3033614466233207bab6c2105592f865a5aa766d159d13f2351	yes	downloaded	https://storage.googleapis.com/arc-institute-virtual-cell-atlas/scbasecount/2026-01-12/h5ad/GeneFull_Ex50pAS/Homo_sapiens/SRX9365691.h5ad?generation=1770409805529358
data/raw/scbasecount_2026_01_12_human/h5ad/SRX19050181.h5ad	80119828	d378111180b8cab6dbd6f290d8c3370bcb9c51e9bb56c3dd65ea7f375cb56693	yes	downloaded	https://storage.googleapis.com/arc-institute-virtual-cell-atlas/scbasecount/2026-01-12/h5ad/GeneFull_Ex50pAS/Homo_sapiens/SRX19050181.h5ad?generation=1770409817711542
data/raw/scbasecount_2026_01_12_human/h5ad/SRX14336027.h5ad	24078785	65a313c312bced8622338922119e1da1fb035b48657a4bfa41d05bfd76a33932	yes	downloaded	https://storage.googleapis.com/arc-institute-virtual-cell-atlas/scbasecount/2026-01-12/h5ad/GeneFull_Ex50pAS/Homo_sapiens/SRX14336027.h5ad?generation=1770409830124474
data/raw/scbasecount_2026_01_12_human/h5ad/SRX9813085.h5ad	30065199	9db48dbdcd6b58b9684da4ad12cbb0c6557cf6857d2eb7f11709e2f4806aac09	yes	downloaded	https://storage.googleapis.com/arc-institute-virtual-cell-atlas/scbasecount/2026-01-12/h5ad/GeneFull_Ex50pAS/Homo_sapiens/SRX9813085.h5ad?generation=1770409803698301
data/raw/scbasecount_2026_01_12_human/h5ad/SRX9813084.h5ad	42815639	f3c9cd43af45eb955086679af12e0d695a89967b6b17d4f72fc68c53c8c7ff1d	yes	downloaded	https://storage.googleapis.com/arc-institute-virtual-cell-atlas/scbasecount/2026-01-12/h5ad/GeneFull_Ex50pAS/Homo_sapiens/SRX9813084.h5ad?generation=1770409810281753
data/raw/scbasecount_2026_01_12_human/h5ad/SRX12177176.h5ad	18883863	bff6209d427add34cb323b5b08cda52fdf45381ca963a989b4457163f8cc41b4	yes	downloaded	https://storage.googleapis.com/arc-institute-virtual-cell-atlas/scbasecount/2026-01-12/h5ad/GeneFull_Ex50pAS/Homo_sapiens/SRX12177176.h5ad?generation=1770409828430299
data/raw/scbasecount_2026_01_12_human/h5ad/SRX10824597.h5ad	38551098	7370d81f849aa42bf8933a98fafeafaff1676fc38137e0dc52fb95f211df9930	yes	downloaded	https://storage.googleapis.com/arc-institute-virtual-cell-atlas/scbasecount/2026-01-12/h5ad/GeneFull_Ex50pAS/Homo_sapiens/SRX10824597.h5ad?generation=1770409842562406
data/raw/scbasecount_2026_01_12_human/h5ad/SRX24416942.h5ad	115602135	b0b190a7bb75391fe80950554daec08f9b177d38cd7e61eace59bedcec218159	yes	downloaded	https://storage.googleapis.com/arc-institute-virtual-cell-atlas/scbasecount/2026-01-12/h5ad/GeneFull_Ex50pAS/Homo_sapiens/SRX24416942.h5ad?generation=1770409808215814
data/raw/scbasecount_2026_01_12_human/h5ad/SRX17746505.h5ad	232638940	1f7e3f8a19b28278950b25dc3afb9150f944979c1984cd398b4979f29b2cde17	yes	downloaded	https://storage.googleapis.com/arc-institute-virtual-cell-atlas/scbasecount/2026-01-12/h5ad/GeneFull_Ex50pAS/Homo_sapiens/SRX17746505.h5ad?generation=1770409822961795
data/raw/scbasecount_2026_01_12_human/h5ad/SRX22129454.h5ad	181380348	3e84a7c90097bf799964fbadf4f841c8ed7aa2b911033be9b39124401557dd03	yes	downloaded	https://storage.googleapis.com/arc-institute-virtual-cell-atlas/scbasecount/2026-01-12/h5ad/GeneFull_Ex50pAS/Homo_sapiens/SRX22129454.h5ad?generation=1770409822318975
data/raw/scbasecount_2026_01_12_human/h5ad/SRX9304571.h5ad	45639766	969a891322a93e1118711167befa767c175a72718ac04bfa48b9c3065f713e2f	yes	downloaded	https://storage.googleapis.com/arc-institute-virtual-cell-atlas/scbasecount/2026-01-12/h5ad/GeneFull_Ex50pAS/Homo_sapiens/SRX9304571.h5ad?generation=1770409804444939
data/raw/scbasecount_2026_01_12_human/h5ad/SRX22495670.h5ad	103701613	4da572c206ac5f6501d5aed5c95341ead53d712a7e834c1613e0eba522ef3f5f	yes	downloaded	https://storage.googleapis.com/arc-institute-virtual-cell-atlas/scbasecount/2026-01-12/h5ad/GeneFull_Ex50pAS/Homo_sapiens/SRX22495670.h5ad?generation=1770409818164299
data/raw/scbasecount_2026_01_12_human/h5ad/SRX23011189.h5ad	177350437	3c19010d06e3b80c97488d42e65de0b80ddfac3c2b706c516e4f36da0c8c30b0	yes	downloaded	https://storage.googleapis.com/arc-institute-virtual-cell-atlas/scbasecount/2026-01-12/h5ad/GeneFull_Ex50pAS/Homo_sapiens/SRX23011189.h5ad?generation=1770409822933177
data/raw/scbasecount_2026_01_12_human/h5ad/SRX11579596.h5ad	182029912	75127b39675c97f4fe9f85011f7f8920dc61d93e084e530112910a5c10b00a9c	yes	downloaded	https://storage.googleapis.com/arc-institute-virtual-cell-atlas/scbasecount/2026-01-12/h5ad/GeneFull_Ex50pAS/Homo_sapiens/SRX11579596.h5ad?generation=1770409832027247
data/raw/scbasecount_2026_01_12_human/h5ad/SRX24763709.h5ad	35388694	6ccb201388327c508f4059ff6816f6549ca6925bdc3a9b956ef337cf3ec82eb4	yes	downloaded	https://storage.googleapis.com/arc-institute-virtual-cell-atlas/scbasecount/2026-01-12/h5ad/GeneFull_Ex50pAS/Homo_sapiens/SRX24763709.h5ad?generation=1770409803311959
data/raw/scbasecount_2026_01_12_human/h5ad/SRX25852474.h5ad	107274483	402ae6140b71450ec3cdc7056baef2ec47168e0f89527ec6a321237d2a838de1	yes	downloaded	https://storage.googleapis.com/arc-institute-virtual-cell-atlas/scbasecount/2026-01-12/h5ad/GeneFull_Ex50pAS/Homo_sapiens/SRX25852474.h5ad?generation=1770409805381225
data/raw/scbasecount_2026_01_12_human/h5ad/SRX22749119.h5ad	21046556	7a569ded5f5e9c10c6e1768645b19fe0e9e4fc82b30ab7ff47c690da16dc0dfc	yes	downloaded	https://storage.googleapis.com/arc-institute-virtual-cell-atlas/scbasecount/2026-01-12/h5ad/GeneFull_Ex50pAS/Homo_sapiens/SRX22749119.h5ad?generation=1770409813941265
data/raw/scbasecount_2026_01_12_human/h5ad/SRX14231217.h5ad	195528254	73947d033328ea6a06632c85e0497fcae6edb756017416f4a43e868a08837e14	yes	downloaded	https://storage.googleapis.com/arc-institute-virtual-cell-atlas/scbasecount/2026-01-12/h5ad/GeneFull_Ex50pAS/Homo_sapiens/SRX14231217.h5ad?generation=1770409891837345
data/raw/scbasecount_2026_01_12_human/h5ad/SRX7478894.h5ad	62784846	893fd02361d3d1cf1a10f322f6a9fc48aadef3dbdc801b4f36f6231ec156dadc	yes	downloaded	https://storage.googleapis.com/arc-institute-virtual-cell-atlas/scbasecount/2026-01-12/h5ad/GeneFull_Ex50pAS/Homo_sapiens/SRX7478894.h5ad?generation=1770409805457159
data/raw/scbasecount_2026_01_12_human/h5ad/SRX7063668.h5ad	96413626	50fdc461126cc8d45b8076d350b50d889a486035ac8439df36dc0fda8f5c7119	yes	downloaded	https://storage.googleapis.com/arc-institute-virtual-cell-atlas/scbasecount/2026-01-12/h5ad/GeneFull_Ex50pAS/Homo_sapiens/SRX7063668.h5ad?generation=1770409810139736
data/raw/scbasecount_2026_01_12_human/h5ad/ERX10987190.h5ad	201871549	15631141a9bdc65d608c50706e52769571efc93c3f982202b8d13904fb770b4d	yes	downloaded	https://storage.googleapis.com/arc-institute-virtual-cell-atlas/scbasecount/2026-01-12/h5ad/GeneFull_Ex50pAS/Homo_sapiens/ERX10987190.h5ad?generation=1770409835284627
data/raw/scbasecount_2026_01_12_human/h5ad/SRX27826353.h5ad	25629564	71631ea9fcf0cc1d334f42258e46f5d586d02757aba0488336f4a55fa7df5d5c	yes	downloaded	https://storage.googleapis.com/arc-institute-virtual-cell-atlas/scbasecount/2026-01-12/h5ad/GeneFull_Ex50pAS/Homo_sapiens/SRX27826353.h5ad?generation=1770409802073264
data/raw/scbasecount_2026_01_12_human/h5ad/SRX9908733.h5ad	17105304	f24a89671884bb3d4fdb98965fdbb0194dec391df7dc8d2a3cec7fae80612ae9	yes	downloaded	https://storage.googleapis.com/arc-institute-virtual-cell-atlas/scbasecount/2026-01-12/h5ad/GeneFull_Ex50pAS/Homo_sapiens/SRX9908733.h5ad?generation=1770409802820235
data/raw/scbasecount_2026_01_12_human/h5ad/SRX13304515.h5ad	98381446	24726f86fff196c2c50b9977fb61af004343fdaace72e136159fc6679fcd439e	yes	downloaded	https://storage.googleapis.com/arc-institute-virtual-cell-atlas/scbasecount/2026-01-12/h5ad/GeneFull_Ex50pAS/Homo_sapiens/SRX13304515.h5ad?generation=1770409830218041
data/raw/scbasecount_2026_01_12_human/h5ad/SRX8784058.h5ad	7810483	8830747d35bfc952a5945f64d7a2f0bf858ce7ee85a0bfa62ba43546a97221de	yes	downloaded	https://storage.googleapis.com/arc-institute-virtual-cell-atlas/scbasecount/2026-01-12/h5ad/GeneFull_Ex50pAS/Homo_sapiens/SRX8784058.h5ad?generation=1770409805967676
data/raw/scbasecount_2026_01_12_human/h5ad/SRX9834873.h5ad	96784671	b5cf895bcc3087ed436987442c5ede8f32263ec08473065c56ca22fd083bcc2a	yes	downloaded	https://storage.googleapis.com/arc-institute-virtual-cell-atlas/scbasecount/2026-01-12/h5ad/GeneFull_Ex50pAS/Homo_sapiens/SRX9834873.h5ad?generation=1770409805822765
data/raw/scbasecount_2026_01_12_human/h5ad/SRX28311709.h5ad	203164294	703c1507395ff5933124094b5d643a08322ac3cc6c80d4da0655290550154928	yes	downloaded	https://storage.googleapis.com/arc-institute-virtual-cell-atlas/scbasecount/2026-01-12/h5ad/GeneFull_Ex50pAS/Homo_sapiens/SRX28311709.h5ad?generation=1770409806169351
data/raw/scbasecount_2026_01_12_human/h5ad/SRX10460902.h5ad	45285307	4e921216506d31701c00ffa3ff32561cb21e8a4fcad75e5e2c438f75f7048df0	yes	downloaded	https://storage.googleapis.com/arc-institute-virtual-cell-atlas/scbasecount/2026-01-12/h5ad/GeneFull_Ex50pAS/Homo_sapiens/SRX10460902.h5ad?generation=1770409826538092
data/raw/scbasecount_2026_01_12_human/h5ad/SRX10307105.h5ad	327587824	c58a637a6c0dcacea54c546ca1159d14966868637877a3ff36e14b0345958631	yes	downloaded	https://storage.googleapis.com/arc-institute-virtual-cell-atlas/scbasecount/2026-01-12/h5ad/GeneFull_Ex50pAS/Homo_sapiens/SRX10307105.h5ad?generation=1770409838732764
data/raw/scbasecount_2026_01_12_human/h5ad/SRX21709273.h5ad	102719303	3f71aa41b65cdf95b677df71a535504b490b1601fb0110240d78fbfcf5bc213a	yes	downloaded	https://storage.googleapis.com/arc-institute-virtual-cell-atlas/scbasecount/2026-01-12/h5ad/GeneFull_Ex50pAS/Homo_sapiens/SRX21709273.h5ad?generation=1770409816305061
data/raw/scbasecount_2026_01_12_human/h5ad/SRX17718603.h5ad	414653826	05b4822383d4ae28998314ac2b4bb6a8b85e68e6aab232a99ecbbac55113cf10	yes	downloaded	https://storage.googleapis.com/arc-institute-virtual-cell-atlas/scbasecount/2026-01-12/h5ad/GeneFull_Ex50pAS/Homo_sapiens/SRX17718603.h5ad?generation=1770409827857742
data/raw/scbasecount_2026_01_12_human/h5ad/SRX8949627.h5ad	118913933	18fa5cde1c798dd26e1f91001ead5012b57a43f8d273b436e614fabe0b916d92	yes	downloaded	https://storage.googleapis.com/arc-institute-virtual-cell-atlas/scbasecount/2026-01-12/h5ad/GeneFull_Ex50pAS/Homo_sapiens/SRX8949627.h5ad?generation=1770409810664396
data/raw/scbasecount_2026_01_12_human/h5ad/SRX23856640.h5ad	321030021	5a9d7f87c8ac18aac51d0b5ebb572816ff532e73b8e071751713c7561be83d05	yes	downloaded	https://storage.googleapis.com/arc-institute-virtual-cell-atlas/scbasecount/2026-01-12/h5ad/GeneFull_Ex50pAS/Homo_sapiens/SRX23856640.h5ad?generation=1770409815424552
data/raw/scbasecount_2026_01_12_human/h5ad/SRX14417489.h5ad	26838627	32500e17f7574470d380743369324832d38d4a83e3364650fdf500d166e08192	yes	downloaded	https://storage.googleapis.com/arc-institute-virtual-cell-atlas/scbasecount/2026-01-12/h5ad/GeneFull_Ex50pAS/Homo_sapiens/SRX14417489.h5ad?generation=1770409828724233
data/raw/scbasecount_2026_01_12_human/h5ad/SRX22519936.h5ad	234651332	1038f60b388e2ce7d6e3089794de4126e3bde73b0d6a2d434b6837f46e460e37	yes	downloaded	https://storage.googleapis.com/arc-institute-virtual-cell-atlas/scbasecount/2026-01-12/h5ad/GeneFull_Ex50pAS/Homo_sapiens/SRX22519936.h5ad?generation=1770409852481900
data/raw/scbasecount_2026_01_12_human/h5ad/SRX28141405.h5ad	479162319	7dff1c5ce241e68a1bb4e1b97bbdf55be11f7772dcb124db3a9c3b47ed216ee1	yes	downloaded	https://storage.googleapis.com/arc-institute-virtual-cell-atlas/scbasecount/2026-01-12/h5ad/GeneFull_Ex50pAS/Homo_sapiens/SRX28141405.h5ad?generation=1770409827365330
data/raw/scbasecount_2026_01_12_human/h5ad/SRX28179703.h5ad	102072222	868b6556f621099cb74e75c8f3a671f272138872612d21bfb12b3249e9696390	yes	downloaded	https://storage.googleapis.com/arc-institute-virtual-cell-atlas/scbasecount/2026-01-12/h5ad/GeneFull_Ex50pAS/Homo_sapiens/SRX28179703.h5ad?generation=1770409804011602
data/raw/scbasecount_2026_01_12_human/h5ad/SRX27787315.h5ad	351101443	fcd503ce9694be64a43681317c5da8f8a906369ebf6aeda00db588466dcda3a2	yes	downloaded	https://storage.googleapis.com/arc-institute-virtual-cell-atlas/scbasecount/2026-01-12/h5ad/GeneFull_Ex50pAS/Homo_sapiens/SRX27787315.h5ad?generation=1770409815733636
data/raw/scbasecount_2026_01_12_human/h5ad/SRX18804602.h5ad	260172538	23cac7b0288fae6caa029504194d96b309bdf392af406e54e63f862df722548f	yes	downloaded	https://storage.googleapis.com/arc-institute-virtual-cell-atlas/scbasecount/2026-01-12/h5ad/GeneFull_Ex50pAS/Homo_sapiens/SRX18804602.h5ad?generation=1770409821862664
data/raw/scbasecount_2026_01_12_human/h5ad/ERX8792208.h5ad	5665941	f0a5aa6310c594d8d18441bc9f287578ba93a0bf2f4ce8eafa0cb636404c55ad	yes	downloaded	https://storage.googleapis.com/arc-institute-virtual-cell-atlas/scbasecount/2026-01-12/h5ad/GeneFull_Ex50pAS/Homo_sapiens/ERX8792208.h5ad?generation=1770409827638898
data/raw/scbasecount_2026_01_12_human/h5ad/SRX18230762.h5ad	318347534	0c17cf2d5c7ded81943479eea57be3fd9eac37f5c5e84b8147cd34ab74052d94	yes	downloaded	https://storage.googleapis.com/arc-institute-virtual-cell-atlas/scbasecount/2026-01-12/h5ad/GeneFull_Ex50pAS/Homo_sapiens/SRX18230762.h5ad?generation=1770409825069878
data/raw/scbasecount_2026_01_12_human/h5ad/ERX8792221.h5ad	2582975	390a597128abef6346211ea28ca8cd7627485953ae92b75098b2aa067aa5ae4a	yes	downloaded	https://storage.googleapis.com/arc-institute-virtual-cell-atlas/scbasecount/2026-01-12/h5ad/GeneFull_Ex50pAS/Homo_sapiens/ERX8792221.h5ad?generation=1770409826032651
data/raw/scbasecount_2026_01_12_human/h5ad/SRX16314801.h5ad	214363433	aff219b31f644cfd8b11ea218c548918c1c3c9947c3cbc18df8528907ac2a84c	yes	downloaded	https://storage.googleapis.com/arc-institute-virtual-cell-atlas/scbasecount/2026-01-12/h5ad/GeneFull_Ex50pAS/Homo_sapiens/SRX16314801.h5ad?generation=1770409821270931
data/raw/scbasecount_2026_01_12_human/h5ad/ERX8792178.h5ad	120048241	496c59105f2d2b58b6150cb118450bd7524d6f93471ad635d6845e9f5c2c15ab	yes	downloaded	https://storage.googleapis.com/arc-institute-virtual-cell-atlas/scbasecount/2026-01-12/h5ad/GeneFull_Ex50pAS/Homo_sapiens/ERX8792178.h5ad?generation=1770409829116595
data/raw/scbasecount_2026_01_12_human/h5ad/ERX8792228.h5ad	151321100	64236272623cd423e21ca4daf263a798fd78243ad93444300ad125c8f8a7c376	yes	downloaded	https://storage.googleapis.com/arc-institute-virtual-cell-atlas/scbasecount/2026-01-12/h5ad/GeneFull_Ex50pAS/Homo_sapiens/ERX8792228.h5ad?generation=1770409844028334
data/raw/scbasecount_2026_01_12_human/h5ad/SRX16314803.h5ad	461714990	eaec6bb8ad8f5e45903574fc154f9acc70209465c2937ddfa7260a4304fafff8	yes	downloaded	https://storage.googleapis.com/arc-institute-virtual-cell-atlas/scbasecount/2026-01-12/h5ad/GeneFull_Ex50pAS/Homo_sapiens/SRX16314803.h5ad?generation=1770409830214642
data/raw/scbasecount_2026_01_12_human/h5ad/SRX11412375.h5ad	131204154	5903973930e9537a2c07eeaef012b0a9db8c5cdaa01dd32b13bcf3be9c1e3cea	yes	downloaded	https://storage.googleapis.com/arc-institute-virtual-cell-atlas/scbasecount/2026-01-12/h5ad/GeneFull_Ex50pAS/Homo_sapiens/SRX11412375.h5ad?generation=1770409829475657
data/raw/scbasecount_2026_01_12_human/h5ad/SRX11070668.h5ad	95541820	e08efd13b14b1553b39765eea1c7a6c60ecab4a58e3ff8110fdd9e148bc27361	yes	downloaded	https://storage.googleapis.com/arc-institute-virtual-cell-atlas/scbasecount/2026-01-12/h5ad/GeneFull_Ex50pAS/Homo_sapiens/SRX11070668.h5ad?generation=1770409866040134
data/raw/scbasecount_2026_01_12_human/h5ad/SRX9075313.h5ad	31676369	6143bc29bed6a3ef05b8133d2193a08ec2f912c097ff25a62734fa5d568d31e0	yes	downloaded	https://storage.googleapis.com/arc-institute-virtual-cell-atlas/scbasecount/2026-01-12/h5ad/GeneFull_Ex50pAS/Homo_sapiens/SRX9075313.h5ad?generation=1770409803863040
data/raw/scbasecount_2026_01_12_human/h5ad/SRX14752939.h5ad	58673644	0da690741a30d1515afcd520304d434d78074bc652e836149276d0366a9d2263	yes	downloaded	https://storage.googleapis.com/arc-institute-virtual-cell-atlas/scbasecount/2026-01-12/h5ad/GeneFull_Ex50pAS/Homo_sapiens/SRX14752939.h5ad?generation=1770409827657281
data/raw/scbasecount_2026_01_12_human/h5ad/SRX29051038.h5ad	187225259	a70c9706feeac5d6432603f2e519ce425e8afac84da4638298089370cd283b1d	yes	downloaded	https://storage.googleapis.com/arc-institute-virtual-cell-atlas/scbasecount/2026-01-12/h5ad/GeneFull_Ex50pAS/Homo_sapiens/SRX29051038.h5ad?generation=1770409806463730
data/raw/scbasecount_2026_01_12_human/h5ad/SRX29051032.h5ad	267563623	6ce8f3bd1aab7402e6dd7f8d857f0c072c971917ba728f41d2ec38207b1f9c4a	yes	downloaded	https://storage.googleapis.com/arc-institute-virtual-cell-atlas/scbasecount/2026-01-12/h5ad/GeneFull_Ex50pAS/Homo_sapiens/SRX29051032.h5ad?generation=1770409813398274
data/raw/scbasecount_2026_01_12_human/h5ad/SRX25319047.h5ad	215556978	32bb091e15532db1c75c0c1297806e8b7debaf2bc346322ac889fe5fa8622ff8	yes	downloaded	https://storage.googleapis.com/arc-institute-virtual-cell-atlas/scbasecount/2026-01-12/h5ad/GeneFull_Ex50pAS/Homo_sapiens/SRX25319047.h5ad?generation=1770409807850966
data/raw/scbasecount_2026_01_12_human/h5ad/SRX9671355.h5ad	141516923	a3f595ab2485df61dae2616641637293a51779d42411c9c909e0566ce0c79851	yes	downloaded	https://storage.googleapis.com/arc-institute-virtual-cell-atlas/scbasecount/2026-01-12/h5ad/GeneFull_Ex50pAS/Homo_sapiens/SRX9671355.h5ad?generation=1770409805421933
data/raw/scbasecount_2026_01_12_human/h5ad/SRX21157192.h5ad	241524046	c02fad17eee0f49c4fe3ddb949209b690f34ef77103676169f61ecfbbf2d8619	yes	downloaded	https://storage.googleapis.com/arc-institute-virtual-cell-atlas/scbasecount/2026-01-12/h5ad/GeneFull_Ex50pAS/Homo_sapiens/SRX21157192.h5ad?generation=1770409823946231
data/raw/scbasecount_2026_01_12_human/h5ad/SRX11482797.h5ad	394507000	ea60ccaeaab9a0ec1a501d1497c299c34355c1ed71e3771e1cb51c6910028da3	yes	downloaded	https://storage.googleapis.com/arc-institute-virtual-cell-atlas/scbasecount/2026-01-12/h5ad/GeneFull_Ex50pAS/Homo_sapiens/SRX11482797.h5ad?generation=1770409838156005
data/raw/scbasecount_2026_01_12_human/h5ad/SRX20097069.h5ad	15139538	fda5346e9b3e23a73f5114d0167bf95ef6fb2c275a86e04fed8e10df76e56a4a	yes	downloaded	https://storage.googleapis.com/arc-institute-virtual-cell-atlas/scbasecount/2026-01-12/h5ad/GeneFull_Ex50pAS/Homo_sapiens/SRX20097069.h5ad?generation=1770409814517205
data/raw/scbasecount_2026_01_12_human/h5ad/SRX6917529.h5ad	31634440	8204c9760cabee798d17ac05c348be3b2a891fabfff3be9adee9b64a3eff57fd	yes	downloaded	https://storage.googleapis.com/arc-institute-virtual-cell-atlas/scbasecount/2026-01-12/h5ad/GeneFull_Ex50pAS/Homo_sapiens/SRX6917529.h5ad?generation=1770409806511441
data/raw/scbasecount_2026_01_12_human/h5ad/ERX6990071.h5ad	28597178	e520f97fdfeec315c6694285b46eb45291a037f20b2aa55a58426e67507cee71	yes	downloaded	https://storage.googleapis.com/arc-institute-virtual-cell-atlas/scbasecount/2026-01-12/h5ad/GeneFull_Ex50pAS/Homo_sapiens/ERX6990071.h5ad?generation=1770409826957301
data/raw/scbasecount_2026_01_12_human/h5ad/SRX11482793.h5ad	425098932	8e8e2406aa3383e100e008030948cdd44c00fa928703aa3c1f03aa83c19f89c0	yes	downloaded	https://storage.googleapis.com/arc-institute-virtual-cell-atlas/scbasecount/2026-01-12/h5ad/GeneFull_Ex50pAS/Homo_sapiens/SRX11482793.h5ad?generation=1770409962380075
data/raw/scbasecount_2026_01_12_human/h5ad/SRX20970825.h5ad	119312549	c9090bd468d381a0299a5a76a6d629659ecd17bfdbb0cf0a6748272965844d59	yes	downloaded	https://storage.googleapis.com/arc-institute-virtual-cell-atlas/scbasecount/2026-01-12/h5ad/GeneFull_Ex50pAS/Homo_sapiens/SRX20970825.h5ad?generation=1770409817896308
data/raw/scbasecount_2026_01_12_human/h5ad/SRX11579600.h5ad	165367175	de618a750206a1a364c4496a08d2e101ff2cc21c4cff4a07ed06499b5626c3a8	yes	downloaded	https://storage.googleapis.com/arc-institute-virtual-cell-atlas/scbasecount/2026-01-12/h5ad/GeneFull_Ex50pAS/Homo_sapiens/SRX11579600.h5ad?generation=1770409829871056
data/raw/scbasecount_2026_01_12_human/h5ad/SRX23425664.h5ad	34336022	f420d952eb21ce63e854cfe8b58d61363bacd839564ab30c5a62863ca1d6425e	yes	downloaded	https://storage.googleapis.com/arc-institute-virtual-cell-atlas/scbasecount/2026-01-12/h5ad/GeneFull_Ex50pAS/Homo_sapiens/SRX23425664.h5ad?generation=1770409816969915
data/raw/scbasecount_2026_01_12_human/h5ad/SRX9627327.h5ad	255894654	d86003f9affae303242867548be3f12802c00f1e695dee2cf32fc1a0d699f2df	yes	downloaded	https://storage.googleapis.com/arc-institute-virtual-cell-atlas/scbasecount/2026-01-12/h5ad/GeneFull_Ex50pAS/Homo_sapiens/SRX9627327.h5ad?generation=1770409810906252
data/raw/scbasecount_2026_01_12_human/h5ad/SRX26332598.h5ad	83027486	1f109331e332f7be1e386e0f1d82a34703c01231d2861cbe2cee685a03438df1	yes	downloaded	https://storage.googleapis.com/arc-institute-virtual-cell-atlas/scbasecount/2026-01-12/h5ad/GeneFull_Ex50pAS/Homo_sapiens/SRX26332598.h5ad?generation=1770409803707779
data/raw/scbasecount_2026_01_12_human/h5ad/SRX21373643.h5ad	2529418	02969f3e2142c92e4bdbbfe6793a7dc7d87af55f7267c6a7711003c1c8704a08	yes	downloaded	https://storage.googleapis.com/arc-institute-virtual-cell-atlas/scbasecount/2026-01-12/h5ad/GeneFull_Ex50pAS/Homo_sapiens/SRX21373643.h5ad?generation=1770409813751974
data/raw/scbasecount_2026_01_12_human/h5ad/SRX10104857.h5ad	112941835	8058c68f363e2b7c2b303862e8ed2c62b779d848c87f7adb0bd25b2154fba862	yes	downloaded	https://storage.googleapis.com/arc-institute-virtual-cell-atlas/scbasecount/2026-01-12/h5ad/GeneFull_Ex50pAS/Homo_sapiens/SRX10104857.h5ad?generation=1770409898234334
data/raw/scbasecount_2026_01_12_human/h5ad/SRX8778060.h5ad	90096153	e3fa83c6e223f2ed95b7974f2dfd99ffe86f850e18fb7edb14ea4bdd04253a0a	yes	downloaded	https://storage.googleapis.com/arc-institute-virtual-cell-atlas/scbasecount/2026-01-12/h5ad/GeneFull_Ex50pAS/Homo_sapiens/SRX8778060.h5ad?generation=1770409804367915
data/raw/scbasecount_2026_01_12_human/h5ad/ERX8792190.h5ad	6408668	a6789d1ae96ebd1c0b6d5b96aab19053490a1cea2a2942993dfb26966785f555	yes	downloaded	https://storage.googleapis.com/arc-institute-virtual-cell-atlas/scbasecount/2026-01-12/h5ad/GeneFull_Ex50pAS/Homo_sapiens/ERX8792190.h5ad?generation=1770409828438827
data/raw/scbasecount_2026_01_12_human/h5ad/SRX14736709.h5ad	129814862	0c1effb986a019b4b3663e41da389943c7fc09ffce37ab33537ad9411dbfb45e	yes	downloaded	https://storage.googleapis.com/arc-institute-virtual-cell-atlas/scbasecount/2026-01-12/h5ad/GeneFull_Ex50pAS/Homo_sapiens/SRX14736709.h5ad?generation=1770409829655519
data/raw/scbasecount_2026_01_12_human/h5ad/SRX8680760.h5ad	391817549	9c35e6f5252650bffca89cf4f3514a41884335387b21819e6b0c514dba3a3d7a	yes	downloaded	https://storage.googleapis.com/arc-institute-virtual-cell-atlas/scbasecount/2026-01-12/h5ad/GeneFull_Ex50pAS/Homo_sapiens/SRX8680760.h5ad?generation=1770409817187317
data/raw/scbasecount_2026_01_12_human/h5ad/SRX27818994.h5ad	135743038	f66faa5c3d2bd8a4e31ef38defbc55aafbda4fa79ba6cb001ec4844a772e56d9	yes	downloaded	https://storage.googleapis.com/arc-institute-virtual-cell-atlas/scbasecount/2026-01-12/h5ad/GeneFull_Ex50pAS/Homo_sapiens/SRX27818994.h5ad?generation=1770409805107413
data/raw/scbasecount_2026_01_12_human/h5ad/ERX8792199.h5ad	5493318	996a58a3a51dd2f32c519a2b4c01775501477a24823ada19c9448d43cab08139	yes	downloaded	https://storage.googleapis.com/arc-institute-virtual-cell-atlas/scbasecount/2026-01-12/h5ad/GeneFull_Ex50pAS/Homo_sapiens/ERX8792199.h5ad?generation=1770409827896826
data/raw/scbasecount_2026_01_12_human/h5ad/ERX8792141.h5ad	161190119	23ef6e6815857773c21d28818e4b81272a8f7fbdde98da7f16ce2aca56cd13e7	yes	downloaded	https://storage.googleapis.com/arc-institute-virtual-cell-atlas/scbasecount/2026-01-12/h5ad/GeneFull_Ex50pAS/Homo_sapiens/ERX8792141.h5ad?generation=1770409886433734
data/raw/scbasecount_2026_01_12_human/h5ad/ERX8792214.h5ad	7417842	970081e07b893c4935cacb838adb92a1025da9463f9a30bcd3428b9c74c17346	yes	downloaded	https://storage.googleapis.com/arc-institute-virtual-cell-atlas/scbasecount/2026-01-12/h5ad/GeneFull_Ex50pAS/Homo_sapiens/ERX8792214.h5ad?generation=1770409825997883
data/raw/scbasecount_2026_01_12_human/h5ad/SRX19103450.h5ad	173594031	708441868c7ad132de48446d7073611ac85829b091b961688b74811024cdf043	yes	downloaded	https://storage.googleapis.com/arc-institute-virtual-cell-atlas/scbasecount/2026-01-12/h5ad/GeneFull_Ex50pAS/Homo_sapiens/SRX19103450.h5ad?generation=1770409821272610
data/raw/scbasecount_2026_01_12_human/h5ad/ERX8792202.h5ad	9034943	ac7a172700ad520d08096d3867af436551ff62d86168eb202a017623ced7201b	yes	downloaded	https://storage.googleapis.com/arc-institute-virtual-cell-atlas/scbasecount/2026-01-12/h5ad/GeneFull_Ex50pAS/Homo_sapiens/ERX8792202.h5ad?generation=1770409827006986
data/raw/scbasecount_2026_01_12_human/h5ad/ERX8792197.h5ad	2545681	6eac328ef1fce49ba7e7b0e86f518ddff61d95d4c2649c1139bfde8cd2178671	yes	downloaded	https://storage.googleapis.com/arc-institute-virtual-cell-atlas/scbasecount/2026-01-12/h5ad/GeneFull_Ex50pAS/Homo_sapiens/ERX8792197.h5ad?generation=1770409826092885
data/raw/scbasecount_2026_01_12_human/h5ad/ERX10987178.h5ad	805629140	36c7c030ffa0f390150a5a6f422061c1e3778aa5ef78cc1059f0cd107290ef43	yes	downloaded	https://storage.googleapis.com/arc-institute-virtual-cell-atlas/scbasecount/2026-01-12/h5ad/GeneFull_Ex50pAS/Homo_sapiens/ERX10987178.h5ad?generation=1770409931934168
data/raw/scbasecount_2026_01_12_human/h5ad/ERX8792234.h5ad	6133873	0e7ca91169e6c8d7a81dda513d0008ea5b63b519d88dcfb790ef7a1ca30896ed	yes	downloaded	https://storage.googleapis.com/arc-institute-virtual-cell-atlas/scbasecount/2026-01-12/h5ad/GeneFull_Ex50pAS/Homo_sapiens/ERX8792234.h5ad?generation=1770409825923297
data/raw/scbasecount_2026_01_12_human/h5ad/ERX8792230.h5ad	6941787	5e726b8b39acb28ca13c6c58f27ed536eebd55279ae45d73a0fe01640bee6838	yes	downloaded	https://storage.googleapis.com/arc-institute-virtual-cell-atlas/scbasecount/2026-01-12/h5ad/GeneFull_Ex50pAS/Homo_sapiens/ERX8792230.h5ad?generation=1770409827640319
data/raw/scbasecount_2026_01_12_human/h5ad/ERX8792224.h5ad	152614620	0c8a4e4e3ab61ca76cbbfdfa9bd47c18ff03b0756f9ba331ed52079bf1029e19	yes	downloaded	https://storage.googleapis.com/arc-institute-virtual-cell-atlas/scbasecount/2026-01-12/h5ad/GeneFull_Ex50pAS/Homo_sapiens/ERX8792224.h5ad?generation=1770409830017438
data/raw/scbasecount_2026_01_12_human/h5ad/ERX8792216.h5ad	216642935	d1e436f8e52eadf8153c0e2693d797e0c0534ac5e358127452160bb9d78fc784	yes	downloaded	https://storage.googleapis.com/arc-institute-virtual-cell-atlas/scbasecount/2026-01-12/h5ad/GeneFull_Ex50pAS/Homo_sapiens/ERX8792216.h5ad?generation=1770409833266458
data/raw/scbasecount_2026_01_12_human/h5ad/SRX19908060.h5ad	83860433	71fe61c4cd91379682a808b2fa8127d4d5a8b2f71864039d1d25db6ebdbb2c78	yes	downloaded	https://storage.googleapis.com/arc-institute-virtual-cell-atlas/scbasecount/2026-01-12/h5ad/GeneFull_Ex50pAS/Homo_sapiens/SRX19908060.h5ad?generation=1770409815679993
data/raw/scbasecount_2026_01_12_human/h5ad/ERX8792204.h5ad	138522438	ff4d1957b870bd1f58ee021b015e6a7eea240a740960246db4ccdd695142272a	yes	downloaded	https://storage.googleapis.com/arc-institute-virtual-cell-atlas/scbasecount/2026-01-12/h5ad/GeneFull_Ex50pAS/Homo_sapiens/ERX8792204.h5ad?generation=1770409830125027
data/raw/scbasecount_2026_01_12_human/h5ad/SRX19908068.h5ad	97861903	c26e35b733483c41de27231d8c4daf671530f2696b34122ef317447a09b51636	yes	downloaded	https://storage.googleapis.com/arc-institute-virtual-cell-atlas/scbasecount/2026-01-12/h5ad/GeneFull_Ex50pAS/Homo_sapiens/SRX19908068.h5ad?generation=1770409815895232
data/raw/scbasecount_2026_01_12_human/h5ad/SRX24763708.h5ad	45301338	5eeb125021148cdeebf0dcb2206705150de6cdfe6944e0ce44e676239bf7992f	yes	downloaded	https://storage.googleapis.com/arc-institute-virtual-cell-atlas/scbasecount/2026-01-12/h5ad/GeneFull_Ex50pAS/Homo_sapiens/SRX24763708.h5ad?generation=1770409805454570
data/raw/scbasecount_2026_01_12_human/h5ad/SRX19867672.h5ad	113453490	7faf2d4e3ff69e848cbf8daac0ebfec9777048b9c494338518999fd104fb22f6	yes	downloaded	https://storage.googleapis.com/arc-institute-virtual-cell-atlas/scbasecount/2026-01-12/h5ad/GeneFull_Ex50pAS/Homo_sapiens/SRX19867672.h5ad?generation=1770409821297126
data/raw/scbasecount_2026_01_12_human/h5ad/SRX21895777.h5ad	145782951	c31f80747068520cf45a5a5b2aa7d528481c1435690a818eb488d46b998c3cc4	yes	downloaded	https://storage.googleapis.com/arc-institute-virtual-cell-atlas/scbasecount/2026-01-12/h5ad/GeneFull_Ex50pAS/Homo_sapiens/SRX21895777.h5ad?generation=1770409817929105
data/raw/scbasecount_2026_01_12_human/h5ad/SRX19050861.h5ad	155746919	cca796c65e6002a2d36a9ec51d382889a1ea10b4eb5bcd92e53bbc7b170f88a1	yes	downloaded	https://storage.googleapis.com/arc-institute-virtual-cell-atlas/scbasecount/2026-01-12/h5ad/GeneFull_Ex50pAS/Homo_sapiens/SRX19050861.h5ad?generation=1770409821074737
data/raw/scbasecount_2026_01_12_human/h5ad/SRX24886943.h5ad	213633892	f35e62a59198ae22c6ae9d566ec6709021555f71d121de2d464a0e8bbc38dc8c	yes	downloaded	https://storage.googleapis.com/arc-institute-virtual-cell-atlas/scbasecount/2026-01-12/h5ad/GeneFull_Ex50pAS/Homo_sapiens/SRX24886943.h5ad?generation=1770409808966522
data/raw/scbasecount_2026_01_12_human/h5ad/SRX14961336.h5ad	7151473	381f9fb320b1bd10a344e3888d45636327db3b58268d97d07cb747c2770aa8f9	yes	downloaded	https://storage.googleapis.com/arc-institute-virtual-cell-atlas/scbasecount/2026-01-12/h5ad/GeneFull_Ex50pAS/Homo_sapiens/SRX14961336.h5ad?generation=1770409826887190
data/raw/scbasecount_2026_01_12_human/h5ad/ERX11733573.h5ad	16356719	93a2c7bf8ac56cae55a8cc08b3d0410b27409b07d54501b1605753350ebc1ff3	yes	downloaded	https://storage.googleapis.com/arc-institute-virtual-cell-atlas/scbasecount/2026-01-12/h5ad/GeneFull_Ex50pAS/Homo_sapiens/ERX11733573.h5ad?generation=1770409825970799
data/raw/scbasecount_2026_01_12_human/h5ad/SRX9365693.h5ad	193500170	e6c055c1fc14de035a0bded53a9f211c512c3e709b6c293b157110965d17f173	yes	downloaded	https://storage.googleapis.com/arc-institute-virtual-cell-atlas/scbasecount/2026-01-12/h5ad/GeneFull_Ex50pAS/Homo_sapiens/SRX9365693.h5ad?generation=1770409808925317
data/raw/scbasecount_2026_01_12_human/h5ad/SRX27826349.h5ad	53280320	0cd7b1e704aafd90cd1795a4e0a62afed61ffcde2053a3a02b6a3251b7554f86	yes	downloaded	https://storage.googleapis.com/arc-institute-virtual-cell-atlas/scbasecount/2026-01-12/h5ad/GeneFull_Ex50pAS/Homo_sapiens/SRX27826349.h5ad?generation=1770409803893421
data/raw/scbasecount_2026_01_12_human/h5ad/SRX13703943.h5ad	7397785	64444129369492f1d41ce5a910f89a8daefe7a51153609b6bd3f66525b19f034	yes	downloaded	https://storage.googleapis.com/arc-institute-virtual-cell-atlas/scbasecount/2026-01-12/h5ad/GeneFull_Ex50pAS/Homo_sapiens/SRX13703943.h5ad?generation=1770409826818941
data/raw/scbasecount_2026_01_12_human/h5ad/SRX13703942.h5ad	4668388	6b31e710865df378ba8c994dc9010e7d0f806d400f1c541844e74a3e0d9c701e	yes	downloaded	https://storage.googleapis.com/arc-institute-virtual-cell-atlas/scbasecount/2026-01-12/h5ad/GeneFull_Ex50pAS/Homo_sapiens/SRX13703942.h5ad?generation=1770409828019089
data/raw/scbasecount_2026_01_12_human/h5ad/SRX8668246.h5ad	402865494	96e4d0993d4b40ae626a366e0c93f2ecb6d310fd772c2f05ffb902e20eedf074	yes	downloaded	https://storage.googleapis.com/arc-institute-virtual-cell-atlas/scbasecount/2026-01-12/h5ad/GeneFull_Ex50pAS/Homo_sapiens/SRX8668246.h5ad?generation=1770409819998314
data/raw/scbasecount_2026_01_12_human/h5ad/ERX9913854.h5ad	34704428	b23e9fce5c37688120cf8446f2a2b8d5930cdb52e39ba91410e7eb9cd29bc505	yes	downloaded	https://storage.googleapis.com/arc-institute-virtual-cell-atlas/scbasecount/2026-01-12/h5ad/GeneFull_Ex50pAS/Homo_sapiens/ERX9913854.h5ad?generation=1770409827873724
data/raw/scbasecount_2026_01_12_human/h5ad/SRX23810065.h5ad	132773308	d0429e79f39063bd4ecafc990f0ff8befcb7a92ae108aae2e4ccbe8f894b31e3	yes	downloaded	https://storage.googleapis.com/arc-institute-virtual-cell-atlas/scbasecount/2026-01-12/h5ad/GeneFull_Ex50pAS/Homo_sapiens/SRX23810065.h5ad?generation=1770409807699034
data/raw/scbasecount_2026_01_12_human/h5ad/SRX11173058.h5ad	215137206	f9671554454947bebb4e5e898b64a56c6987c485232d86f4fda6e0b34c3cd348	yes	downloaded	https://storage.googleapis.com/arc-institute-virtual-cell-atlas/scbasecount/2026-01-12/h5ad/GeneFull_Ex50pAS/Homo_sapiens/SRX11173058.h5ad?generation=1770409834002382
data/raw/scbasecount_2026_01_12_human/h5ad/SRX10306544.h5ad	257791232	3da0dbfe1d04caa69ab80ef72af1ead3c7c6ccfb155da5a7597cb1f6c375b465	yes	downloaded	https://storage.googleapis.com/arc-institute-virtual-cell-atlas/scbasecount/2026-01-12/h5ad/GeneFull_Ex50pAS/Homo_sapiens/SRX10306544.h5ad?generation=1770409836470820
data/raw/scbasecount_2026_01_12_human/h5ad/SRX8778059.h5ad	82945115	dc939deb528f2b29712a2fafed8532b12fc8be921ba839949d6b02ad8adcc9ed	yes	downloaded	https://storage.googleapis.com/arc-institute-virtual-cell-atlas/scbasecount/2026-01-12/h5ad/GeneFull_Ex50pAS/Homo_sapiens/SRX8778059.h5ad?generation=1770409809065617
data/raw/scbasecount_2026_01_12_human/h5ad/SRX18735819.h5ad	148171943	08b4a1df8e879d6e3174f0bd5cd37aca37979799f570cae22aaaa17c4733d9af	yes	downloaded	https://storage.googleapis.com/arc-institute-virtual-cell-atlas/scbasecount/2026-01-12/h5ad/GeneFull_Ex50pAS/Homo_sapiens/SRX18735819.h5ad?generation=1770409818410794
data/raw/scbasecount_2026_01_12_human/h5ad/SRX23153630.h5ad	60925913	d4481012278f33c2415e398e66ec9c26d2f6e10cace972b72a302859c68ee1ed	yes	downloaded	https://storage.googleapis.com/arc-institute-virtual-cell-atlas/scbasecount/2026-01-12/h5ad/GeneFull_Ex50pAS/Homo_sapiens/SRX23153630.h5ad?generation=1770409819812071
data/raw/scbasecount_2026_01_12_human/h5ad/SRX13061534.h5ad	37286803	c213b5f502cd7ad9cbb8cf2745648bcd441bc381cfc98518b8d08e0fb37c969e	yes	downloaded	https://storage.googleapis.com/arc-institute-virtual-cell-atlas/scbasecount/2026-01-12/h5ad/GeneFull_Ex50pAS/Homo_sapiens/SRX13061534.h5ad?generation=1770409826199235
data/raw/scbasecount_2026_01_12_human/h5ad/SRX11071621.h5ad	7784464	2f5bf6d8436a0ed0eaa86771cde0cb7c3e9e1e22991650cb3ab81ef3fa6369bb	yes	downloaded	https://storage.googleapis.com/arc-institute-virtual-cell-atlas/scbasecount/2026-01-12/h5ad/GeneFull_Ex50pAS/Homo_sapiens/SRX11071621.h5ad?generation=1770409826017110
data/raw/scbasecount_2026_01_12_human/h5ad/SRX13061369.h5ad	10845632	3052d7ab1eb332510883ca63f43288b227bdf4c0ae4ab8d25bed57a079d8c4a7	yes	downloaded	https://storage.googleapis.com/arc-institute-virtual-cell-atlas/scbasecount/2026-01-12/h5ad/GeneFull_Ex50pAS/Homo_sapiens/SRX13061369.h5ad?generation=1770409826595426
data/raw/scbasecount_2026_01_12_human/h5ad/SRX9632945.h5ad	110069244	b3ac7032d9bd6229c1d84035dabfa81ab5ea5a08a74ee71adf5fb2bdabe49aeb	yes	downloaded	https://storage.googleapis.com/arc-institute-virtual-cell-atlas/scbasecount/2026-01-12/h5ad/GeneFull_Ex50pAS/Homo_sapiens/SRX9632945.h5ad?generation=1770409805430863
data/raw/scbasecount_2026_01_12_human/h5ad/SRX10433037.h5ad	3633837	fa0873844bd87ded4a9f0e4ad85018c47448cf86142913cd2f6630919690fc9f	yes	downloaded	https://storage.googleapis.com/arc-institute-virtual-cell-atlas/scbasecount/2026-01-12/h5ad/GeneFull_Ex50pAS/Homo_sapiens/SRX10433037.h5ad?generation=1770409826988499
data/raw/scbasecount_2026_01_12_human/h5ad/SRX10124639.h5ad	123365429	b2f7abee7aa0687fd9bd07022761c03f8ff49a3990502b6207fd326ff3d98380	yes	downloaded	https://storage.googleapis.com/arc-institute-virtual-cell-atlas/scbasecount/2026-01-12/h5ad/GeneFull_Ex50pAS/Homo_sapiens/SRX10124639.h5ad?generation=1770409828921775
data/raw/scbasecount_2026_01_12_human/h5ad/SRX14495315.h5ad	55342267	25e6540a8c16061c3626a40d08d518669dd8b55d7b5df342a5196129fbff16dc	yes	downloaded	https://storage.googleapis.com/arc-institute-virtual-cell-atlas/scbasecount/2026-01-12/h5ad/GeneFull_Ex50pAS/Homo_sapiens/SRX14495315.h5ad?generation=1770409828084542
data/raw/scbasecount_2026_01_12_human/h5ad/SRX21827403.h5ad	161070620	5c606edb61e3a460cc2f0aa3681efce186136ffbcce96955b761e52c198d2f58	yes	downloaded	https://storage.googleapis.com/arc-institute-virtual-cell-atlas/scbasecount/2026-01-12/h5ad/GeneFull_Ex50pAS/Homo_sapiens/SRX21827403.h5ad?generation=1770409840905264
data/raw/scbasecount_2026_01_12_human/h5ad/SRX20726546.h5ad	56302290	e36fde2791b2a57381ea176352d7a16866a42f7c48bd01d48af31bff01125849	yes	downloaded	https://storage.googleapis.com/arc-institute-virtual-cell-atlas/scbasecount/2026-01-12/h5ad/GeneFull_Ex50pAS/Homo_sapiens/SRX20726546.h5ad?generation=1770409816161269
data/raw/scbasecount_2026_01_12_human/h5ad/SRX24722496.h5ad	64734200	e307b77c29b2723bacc298726049f009cf823572caafc9438309085b7d6e2408	yes	downloaded	https://storage.googleapis.com/arc-institute-virtual-cell-atlas/scbasecount/2026-01-12/h5ad/GeneFull_Ex50pAS/Homo_sapiens/SRX24722496.h5ad?generation=1770409809102131
data/raw/scbasecount_2026_01_12_human/h5ad/SRX12708368.h5ad	9635346	3affb996f9a5f00b297aba5397de1955cf6dc78a9d6f01ddc6257918601beecf	yes	downloaded	https://storage.googleapis.com/arc-institute-virtual-cell-atlas/scbasecount/2026-01-12/h5ad/GeneFull_Ex50pAS/Homo_sapiens/SRX12708368.h5ad?generation=1770409829895079
data/raw/scbasecount_2026_01_12_human/h5ad/SRX17724083.h5ad	93907953	a6951d724846ba165d49a2fcb8a714f39f9aeaeb26884a18223d6026b7e85a1b	yes	downloaded	https://storage.googleapis.com/arc-institute-virtual-cell-atlas/scbasecount/2026-01-12/h5ad/GeneFull_Ex50pAS/Homo_sapiens/SRX17724083.h5ad?generation=1770409815838174
data/raw/scbasecount_2026_01_12_human/h5ad/SRX9834868.h5ad	20466145	d7f6396549a8d668d743b179c25c9f27451d89809015021340c9521b8ece67ca	yes	downloaded	https://storage.googleapis.com/arc-institute-virtual-cell-atlas/scbasecount/2026-01-12/h5ad/GeneFull_Ex50pAS/Homo_sapiens/SRX9834868.h5ad?generation=1770409804428390
data/raw/scbasecount_2026_01_12_human/h5ad/SRX26012154.h5ad	160030950	eb991ff028d77191b65efd393651778e20cbe38a332936c7043fab5960da104c	yes	downloaded	https://storage.googleapis.com/arc-institute-virtual-cell-atlas/scbasecount/2026-01-12/h5ad/GeneFull_Ex50pAS/Homo_sapiens/SRX26012154.h5ad?generation=1770409809224854
data/raw/scbasecount_2026_01_12_human/h5ad/SRX7423396.h5ad	86730665	741e96364be01e9b35f877e758d1a9b585a30167eb7e30be05347b525888e53d	yes	downloaded	https://storage.googleapis.com/arc-institute-virtual-cell-atlas/scbasecount/2026-01-12/h5ad/GeneFull_Ex50pAS/Homo_sapiens/SRX7423396.h5ad?generation=1770409803621712
data/raw/scbasecount_2026_01_12_human/h5ad/SRX7423397.h5ad	118131303	2ba5ab95d8327df7434691ebc1bcbdc843d424b50b548fa06c27e85413f0714a	yes	downloaded	https://storage.googleapis.com/arc-institute-virtual-cell-atlas/scbasecount/2026-01-12/h5ad/GeneFull_Ex50pAS/Homo_sapiens/SRX7423397.h5ad?generation=1770409806547711
data/raw/scbasecount_2026_01_12_human/h5ad/SRX19531219.h5ad	17795219	ea20d693497f977254e243d293006fb40bdae10437275a170d45e71d3d21b5cd	yes	downloaded	https://storage.googleapis.com/arc-institute-virtual-cell-atlas/scbasecount/2026-01-12/h5ad/GeneFull_Ex50pAS/Homo_sapiens/SRX19531219.h5ad?generation=1770409815683847
data/raw/scbasecount_2026_01_12_human/h5ad/SRX26118586.h5ad	14460189	12ee5986c27f570c1496c24862eee8b6cfd0317a85fc0550b202ede3e400942d	yes	downloaded	https://storage.googleapis.com/arc-institute-virtual-cell-atlas/scbasecount/2026-01-12/h5ad/GeneFull_Ex50pAS/Homo_sapiens/SRX26118586.h5ad?generation=1770409802794220
data/raw/scbasecount_2026_01_12_human/h5ad/SRX23386629.h5ad	65396572	8dc7de31199e76829b7c5feb56025d595611b9e4bfc28f42895dca615097489b	yes	downloaded	https://storage.googleapis.com/arc-institute-virtual-cell-atlas/scbasecount/2026-01-12/h5ad/GeneFull_Ex50pAS/Homo_sapiens/SRX23386629.h5ad?generation=1770409818926249
data/raw/scbasecount_2026_01_12_human/h5ad/SRX7423392.h5ad	72993105	c2ac26d4cc4457683a3ad2554cd6761332595251080022040138a54348e4b409	yes	downloaded	https://storage.googleapis.com/arc-institute-virtual-cell-atlas/scbasecount/2026-01-12/h5ad/GeneFull_Ex50pAS/Homo_sapiens/SRX7423392.h5ad?generation=1770409804114738
data/raw/scbasecount_2026_01_12_human/h5ad/SRX12219264.h5ad	10509582	daa1589d366a29b07d5b8d428cbf612a02ad396defc0ab9dcf30a9a8d7bc84d6	yes	downloaded	https://storage.googleapis.com/arc-institute-virtual-cell-atlas/scbasecount/2026-01-12/h5ad/GeneFull_Ex50pAS/Homo_sapiens/SRX12219264.h5ad?generation=1770409828471597
data/raw/scbasecount_2026_01_12_human/h5ad/SRX7727559.h5ad	51198961	8c57276b4cf4ddb165e32b4d70f2e2a3d4c46ac1e321b79a2fb242392024eea0	yes	downloaded	https://storage.googleapis.com/arc-institute-virtual-cell-atlas/scbasecount/2026-01-12/h5ad/GeneFull_Ex50pAS/Homo_sapiens/SRX7727559.h5ad?generation=1770409802224309
data/raw/scbasecount_2026_01_12_human/h5ad/SRX21186832.h5ad	36041124	7cd204ca837656d3a0f5ad6c9e5b338fb9d33481909a6dde1bdc4054d0798cb2	yes	downloaded	https://storage.googleapis.com/arc-institute-virtual-cell-atlas/scbasecount/2026-01-12/h5ad/GeneFull_Ex50pAS/Homo_sapiens/SRX21186832.h5ad?generation=1770409814839967
data/raw/scbasecount_2026_01_12_human/h5ad/SRX8244543.h5ad	3591162	b606e3374e34f5cf7af39635039af238084b01551cd2cae0c43291bc219f8a8f	yes	downloaded	https://storage.googleapis.com/arc-institute-virtual-cell-atlas/scbasecount/2026-01-12/h5ad/GeneFull_Ex50pAS/Homo_sapiens/SRX8244543.h5ad?generation=1770409803421365
data/raw/scbasecount_2026_01_12_human/h5ad/SRX13061456.h5ad	30577860	ba7d6e5db9300e20c9f90377ee2ff9fbd421bd45e24a91bdc2cda8be1326343d	yes	downloaded	https://storage.googleapis.com/arc-institute-virtual-cell-atlas/scbasecount/2026-01-12/h5ad/GeneFull_Ex50pAS/Homo_sapiens/SRX13061456.h5ad?generation=1770409825830316
data/raw/scbasecount_2026_01_12_human/h5ad/SRX8244527.h5ad	4096779	a93f4fe6aab15677647b1ad19981c253e2326ccc22949939a40b2a67448cd643	yes	downloaded	https://storage.googleapis.com/arc-institute-virtual-cell-atlas/scbasecount/2026-01-12/h5ad/GeneFull_Ex50pAS/Homo_sapiens/SRX8244527.h5ad?generation=1770409802802384
data/raw/scbasecount_2026_01_12_human/h5ad/SRX18804800.h5ad	85605629	58a9567078aa5a3f9845a3ddda3dfcb5d5020104198cfcfb62b41edf005fbe26	yes	downloaded	https://storage.googleapis.com/arc-institute-virtual-cell-atlas/scbasecount/2026-01-12/h5ad/GeneFull_Ex50pAS/Homo_sapiens/SRX18804800.h5ad?generation=1770409815675986
data/raw/scbasecount_2026_01_12_human/h5ad/SRX10969245.h5ad	69161806	2af572cb0eec43b8b0ebdcff09516f56ea16400fff95698fc4e6492a93f55231	yes	downloaded	https://storage.googleapis.com/arc-institute-virtual-cell-atlas/scbasecount/2026-01-12/h5ad/GeneFull_Ex50pAS/Homo_sapiens/SRX10969245.h5ad?generation=1770409830449776
data/raw/scbasecount_2026_01_12_human/h5ad/SRX11200066.h5ad	2602756	bb2b40de932709b95d0cc0b76f09c057f38b85c7cfd19c9dbc9eaa5a28cc91b6	yes	downloaded	https://storage.googleapis.com/arc-institute-virtual-cell-atlas/scbasecount/2026-01-12/h5ad/GeneFull_Ex50pAS/Homo_sapiens/SRX11200066.h5ad?generation=1770409825995485
data/raw/scbasecount_2026_01_12_human/h5ad/SRX14182555.h5ad	229420612	ce49fc02adfbcc843db95284fb1cf5371e7601cf4311b681c007a88f9b1d1325	yes	downloaded	https://storage.googleapis.com/arc-institute-virtual-cell-atlas/scbasecount/2026-01-12/h5ad/GeneFull_Ex50pAS/Homo_sapiens/SRX14182555.h5ad?generation=1770409831278120
data/raw/scbasecount_2026_01_12_human/h5ad/SRX21709269.h5ad	77014071	8592dadcfe51279064918001e5c22cba9756623940aa231dea6eddeefebe2035	yes	downloaded	https://storage.googleapis.com/arc-institute-virtual-cell-atlas/scbasecount/2026-01-12/h5ad/GeneFull_Ex50pAS/Homo_sapiens/SRX21709269.h5ad?generation=1770409819172749
data/raw/scbasecount_2026_01_12_human/h5ad/SRX10550543.h5ad	7211297	f0746aab6eb7a86aa2fbfce6e6da92a0e806a2ce5d1c446b5a404ffa1a163ef7	yes	downloaded	https://storage.googleapis.com/arc-institute-virtual-cell-atlas/scbasecount/2026-01-12/h5ad/GeneFull_Ex50pAS/Homo_sapiens/SRX10550543.h5ad?generation=1770409825849815
data/raw/scbasecount_2026_01_12_human/h5ad/SRX17392585.h5ad	203165410	f63755f9c7ae459961b918a00baac118b22502bb62e4078485c854e39eb89a30	yes	downloaded	https://storage.googleapis.com/arc-institute-virtual-cell-atlas/scbasecount/2026-01-12/h5ad/GeneFull_Ex50pAS/Homo_sapiens/SRX17392585.h5ad?generation=1770409819556079
data/raw/scbasecount_2026_01_12_human/h5ad/SRX21709277.h5ad	94389342	f76a784114694298fd8558431adfc79103e710a1f3e599b7d6d16980e1eb8c63	yes	downloaded	https://storage.googleapis.com/arc-institute-virtual-cell-atlas/scbasecount/2026-01-12/h5ad/GeneFull_Ex50pAS/Homo_sapiens/SRX21709277.h5ad?generation=1770409815819761
data/raw/scbasecount_2026_01_12_human/h5ad/SRX21168905.h5ad	10196509	0c303cf10d190dcc6e2e5fc08ed4fc0b7473bb536ff7caf53e5aed7ce7a148c8	yes	downloaded	https://storage.googleapis.com/arc-institute-virtual-cell-atlas/scbasecount/2026-01-12/h5ad/GeneFull_Ex50pAS/Homo_sapiens/SRX21168905.h5ad?generation=1770409815566538
data/raw/scbasecount_2026_01_12_human/h5ad/SRX26487577.h5ad	11014256	a8bfcf6e7f4c77260bfbba4f2a557b1b633889ca097daf6706caf867f2e1dbb6	yes	downloaded	https://storage.googleapis.com/arc-institute-virtual-cell-atlas/scbasecount/2026-01-12/h5ad/GeneFull_Ex50pAS/Homo_sapiens/SRX26487577.h5ad?generation=1770409802094906
data/raw/scbasecount_2026_01_12_human/h5ad/SRX9711340.h5ad	216530636	2b9e920dffe505ca73feea948226eb1a1097179fd7df4c96b3a889bd006027b2	yes	downloaded	https://storage.googleapis.com/arc-institute-virtual-cell-atlas/scbasecount/2026-01-12/h5ad/GeneFull_Ex50pAS/Homo_sapiens/SRX9711340.h5ad?generation=1770409810707965
data/raw/scbasecount_2026_01_12_human/h5ad/SRX10104845.h5ad	11162465	8be2d1241908e02585639e26ab69884288ff3d6c621123a4195e59d736cabaa3	yes	downloaded	https://storage.googleapis.com/arc-institute-virtual-cell-atlas/scbasecount/2026-01-12/h5ad/GeneFull_Ex50pAS/Homo_sapiens/SRX10104845.h5ad?generation=1770409836564620
data/raw/scbasecount_2026_01_12_human/h5ad/SRX13980725.h5ad	237686521	d1f74b7cd91b1fbc4cf8e15cd11fcdd0da96a093aee136e1b8bea9ba6671d935	yes	downloaded	https://storage.googleapis.com/arc-institute-virtual-cell-atlas/scbasecount/2026-01-12/h5ad/GeneFull_Ex50pAS/Homo_sapiens/SRX13980725.h5ad?generation=1770409835196698
data/raw/scbasecount_2026_01_12_human/h5ad/SRX15405006.h5ad	158756527	2542c1c10c897c0a5432a6f40dad1f03cc490c2d25d0da7ef9d62fdef1b434a3	yes	downloaded	https://storage.googleapis.com/arc-institute-virtual-cell-atlas/scbasecount/2026-01-12/h5ad/GeneFull_Ex50pAS/Homo_sapiens/SRX15405006.h5ad?generation=1770409838139286
data/raw/scbasecount_2026_01_12_human/h5ad/SRX8668248.h5ad	298103598	cce34299109d7c2006459de4f0c8b7123a580769cd11bc0a33852e8d13cc4e8c	yes	downloaded	https://storage.googleapis.com/arc-institute-virtual-cell-atlas/scbasecount/2026-01-12/h5ad/GeneFull_Ex50pAS/Homo_sapiens/SRX8668248.h5ad?generation=1770409811180900
data/raw/scbasecount_2026_01_12_human/h5ad/SRX14183512.h5ad	253990994	2a939591babb9758b043735091e37a31a5bae18f643919d80270842347c79e63	yes	downloaded	https://storage.googleapis.com/arc-institute-virtual-cell-atlas/scbasecount/2026-01-12/h5ad/GeneFull_Ex50pAS/Homo_sapiens/SRX14183512.h5ad?generation=1770409834203763
data/raw/scbasecount_2026_01_12_human/h5ad/SRX9711335.h5ad	235595771	69b8468c0c0fb11af6591406788544fa1fac633df8d25efa02c906bdc48b9dde	yes	downloaded	https://storage.googleapis.com/arc-institute-virtual-cell-atlas/scbasecount/2026-01-12/h5ad/GeneFull_Ex50pAS/Homo_sapiens/SRX9711335.h5ad?generation=1770409900439033
data/raw/scbasecount_2026_01_12_human/h5ad/SRX22523180.h5ad	42888864	7f2bdd50bbb9e98bcb34ae42f6c7afbc4527f70c3f0ba7f9fe0e0bc6a11447ed	yes	downloaded	https://storage.googleapis.com/arc-institute-virtual-cell-atlas/scbasecount/2026-01-12/h5ad/GeneFull_Ex50pAS/Homo_sapiens/SRX22523180.h5ad?generation=1770409814866133
data/raw/scbasecount_2026_01_12_human/h5ad/SRX8602658.h5ad	3220104	e48665276c9aeb035f2e817c88372e94f478ed833e9afd1f103311493bfdb69e	yes	downloaded	https://storage.googleapis.com/arc-institute-virtual-cell-atlas/scbasecount/2026-01-12/h5ad/GeneFull_Ex50pAS/Homo_sapiens/SRX8602658.h5ad?generation=1770409801971050
data/raw/scbasecount_2026_01_12_human/h5ad/SRX8940868.h5ad	242994920	b4fc11fed5b5699b5356ba1f4d5f5e4fbdede157329405df2855153c74af69df	yes	downloaded	https://storage.googleapis.com/arc-institute-virtual-cell-atlas/scbasecount/2026-01-12/h5ad/GeneFull_Ex50pAS/Homo_sapiens/SRX8940868.h5ad?generation=1770409808806099
data/raw/scbasecount_2026_01_12_human/h5ad/SRX8020248.h5ad	23268313	91b7561c0f1f4522f21ff448ba0b29ea46c1b3841de19a81b730b8d840692fe4	yes	downloaded	https://storage.googleapis.com/arc-institute-virtual-cell-atlas/scbasecount/2026-01-12/h5ad/GeneFull_Ex50pAS/Homo_sapiens/SRX8020248.h5ad?generation=1770409803308660
data/raw/scbasecount_2026_01_12_human/h5ad/SRX17417598.h5ad	174178745	cafaee1edac73c3116851f782ebb9c943ae7c29fe7674755793ca2334f45e25a	yes	downloaded	https://storage.googleapis.com/arc-institute-virtual-cell-atlas/scbasecount/2026-01-12/h5ad/GeneFull_Ex50pAS/Homo_sapiens/SRX17417598.h5ad?generation=1770409823640774
data/raw/scbasecount_2026_01_12_human/h5ad/SRX8940869.h5ad	185293089	24a4d190be6c95d152be53ca2d21bc3631f6ee930173bb5ba01d953f49f19be5	yes	downloaded	https://storage.googleapis.com/arc-institute-virtual-cell-atlas/scbasecount/2026-01-12/h5ad/GeneFull_Ex50pAS/Homo_sapiens/SRX8940869.h5ad?generation=1770409811131100
data/raw/scbasecount_2026_01_12_human/h5ad/SRX25736533.h5ad	58135129	eb883314c9a7ceba23f3bb92fe6bc613706ef7bbd11da4d0c4703dc997996afb	yes	downloaded	https://storage.googleapis.com/arc-institute-virtual-cell-atlas/scbasecount/2026-01-12/h5ad/GeneFull_Ex50pAS/Homo_sapiens/SRX25736533.h5ad?generation=1770409804428487
data/raw/scbasecount_2026_01_12_human/h5ad/SRX22834770.h5ad	9661420	8c62add35afc7bcb8b79d2f1cfdb86b3e26b76bcfe34e2d25f312b5f3f36d386	yes	downloaded	https://storage.googleapis.com/arc-institute-virtual-cell-atlas/scbasecount/2026-01-12/h5ad/GeneFull_Ex50pAS/Homo_sapiens/SRX22834770.h5ad?generation=1770409817353277
data/raw/scbasecount_2026_01_12_human/h5ad/SRX21206971.h5ad	92594024	e3b7f55d25bdbc003aa7969ef6d0115236c54dfc40c1f9fefaf98e9cebfe43b4	yes	downloaded	https://storage.googleapis.com/arc-institute-virtual-cell-atlas/scbasecount/2026-01-12/h5ad/GeneFull_Ex50pAS/Homo_sapiens/SRX21206971.h5ad?generation=1770409820716088
data/raw/scbasecount_2026_01_12_human/h5ad/ERX8792206.h5ad	9072459	660335c12d0bc246c5cee7459bb23ee199762547e93334b773f04a452323ea24	yes	downloaded	https://storage.googleapis.com/arc-institute-virtual-cell-atlas/scbasecount/2026-01-12/h5ad/GeneFull_Ex50pAS/Homo_sapiens/ERX8792206.h5ad?generation=1770409826090112
data/raw/scbasecount_2026_01_12_human/h5ad/SRX13181630.h5ad	32715469	87c0b426a7873d6baf8e904eeca4ec9ce10f0c5901e15b31736af696d65b6c19	yes	downloaded	https://storage.googleapis.com/arc-institute-virtual-cell-atlas/scbasecount/2026-01-12/h5ad/GeneFull_Ex50pAS/Homo_sapiens/SRX13181630.h5ad?generation=1770409826488233
data/raw/scbasecount_2026_01_12_human/h5ad/SRX10969240.h5ad	76026514	77b9457a6371cb40759ba7942d6f254e67b2b8eeca6772630a94c4f090fff754	yes	downloaded	https://storage.googleapis.com/arc-institute-virtual-cell-atlas/scbasecount/2026-01-12/h5ad/GeneFull_Ex50pAS/Homo_sapiens/SRX10969240.h5ad?generation=1770409828934487
data/raw/scbasecount_2026_01_12_human/h5ad/SRX9567672.h5ad	41547598	b73e215195813870ffc61ea95735fc2418acfeb255d43d83b3a95cbdd2fd2874	yes	downloaded	https://storage.googleapis.com/arc-institute-virtual-cell-atlas/scbasecount/2026-01-12/h5ad/GeneFull_Ex50pAS/Homo_sapiens/SRX9567672.h5ad?generation=1770409803841605
data/raw/scbasecount_2026_01_12_human/h5ad/SRX27808014.h5ad	448840504	cf1bbe68f65bf64b21e255f9a47b782ac251b830e90523797c1acd6c78783c6e	yes	downloaded	https://storage.googleapis.com/arc-institute-virtual-cell-atlas/scbasecount/2026-01-12/h5ad/GeneFull_Ex50pAS/Homo_sapiens/SRX27808014.h5ad?generation=1770409818825806
data/raw/scbasecount_2026_01_12_human/h5ad/SRX17782708.h5ad	323079055	b9bca5f642673daa0ae7c65c71079a4fd790fcc4b0d83f04094c0973fef78dac	yes	downloaded	https://storage.googleapis.com/arc-institute-virtual-cell-atlas/scbasecount/2026-01-12/h5ad/GeneFull_Ex50pAS/Homo_sapiens/SRX17782708.h5ad?generation=1770409821801543
data/raw/scbasecount_2026_01_12_human/h5ad/SRX13251820.h5ad	84170350	271a09a4d818b4348aa4c2b15a30f5654307d2559ce5d3e8f91005ef926891e1	yes	downloaded	https://storage.googleapis.com/arc-institute-virtual-cell-atlas/scbasecount/2026-01-12/h5ad/GeneFull_Ex50pAS/Homo_sapiens/SRX13251820.h5ad?generation=1770409827322344
data/raw/scbasecount_2026_01_12_human/h5ad/ERX8792232.h5ad	148502952	e7437971d842f47d8ae1b7b3fa68fa754daff10c859ee831f6de348b0c66d64c	yes	downloaded	https://storage.googleapis.com/arc-institute-virtual-cell-atlas/scbasecount/2026-01-12/h5ad/GeneFull_Ex50pAS/Homo_sapiens/ERX8792232.h5ad?generation=1770409832870604
data/raw/scbasecount_2026_01_12_human/h5ad/SRX22877000.h5ad	141575566	1149980d6fa58808a59b86ca1a1613b41fcca8715319e3c018b54022d1c237ef	yes	downloaded	https://storage.googleapis.com/arc-institute-virtual-cell-atlas/scbasecount/2026-01-12/h5ad/GeneFull_Ex50pAS/Homo_sapiens/SRX22877000.h5ad?generation=1770409833384627
data/raw/scbasecount_2026_01_12_human/h5ad/SRX18804803.h5ad	185735451	a5c2abee90c525a67098759a4c5ee42d923054f2309c286883d44324c89ce94f	yes	downloaded	https://storage.googleapis.com/arc-institute-virtual-cell-atlas/scbasecount/2026-01-12/h5ad/GeneFull_Ex50pAS/Homo_sapiens/SRX18804803.h5ad?generation=1770409817775060
data/raw/scbasecount_2026_01_12_human/h5ad/SRX28141403.h5ad	494174020	0c116e34f40fe2b470a9b5cad642d7d3c4ffaaa6b5de24b1851d3056401e4470	yes	downloaded	https://storage.googleapis.com/arc-institute-virtual-cell-atlas/scbasecount/2026-01-12/h5ad/GeneFull_Ex50pAS/Homo_sapiens/SRX28141403.h5ad?generation=1770409818612804
data/raw/scbasecount_2026_01_12_human/h5ad/SRX10831269.h5ad	125903548	f398fd767b056bde6a6fc82df5fa06aeb5c5e805e2d0b91fef09f8004e6745ab	yes	downloaded	https://storage.googleapis.com/arc-institute-virtual-cell-atlas/scbasecount/2026-01-12/h5ad/GeneFull_Ex50pAS/Homo_sapiens/SRX10831269.h5ad?generation=1770409828863035
data/raw/scbasecount_2026_01_12_human/h5ad/SRX28141404.h5ad	516046876	bc988b88770f68d79089fa470111d768ee20b85b46cbb82e6b06ca62146a352f	yes	downloaded	https://storage.googleapis.com/arc-institute-virtual-cell-atlas/scbasecount/2026-01-12/h5ad/GeneFull_Ex50pAS/Homo_sapiens/SRX28141404.h5ad?generation=1770409919599706
data/raw/scbasecount_2026_01_12_human/h5ad/SRX10831247.h5ad	124784626	80e6bc4b19c325ee8ba7ddc1da66ff216120ad1b75d2e9fe092aacbb0c253035	yes	downloaded	https://storage.googleapis.com/arc-institute-virtual-cell-atlas/scbasecount/2026-01-12/h5ad/GeneFull_Ex50pAS/Homo_sapiens/SRX10831247.h5ad?generation=1770409831050294
data/raw/scbasecount_2026_01_12_human/h5ad/SRX18735794.h5ad	179375517	52f0a9071bea78bcd3d898e5382394ad5ee29cc2d524db262b691d7c117ffa83	yes	downloaded	https://storage.googleapis.com/arc-institute-virtual-cell-atlas/scbasecount/2026-01-12/h5ad/GeneFull_Ex50pAS/Homo_sapiens/SRX18735794.h5ad?generation=1770409824152370
data/raw/scbasecount_2026_01_12_human/h5ad/SRX14493533.h5ad	201727627	b67d3c2c4b58c0b440b9ca3b777dd8c908eb433476b1d32e87a7c2539495a4f3	yes	downloaded	https://storage.googleapis.com/arc-institute-virtual-cell-atlas/scbasecount/2026-01-12/h5ad/GeneFull_Ex50pAS/Homo_sapiens/SRX14493533.h5ad?generation=1770409833649305
data/raw/scbasecount_2026_01_12_human/h5ad/SRX9075308.h5ad	78798256	df8a655ec9b9ef15082bda5d848a8f6398b5b606ea7669ec1587de44235f707a	yes	downloaded	https://storage.googleapis.com/arc-institute-virtual-cell-atlas/scbasecount/2026-01-12/h5ad/GeneFull_Ex50pAS/Homo_sapiens/SRX9075308.h5ad?generation=1770409804033642
data/raw/scbasecount_2026_01_12_human/h5ad/SRX13584460.h5ad	203760004	afe3682dd2a1d485068b44fb58f685ae99d44cece6bec3849829bf1ce4c61ce6	yes	downloaded	https://storage.googleapis.com/arc-institute-virtual-cell-atlas/scbasecount/2026-01-12/h5ad/GeneFull_Ex50pAS/Homo_sapiens/SRX13584460.h5ad?generation=1770409885437981
data/raw/scbasecount_2026_01_12_human/h5ad/SRX26449118.h5ad	207822890	aa470c339a59341b2c018da401056388449c3248af916dd7524fcdec583a28ba	yes	downloaded	https://storage.googleapis.com/arc-institute-virtual-cell-atlas/scbasecount/2026-01-12/h5ad/GeneFull_Ex50pAS/Homo_sapiens/SRX26449118.h5ad?generation=1770409811071782
data/raw/scbasecount_2026_01_12_human/h5ad/SRX5126513.h5ad	78022116	e295cdaeedb13edae1cc20dc624af393f19c0dae4f14ccd431e4145557b09f3f	yes	downloaded	https://storage.googleapis.com/arc-institute-virtual-cell-atlas/scbasecount/2026-01-12/h5ad/GeneFull_Ex50pAS/Homo_sapiens/SRX5126513.h5ad?generation=1770409804378260
data/raw/scbasecount_2026_01_12_human/h5ad/SRX11523613.h5ad	56815588	26a4c180876b9d4136668b295329c03595fab684f478f633ecf936b7061dce3d	yes	downloaded	https://storage.googleapis.com/arc-institute-virtual-cell-atlas/scbasecount/2026-01-12/h5ad/GeneFull_Ex50pAS/Homo_sapiens/SRX11523613.h5ad?generation=1770409829709523
data/raw/scbasecount_2026_01_12_human/h5ad/SRX11987918.h5ad	15217690	4f660d776d6822fa20127c263a6528546acf8fe02e3283e961a07eb290bd0806	yes	downloaded	https://storage.googleapis.com/arc-institute-virtual-cell-atlas/scbasecount/2026-01-12/h5ad/GeneFull_Ex50pAS/Homo_sapiens/SRX11987918.h5ad?generation=1770409826386374
data/raw/scbasecount_2026_01_12_human/h5ad/SRX15139667.h5ad	179859014	c58e0b73f1238994ebd1b6fc8fd8841044786b91c37be18066f1b0c704e703d3	yes	downloaded	https://storage.googleapis.com/arc-institute-virtual-cell-atlas/scbasecount/2026-01-12/h5ad/GeneFull_Ex50pAS/Homo_sapiens/SRX15139667.h5ad?generation=1770409831353122
data/raw/scbasecount_2026_01_12_human/h5ad/SRX9276297.h5ad	43481137	d718cfae91835a4c88699161370f6130b2bb930b02432c79de4633a4d13a21aa	yes	downloaded	https://storage.googleapis.com/arc-institute-virtual-cell-atlas/scbasecount/2026-01-12/h5ad/GeneFull_Ex50pAS/Homo_sapiens/SRX9276297.h5ad?generation=1770409803318008
data/raw/scbasecount_2026_01_12_human/h5ad/SRX11523677.h5ad	74957496	a5cc2c10a1ba0497df805831b45ce019da7e8c7a7314d7c9a6f3df0e3e99e966	yes	downloaded	https://storage.googleapis.com/arc-institute-virtual-cell-atlas/scbasecount/2026-01-12/h5ad/GeneFull_Ex50pAS/Homo_sapiens/SRX11523677.h5ad?generation=1770409828279586
data/raw/scbasecount_2026_01_12_human/h5ad/ERX10299500.h5ad	215020295	2f66433629d122c55739e0ad33a0bca6563329a21a847f5e9f92ed3e13be38e5	yes	downloaded	https://storage.googleapis.com/arc-institute-virtual-cell-atlas/scbasecount/2026-01-12/h5ad/GeneFull_Ex50pAS/Homo_sapiens/ERX10299500.h5ad?generation=1770409929439553
data/raw/scbasecount_2026_01_12_human/h5ad/SRX27465369.h5ad	2597225	7b8a793ccb708de039aea7da77d80cf2a0ae1a0f1af0d475cbf5b0c6e82b890d	yes	downloaded	https://storage.googleapis.com/arc-institute-virtual-cell-atlas/scbasecount/2026-01-12/h5ad/GeneFull_Ex50pAS/Homo_sapiens/SRX27465369.h5ad?generation=1770409803587926
data/raw/scbasecount_2026_01_12_human/h5ad/SRX11797883.h5ad	52410752	3eadc2f391b9755b7bcc0eb1d4565a0aaa968e8a7ecee30496fd489c0acc275a	yes	downloaded	https://storage.googleapis.com/arc-institute-virtual-cell-atlas/scbasecount/2026-01-12/h5ad/GeneFull_Ex50pAS/Homo_sapiens/SRX11797883.h5ad?generation=1770409828107594
data/raw/scbasecount_2026_01_12_human/h5ad/SRX27465382.h5ad	6550391	acddb6093ece4b20433c5d41fe214802ca18904cc574e398556af514aca60d3a	yes	downloaded	https://storage.googleapis.com/arc-institute-virtual-cell-atlas/scbasecount/2026-01-12/h5ad/GeneFull_Ex50pAS/Homo_sapiens/SRX27465382.h5ad?generation=1770409803858823
data/raw/scbasecount_2026_01_12_human/h5ad/SRX28768430.h5ad	4379141	8cb1e6f52e5124ccbb2809e526406e31edae2a0869bc90775d3c5367ff2816e4	yes	downloaded	https://storage.googleapis.com/arc-institute-virtual-cell-atlas/scbasecount/2026-01-12/h5ad/GeneFull_Ex50pAS/Homo_sapiens/SRX28768430.h5ad?generation=1770409804220478
data/raw/scbasecount_2026_01_12_human/h5ad/SRX27465233.h5ad	7263778	2731da6ca4e93440252ee4394fa78f40469e4ef1c982673096aeec33515e9f8c	yes	downloaded	https://storage.googleapis.com/arc-institute-virtual-cell-atlas/scbasecount/2026-01-12/h5ad/GeneFull_Ex50pAS/Homo_sapiens/SRX27465233.h5ad?generation=1770409803838857
data/raw/scbasecount_2026_01_12_human/h5ad/SRX28769130.h5ad	5018876	e3328755f7dffbbb63c4f5c28e09d4c7d827aa40522024fa5023a24c9b0957b5	yes	downloaded	https://storage.googleapis.com/arc-institute-virtual-cell-atlas/scbasecount/2026-01-12/h5ad/GeneFull_Ex50pAS/Homo_sapiens/SRX28769130.h5ad?generation=1770409805770186
data/raw/scbasecount_2026_01_12_human/h5ad/SRX28768418.h5ad	4768336	ba3d333ae7d0786b47c687e3f52da9ef453e04640bb9178354de29eb1550f212	yes	downloaded	https://storage.googleapis.com/arc-institute-virtual-cell-atlas/scbasecount/2026-01-12/h5ad/GeneFull_Ex50pAS/Homo_sapiens/SRX28768418.h5ad?generation=1770409802839665
data/raw/scbasecount_2026_01_12_human/h5ad/SRX9127134.h5ad	151016603	8b334be613472b1a9aba403159602e8a1151478f1e91127e9e46d03331b96cdc	yes	downloaded	https://storage.googleapis.com/arc-institute-virtual-cell-atlas/scbasecount/2026-01-12/h5ad/GeneFull_Ex50pAS/Homo_sapiens/SRX9127134.h5ad?generation=1770409807846855
data/raw/scbasecount_2026_01_12_human/h5ad/SRX27465433.h5ad	5905317	6a19046ab4e5e5bc0929c3486cbba65dc331da6dc139922a65e889e1502432e6	yes	downloaded	https://storage.googleapis.com/arc-institute-virtual-cell-atlas/scbasecount/2026-01-12/h5ad/GeneFull_Ex50pAS/Homo_sapiens/SRX27465433.h5ad?generation=1770409802836453
data/raw/scbasecount_2026_01_12_human/h5ad/SRX27465302.h5ad	3146851	29a620f09bc108ce423e55a4c089ee4bde321a471daa7865a56c7ebd1628af8d	yes	downloaded	https://storage.googleapis.com/arc-institute-virtual-cell-atlas/scbasecount/2026-01-12/h5ad/GeneFull_Ex50pAS/Homo_sapiens/SRX27465302.h5ad?generation=1770409803076353
data/raw/scbasecount_2026_01_12_human/h5ad/SRX28768643.h5ad	5392084	c97179dd5a218d0dd25c34d0fcfe462681fcdaad79690724ee66243074962ebe	yes	downloaded	https://storage.googleapis.com/arc-institute-virtual-cell-atlas/scbasecount/2026-01-12/h5ad/GeneFull_Ex50pAS/Homo_sapiens/SRX28768643.h5ad?generation=1770409802446838
data/raw/scbasecount_2026_01_12_human/h5ad/SRX27465267.h5ad	5317473	cedee3f0f1dcff5b51822f95d8be24bdac48b3990d0f64191f570e8fc291671d	yes	downloaded	https://storage.googleapis.com/arc-institute-virtual-cell-atlas/scbasecount/2026-01-12/h5ad/GeneFull_Ex50pAS/Homo_sapiens/SRX27465267.h5ad?generation=1770409803059922
data/raw/scbasecount_2026_01_12_human/h5ad/SRX28908265.h5ad	11332633	c3cbefa94a2fe8781cb11495e3583ef012a387b35bc0e58e3387b2c226b10e09	yes	downloaded	https://storage.googleapis.com/arc-institute-virtual-cell-atlas/scbasecount/2026-01-12/h5ad/GeneFull_Ex50pAS/Homo_sapiens/SRX28908265.h5ad?generation=1770409802825607
data/raw/scbasecount_2026_01_12_human/h5ad/SRX28908308.h5ad	2687010	e0fe0ecdc624172e5a5e1cd2e1c644136559288f58eb6835978fb496c819ced8	yes	downloaded	https://storage.googleapis.com/arc-institute-virtual-cell-atlas/scbasecount/2026-01-12/h5ad/GeneFull_Ex50pAS/Homo_sapiens/SRX28908308.h5ad?generation=1770409802789238
data/raw/scbasecount_2026_01_12_human/h5ad/SRX28768442.h5ad	6241853	cc7ef40e28d9f497d9f094f6d30056514bc0fccb1c439772fc07e0d057174daa	yes	downloaded	https://storage.googleapis.com/arc-institute-virtual-cell-atlas/scbasecount/2026-01-12/h5ad/GeneFull_Ex50pAS/Homo_sapiens/SRX28768442.h5ad?generation=1770409804779333
data/raw/scbasecount_2026_01_12_human/h5ad/SRX28768396.h5ad	5772040	9bc15a6ca6e0533f89160fd204034af5b2692c13a8e5446e11d8a4edb236c155	yes	downloaded	https://storage.googleapis.com/arc-institute-virtual-cell-atlas/scbasecount/2026-01-12/h5ad/GeneFull_Ex50pAS/Homo_sapiens/SRX28768396.h5ad?generation=1770409804093517
data/raw/scbasecount_2026_01_12_human/h5ad/SRX28768493.h5ad	6361866	bd0446a188cadb5920f5081dd319ae0d7cf53f827b020707d38e50d582e754df	yes	downloaded	https://storage.googleapis.com/arc-institute-virtual-cell-atlas/scbasecount/2026-01-12/h5ad/GeneFull_Ex50pAS/Homo_sapiens/SRX28768493.h5ad?generation=1770409802817274
data/raw/scbasecount_2026_01_12_human/h5ad/SRX28768480.h5ad	4964082	ea33842abb6604abdfbf756ead82b2bd429066f7739755e971b7a0cd7d140fc9	yes	downloaded	https://storage.googleapis.com/arc-institute-virtual-cell-atlas/scbasecount/2026-01-12/h5ad/GeneFull_Ex50pAS/Homo_sapiens/SRX28768480.h5ad?generation=1770409802792127
data/raw/scbasecount_2026_01_12_human/h5ad/SRX27465303.h5ad	3102653	4e7fdff0c8a075f3065079103e35c5d7243b7770f71c6ec72ae5e026d5bbd534	yes	downloaded	https://storage.googleapis.com/arc-institute-virtual-cell-atlas/scbasecount/2026-01-12/h5ad/GeneFull_Ex50pAS/Homo_sapiens/SRX27465303.h5ad?generation=1770409803065926
data/raw/scbasecount_2026_01_12_human/h5ad/SRX14182520.h5ad	166540365	7a0a6cd99208e0af29c064add08e33839184dba3489888999546836d12504805	yes	downloaded	https://storage.googleapis.com/arc-institute-virtual-cell-atlas/scbasecount/2026-01-12/h5ad/GeneFull_Ex50pAS/Homo_sapiens/SRX14182520.h5ad?generation=1770409831216894
data/raw/scbasecount_2026_01_12_human/h5ad/SRX28769062.h5ad	15328564	d4d102e9c3a66af0a717f03f1bffe0b2b85d7af7f6497a0eb270b5dfbd5e30c8	yes	downloaded	https://storage.googleapis.com/arc-institute-virtual-cell-atlas/scbasecount/2026-01-12/h5ad/GeneFull_Ex50pAS/Homo_sapiens/SRX28769062.h5ad?generation=1770409802437029
data/raw/scbasecount_2026_01_12_human/h5ad/SRX28908320.h5ad	2575816	656ecc3cc4a721ad1f44f3fb032febea111335fe63fba2f07e79c8afd1154ec5	yes	downloaded	https://storage.googleapis.com/arc-institute-virtual-cell-atlas/scbasecount/2026-01-12/h5ad/GeneFull_Ex50pAS/Homo_sapiens/SRX28908320.h5ad?generation=1770409802737817
data/raw/scbasecount_2026_01_12_human/h5ad/SRX11071613.h5ad	89889312	cddcbc1c6db003dcdc1a037596868614ef75c4e38ff5bbabea12596454a391dd	yes	downloaded	https://storage.googleapis.com/arc-institute-virtual-cell-atlas/scbasecount/2026-01-12/h5ad/GeneFull_Ex50pAS/Homo_sapiens/SRX11071613.h5ad?generation=1770409830560621
data/raw/scbasecount_2026_01_12_human/h5ad/SRX28908361.h5ad	12475560	8055de19b85c57804a189709ff8478f1224d3d0bb4c75234aa882b9cbc02b201	yes	downloaded	https://storage.googleapis.com/arc-institute-virtual-cell-atlas/scbasecount/2026-01-12/h5ad/GeneFull_Ex50pAS/Homo_sapiens/SRX28908361.h5ad?generation=1770409803218877
data/raw/scbasecount_2026_01_12_human/h5ad/SRX28769031.h5ad	4732151	542e916ef03ca369ce09c850dd19be63e135ca0285ee25224a16a8756490a0b9	yes	downloaded	https://storage.googleapis.com/arc-institute-virtual-cell-atlas/scbasecount/2026-01-12/h5ad/GeneFull_Ex50pAS/Homo_sapiens/SRX28769031.h5ad?generation=1770409802511237
data/raw/scbasecount_2026_01_12_human/h5ad/SRX12708371.h5ad	4304768	b39f15f140b79a0e90a9f2459fef2fedbaa82987e8d19e589097226af8d62525	yes	downloaded	https://storage.googleapis.com/arc-institute-virtual-cell-atlas/scbasecount/2026-01-12/h5ad/GeneFull_Ex50pAS/Homo_sapiens/SRX12708371.h5ad?generation=1770409828161146
data/raw/scbasecount_2026_01_12_human/h5ad/SRX12708373.h5ad	3724987	b6ff68592d7f047c4be52d2c1a3d14035c9a0a35ec17e70b58e543fff9ae8204	yes	downloaded	https://storage.googleapis.com/arc-institute-virtual-cell-atlas/scbasecount/2026-01-12/h5ad/GeneFull_Ex50pAS/Homo_sapiens/SRX12708373.h5ad?generation=1770409826029855
data/raw/scbasecount_2026_01_12_human/h5ad/SRX11071620.h5ad	7882298	c9577edb9a760274a0fba6915c6f8f4ec2f2c2340d7c4dcddee29a99ded5ab62	yes	downloaded	https://storage.googleapis.com/arc-institute-virtual-cell-atlas/scbasecount/2026-01-12/h5ad/GeneFull_Ex50pAS/Homo_sapiens/SRX11071620.h5ad?generation=1770409829995610
data/raw/scbasecount_2026_01_12_human/h5ad/SRX21870129.h5ad	11221113	548f44916bd01891b2c116003a3fad887d697b56b1ef8cf023a4da19ccf3ccc3	yes	downloaded	https://storage.googleapis.com/arc-institute-virtual-cell-atlas/scbasecount/2026-01-12/h5ad/GeneFull_Ex50pAS/Homo_sapiens/SRX21870129.h5ad?generation=1770409814413309
data/raw/scbasecount_2026_01_12_human/h5ad/SRX8820546.h5ad	21070354	cc5af6a1e38c8da280eb6ba674dd8b38db7154a385afa72657defcc4c978502c	yes	downloaded	https://storage.googleapis.com/arc-institute-virtual-cell-atlas/scbasecount/2026-01-12/h5ad/GeneFull_Ex50pAS/Homo_sapiens/SRX8820546.h5ad?generation=1770409802219772
data/raw/scbasecount_2026_01_12_human/h5ad/SRX28908396.h5ad	297125019	736d857acdefc0c13f937b3e0210057ac930437d7c2c801f0267f5a6f3a46570	yes	downloaded	https://storage.googleapis.com/arc-institute-virtual-cell-atlas/scbasecount/2026-01-12/h5ad/GeneFull_Ex50pAS/Homo_sapiens/SRX28908396.h5ad?generation=1770409809220951
data/raw/scbasecount_2026_01_12_human/h5ad/SRX11489340.h5ad	82759217	adbe3d970c63b51d784a3bc813c4ff79dd4a7348589994c475bf89066478940a	yes	downloaded	https://storage.googleapis.com/arc-institute-virtual-cell-atlas/scbasecount/2026-01-12/h5ad/GeneFull_Ex50pAS/Homo_sapiens/SRX11489340.h5ad?generation=1770409827370780
data/raw/scbasecount_2026_01_12_human/h5ad/SRX11099961.h5ad	16911385	ba9135e92497ebfd3d03205cd34bb9ea0aa1b7a5ea9e78f016793f336c4c15d7	yes	downloaded	https://storage.googleapis.com/arc-institute-virtual-cell-atlas/scbasecount/2026-01-12/h5ad/GeneFull_Ex50pAS/Homo_sapiens/SRX11099961.h5ad?generation=1770409826057074
data/raw/scbasecount_2026_01_12_human/h5ad/SRX9856813.h5ad	207380127	117b1d74455bfe02a346143da33fb3317594af7409b225ff08cdd4d68836fc7b	yes	downloaded	https://storage.googleapis.com/arc-institute-virtual-cell-atlas/scbasecount/2026-01-12/h5ad/GeneFull_Ex50pAS/Homo_sapiens/SRX9856813.h5ad?generation=1770409814091298
data/raw/scbasecount_2026_01_12_human/h5ad/SRX28908277.h5ad	247194935	47f7b190b12792099daf40186d81ce6a85df5fce573007a03cab27aae8b34263	yes	downloaded	https://storage.googleapis.com/arc-institute-virtual-cell-atlas/scbasecount/2026-01-12/h5ad/GeneFull_Ex50pAS/Homo_sapiens/SRX28908277.h5ad?generation=1770409811750474
data/raw/scbasecount_2026_01_12_human/h5ad/SRX13441695.h5ad	54638179	88fe0e7804ae724006c606f0de8b15f52ceddf6e9cf97b79f46e3f9f419b9f44	yes	downloaded	https://storage.googleapis.com/arc-institute-virtual-cell-atlas/scbasecount/2026-01-12/h5ad/GeneFull_Ex50pAS/Homo_sapiens/SRX13441695.h5ad?generation=1770409826778925
data/raw/scbasecount_2026_01_12_human/h5ad/SRX28769162.h5ad	2798312	17845b7097bb922617b0b61bd12aa1c083ebac736e3ae0d428cedb2b87444b33	yes	downloaded	https://storage.googleapis.com/arc-institute-virtual-cell-atlas/scbasecount/2026-01-12/h5ad/GeneFull_Ex50pAS/Homo_sapiens/SRX28769162.h5ad?generation=1770409802816956
data/raw/scbasecount_2026_01_12_human/h5ad/SRX28908243.h5ad	2662104	5c0bceebc58dca50ad46d5d6a3762e99ac025b714fbd0b93c47dab7a9543d3ea	yes	downloaded	https://storage.googleapis.com/arc-institute-virtual-cell-atlas/scbasecount/2026-01-12/h5ad/GeneFull_Ex50pAS/Homo_sapiens/SRX28908243.h5ad?generation=1770409803312805
data/raw/scbasecount_2026_01_12_human/h5ad/SRX28769228.h5ad	7311958	30e6dff6339c55ee39e07d154fcc632ef418447ed22375bdef72325b450cad21	yes	downloaded	https://storage.googleapis.com/arc-institute-virtual-cell-atlas/scbasecount/2026-01-12/h5ad/GeneFull_Ex50pAS/Homo_sapiens/SRX28769228.h5ad?generation=1770409803315883
data/raw/scbasecount_2026_01_12_human/h5ad/SRX8341669.h5ad	304723553	2b6da5b942046b27604e4cbb9aecb210b0242845d843c52ba27c308b4ea46da8	yes	downloaded	https://storage.googleapis.com/arc-institute-virtual-cell-atlas/scbasecount/2026-01-12/h5ad/GeneFull_Ex50pAS/Homo_sapiens/SRX8341669.h5ad?generation=1770409813673481
data/raw/scbasecount_2026_01_12_human/h5ad/SRX28908196.h5ad	2579934	2d036f3a4abf06b1ee1074a3bddbbf73fe887af0a5206a4e06432e2cde8c8ef5	yes	downloaded	https://storage.googleapis.com/arc-institute-virtual-cell-atlas/scbasecount/2026-01-12/h5ad/GeneFull_Ex50pAS/Homo_sapiens/SRX28908196.h5ad?generation=1770409803858445
data/raw/scbasecount_2026_01_12_human/h5ad/SRX28768965.h5ad	11755442	21af3c6112354a5c11f89348be89022fa5dc4d9e9c084600061661969d17f1b2	yes	downloaded	https://storage.googleapis.com/arc-institute-virtual-cell-atlas/scbasecount/2026-01-12/h5ad/GeneFull_Ex50pAS/Homo_sapiens/SRX28768965.h5ad?generation=1770409803313764
data/raw/scbasecount_2026_01_12_human/h5ad/SRX28769132.h5ad	13035036	5da1c616b1fca615e61a70f11a52f9a3d4cc00751164ce681425521ad37055ff	yes	downloaded	https://storage.googleapis.com/arc-institute-virtual-cell-atlas/scbasecount/2026-01-12/h5ad/GeneFull_Ex50pAS/Homo_sapiens/SRX28769132.h5ad?generation=1770409803323769
data/raw/scbasecount_2026_01_12_human/h5ad/SRX28908465.h5ad	2659625	1034b149479780ed9b560c02acade96280fea6d877f658fbfdfdbab14bec78dc	yes	downloaded	https://storage.googleapis.com/arc-institute-virtual-cell-atlas/scbasecount/2026-01-12/h5ad/GeneFull_Ex50pAS/Homo_sapiens/SRX28908465.h5ad?generation=1770409803318802
data/raw/scbasecount_2026_01_12_human/h5ad/SRX28768630.h5ad	8272631	5005c66913e49382c227bca6f92762f4282a1773d0506b151bd0f0362f936dd8	yes	downloaded	https://storage.googleapis.com/arc-institute-virtual-cell-atlas/scbasecount/2026-01-12/h5ad/GeneFull_Ex50pAS/Homo_sapiens/SRX28768630.h5ad?generation=1770409803188131
data/raw/scbasecount_2026_01_12_human/h5ad/SRX18517383.h5ad	175278665	b25027d710ea908a3b12f3b1a3fc2a3762e29a569b86e1e33b3944dea9177294	yes	downloaded	https://storage.googleapis.com/arc-institute-virtual-cell-atlas/scbasecount/2026-01-12/h5ad/GeneFull_Ex50pAS/Homo_sapiens/SRX18517383.h5ad?generation=1770409821371905
data/raw/scbasecount_2026_01_12_human/h5ad/SRX28908376.h5ad	166943579	77ac87aba03cee5e866329e9bbe0a84f739380a32f530e330eaf489c55897e90	yes	downloaded	https://storage.googleapis.com/arc-institute-virtual-cell-atlas/scbasecount/2026-01-12/h5ad/GeneFull_Ex50pAS/Homo_sapiens/SRX28908376.h5ad?generation=1770409807012743
data/raw/scbasecount_2026_01_12_human/h5ad/SRX10364480.h5ad	26974673	e285f59192ab12fa961e1ae72baeac70453070210a0d19ad4cda0f9262ca2890	yes	downloaded	https://storage.googleapis.com/arc-institute-virtual-cell-atlas/scbasecount/2026-01-12/h5ad/GeneFull_Ex50pAS/Homo_sapiens/SRX10364480.h5ad?generation=1770409826548793
data/raw/scbasecount_2026_01_12_human/h5ad/SRX24158632.h5ad	68450946	328ea590119a2c26892e0c96c3875cf010edaebd8246da5aeb1a5e5bf4de883d	yes	downloaded	https://storage.googleapis.com/arc-institute-virtual-cell-atlas/scbasecount/2026-01-12/h5ad/GeneFull_Ex50pAS/Homo_sapiens/SRX24158632.h5ad?generation=1770409804275477
data/raw/scbasecount_2026_01_12_human/h5ad/SRX26645318.h5ad	59585633	07737309778edc27f14d6551a1dd3af35dbcbb36c0e1ec3db92c8c768eacd7cd	yes	downloaded	https://storage.googleapis.com/arc-institute-virtual-cell-atlas/scbasecount/2026-01-12/h5ad/GeneFull_Ex50pAS/Homo_sapiens/SRX26645318.h5ad?generation=1770409805196832
data/raw/scbasecount_2026_01_12_human/h5ad/ERX4319195.h5ad	12727423	539d772af445c57dee86c87673f1d5f31ddc930f9de2627a5939b4b4250400b4	yes	downloaded	https://storage.googleapis.com/arc-institute-virtual-cell-atlas/scbasecount/2026-01-12/h5ad/GeneFull_Ex50pAS/Homo_sapiens/ERX4319195.h5ad?generation=1770409827112258
data/raw/scbasecount_2026_01_12_human/h5ad/SRX27812361.h5ad	191323104	e7d68c9e8d348f7ef630e0f56d7f8df5c22bcb3a2ebba1fdd48b678732f86e2f	yes	downloaded	https://storage.googleapis.com/arc-institute-virtual-cell-atlas/scbasecount/2026-01-12/h5ad/GeneFull_Ex50pAS/Homo_sapiens/SRX27812361.h5ad?generation=1770409805495229
data/raw/scbasecount_2026_01_12_human/h5ad/ERX4319166.h5ad	9528157	28a0f8e6eb30369ee2c655e112f886265656f944a7bee36690b2371a21006ee7	yes	downloaded	https://storage.googleapis.com/arc-institute-virtual-cell-atlas/scbasecount/2026-01-12/h5ad/GeneFull_Ex50pAS/Homo_sapiens/ERX4319166.h5ad?generation=1770409825711281
data/raw/scbasecount_2026_01_12_human/h5ad/SRX9365705.h5ad	252442388	7614daae4ddb0064f02a68a2791fe236b0225c811c50d9ce4fa02a074f24de41	yes	downloaded	https://storage.googleapis.com/arc-institute-virtual-cell-atlas/scbasecount/2026-01-12/h5ad/GeneFull_Ex50pAS/Homo_sapiens/SRX9365705.h5ad?generation=1770409810700712
data/raw/scbasecount_2026_01_12_human/h5ad/ERX8792115.h5ad	160874467	38960c905fdb640ee2b693154b0acfb3542f80eb55139addaf04aef5761e075e	yes	downloaded	https://storage.googleapis.com/arc-institute-virtual-cell-atlas/scbasecount/2026-01-12/h5ad/GeneFull_Ex50pAS/Homo_sapiens/ERX8792115.h5ad?generation=1770409828680600
data/raw/scbasecount_2026_01_12_human/h5ad/SRX11349329.h5ad	27771544	fbc651633a9f8d758983214c127533f5c0c9f8dff6f31ed6f12963d60345bd06	yes	downloaded	https://storage.googleapis.com/arc-institute-virtual-cell-atlas/scbasecount/2026-01-12/h5ad/GeneFull_Ex50pAS/Homo_sapiens/SRX11349329.h5ad?generation=1770409828349953
data/raw/scbasecount_2026_01_12_human/h5ad/SRX28126542.h5ad	115895722	962527a8b90e4708323fb5fb064320202acb25898fcbad67bb57fa46fd97e038	yes	downloaded	https://storage.googleapis.com/arc-institute-virtual-cell-atlas/scbasecount/2026-01-12/h5ad/GeneFull_Ex50pAS/Homo_sapiens/SRX28126542.h5ad?generation=1770409806025313
data/raw/scbasecount_2026_01_12_human/h5ad/ERX8792119.h5ad	198183419	39f794d4f53d777b9054d4ac189e2b5b6f87c10bae0e3bedad2bcb96c6a2060a	yes	downloaded	https://storage.googleapis.com/arc-institute-virtual-cell-atlas/scbasecount/2026-01-12/h5ad/GeneFull_Ex50pAS/Homo_sapiens/ERX8792119.h5ad?generation=1770409830843322
data/raw/scbasecount_2026_01_12_human/h5ad/SRX14335946.h5ad	18629943	1965f38a7efb5406dea7bb168b52e7a518a1468f0959ff554e347df653b953c5	yes	downloaded	https://storage.googleapis.com/arc-institute-virtual-cell-atlas/scbasecount/2026-01-12/h5ad/GeneFull_Ex50pAS/Homo_sapiens/SRX14335946.h5ad?generation=1770409825949462
data/raw/scbasecount_2026_01_12_human/h5ad/SRX10831281.h5ad	19041957	c351dd9cd957fbc034e769cf6df3de919ff549eba09b49e73a7cc5390ed8e49d	yes	downloaded	https://storage.googleapis.com/arc-institute-virtual-cell-atlas/scbasecount/2026-01-12/h5ad/GeneFull_Ex50pAS/Homo_sapiens/SRX10831281.h5ad?generation=1770409827665765
data/raw/scbasecount_2026_01_12_human/h5ad/SRX15405029.h5ad	4242134	ff658e0a4dec26d71d83b673b1b8862b37dcaa420b52fed15e36e3a44ed6029b	yes	downloaded	https://storage.googleapis.com/arc-institute-virtual-cell-atlas/scbasecount/2026-01-12/h5ad/GeneFull_Ex50pAS/Homo_sapiens/SRX15405029.h5ad?generation=1770409828100944
data/raw/scbasecount_2026_01_12_human/h5ad/SRX28311708.h5ad	202110790	0725b40a899eeaeeb1626ac229b5635a159ca9d174361841ce54d092af9dbcba	yes	downloaded	https://storage.googleapis.com/arc-institute-virtual-cell-atlas/scbasecount/2026-01-12/h5ad/GeneFull_Ex50pAS/Homo_sapiens/SRX28311708.h5ad?generation=1770409807618487
data/raw/scbasecount_2026_01_12_human/h5ad/SRX8884973.h5ad	40183736	bda8eb51eaa151c2d436be7a95deab1fe640bbc5f23479331245620fa4f6997e	yes	downloaded	https://storage.googleapis.com/arc-institute-virtual-cell-atlas/scbasecount/2026-01-12/h5ad/GeneFull_Ex50pAS/Homo_sapiens/SRX8884973.h5ad?generation=1770409804494498
data/raw/scbasecount_2026_01_12_human/h5ad/SRX9068997.h5ad	4022736	c38da863c634457faad046f02e738ecd1373c8c18d16b66f42f9e629e586e922	yes	downloaded	https://storage.googleapis.com/arc-institute-virtual-cell-atlas/scbasecount/2026-01-12/h5ad/GeneFull_Ex50pAS/Homo_sapiens/SRX9068997.h5ad?generation=1770409803747114
data/raw/scbasecount_2026_01_12_human/h5ad/SRX13971210.h5ad	94652846	95498b5babbb3162fd2968a559ae9a4d4d9613434282accc4612513d5721aba6	yes	downloaded	https://storage.googleapis.com/arc-institute-virtual-cell-atlas/scbasecount/2026-01-12/h5ad/GeneFull_Ex50pAS/Homo_sapiens/SRX13971210.h5ad?generation=1770409827976283
data/raw/scbasecount_2026_01_12_human/h5ad/SRX23809552.h5ad	98006825	c85511836b360b2f9766ba4295da2c35f2e33919c526337580720a7171d73d08	yes	downloaded	https://storage.googleapis.com/arc-institute-virtual-cell-atlas/scbasecount/2026-01-12/h5ad/GeneFull_Ex50pAS/Homo_sapiens/SRX23809552.h5ad?generation=1770409803862202
data/raw/scbasecount_2026_01_12_human/h5ad/ERX11148744.h5ad	33630227	fece62719d6e96bfd94f4ff8f9989a675e2dfe391b117106bf935c61f5dc2f4f	yes	downloaded	https://storage.googleapis.com/arc-institute-virtual-cell-atlas/scbasecount/2026-01-12/h5ad/GeneFull_Ex50pAS/Homo_sapiens/ERX11148744.h5ad?generation=1770409833563916
data/raw/scbasecount_2026_01_12_human/h5ad/SRX18804794.h5ad	53895506	c40dd5eef24c294307a89f95a7c1908f30f9ea299f3de9f1a780cc5b81a7e999	yes	downloaded	https://storage.googleapis.com/arc-institute-virtual-cell-atlas/scbasecount/2026-01-12/h5ad/GeneFull_Ex50pAS/Homo_sapiens/SRX18804794.h5ad?generation=1770409817276276
data/raw/scbasecount_2026_01_12_human/h5ad/SRX22560162.h5ad	184913139	b73c6dc1db3b03c7bb8fdab782c026bcd63790507d6c5d68bf9a7eabd4e9aeee	yes	downloaded	https://storage.googleapis.com/arc-institute-virtual-cell-atlas/scbasecount/2026-01-12/h5ad/GeneFull_Ex50pAS/Homo_sapiens/SRX22560162.h5ad?generation=1770409820564911
data/raw/scbasecount_2026_01_12_human/h5ad/SRX28155101.h5ad	114187735	75f8553dc0e83cf4431bf3a3252b7fc2d9d323a128b2ab1039e2e3d860a06ac3	yes	downloaded	https://storage.googleapis.com/arc-institute-virtual-cell-atlas/scbasecount/2026-01-12/h5ad/GeneFull_Ex50pAS/Homo_sapiens/SRX28155101.h5ad?generation=1770409806389793
data/raw/scbasecount_2026_01_12_human/h5ad/SRX11243106.h5ad	140587044	b0d5f24d4dcf0ed7d3a1f6a900b63b81cdde1bfcf74a6920e56ef99af6e0c865	yes	downloaded	https://storage.googleapis.com/arc-institute-virtual-cell-atlas/scbasecount/2026-01-12/h5ad/GeneFull_Ex50pAS/Homo_sapiens/SRX11243106.h5ad?generation=1770409831192059
data/raw/scbasecount_2026_01_12_human/h5ad/SRX27449477.h5ad	5111704	b46ffadadcf839684b03cdb08db8378104aace2e5ab810980e8c54a15c37e6c5	yes	downloaded	https://storage.googleapis.com/arc-institute-virtual-cell-atlas/scbasecount/2026-01-12/h5ad/GeneFull_Ex50pAS/Homo_sapiens/SRX27449477.h5ad?generation=1770409802815371
data/raw/scbasecount_2026_01_12_human/h5ad/SRX9054511.h5ad	8418820	8c63d6697f4cd6fe6c6cf526d8127d33b135e7d1fe34b7cbdcb099427930a733	yes	downloaded	https://storage.googleapis.com/arc-institute-virtual-cell-atlas/scbasecount/2026-01-12/h5ad/GeneFull_Ex50pAS/Homo_sapiens/SRX9054511.h5ad?generation=1770409802018347
data/raw/scbasecount_2026_01_12_human/h5ad/SRX18931624.h5ad	11902721	348426678cb021d8bc29a023f11122c8cd366395724b3d68538a1006d9a54be3	yes	downloaded	https://storage.googleapis.com/arc-institute-virtual-cell-atlas/scbasecount/2026-01-12/h5ad/GeneFull_Ex50pAS/Homo_sapiens/SRX18931624.h5ad?generation=1770409813768654
data/raw/scbasecount_2026_01_12_human/h5ad/SRX10264523.h5ad	357879356	fc398d1f6156cf8c89542879ba03b3b56b3cf656ed48caac9eb2594e0d3f4d75	yes	downloaded	https://storage.googleapis.com/arc-institute-virtual-cell-atlas/scbasecount/2026-01-12/h5ad/GeneFull_Ex50pAS/Homo_sapiens/SRX10264523.h5ad?generation=1770409837955758
data/raw/scbasecount_2026_01_12_human/h5ad/SRX17781797.h5ad	63442622	52e9bf375e100e0e14294e1f5db6bd91cd384637e0c26dff311ff082d3ebfedc	yes	downloaded	https://storage.googleapis.com/arc-institute-virtual-cell-atlas/scbasecount/2026-01-12/h5ad/GeneFull_Ex50pAS/Homo_sapiens/SRX17781797.h5ad?generation=1770409815632771
data/raw/scbasecount_2026_01_12_human/h5ad/SRX14595817.h5ad	24872698	d70ed06a40cd601de353ab5a6a124e3c8d2553ab61c83abfc92ac7f6f0c57725	yes	downloaded	https://storage.googleapis.com/arc-institute-virtual-cell-atlas/scbasecount/2026-01-12/h5ad/GeneFull_Ex50pAS/Homo_sapiens/SRX14595817.h5ad?generation=1770409826460747
data/raw/scbasecount_2026_01_12_human/h5ad/SRX9510431.h5ad	26023386	0fefa3094641c08f96eb7778d64c8e13611a64c303f0ea9f84329848c1b44da5	yes	downloaded	https://storage.googleapis.com/arc-institute-virtual-cell-atlas/scbasecount/2026-01-12/h5ad/GeneFull_Ex50pAS/Homo_sapiens/SRX9510431.h5ad?generation=1770409803844131
data/raw/scbasecount_2026_01_12_human/h5ad/SRX11243107.h5ad	246262450	0310e8081863ac23bff727324d1dea6ebc82e80edde2984e29dc57bf08ce2274	yes	downloaded	https://storage.googleapis.com/arc-institute-virtual-cell-atlas/scbasecount/2026-01-12/h5ad/GeneFull_Ex50pAS/Homo_sapiens/SRX11243107.h5ad?generation=1770409835787751
data/raw/scbasecount_2026_01_12_human/h5ad/ERX12098967.h5ad	78802421	753b11c5354ff840318c6168abf4b749881c2aa35dd4d0bac5eb097be3facf1d	yes	downloaded	https://storage.googleapis.com/arc-institute-virtual-cell-atlas/scbasecount/2026-01-12/h5ad/GeneFull_Ex50pAS/Homo_sapiens/ERX12098967.h5ad?generation=1770409827439757
data/raw/scbasecount_2026_01_12_human/h5ad/ERX8792072.h5ad	2761984	de548b433d2351bf5b4ffe130a4bec8e331918a803e93c05ef9e102570c97678	yes	downloaded	https://storage.googleapis.com/arc-institute-virtual-cell-atlas/scbasecount/2026-01-12/h5ad/GeneFull_Ex50pAS/Homo_sapiens/ERX8792072.h5ad?generation=1770409826125142
data/raw/scbasecount_2026_01_12_human/h5ad/SRX12509405.h5ad	109852622	470661edb805f08e3287dfa560981bf10f466ddea4a10d01598e36a974471412	yes	downloaded	https://storage.googleapis.com/arc-institute-virtual-cell-atlas/scbasecount/2026-01-12/h5ad/GeneFull_Ex50pAS/Homo_sapiens/SRX12509405.h5ad?generation=1770409829065543
data/raw/scbasecount_2026_01_12_human/h5ad/ERX8792099.h5ad	20112222	16a467bf74d2e491afb95fc0cbda5ade73572db567272e7d0d869dfca0e27d8e	yes	downloaded	https://storage.googleapis.com/arc-institute-virtual-cell-atlas/scbasecount/2026-01-12/h5ad/GeneFull_Ex50pAS/Homo_sapiens/ERX8792099.h5ad?generation=1770409832594982
data/raw/scbasecount_2026_01_12_human/h5ad/SRX13251721.h5ad	32624418	070d202a25a2d7dec4d7f427783673589c49c566c6e6f90d328b8ab9fe47ff5a	yes	downloaded	https://storage.googleapis.com/arc-institute-virtual-cell-atlas/scbasecount/2026-01-12/h5ad/GeneFull_Ex50pAS/Homo_sapiens/SRX13251721.h5ad?generation=1770409827611718
data/raw/scbasecount_2026_01_12_human/h5ad/SRX10152713.h5ad	11436087	8ad117e523bb8db29ebdf47010b3cbbbd07a9f8d245e1ee3fb0beca3537ee49e	yes	downloaded	https://storage.googleapis.com/arc-institute-virtual-cell-atlas/scbasecount/2026-01-12/h5ad/GeneFull_Ex50pAS/Homo_sapiens/SRX10152713.h5ad?generation=1770409825543882
data/raw/scbasecount_2026_01_12_human/h5ad/SRX10152707.h5ad	47704953	bfbfc4cef56e6fa05e1c1db009b9b6c3d887bec0177edf47d8538b3fa57bffbd	yes	downloaded	https://storage.googleapis.com/arc-institute-virtual-cell-atlas/scbasecount/2026-01-12/h5ad/GeneFull_Ex50pAS/Homo_sapiens/SRX10152707.h5ad?generation=1770409827034514
data/raw/scbasecount_2026_01_12_human/h5ad/SRX24459559.h5ad	72727893	d74cecb7907c5684fc6c0c596b6779ffb5519f4520181115630e930255763f39	yes	downloaded	https://storage.googleapis.com/arc-institute-virtual-cell-atlas/scbasecount/2026-01-12/h5ad/GeneFull_Ex50pAS/Homo_sapiens/SRX24459559.h5ad?generation=1770409807853514
data/raw/scbasecount_2026_01_12_human/h5ad/SRX8961818.h5ad	17558779	43005ee0280197c45fbc615b7fb61160a5b77dd25154fd97e08665b4c572618e	yes	downloaded	https://storage.googleapis.com/arc-institute-virtual-cell-atlas/scbasecount/2026-01-12/h5ad/GeneFull_Ex50pAS/Homo_sapiens/SRX8961818.h5ad?generation=1770409803248885
data/raw/scbasecount_2026_01_12_human/h5ad/SRX10152704.h5ad	30877907	3786cfa9402753b9680af35753033065a172af26c1e0d7ba12bc2f5aa2e175f5	yes	downloaded	https://storage.googleapis.com/arc-institute-virtual-cell-atlas/scbasecount/2026-01-12/h5ad/GeneFull_Ex50pAS/Homo_sapiens/SRX10152704.h5ad?generation=1770409827269740
data/raw/scbasecount_2026_01_12_human/h5ad/SRX11987479.h5ad	293366627	fe3f8d843ba29afbc4859ae5f5535c608bd5cabce76738878a98bee2e678c189	yes	downloaded	https://storage.googleapis.com/arc-institute-virtual-cell-atlas/scbasecount/2026-01-12/h5ad/GeneFull_Ex50pAS/Homo_sapiens/SRX11987479.h5ad?generation=1770409906302992
data/raw/scbasecount_2026_01_12_human/h5ad/SRX14743342.h5ad	8938053	68ddcffc4d9b0eb791b32e50db07ecde8ac772d0c2760b0cd771599bf486f5c2	yes	downloaded	https://storage.googleapis.com/arc-institute-virtual-cell-atlas/scbasecount/2026-01-12/h5ad/GeneFull_Ex50pAS/Homo_sapiens/SRX14743342.h5ad?generation=1770409828355334
data/raw/scbasecount_2026_01_12_human/h5ad/SRX9029148.h5ad	218617667	4c0b8013b2bb3693f1cc44a7396d1379105b5577e83c9c41568668e1e4371852	yes	downloaded	https://storage.googleapis.com/arc-institute-virtual-cell-atlas/scbasecount/2026-01-12/h5ad/GeneFull_Ex50pAS/Homo_sapiens/SRX9029148.h5ad?generation=1770409810571783
data/raw/scbasecount_2026_01_12_human/h5ad/SRX13853277.h5ad	69917116	bdf19683e443f011db4be584e92441a20fbe32c3ef54602a823226876397a7e1	yes	downloaded	https://storage.googleapis.com/arc-institute-virtual-cell-atlas/scbasecount/2026-01-12/h5ad/GeneFull_Ex50pAS/Homo_sapiens/SRX13853277.h5ad?generation=1770409868019232
data/raw/scbasecount_2026_01_12_human/h5ad/SRX8594470.h5ad	271016356	966f54abdc73b61749912ba2af61bf58a9e0dcc663dbcfe9383c1c898525e0d1	yes	downloaded	https://storage.googleapis.com/arc-institute-virtual-cell-atlas/scbasecount/2026-01-12/h5ad/GeneFull_Ex50pAS/Homo_sapiens/SRX8594470.h5ad?generation=1770409809429386
data/raw/scbasecount_2026_01_12_human/h5ad/SRX13853283.h5ad	42542446	e6407bc89943caecdb226dbcddfe377a78c6eacd32324c2078ce4355938cc229	yes	downloaded	https://storage.googleapis.com/arc-institute-virtual-cell-atlas/scbasecount/2026-01-12/h5ad/GeneFull_Ex50pAS/Homo_sapiens/SRX13853283.h5ad?generation=1770409825879296
data/raw/scbasecount_2026_01_12_human/h5ad/SRX9212188.h5ad	115161323	f225f4769217235461f7cbf91e4e333f382660ee67e27c6c0f4498bff63f798e	yes	downloaded	https://storage.googleapis.com/arc-institute-virtual-cell-atlas/scbasecount/2026-01-12/h5ad/GeneFull_Ex50pAS/Homo_sapiens/SRX9212188.h5ad?generation=1770409805260719
data/raw/scbasecount_2026_01_12_human/h5ad/SRX8349619.h5ad	54605378	ecd47e44da179776b51f3afe20492664209b5a0933e88f3fefe44fee5cca15c7	yes	downloaded	https://storage.googleapis.com/arc-institute-virtual-cell-atlas/scbasecount/2026-01-12/h5ad/GeneFull_Ex50pAS/Homo_sapiens/SRX8349619.h5ad?generation=1770409803372771
data/raw/scbasecount_2026_01_12_human/h5ad/SRX8419318.h5ad	180135817	9ed254bff2a8bbe65697e0079d2946f63e8124954f61d280579d9abae5508b5c	yes	downloaded	https://storage.googleapis.com/arc-institute-virtual-cell-atlas/scbasecount/2026-01-12/h5ad/GeneFull_Ex50pAS/Homo_sapiens/SRX8419318.h5ad?generation=1770409808023956
data/raw/scbasecount_2026_01_12_human/h5ad/SRX11523704.h5ad	77503839	9a109726903c062aa2c8b8a4beda26752c272edb18051eb899e663cd27629bde	yes	downloaded	https://storage.googleapis.com/arc-institute-virtual-cell-atlas/scbasecount/2026-01-12/h5ad/GeneFull_Ex50pAS/Homo_sapiens/SRX11523704.h5ad?generation=1770409829388989
data/raw/scbasecount_2026_01_12_human/h5ad/SRX21003269.h5ad	6693645	4802ff2925b528be837ad4250541a9829912f2bc78fef6d2b1526ed58b97fa4e	yes	downloaded	https://storage.googleapis.com/arc-institute-virtual-cell-atlas/scbasecount/2026-01-12/h5ad/GeneFull_Ex50pAS/Homo_sapiens/SRX21003269.h5ad?generation=1770409813764404
data/raw/scbasecount_2026_01_12_human/h5ad/SRX16093084.h5ad	99741199	b32f726ae82871127a0a22fb31ecd9074634d236ab335acd648616f332dff225	yes	downloaded	https://storage.googleapis.com/arc-institute-virtual-cell-atlas/scbasecount/2026-01-12/h5ad/GeneFull_Ex50pAS/Homo_sapiens/SRX16093084.h5ad?generation=1770409818977241
data/raw/scbasecount_2026_01_12_human/h5ad/SRX24006672.h5ad	125500721	9b23592dec4bff2adba3200e8140f9ca95a0f653b97c95643ddcc1456de872a4	yes	downloaded	https://storage.googleapis.com/arc-institute-virtual-cell-atlas/scbasecount/2026-01-12/h5ad/GeneFull_Ex50pAS/Homo_sapiens/SRX24006672.h5ad?generation=1770409807334636
data/raw/scbasecount_2026_01_12_human/h5ad/SRX17893687.h5ad	2841071	113e55bf15cc924e021835ada8b1c0fd9d82101966bcdd633500249cab29c23e	yes	downloaded	https://storage.googleapis.com/arc-institute-virtual-cell-atlas/scbasecount/2026-01-12/h5ad/GeneFull_Ex50pAS/Homo_sapiens/SRX17893687.h5ad?generation=1770409815681641
data/raw/scbasecount_2026_01_12_human/h5ad/ERX8792180.h5ad	2855786	c0a0b684e06f3e68002ec9518e5d5c08612fb75a5f6b20d08bf3a03f3d2c0bf3	yes	downloaded	https://storage.googleapis.com/arc-institute-virtual-cell-atlas/scbasecount/2026-01-12/h5ad/GeneFull_Ex50pAS/Homo_sapiens/ERX8792180.h5ad?generation=1770409825745128
data/raw/scbasecount_2026_01_12_human/h5ad/SRX9238969.h5ad	135133767	cc041145c991a04a52ac07e6c3259a2b81c8f3038c7e759199d0c6d5a06d1579	yes	downloaded	https://storage.googleapis.com/arc-institute-virtual-cell-atlas/scbasecount/2026-01-12/h5ad/GeneFull_Ex50pAS/Homo_sapiens/SRX9238969.h5ad?generation=1770409804921494
data/raw/scbasecount_2026_01_12_human/h5ad/SRX11787933.h5ad	52921009	cccf1115777ac98c0c24bbaea080bef7022d7162c7e6722e9c4f827050c8d798	yes	downloaded	https://storage.googleapis.com/arc-institute-virtual-cell-atlas/scbasecount/2026-01-12/h5ad/GeneFull_Ex50pAS/Homo_sapiens/SRX11787933.h5ad?generation=1770409826878293
data/raw/scbasecount_2026_01_12_human/h5ad/SRX9474692.h5ad	24299145	d0819ed36c1b2e86e6e2fbb9da9d5f6fb8edb2b0dbd9337b2954cfa79709a71f	yes	downloaded	https://storage.googleapis.com/arc-institute-virtual-cell-atlas/scbasecount/2026-01-12/h5ad/GeneFull_Ex50pAS/Homo_sapiens/SRX9474692.h5ad?generation=1770409802860911
data/raw/scbasecount_2026_01_12_human/h5ad/SRX12800514.h5ad	45292209	cad34a78f4c264a01727370705b53516148881de5ce9bec1652f53c0cd9d6f2d	yes	downloaded	https://storage.googleapis.com/arc-institute-virtual-cell-atlas/scbasecount/2026-01-12/h5ad/GeneFull_Ex50pAS/Homo_sapiens/SRX12800514.h5ad?generation=1770409826574438
data/raw/scbasecount_2026_01_12_human/h5ad/SRX9770748.h5ad	129039467	84572c94b028de939bee5ffbbf0f11cdfa228f3cb587dd3449ba60b12f1fd218	yes	downloaded	https://storage.googleapis.com/arc-institute-virtual-cell-atlas/scbasecount/2026-01-12/h5ad/GeneFull_Ex50pAS/Homo_sapiens/SRX9770748.h5ad?generation=1770409804951543
data/raw/scbasecount_2026_01_12_human/h5ad/SRX14144264.h5ad	313481704	abd7608d88dd7c2c392514a4b214187fa2309b8b851466e17e0419016801ff77	yes	downloaded	https://storage.googleapis.com/arc-institute-virtual-cell-atlas/scbasecount/2026-01-12/h5ad/GeneFull_Ex50pAS/Homo_sapiens/SRX14144264.h5ad?generation=1770409833681251
data/raw/scbasecount_2026_01_12_human/h5ad/SRX11617332.h5ad	158404442	9254c682de8ecc8f15aedb0b49ca4846d516b0381d53ec59c5626437b73ce4dc	yes	downloaded	https://storage.googleapis.com/arc-institute-virtual-cell-atlas/scbasecount/2026-01-12/h5ad/GeneFull_Ex50pAS/Homo_sapiens/SRX11617332.h5ad?generation=1770409832302159
data/raw/scbasecount_2026_01_12_human/h5ad/SRX15549876.h5ad	58469512	1f911c7a32c59760580f5ebfa2828d3479aad44a503815d54a6ed26690ddea8b	yes	downloaded	https://storage.googleapis.com/arc-institute-virtual-cell-atlas/scbasecount/2026-01-12/h5ad/GeneFull_Ex50pAS/Homo_sapiens/SRX15549876.h5ad?generation=1770409817752025
data/raw/scbasecount_2026_01_12_human/h5ad/SRX6730015.h5ad	20086937	32374f7e026b53c3085623242dfc2667796c4c193309312b592081fe410e8f94	yes	downloaded	https://storage.googleapis.com/arc-institute-virtual-cell-atlas/scbasecount/2026-01-12/h5ad/GeneFull_Ex50pAS/Homo_sapiens/SRX6730015.h5ad?generation=1770409803855184
data/raw/scbasecount_2026_01_12_human/h5ad/SRX12800500.h5ad	83838676	b1999454d7848ae1f964e55fd23cea5acc06e744739f899329d0bda8da42a8af	yes	downloaded	https://storage.googleapis.com/arc-institute-virtual-cell-atlas/scbasecount/2026-01-12/h5ad/GeneFull_Ex50pAS/Homo_sapiens/SRX12800500.h5ad?generation=1770409831517576
data/raw/scbasecount_2026_01_12_human/h5ad/SRX9651830.h5ad	48832244	dd0f5b3dcb8105893293dede52a8adef08a2284c06381f21395a573c8a77a401	yes	downloaded	https://storage.googleapis.com/arc-institute-virtual-cell-atlas/scbasecount/2026-01-12/h5ad/GeneFull_Ex50pAS/Homo_sapiens/SRX9651830.h5ad?generation=1770409803044856
data/raw/scbasecount_2026_01_12_human/h5ad/SRX13441700.h5ad	95965811	5dbd7bbab882c0a4f00a4dbf503be98d59c4c98883da476239df8a9efbcc8df1	yes	downloaded	https://storage.googleapis.com/arc-institute-virtual-cell-atlas/scbasecount/2026-01-12/h5ad/GeneFull_Ex50pAS/Homo_sapiens/SRX13441700.h5ad?generation=1770409829505620
data/raw/scbasecount_2026_01_12_human/h5ad/SRX18476831.h5ad	192805632	2aca849d1ba9fb29501e0ca937ee243eb793ea6e129bf630e1bd35bb4c52ff06	yes	downloaded	https://storage.googleapis.com/arc-institute-virtual-cell-atlas/scbasecount/2026-01-12/h5ad/GeneFull_Ex50pAS/Homo_sapiens/SRX18476831.h5ad?generation=1770409822304698
data/raw/scbasecount_2026_01_12_human/h5ad/SRX22129459.h5ad	280474212	788d2d1c560b0ac3acaf85f0cdac67690b70698ab5fe3ee9142c2b1045d453c2	yes	downloaded	https://storage.googleapis.com/arc-institute-virtual-cell-atlas/scbasecount/2026-01-12/h5ad/GeneFull_Ex50pAS/Homo_sapiens/SRX22129459.h5ad?generation=1770409829812537
data/raw/scbasecount_2026_01_12_human/h5ad/SRX22129452.h5ad	414946003	cb0d36dc27a212bce375177774de4d55c0b68d44e4fa6c998eea8cd1691f2efa	yes	downloaded	https://storage.googleapis.com/arc-institute-virtual-cell-atlas/scbasecount/2026-01-12/h5ad/GeneFull_Ex50pAS/Homo_sapiens/SRX22129452.h5ad?generation=1770409950438900
data/raw/scbasecount_2026_01_12_human/h5ad/SRX24084583.h5ad	245035706	4ccd039c5b7d0b2d8e655850704a50b5bae7a7a3e2fe091b54b3ee822374d73d	yes	downloaded	https://storage.googleapis.com/arc-institute-virtual-cell-atlas/scbasecount/2026-01-12/h5ad/GeneFull_Ex50pAS/Homo_sapiens/SRX24084583.h5ad?generation=1770409807479533
data/raw/scbasecount_2026_01_12_human/h5ad/SRX8956891.h5ad	9533231	74f4a422fbbb46e2ab44e5645cc0297f3c82b869767a8d8e11c1398f8380fadf	yes	downloaded	https://storage.googleapis.com/arc-institute-virtual-cell-atlas/scbasecount/2026-01-12/h5ad/GeneFull_Ex50pAS/Homo_sapiens/SRX8956891.h5ad?generation=1770409804757664
data/raw/scbasecount_2026_01_12_human/h5ad/SRX7347530.h5ad	122060592	2bc313bfb0e2cb457b048239b1502da8061c27bbdf1d03e2405104a1f6ad6320	yes	downloaded	https://storage.googleapis.com/arc-institute-virtual-cell-atlas/scbasecount/2026-01-12/h5ad/GeneFull_Ex50pAS/Homo_sapiens/SRX7347530.h5ad?generation=1770409806188938
data/raw/scbasecount_2026_01_12_human/h5ad/SRX11515840.h5ad	2533500	f473fa1f034ecef829a5cef461a85e7840899c7922db774e8b9450df9e286f4a	yes	downloaded	https://storage.googleapis.com/arc-institute-virtual-cell-atlas/scbasecount/2026-01-12/h5ad/GeneFull_Ex50pAS/Homo_sapiens/SRX11515840.h5ad?generation=1770409826634565
data/raw/scbasecount_2026_01_12_human/h5ad/SRX29130827.h5ad	80823789	46f7911a7fb8da24bec99337faad70762be71d11a6d3a1ec5b38ed631992729f	yes	downloaded	https://storage.googleapis.com/arc-institute-virtual-cell-atlas/scbasecount/2026-01-12/h5ad/GeneFull_Ex50pAS/Homo_sapiens/SRX29130827.h5ad?generation=1770409805140101
data/raw/scbasecount_2026_01_12_human/h5ad/SRX14589431.h5ad	94516764	699c2ea920f5019c713e09af83f3a37b6f6ec61f4dfdd12003ac00a932d78e0f	yes	downloaded	https://storage.googleapis.com/arc-institute-virtual-cell-atlas/scbasecount/2026-01-12/h5ad/GeneFull_Ex50pAS/Homo_sapiens/SRX14589431.h5ad?generation=1770409828502677
data/raw/scbasecount_2026_01_12_human/h5ad/SRX22985533.h5ad	375919668	5799e1dacb205779ab0c4b55c2d896b890a5878873dc579d0221728277d594a9	yes	downloaded	https://storage.googleapis.com/arc-institute-virtual-cell-atlas/scbasecount/2026-01-12/h5ad/GeneFull_Ex50pAS/Homo_sapiens/SRX22985533.h5ad?generation=1770409825156398
data/raw/scbasecount_2026_01_12_human/h5ad/SRX10124649.h5ad	153708119	d80f9943b88595880f8546385fb7ae09d10d80a6a26dcf2ead3d3cd74820d3d6	yes	downloaded	https://storage.googleapis.com/arc-institute-virtual-cell-atlas/scbasecount/2026-01-12/h5ad/GeneFull_Ex50pAS/Homo_sapiens/SRX10124649.h5ad?generation=1770409833499723
data/raw/scbasecount_2026_01_12_human/h5ad/SRX9491559.h5ad	130603231	bb15e0aa25f98b420895d300816f7185b64e54d88b4ebc5080e25d7116fa2d9e	yes	downloaded	https://storage.googleapis.com/arc-institute-virtual-cell-atlas/scbasecount/2026-01-12/h5ad/GeneFull_Ex50pAS/Homo_sapiens/SRX9491559.h5ad?generation=1770409805318968
data/raw/scbasecount_2026_01_12_human/h5ad/SRX20542634.h5ad	135645677	38663e0173ca49d096a144233bb0124caab69d5060fd9f64c5a84676f4adde81	yes	downloaded	https://storage.googleapis.com/arc-institute-virtual-cell-atlas/scbasecount/2026-01-12/h5ad/GeneFull_Ex50pAS/Homo_sapiens/SRX20542634.h5ad?generation=1770409829214650
data/raw/scbasecount_2026_01_12_human/h5ad/SRX22539671.h5ad	223773100	11773cea8ac7afbe66403b6fb259a899fa19dc088a15fb7dfbc1a04a0af8a4cd	yes	downloaded	https://storage.googleapis.com/arc-institute-virtual-cell-atlas/scbasecount/2026-01-12/h5ad/GeneFull_Ex50pAS/Homo_sapiens/SRX22539671.h5ad?generation=1770409820833078
data/raw/scbasecount_2026_01_12_human/h5ad/SRX9491574.h5ad	123342462	8f643aadbee47aff4653723ea01618f06b5ff9fd41b0ee7a68dd60e5cba37e2f	yes	downloaded	https://storage.googleapis.com/arc-institute-virtual-cell-atlas/scbasecount/2026-01-12/h5ad/GeneFull_Ex50pAS/Homo_sapiens/SRX9491574.h5ad?generation=1770409806649224
data/raw/scbasecount_2026_01_12_human/h5ad/SRX14182537.h5ad	158823794	197a7c4f15199ffd4735ce2f1ba4c4c626ff7543226f523f589f480e009e4d21	yes	downloaded	https://storage.googleapis.com/arc-institute-virtual-cell-atlas/scbasecount/2026-01-12/h5ad/GeneFull_Ex50pAS/Homo_sapiens/SRX14182537.h5ad?generation=1770409829380942
data/raw/scbasecount_2026_01_12_human/h5ad/SRX8820540.h5ad	11082864	833b13885019df115fd5d8859f059e42477441ffba7f9b8dd63d629605f9e27e	yes	downloaded	https://storage.googleapis.com/arc-institute-virtual-cell-atlas/scbasecount/2026-01-12/h5ad/GeneFull_Ex50pAS/Homo_sapiens/SRX8820540.h5ad?generation=1770409809431110
data/raw/scbasecount_2026_01_12_human/h5ad/SRX9556594.h5ad	297277478	c1295e65325ca8556c27cb1aa3c6796fa8427dfe8fc0fe505d3dab20708166e4	yes	downloaded	https://storage.googleapis.com/arc-institute-virtual-cell-atlas/scbasecount/2026-01-12/h5ad/GeneFull_Ex50pAS/Homo_sapiens/SRX9556594.h5ad?generation=1770409811666584
data/raw/scbasecount_2026_01_12_human/h5ad/SRX17392590.h5ad	20621736	253ca1ff6fa7ff2deb132938705c7812f41f0603ad3ec0616e595e635ddec770	yes	downloaded	https://storage.googleapis.com/arc-institute-virtual-cell-atlas/scbasecount/2026-01-12/h5ad/GeneFull_Ex50pAS/Homo_sapiens/SRX17392590.h5ad?generation=1770409814276776
data/raw/scbasecount_2026_01_12_human/h5ad/SRX9556611.h5ad	202279459	8d377dd0f4444c6b3827a4c78e5b3ee40032b9040f62164d790012f9138d6d2f	yes	downloaded	https://storage.googleapis.com/arc-institute-virtual-cell-atlas/scbasecount/2026-01-12/h5ad/GeneFull_Ex50pAS/Homo_sapiens/SRX9556611.h5ad?generation=1770409807960029
data/raw/scbasecount_2026_01_12_human/h5ad/SRX17392589.h5ad	85170737	11025c4bde6535bd912cae0ae6c9a2e917659bc08b3a66d1867b85dd5681d448	yes	downloaded	https://storage.googleapis.com/arc-institute-virtual-cell-atlas/scbasecount/2026-01-12/h5ad/GeneFull_Ex50pAS/Homo_sapiens/SRX17392589.h5ad?generation=1770409817456170
data/raw/scbasecount_2026_01_12_human/h5ad/SRX25990915.h5ad	301040643	94cfa959face5fd5a7c09b099e9d52cc7195f6f8b5e00c1f70d39e342517007b	yes	downloaded	https://storage.googleapis.com/arc-institute-virtual-cell-atlas/scbasecount/2026-01-12/h5ad/GeneFull_Ex50pAS/Homo_sapiens/SRX25990915.h5ad?generation=1770409820399051
data/raw/scbasecount_2026_01_12_human/h5ad/SRX28971816.h5ad	268250056	2f5052e635fe7d11c0cec7f9bdbd8035d1b8ba231f6b4894eab24f2b328e2e8a	yes	downloaded	https://storage.googleapis.com/arc-institute-virtual-cell-atlas/scbasecount/2026-01-12/h5ad/GeneFull_Ex50pAS/Homo_sapiens/SRX28971816.h5ad?generation=1770409811002413
data/raw/scbasecount_2026_01_12_human/h5ad/SRX8349972.h5ad	83879329	4deb87bc411b83465f567f37580e97aaa6fbeea0f9ccdbf22f0d4c37dd95a423	yes	downloaded	https://storage.googleapis.com/arc-institute-virtual-cell-atlas/scbasecount/2026-01-12/h5ad/GeneFull_Ex50pAS/Homo_sapiens/SRX8349972.h5ad?generation=1770409805039327
data/raw/scbasecount_2026_01_12_human/h5ad/SRX27812360.h5ad	214343450	63a0bc4d4a2e6702ff2a344228227f49da7d7db3d15aa3d6c57d943221e6ad9b	yes	downloaded	https://storage.googleapis.com/arc-institute-virtual-cell-atlas/scbasecount/2026-01-12/h5ad/GeneFull_Ex50pAS/Homo_sapiens/SRX27812360.h5ad?generation=1770409810358373
data/raw/scbasecount_2026_01_12_human/h5ad/ERX9138839.h5ad	54741173	b6948eba9c630a2d6d55fef01ce9d5758b4983766816ef0df56cb6f2636f14a8	yes	downloaded	https://storage.googleapis.com/arc-institute-virtual-cell-atlas/scbasecount/2026-01-12/h5ad/GeneFull_Ex50pAS/Homo_sapiens/ERX9138839.h5ad?generation=1770409834881311
data/raw/scbasecount_2026_01_12_human/h5ad/SRX12188758.h5ad	286549714	ed15a43ec9027e95361463682519702d0a7b91099fcbaf7c693dd8a890cd8717	yes	downloaded	https://storage.googleapis.com/arc-institute-virtual-cell-atlas/scbasecount/2026-01-12/h5ad/GeneFull_Ex50pAS/Homo_sapiens/SRX12188758.h5ad?generation=1770409845818644
data/raw/scbasecount_2026_01_12_human/h5ad/SRX9768485.h5ad	11923340	865542814b17f92f93a1678c6e997a6e3881b4206f4c4c03385fb2458ec94d7b	yes	downloaded	https://storage.googleapis.com/arc-institute-virtual-cell-atlas/scbasecount/2026-01-12/h5ad/GeneFull_Ex50pAS/Homo_sapiens/SRX9768485.h5ad?generation=1770409802831225
data/raw/scbasecount_2026_01_12_human/h5ad/SRX28769040.h5ad	2596669	b456cd1983a518fb7989a312fe3a5df5ea03826258eefd297461b3c0ab592c80	yes	downloaded	https://storage.googleapis.com/arc-institute-virtual-cell-atlas/scbasecount/2026-01-12/h5ad/GeneFull_Ex50pAS/Homo_sapiens/SRX28769040.h5ad?generation=1770409802820517
data/raw/scbasecount_2026_01_12_human/h5ad/SRX13143813.h5ad	168881840	afc9003b31877058e03bcd06ecab33315ac39d77d3d9cae87940ba45c73173e7	yes	downloaded	https://storage.googleapis.com/arc-institute-virtual-cell-atlas/scbasecount/2026-01-12/h5ad/GeneFull_Ex50pAS/Homo_sapiens/SRX13143813.h5ad?generation=1770409890184203
data/raw/scbasecount_2026_01_12_human/h5ad/SRX9276333.h5ad	64429514	2326c82d1a6245580f99793a60aa96589856747e4298d0418eb3d764e636b316	yes	downloaded	https://storage.googleapis.com/arc-institute-virtual-cell-atlas/scbasecount/2026-01-12/h5ad/GeneFull_Ex50pAS/Homo_sapiens/SRX9276333.h5ad?generation=1770409803602118
data/raw/scbasecount_2026_01_12_human/h5ad/SRX28908462.h5ad	13748535	0cc020373188a79f06efce643f5ad7a8c3c8d136172cc21011db08b5f2404340	yes	downloaded	https://storage.googleapis.com/arc-institute-virtual-cell-atlas/scbasecount/2026-01-12/h5ad/GeneFull_Ex50pAS/Homo_sapiens/SRX28908462.h5ad?generation=1770409802790776
data/raw/scbasecount_2026_01_12_human/h5ad/SRX14858016.h5ad	320560740	69024362f39e30bf63ce2b8bebf46c88185751381af55d022b174dc064771cad	yes	downloaded	https://storage.googleapis.com/arc-institute-virtual-cell-atlas/scbasecount/2026-01-12/h5ad/GeneFull_Ex50pAS/Homo_sapiens/SRX14858016.h5ad?generation=1770409940314646
data/raw/scbasecount_2026_01_12_human/h5ad/SRX11987893.h5ad	13973172	f3b37c90ddff877f29d74a592335aac8505513abd241f87304b3368d5084cb0d	yes	downloaded	https://storage.googleapis.com/arc-institute-virtual-cell-atlas/scbasecount/2026-01-12/h5ad/GeneFull_Ex50pAS/Homo_sapiens/SRX11987893.h5ad?generation=1770409826495736
data/raw/scbasecount_2026_01_12_human/h5ad/ERX4319224.h5ad	8042210	fed03e22cc8ff8d0584bc1920a596ba252d9bcf2ad3c79ceb45828d72a2fd794	yes	downloaded	https://storage.googleapis.com/arc-institute-virtual-cell-atlas/scbasecount/2026-01-12/h5ad/GeneFull_Ex50pAS/Homo_sapiens/ERX4319224.h5ad?generation=1770409826251429
data/raw/scbasecount_2026_01_12_human/h5ad/ERX4319234.h5ad	40609711	caaf0c03fc9349940d7b6a67e015719add8f15c898a4ce752432a218de71719d	yes	downloaded	https://storage.googleapis.com/arc-institute-virtual-cell-atlas/scbasecount/2026-01-12/h5ad/GeneFull_Ex50pAS/Homo_sapiens/ERX4319234.h5ad?generation=1770409841624659
data/raw/scbasecount_2026_01_12_human/h5ad/ERX11148768.h5ad	114492347	e9cb7cea80af8fcb23ff5154f86e2c9e9d00ae44a5c6ae60b36983a73d55099d	yes	downloaded	https://storage.googleapis.com/arc-institute-virtual-cell-atlas/scbasecount/2026-01-12/h5ad/GeneFull_Ex50pAS/Homo_sapiens/ERX11148768.h5ad?generation=1770409828684653
data/raw/scbasecount_2026_01_12_human/h5ad/SRX28769034.h5ad	169868254	c2b05e8f4650ba1dca2d49e863a4663932331a2189201f5b601b7ff9f78e5e94	yes	downloaded	https://storage.googleapis.com/arc-institute-virtual-cell-atlas/scbasecount/2026-01-12/h5ad/GeneFull_Ex50pAS/Homo_sapiens/SRX28769034.h5ad?generation=1770409808225316
data/raw/scbasecount_2026_01_12_human/h5ad/SRX28908381.h5ad	15591156	196a9d1e8e9b5503d02a4bb6d8dc62fc54f1966007db3a8ce8565b314d7de814	yes	downloaded	https://storage.googleapis.com/arc-institute-virtual-cell-atlas/scbasecount/2026-01-12/h5ad/GeneFull_Ex50pAS/Homo_sapiens/SRX28908381.h5ad?generation=1770409803172147
data/raw/scbasecount_2026_01_12_human/h5ad/ERX4319206.h5ad	42370152	529f0b9d2386eca27a1cb699563050e3a606b0dc17248a2185aabd01e7e9e987	yes	downloaded	https://storage.googleapis.com/arc-institute-virtual-cell-atlas/scbasecount/2026-01-12/h5ad/GeneFull_Ex50pAS/Homo_sapiens/ERX4319206.h5ad?generation=1770409826364236
data/raw/scbasecount_2026_01_12_human/h5ad/SRX28908401.h5ad	21078926	925a69a9d9b78679ab7cb1ac15d285c98fec6b5053117fbf82681ec9f4372101	yes	downloaded	https://storage.googleapis.com/arc-institute-virtual-cell-atlas/scbasecount/2026-01-12/h5ad/GeneFull_Ex50pAS/Homo_sapiens/SRX28908401.h5ad?generation=1770409803917827
data/raw/scbasecount_2026_01_12_human/h5ad/SRX28908444.h5ad	9864433	2b7b801521328688954a2452adca2b24a6252afca263530f10772e23f7b4d286	yes	downloaded	https://storage.googleapis.com/arc-institute-virtual-cell-atlas/scbasecount/2026-01-12/h5ad/GeneFull_Ex50pAS/Homo_sapiens/SRX28908444.h5ad?generation=1770409804211635
data/raw/scbasecount_2026_01_12_human/h5ad/ERX4319145.h5ad	106253939	d83c7a6e833b1fce2713abf1bd8f1af6ed9163bfd237451d94e2c122936028b6	yes	downloaded	https://storage.googleapis.com/arc-institute-virtual-cell-atlas/scbasecount/2026-01-12/h5ad/GeneFull_Ex50pAS/Homo_sapiens/ERX4319145.h5ad?generation=1770409864064166
data/raw/scbasecount_2026_01_12_human/h5ad/ERX8792058.h5ad	5447409	a153f95da2ff9c68786d5106eebed4a280313c66cd2c2f0c8f5994113ca3e1b7	yes	downloaded	https://storage.googleapis.com/arc-institute-virtual-cell-atlas/scbasecount/2026-01-12/h5ad/GeneFull_Ex50pAS/Homo_sapiens/ERX8792058.h5ad?generation=1770409833513182
data/raw/scbasecount_2026_01_12_human/h5ad/SRX17937430.h5ad	57202478	c5ff0afc08ff0d717149e2af4b649fe3629b6781b448b0da472cd9de234ef673	yes	downloaded	https://storage.googleapis.com/arc-institute-virtual-cell-atlas/scbasecount/2026-01-12/h5ad/GeneFull_Ex50pAS/Homo_sapiens/SRX17937430.h5ad?generation=1770409815741579
data/raw/scbasecount_2026_01_12_human/h5ad/SRX19050183.h5ad	60773519	ade43ce2cb975bd87731249689c151d370e2a73de71a2528812183eb3eaafa2d	yes	downloaded	https://storage.googleapis.com/arc-institute-virtual-cell-atlas/scbasecount/2026-01-12/h5ad/GeneFull_Ex50pAS/Homo_sapiens/SRX19050183.h5ad?generation=1770409815137934
data/raw/scbasecount_2026_01_12_human/h5ad/SRX28769210.h5ad	7805855	48c769a522b1958746a957b860c62164524a759be48d190159fcf8e168f74b97	yes	downloaded	https://storage.googleapis.com/arc-institute-virtual-cell-atlas/scbasecount/2026-01-12/h5ad/GeneFull_Ex50pAS/Homo_sapiens/SRX28769210.h5ad?generation=1770409802819828
data/raw/scbasecount_2026_01_12_human/h5ad/SRX28769029.h5ad	120061611	cd042447f37c8576a9eb5b86aa936f3fb424fc623b131ec02e7d6e3dc1dc5ff0	yes	downloaded	https://storage.googleapis.com/arc-institute-virtual-cell-atlas/scbasecount/2026-01-12/h5ad/GeneFull_Ex50pAS/Homo_sapiens/SRX28769029.h5ad?generation=1770409804403016
data/raw/scbasecount_2026_01_12_human/h5ad/SRX28769190.h5ad	168840666	85dd8ac21587df7d9c6ef086ea926aed4eff8c2a726b0e983caed1a07cf8c664	yes	downloaded	https://storage.googleapis.com/arc-institute-virtual-cell-atlas/scbasecount/2026-01-12/h5ad/GeneFull_Ex50pAS/Homo_sapiens/SRX28769190.h5ad?generation=1770409812182238
data/raw/scbasecount_2026_01_12_human/h5ad/SRX28908341.h5ad	202571652	5376074b6256e4facd9b838bc22976588296bfa23fc2e7d9a6f162cf31e31932	yes	downloaded	https://storage.googleapis.com/arc-institute-virtual-cell-atlas/scbasecount/2026-01-12/h5ad/GeneFull_Ex50pAS/Homo_sapiens/SRX28908341.h5ad?generation=1770409807175708
data/raw/scbasecount_2026_01_12_human/h5ad/SRX22751208.h5ad	227157051	75af30ce572d36e9ead82eb7d64219ade8966009778b851aa5940c3f62ba0b85	yes	downloaded	https://storage.googleapis.com/arc-institute-virtual-cell-atlas/scbasecount/2026-01-12/h5ad/GeneFull_Ex50pAS/Homo_sapiens/SRX22751208.h5ad?generation=1770409823213467
data/raw/scbasecount_2026_01_12_human/h5ad/SRX9633232.h5ad	24855826	d425fff2447be201be63f1540c961f1efe3267e989dddf2fc34cb825329a64ef	yes	downloaded	https://storage.googleapis.com/arc-institute-virtual-cell-atlas/scbasecount/2026-01-12/h5ad/GeneFull_Ex50pAS/Homo_sapiens/SRX9633232.h5ad?generation=1770409803846804
data/raw/scbasecount_2026_01_12_human/h5ad/SRX9208644.h5ad	2727081	498c39d1ef17957f72a57d50a06e94daa4656e026b03c87455e070bb5e17c2e8	yes	downloaded	https://storage.googleapis.com/arc-institute-virtual-cell-atlas/scbasecount/2026-01-12/h5ad/GeneFull_Ex50pAS/Homo_sapiens/SRX9208644.h5ad?generation=1770409802920654
data/raw/scbasecount_2026_01_12_human/h5ad/SRX13549279.h5ad	112571849	ac202775e3acce21ea3d830d8e4b8825df1d2fee1cdc0536425c388a7bea11df	yes	downloaded	https://storage.googleapis.com/arc-institute-virtual-cell-atlas/scbasecount/2026-01-12/h5ad/GeneFull_Ex50pAS/Homo_sapiens/SRX13549279.h5ad?generation=1770409828634158
data/raw/scbasecount_2026_01_12_human/h5ad/SRX28908220.h5ad	239399476	def98193a80b5382d19629fa18ef67f9342fe508680d010697bc218fe0033347	yes	downloaded	https://storage.googleapis.com/arc-institute-virtual-cell-atlas/scbasecount/2026-01-12/h5ad/GeneFull_Ex50pAS/Homo_sapiens/SRX28908220.h5ad?generation=1770409807655844
data/raw/scbasecount_2026_01_12_human/h5ad/ERX8792033.h5ad	2580892	b48157d5ce752b1b5b55aa5d7b6439bd529e847eadf831ff923a63a6e3380e0b	yes	downloaded	https://storage.googleapis.com/arc-institute-virtual-cell-atlas/scbasecount/2026-01-12/h5ad/GeneFull_Ex50pAS/Homo_sapiens/ERX8792033.h5ad?generation=1770409825722724
data/raw/scbasecount_2026_01_12_human/h5ad/SRX27780098.h5ad	30514946	854f71092e5e2cb2978b1dce686d290bcd2d628c686332648bd72d3e46ee05ba	yes	downloaded	https://storage.googleapis.com/arc-institute-virtual-cell-atlas/scbasecount/2026-01-12/h5ad/GeneFull_Ex50pAS/Homo_sapiens/SRX27780098.h5ad?generation=1770409803075185
data/raw/scbasecount_2026_01_12_human/h5ad/SRX8594473.h5ad	240412310	de855c13eb3074da510d5938359e18d383bfdf6ff4a554b1887536d7668d8622	yes	downloaded	https://storage.googleapis.com/arc-institute-virtual-cell-atlas/scbasecount/2026-01-12/h5ad/GeneFull_Ex50pAS/Homo_sapiens/SRX8594473.h5ad?generation=1770409830322275
data/raw/scbasecount_2026_01_12_human/h5ad/SRX11523479.h5ad	143156869	5332a086381be3b7d3686e48f2754722e888a5a44e8d316bb19ec4ab9fce80c5	yes	downloaded	https://storage.googleapis.com/arc-institute-virtual-cell-atlas/scbasecount/2026-01-12/h5ad/GeneFull_Ex50pAS/Homo_sapiens/SRX11523479.h5ad?generation=1770409829046452
data/raw/scbasecount_2026_01_12_human/h5ad/SRX11523622.h5ad	127696318	6dbc0eb9cd2c0bd02df024cb8e3d0c0e20e717cf8b9639cf3a2ec19d5b8d3b2e	yes	downloaded	https://storage.googleapis.com/arc-institute-virtual-cell-atlas/scbasecount/2026-01-12/h5ad/GeneFull_Ex50pAS/Homo_sapiens/SRX11523622.h5ad?generation=1770409829842428
data/raw/scbasecount_2026_01_12_human/h5ad/SRX20503056.h5ad	24799237	4418b37677cb4a3db3f4df354d9697a82c67280e4bc902040acae26fa6485313	yes	downloaded	https://storage.googleapis.com/arc-institute-virtual-cell-atlas/scbasecount/2026-01-12/h5ad/GeneFull_Ex50pAS/Homo_sapiens/SRX20503056.h5ad?generation=1770409815964243
data/raw/scbasecount_2026_01_12_human/h5ad/SRX9276317.h5ad	92918101	8a501a9d57909807adb21471bb406ca748335ddcadafc10d6a0dc7f48fba3b12	yes	downloaded	https://storage.googleapis.com/arc-institute-virtual-cell-atlas/scbasecount/2026-01-12/h5ad/GeneFull_Ex50pAS/Homo_sapiens/SRX9276317.h5ad?generation=1770409804025289
data/raw/scbasecount_2026_01_12_human/h5ad/SRX11169657.h5ad	226523610	7589965c460cc9a53dfeba1886ddb3d556a3e8db2fce8e147d6ba166f4732eac	yes	downloaded	https://storage.googleapis.com/arc-institute-virtual-cell-atlas/scbasecount/2026-01-12/h5ad/GeneFull_Ex50pAS/Homo_sapiens/SRX11169657.h5ad?generation=1770409885665040
data/raw/scbasecount_2026_01_12_human/h5ad/SRX20632084.h5ad	11956755	23301f113b4fde17068a14b57408ab496466409ac20a43b389fb29ef24450753	yes	downloaded	https://storage.googleapis.com/arc-institute-virtual-cell-atlas/scbasecount/2026-01-12/h5ad/GeneFull_Ex50pAS/Homo_sapiens/SRX20632084.h5ad?generation=1770409813776363
data/raw/scbasecount_2026_01_12_human/h5ad/SRX12101435.h5ad	15272135	26ad3b910083871c413465e50bafb8851f41af9a7ba40264de1fcc6b29f33b36	yes	downloaded	https://storage.googleapis.com/arc-institute-virtual-cell-atlas/scbasecount/2026-01-12/h5ad/GeneFull_Ex50pAS/Homo_sapiens/SRX12101435.h5ad?generation=1770409825621447
data/raw/scbasecount_2026_01_12_human/h5ad/SRX9426287.h5ad	276417633	c37c875a333141678ea648ff4d677fe5edeb4b73a4c71cbf7bc7ebc7e182ac10	yes	downloaded	https://storage.googleapis.com/arc-institute-virtual-cell-atlas/scbasecount/2026-01-12/h5ad/GeneFull_Ex50pAS/Homo_sapiens/SRX9426287.h5ad?generation=1770409810220981
data/raw/scbasecount_2026_01_12_human/h5ad/SRX19033464.h5ad	111111445	a56cd0bc2ba3950afaed328a5cf1c18394015d23c5eb6c3c4126acbef66705f0	yes	downloaded	https://storage.googleapis.com/arc-institute-virtual-cell-atlas/scbasecount/2026-01-12/h5ad/GeneFull_Ex50pAS/Homo_sapiens/SRX19033464.h5ad?generation=1770409817207745
data/raw/scbasecount_2026_01_12_human/h5ad/SRX17937432.h5ad	242730008	46359324db2e8784e932fc8ad92a4a374fcfe48cde7d9acf67a87f5d75348003	yes	downloaded	https://storage.googleapis.com/arc-institute-virtual-cell-atlas/scbasecount/2026-01-12/h5ad/GeneFull_Ex50pAS/Homo_sapiens/SRX17937432.h5ad?generation=1770409851794477
data/raw/scbasecount_2026_01_12_human/h5ad/SRX9908731.h5ad	15134319	d2dfd5d766c6bcb1ff3f1cef6d2b128f9669048223b4454c13da6c62d487e379	yes	downloaded	https://storage.googleapis.com/arc-institute-virtual-cell-atlas/scbasecount/2026-01-12/h5ad/GeneFull_Ex50pAS/Homo_sapiens/SRX9908731.h5ad?generation=1770409801996494
data/raw/scbasecount_2026_01_12_human/h5ad/ERX8792138.h5ad	3120788	b86d7b2b131aedeab1b87f7dd89972f7bb1d7b96c76b73f8a370eccd6e611638	yes	downloaded	https://storage.googleapis.com/arc-institute-virtual-cell-atlas/scbasecount/2026-01-12/h5ad/GeneFull_Ex50pAS/Homo_sapiens/ERX8792138.h5ad?generation=1770409825747481
data/raw/scbasecount_2026_01_12_human/h5ad/ERX8792118.h5ad	2762290	282431e72cdce2961bc0d0d53ebde9b783984c01d6eabfee21222f04fc88ffd6	yes	downloaded	https://storage.googleapis.com/arc-institute-virtual-cell-atlas/scbasecount/2026-01-12/h5ad/GeneFull_Ex50pAS/Homo_sapiens/ERX8792118.h5ad?generation=1770409825612177
data/raw/scbasecount_2026_01_12_human/h5ad/ERX8792176.h5ad	4107361	d6e437e1488cdc839ab524e708f39f0de375b79c80b35b71400b79fdde9a2d8d	yes	downloaded	https://storage.googleapis.com/arc-institute-virtual-cell-atlas/scbasecount/2026-01-12/h5ad/GeneFull_Ex50pAS/Homo_sapiens/ERX8792176.h5ad?generation=1770409826085970
data/raw/scbasecount_2026_01_12_human/h5ad/SRX25183952.h5ad	169760875	833fae80977d73007ee3f3fbac9ebaf4e8d5140e704f573acc79fa5c6e878663	yes	downloaded	https://storage.googleapis.com/arc-institute-virtual-cell-atlas/scbasecount/2026-01-12/h5ad/GeneFull_Ex50pAS/Homo_sapiens/SRX25183952.h5ad?generation=1770409847624537
data/raw/scbasecount_2026_01_12_human/h5ad/SRX28908336.h5ad	2529395	046062b724f46b450162400addd54494d45c3cfb27d75d32177cef3d9e528487	yes	downloaded	https://storage.googleapis.com/arc-institute-virtual-cell-atlas/scbasecount/2026-01-12/h5ad/GeneFull_Ex50pAS/Homo_sapiens/SRX28908336.h5ad?generation=1770409802077960
data/raw/scbasecount_2026_01_12_human/h5ad/SRX13783651.h5ad	253430190	e8035b01610dc6681ba3f5a52adcb13017673c7a7ed8dc528245698f19d7ba6e	yes	downloaded	https://storage.googleapis.com/arc-institute-virtual-cell-atlas/scbasecount/2026-01-12/h5ad/GeneFull_Ex50pAS/Homo_sapiens/SRX13783651.h5ad?generation=1770409834028281
data/raw/scbasecount_2026_01_12_human/h5ad/SRX14753675.h5ad	97933328	ae88f84353b37b81ddb53d667374ee375c75ae4403f42fbf5b9b5b878feff2d1	yes	downloaded	https://storage.googleapis.com/arc-institute-virtual-cell-atlas/scbasecount/2026-01-12/h5ad/GeneFull_Ex50pAS/Homo_sapiens/SRX14753675.h5ad?generation=1770409848759939
data/raw/scbasecount_2026_01_12_human/h5ad/SRX27472595.h5ad	83977874	cfccf671b8ef8a18683bab2f0b16f29d4d9dd055768e077af6b384d6552ac36f	yes	downloaded	https://storage.googleapis.com/arc-institute-virtual-cell-atlas/scbasecount/2026-01-12/h5ad/GeneFull_Ex50pAS/Homo_sapiens/SRX27472595.h5ad?generation=1770409805177851
data/raw/scbasecount_2026_01_12_human/h5ad/SRX9568865.h5ad	38188635	53fd7653b460a0354e2fd38ef5e5ad4f23f0cca8916b49dab7a95b003e2aa0c4	yes	downloaded	https://storage.googleapis.com/arc-institute-virtual-cell-atlas/scbasecount/2026-01-12/h5ad/GeneFull_Ex50pAS/Homo_sapiens/SRX9568865.h5ad?generation=1770409802508527
data/raw/scbasecount_2026_01_12_human/h5ad/ERX8792179.h5ad	2604544	dfe1c6d7b7cb29ad50bbbea09399190221392a87d0dc68484992719a93da3eb1	yes	downloaded	https://storage.googleapis.com/arc-institute-virtual-cell-atlas/scbasecount/2026-01-12/h5ad/GeneFull_Ex50pAS/Homo_sapiens/ERX8792179.h5ad?generation=1770409827425250
data/raw/scbasecount_2026_01_12_human/h5ad/ERX10987168.h5ad	759414869	d94bb2fa7f39f4ac84d2d3ce5c3d40176f8cd61cdbbee251b42e6f993c59acf7	yes	downloaded	https://storage.googleapis.com/arc-institute-virtual-cell-atlas/scbasecount/2026-01-12/h5ad/GeneFull_Ex50pAS/Homo_sapiens/ERX10987168.h5ad?generation=1770409851293417
data/raw/scbasecount_2026_01_12_human/h5ad/SRX14182542.h5ad	127464758	c2fcd1eda3b4aad39fc825f71b2236af62899dc436b1ea128b7638bf70089628	yes	downloaded	https://storage.googleapis.com/arc-institute-virtual-cell-atlas/scbasecount/2026-01-12/h5ad/GeneFull_Ex50pAS/Homo_sapiens/SRX14182542.h5ad?generation=1770409828884535
data/raw/scbasecount_2026_01_12_human/h5ad/SRX18517359.h5ad	203084197	27e4a92b8387437f21edc92c62efc078c2d5b556b7c1c6be4c8a1f5bbf9adc14	yes	downloaded	https://storage.googleapis.com/arc-institute-virtual-cell-atlas/scbasecount/2026-01-12/h5ad/GeneFull_Ex50pAS/Homo_sapiens/SRX18517359.h5ad?generation=1770409824957930
data/raw/scbasecount_2026_01_12_human/h5ad/SRX9711342.h5ad	74784388	1461f2ba1781385d707fb2d2952ab7880f561b9fe9a967c1261570ab99cb109d	yes	downloaded	https://storage.googleapis.com/arc-institute-virtual-cell-atlas/scbasecount/2026-01-12/h5ad/GeneFull_Ex50pAS/Homo_sapiens/SRX9711342.h5ad?generation=1770409804157559
data/raw/scbasecount_2026_01_12_human/h5ad/SRX18356773.h5ad	74660958	556c948f76dbc0d1aa9e05b2557a18137edeb1a090d2ec4aab4603ddc9b9b580	yes	downloaded	https://storage.googleapis.com/arc-institute-virtual-cell-atlas/scbasecount/2026-01-12/h5ad/GeneFull_Ex50pAS/Homo_sapiens/SRX18356773.h5ad?generation=1770409815184720
data/raw/scbasecount_2026_01_12_human/h5ad/ERX9913859.h5ad	384270216	9c22f39653a4707d7ee31b9cb6d8e07c73687299f78abae52924a97f53dd92fd	yes	downloaded	https://storage.googleapis.com/arc-institute-virtual-cell-atlas/scbasecount/2026-01-12/h5ad/GeneFull_Ex50pAS/Homo_sapiens/ERX9913859.h5ad?generation=1770409859466250
data/raw/scbasecount_2026_01_12_human/h5ad/SRX10504772.h5ad	373480236	dcd41c784114fe9af78e294048e0c7e6b0bf1537a20a7112c80bccebe4edb95c	yes	downloaded	https://storage.googleapis.com/arc-institute-virtual-cell-atlas/scbasecount/2026-01-12/h5ad/GeneFull_Ex50pAS/Homo_sapiens/SRX10504772.h5ad?generation=1770409840108313
data/raw/scbasecount_2026_01_12_human/h5ad/SRX28908453.h5ad	192443075	580df8723b3abea637016de27dee49925fcf35f013a1c91052be6cd953303c57	yes	downloaded	https://storage.googleapis.com/arc-institute-virtual-cell-atlas/scbasecount/2026-01-12/h5ad/GeneFull_Ex50pAS/Homo_sapiens/SRX28908453.h5ad?generation=1770409806402777
data/raw/scbasecount_2026_01_12_human/h5ad/SRX9615332.h5ad	256010175	a4a1494ed0e9e3ae6194b2655c4a7d4973d80c3771caa05078d94c70d7b853a5	yes	downloaded	https://storage.googleapis.com/arc-institute-virtual-cell-atlas/scbasecount/2026-01-12/h5ad/GeneFull_Ex50pAS/Homo_sapiens/SRX9615332.h5ad?generation=1770409826732343
data/raw/scbasecount_2026_01_12_human/h5ad/SRX10579573.h5ad	136454214	353d2227dc8201885e54d83670c2694636c67d4e92121c59df93ed000d982381	yes	downloaded	https://storage.googleapis.com/arc-institute-virtual-cell-atlas/scbasecount/2026-01-12/h5ad/GeneFull_Ex50pAS/Homo_sapiens/SRX10579573.h5ad?generation=1770409828684199
data/raw/scbasecount_2026_01_12_human/h5ad/SRX16056633.h5ad	419898754	66ebe5b1379c7278f26ad2da0d315d66aa7183dfbc65405af0c420982a3a3196	yes	downloaded	https://storage.googleapis.com/arc-institute-virtual-cell-atlas/scbasecount/2026-01-12/h5ad/GeneFull_Ex50pAS/Homo_sapiens/SRX16056633.h5ad?generation=1770409865955750
data/raw/scbasecount_2026_01_12_human/h5ad/SRX19103441.h5ad	128717660	2bbe29f20205df3ea7eaa5fe0d0ff99a39cbfdaeb5d7342739ca11cd087fd249	yes	downloaded	https://storage.googleapis.com/arc-institute-virtual-cell-atlas/scbasecount/2026-01-12/h5ad/GeneFull_Ex50pAS/Homo_sapiens/SRX19103441.h5ad?generation=1770409818735767
data/raw/scbasecount_2026_01_12_human/h5ad/SRX10579574.h5ad	313582011	2988b4e553c891ac2093b1a084bb885174d0b3771263d5dbb028924fec02bfb1	yes	downloaded	https://storage.googleapis.com/arc-institute-virtual-cell-atlas/scbasecount/2026-01-12/h5ad/GeneFull_Ex50pAS/Homo_sapiens/SRX10579574.h5ad?generation=1770409834667245
data/raw/scbasecount_2026_01_12_human/h5ad/SRX23886071.h5ad	13117599	faa22f19919bec002b1507d2cca133c5fb25f6fa7c20d132cbe0bd380f497c84	yes	downloaded	https://storage.googleapis.com/arc-institute-virtual-cell-atlas/scbasecount/2026-01-12/h5ad/GeneFull_Ex50pAS/Homo_sapiens/SRX23886071.h5ad?generation=1770409802549479
data/raw/scbasecount_2026_01_12_human/h5ad/SRX27560385.h5ad	396942775	1c3ffdd950eba2afa91739ab5477114ddb9ee7a1823bd09a1c55473115d669bf	yes	downloaded	https://storage.googleapis.com/arc-institute-virtual-cell-atlas/scbasecount/2026-01-12/h5ad/GeneFull_Ex50pAS/Homo_sapiens/SRX27560385.h5ad?generation=1770409819711026
data/raw/scbasecount_2026_01_12_human/h5ad/SRX11349316.h5ad	72690052	134325b49710834a15f3fd0f805ec0cb465b535dd5d8bd561dd3cc2d6a71f557	yes	downloaded	https://storage.googleapis.com/arc-institute-virtual-cell-atlas/scbasecount/2026-01-12/h5ad/GeneFull_Ex50pAS/Homo_sapiens/SRX11349316.h5ad?generation=1770409827097481
data/raw/scbasecount_2026_01_12_human/h5ad/SRX27826367.h5ad	74571827	80e6ab2cd3db7799a295e0706a2d323a077a99d42ad48d8dee539f1b200fe5fa	yes	downloaded	https://storage.googleapis.com/arc-institute-virtual-cell-atlas/scbasecount/2026-01-12/h5ad/GeneFull_Ex50pAS/Homo_sapiens/SRX27826367.h5ad?generation=1770409805770262
data/raw/scbasecount_2026_01_12_human/h5ad/SRX8820541.h5ad	9906241	96b4b147b9ab59a0c507d5fd800916d04b89c753324f9dd931230cf081eb2517	yes	downloaded	https://storage.googleapis.com/arc-institute-virtual-cell-atlas/scbasecount/2026-01-12/h5ad/GeneFull_Ex50pAS/Homo_sapiens/SRX8820541.h5ad?generation=1770409802481789
data/raw/scbasecount_2026_01_12_human/h5ad/ERX10019098.h5ad	317676905	4ff90dc118688faddd1bb4a55af7ad340018f56ec63b5e7a8f3e6713b42e6c22	yes	downloaded	https://storage.googleapis.com/arc-institute-virtual-cell-atlas/scbasecount/2026-01-12/h5ad/GeneFull_Ex50pAS/Homo_sapiens/ERX10019098.h5ad?generation=1770409835162702
data/raw/scbasecount_2026_01_12_human/h5ad/SRX11726203.h5ad	146012058	5c978b26827d831526cb2c5374f9cfcd1a4be7f97a7939b6cca9534c29d0c410	yes	downloaded	https://storage.googleapis.com/arc-institute-virtual-cell-atlas/scbasecount/2026-01-12/h5ad/GeneFull_Ex50pAS/Homo_sapiens/SRX11726203.h5ad?generation=1770409831861682
data/raw/scbasecount_2026_01_12_human/h5ad/SRX12101434.h5ad	349829953	52aa45dc497ff6e3c81111178cab59d213033a09f0705fdb8320fa1832ecbdd6	yes	downloaded	https://storage.googleapis.com/arc-institute-virtual-cell-atlas/scbasecount/2026-01-12/h5ad/GeneFull_Ex50pAS/Homo_sapiens/SRX12101434.h5ad?generation=1770409837667642
data/raw/scbasecount_2026_01_12_human/h5ad/SRX14417488.h5ad	21095100	b93102122e4443766b61bf56869ac450579e450389ee9d21c2fe7e75cd220f0a	yes	downloaded	https://storage.googleapis.com/arc-institute-virtual-cell-atlas/scbasecount/2026-01-12/h5ad/GeneFull_Ex50pAS/Homo_sapiens/SRX14417488.h5ad?generation=1770409826045298
data/raw/scbasecount_2026_01_12_human/h5ad/SRX10579816.h5ad	49909343	2714952ade7e790a38a0c2c17cb844d530a53d491bd9c023ecd73cfd18e9080a	yes	downloaded	https://storage.googleapis.com/arc-institute-virtual-cell-atlas/scbasecount/2026-01-12/h5ad/GeneFull_Ex50pAS/Homo_sapiens/SRX10579816.h5ad?generation=1770409826729735
data/raw/scbasecount_2026_01_12_human/h5ad/SRX10162491.h5ad	281396887	97528bc3f33c18f05f1774fff648776add9f5e12779cd38613cae33abb2e0bc9	yes	downloaded	https://storage.googleapis.com/arc-institute-virtual-cell-atlas/scbasecount/2026-01-12/h5ad/GeneFull_Ex50pAS/Homo_sapiens/SRX10162491.h5ad?generation=1770409849891473
data/raw/scbasecount_2026_01_12_human/h5ad/SRX22876998.h5ad	48931965	eb5d3b899508c7b8d687861935422a777830f6527c4eb8970826dd0709e3045a	yes	downloaded	https://storage.googleapis.com/arc-institute-virtual-cell-atlas/scbasecount/2026-01-12/h5ad/GeneFull_Ex50pAS/Homo_sapiens/SRX22876998.h5ad?generation=1770409814721910
data/raw/scbasecount_2026_01_12_human/h5ad/SRX21415706.h5ad	11189618	e3669799a402258547ab854d87d04479a7880a90e959a94f956b371506401b93	yes	downloaded	https://storage.googleapis.com/arc-institute-virtual-cell-atlas/scbasecount/2026-01-12/h5ad/GeneFull_Ex50pAS/Homo_sapiens/SRX21415706.h5ad?generation=1770409817032873
data/raw/scbasecount_2026_01_12_human/h5ad/SRX26616325.h5ad	10105627	332b59cf27607486876fd414f37745132ccba4b5e3e461d11055a15bff93bf94	yes	downloaded	https://storage.googleapis.com/arc-institute-virtual-cell-atlas/scbasecount/2026-01-12/h5ad/GeneFull_Ex50pAS/Homo_sapiens/SRX26616325.h5ad?generation=1770409802828822
data/raw/scbasecount_2026_01_12_human/h5ad/SRX9711319.h5ad	52748576	f94cdaeb65f5e746c968d559a1ec58d9cfa861841f2bdcb71a0134fd8ce9c851	yes	downloaded	https://storage.googleapis.com/arc-institute-virtual-cell-atlas/scbasecount/2026-01-12/h5ad/GeneFull_Ex50pAS/Homo_sapiens/SRX9711319.h5ad?generation=1770409806621481
data/raw/scbasecount_2026_01_12_human/h5ad/SRX23046549.h5ad	52752546	080a9872d0aeecd8c1bd6f91258f713ad81db5865ed32c42a51b9c610396d587	yes	downloaded	https://storage.googleapis.com/arc-institute-virtual-cell-atlas/scbasecount/2026-01-12/h5ad/GeneFull_Ex50pAS/Homo_sapiens/SRX23046549.h5ad?generation=1770409816741868
data/raw/scbasecount_2026_01_12_human/h5ad/SRX12286032.h5ad	641755947	50f52da46142ea4e8e00aa00be8a4c1102854ea656faa8c49792037d1a1b8b12	yes	downloaded	https://storage.googleapis.com/arc-institute-virtual-cell-atlas/scbasecount/2026-01-12/h5ad/GeneFull_Ex50pAS/Homo_sapiens/SRX12286032.h5ad?generation=1770409874369635
data/raw/scbasecount_2026_01_12_human/h5ad/SRX8143298.h5ad	67225845	4742f9624fbdee38aa1c409c4af64b54c3803ed8b924db3fda940f2c96df6357	yes	downloaded	https://storage.googleapis.com/arc-institute-virtual-cell-atlas/scbasecount/2026-01-12/h5ad/GeneFull_Ex50pAS/Homo_sapiens/SRX8143298.h5ad?generation=1770409804818200
data/raw/scbasecount_2026_01_12_human/h5ad/SRX27487157.h5ad	126379363	f57b1ebdd49de39c93aafc75d1eabc6c8a714de6914b57b70d2c3f0d3e7a7174	yes	downloaded	https://storage.googleapis.com/arc-institute-virtual-cell-atlas/scbasecount/2026-01-12/h5ad/GeneFull_Ex50pAS/Homo_sapiens/SRX27487157.h5ad?generation=1770409804549086
data/raw/scbasecount_2026_01_12_human/h5ad/SRX27812347.h5ad	140306522	441367e252cf5ba7d4f4d468db29d0a980fccc39e836f2ddd87bfa72e0c9118b	yes	downloaded	https://storage.googleapis.com/arc-institute-virtual-cell-atlas/scbasecount/2026-01-12/h5ad/GeneFull_Ex50pAS/Homo_sapiens/SRX27812347.h5ad?generation=1770409808379808
data/raw/scbasecount_2026_01_12_human/h5ad/SRX13849584.h5ad	4447798	a2bb5a6644353ee944aa3197a6329dd6bdd787984c366edad24c777a1779c86d	yes	downloaded	https://storage.googleapis.com/arc-institute-virtual-cell-atlas/scbasecount/2026-01-12/h5ad/GeneFull_Ex50pAS/Homo_sapiens/SRX13849584.h5ad?generation=1770409827491934
data/raw/scbasecount_2026_01_12_human/h5ad/SRX9246199.h5ad	214078878	e58a2eb05334774f04061188271949a1db98d7164e0912477b025168ee0ceccc	yes	downloaded	https://storage.googleapis.com/arc-institute-virtual-cell-atlas/scbasecount/2026-01-12/h5ad/GeneFull_Ex50pAS/Homo_sapiens/SRX9246199.h5ad?generation=1770409810052586
data/raw/scbasecount_2026_01_12_human/h5ad/SRX11485405.h5ad	10786696	5784e6dac1f3fb0a7217d926a498df36b66f57609e73ba9a063306bca3d04d97	yes	downloaded	https://storage.googleapis.com/arc-institute-virtual-cell-atlas/scbasecount/2026-01-12/h5ad/GeneFull_Ex50pAS/Homo_sapiens/SRX11485405.h5ad?generation=1770409826890540
data/raw/scbasecount_2026_01_12_human/h5ad/SRX8726761.h5ad	120099088	8bc2cf5c324d96b0c2e9e25ad8b55f3189838dbbde4f6332621322384eb2fe55	yes	downloaded	https://storage.googleapis.com/arc-institute-virtual-cell-atlas/scbasecount/2026-01-12/h5ad/GeneFull_Ex50pAS/Homo_sapiens/SRX8726761.h5ad?generation=1770409804586052
data/raw/scbasecount_2026_01_12_human/h5ad/SRX17639450.h5ad	389460767	d2aa851a938454b0129171e6a5068865d65ba4278a971e07b8a0f7ecb419ceda	yes	downloaded	https://storage.googleapis.com/arc-institute-virtual-cell-atlas/scbasecount/2026-01-12/h5ad/GeneFull_Ex50pAS/Homo_sapiens/SRX17639450.h5ad?generation=1770409823444838
data/raw/scbasecount_2026_01_12_human/h5ad/SRX16314800.h5ad	272032441	f47e89721b63f7bfb92e4ee62e7ff991860889c949af6e66374c4d6d7882f008	yes	downloaded	https://storage.googleapis.com/arc-institute-virtual-cell-atlas/scbasecount/2026-01-12/h5ad/GeneFull_Ex50pAS/Homo_sapiens/SRX16314800.h5ad?generation=1770409826461314
data/raw/scbasecount_2026_01_12_human/h5ad/SRX8861825.h5ad	82883026	d71fbeb1f0c3ce82a2b88b547a4790512614ea7c91cf3604519908497190f222	yes	downloaded	https://storage.googleapis.com/arc-institute-virtual-cell-atlas/scbasecount/2026-01-12/h5ad/GeneFull_Ex50pAS/Homo_sapiens/SRX8861825.h5ad?generation=1770409808881096
data/raw/scbasecount_2026_01_12_human/h5ad/SRX11523678.h5ad	85062191	5c355d0a3ac4654c6457e417a0c48a8f064155b51d76844bd3efe6dd90176656	yes	downloaded	https://storage.googleapis.com/arc-institute-virtual-cell-atlas/scbasecount/2026-01-12/h5ad/GeneFull_Ex50pAS/Homo_sapiens/SRX11523678.h5ad?generation=1770409827408584
data/raw/scbasecount_2026_01_12_human/h5ad/SRX24344767.h5ad	158567947	8b9ffa1f06a935fb4057916ccfe03148cbdbae4cc33cc2d148955292f4674268	yes	downloaded	https://storage.googleapis.com/arc-institute-virtual-cell-atlas/scbasecount/2026-01-12/h5ad/GeneFull_Ex50pAS/Homo_sapiens/SRX24344767.h5ad?generation=1770409807432072
data/raw/scbasecount_2026_01_12_human/h5ad/SRX8020222.h5ad	15113588	20007aac14772f293fb9f6246a33b7dc1de46052c5b89050441335af2b08f205	yes	downloaded	https://storage.googleapis.com/arc-institute-virtual-cell-atlas/scbasecount/2026-01-12/h5ad/GeneFull_Ex50pAS/Homo_sapiens/SRX8020222.h5ad?generation=1770409801969139
data/raw/scbasecount_2026_01_12_human/h5ad/SRX11515826.h5ad	4229011	429e63df0cf7ebbac785a4e7bb3e6a1436b788014de544741a3d78977eb8a1f5	yes	downloaded	https://storage.googleapis.com/arc-institute-virtual-cell-atlas/scbasecount/2026-01-12/h5ad/GeneFull_Ex50pAS/Homo_sapiens/SRX11515826.h5ad?generation=1770409825800668
data/raw/scbasecount_2026_01_12_human/h5ad/SRX12509395.h5ad	220655371	1ce1a73de55b3de664982b2ae0e1655a2a70376ec05aeefb31a505d7a2a2f798	yes	downloaded	https://storage.googleapis.com/arc-institute-virtual-cell-atlas/scbasecount/2026-01-12/h5ad/GeneFull_Ex50pAS/Homo_sapiens/SRX12509395.h5ad?generation=1770409833661129
data/raw/scbasecount_2026_01_12_human/h5ad/SRX8980982.h5ad	15744772	61a6a731fa9cbe47b08ec8ff3cfe14184cc72ec65e621ad5417bd5764685b92d	yes	downloaded	https://storage.googleapis.com/arc-institute-virtual-cell-atlas/scbasecount/2026-01-12/h5ad/GeneFull_Ex50pAS/Homo_sapiens/SRX8980982.h5ad?generation=1770409803296506
data/raw/scbasecount_2026_01_12_human/h5ad/SRX11515805.h5ad	4838786	72e4f7ba51a37e3f66e620f61736a237f8f878fa31d55ace6db9dd0a15964de6	yes	downloaded	https://storage.googleapis.com/arc-institute-virtual-cell-atlas/scbasecount/2026-01-12/h5ad/GeneFull_Ex50pAS/Homo_sapiens/SRX11515805.h5ad?generation=1770409826426738
data/raw/scbasecount_2026_01_12_human/h5ad/SRX9426290.h5ad	231970356	aba818be797ecd9f46916ba45047f2711eb7dd1eb6cfd5ae68995425590535e6	yes	downloaded	https://storage.googleapis.com/arc-institute-virtual-cell-atlas/scbasecount/2026-01-12/h5ad/GeneFull_Ex50pAS/Homo_sapiens/SRX9426290.h5ad?generation=1770409808821707
data/raw/scbasecount_2026_01_12_human/h5ad/SRX8949641.h5ad	122772682	d65d9c77877ab51fe170b4168600ece775bf75678ac5bce82eb24da65405823d	yes	downloaded	https://storage.googleapis.com/arc-institute-virtual-cell-atlas/scbasecount/2026-01-12/h5ad/GeneFull_Ex50pAS/Homo_sapiens/SRX8949641.h5ad?generation=1770409809317227
data/raw/scbasecount_2026_01_12_human/h5ad/SRX17578513.h5ad	56710566	08861798f52b4a2227c8e118a1a9671bac4f1038c5e3f5ece3e036e59d76e719	yes	downloaded	https://storage.googleapis.com/arc-institute-virtual-cell-atlas/scbasecount/2026-01-12/h5ad/GeneFull_Ex50pAS/Homo_sapiens/SRX17578513.h5ad?generation=1770409816539284
data/raw/scbasecount_2026_01_12_human/h5ad/SRX25852478.h5ad	41922807	41b54c72a433e06ceb22f09eee93c35413c2973e0ea3b72632da7ab92566094b	yes	downloaded	https://storage.googleapis.com/arc-institute-virtual-cell-atlas/scbasecount/2026-01-12/h5ad/GeneFull_Ex50pAS/Homo_sapiens/SRX25852478.h5ad?generation=1770409805378795
data/raw/scbasecount_2026_01_12_human/h5ad/SRX18201498.h5ad	191730939	c40ffd9d6502f1e2ef2c0f0e1a62436636fae2dddc1f1a8cade7b97d4c053dd6	yes	downloaded	https://storage.googleapis.com/arc-institute-virtual-cell-atlas/scbasecount/2026-01-12/h5ad/GeneFull_Ex50pAS/Homo_sapiens/SRX18201498.h5ad?generation=1770409824226175
data/raw/scbasecount_2026_01_12_human/h5ad/SRX8998543.h5ad	101800924	b090a70ab5715ae35476b3d7d4832ea9274e3a6b2e1ca622ba1cdc8bbd4787db	yes	downloaded	https://storage.googleapis.com/arc-institute-virtual-cell-atlas/scbasecount/2026-01-12/h5ad/GeneFull_Ex50pAS/Homo_sapiens/SRX8998543.h5ad?generation=1770409805362083
data/raw/scbasecount_2026_01_12_human/h5ad/SRX27449505.h5ad	5446388	62cb9d57b4839dc310d83dcaaebed870fd550a61434a976f10ba0f4222467317	yes	downloaded	https://storage.googleapis.com/arc-institute-virtual-cell-atlas/scbasecount/2026-01-12/h5ad/GeneFull_Ex50pAS/Homo_sapiens/SRX27449505.h5ad?generation=1770409803310387
data/raw/scbasecount_2026_01_12_human/h5ad/SRX26161103.h5ad	71743170	84a2c7defeadd28594dd767af100e89d5922f980f3248268a1a5385f8c04bff3	yes	downloaded	https://storage.googleapis.com/arc-institute-virtual-cell-atlas/scbasecount/2026-01-12/h5ad/GeneFull_Ex50pAS/Homo_sapiens/SRX26161103.h5ad?generation=1770409804733292
data/raw/scbasecount_2026_01_12_human/h5ad/SRX27449494.h5ad	3968748	da52c89d36e4aa1f2bbad89643d50871324d326b3b0002bbdf7f08509cd36659	yes	downloaded	https://storage.googleapis.com/arc-institute-virtual-cell-atlas/scbasecount/2026-01-12/h5ad/GeneFull_Ex50pAS/Homo_sapiens/SRX27449494.h5ad?generation=1770409802235863
data/raw/scbasecount_2026_01_12_human/h5ad/SRX18306187.h5ad	203939941	a98c6a053d27ab296b7c863db959753e0304d33bb1363c4552a0230a141a21a5	yes	downloaded	https://storage.googleapis.com/arc-institute-virtual-cell-atlas/scbasecount/2026-01-12/h5ad/GeneFull_Ex50pAS/Homo_sapiens/SRX18306187.h5ad?generation=1770409821095047
data/raw/scbasecount_2026_01_12_human/h5ad/SRX27878531.h5ad	88333794	1d151eaaf04a933c35e04cc5e4d4877dfdd1ec28bc320252e1aecdab02c0ef9f	yes	downloaded	https://storage.googleapis.com/arc-institute-virtual-cell-atlas/scbasecount/2026-01-12/h5ad/GeneFull_Ex50pAS/Homo_sapiens/SRX27878531.h5ad?generation=1770409824093442
data/raw/scbasecount_2026_01_12_human/h5ad/SRX27449493.h5ad	5489352	a6296f94ae62ed12ef51489b64f1b9fd6f3fd8db7c1022c7a5faa5cce85dcf80	yes	downloaded	https://storage.googleapis.com/arc-institute-virtual-cell-atlas/scbasecount/2026-01-12/h5ad/GeneFull_Ex50pAS/Homo_sapiens/SRX27449493.h5ad?generation=1770409802414917
data/raw/scbasecount_2026_01_12_human/h5ad/SRX27878521.h5ad	144811802	4d646423dd98f94e24a9d9090fed8bd0ebd5ccc28c0bb3b422333ad605efa322	yes	downloaded	https://storage.googleapis.com/arc-institute-virtual-cell-atlas/scbasecount/2026-01-12/h5ad/GeneFull_Ex50pAS/Homo_sapiens/SRX27878521.h5ad?generation=1770409806005505
data/raw/scbasecount_2026_01_12_human/h5ad/SRX28971813.h5ad	361296226	8b0ae1ceb156c12b77938aeddb0b0d21297dfe8315c49b7d1715103498a1d9e0	yes	downloaded	https://storage.googleapis.com/arc-institute-virtual-cell-atlas/scbasecount/2026-01-12/h5ad/GeneFull_Ex50pAS/Homo_sapiens/SRX28971813.h5ad?generation=1770409815959875
data/raw/scbasecount_2026_01_12_human/h5ad/SRX13181629.h5ad	15766796	a972242ab408089ea633a927487381835a76300e1c37edca872f622b72797d31	yes	downloaded	https://storage.googleapis.com/arc-institute-virtual-cell-atlas/scbasecount/2026-01-12/h5ad/GeneFull_Ex50pAS/Homo_sapiens/SRX13181629.h5ad?generation=1770409825650181
data/raw/scbasecount_2026_01_12_human/h5ad/SRX27878553.h5ad	136656646	8a95012c978ff7b25da190ea4b96cf8fd4d96be98578a833724f84df5f22208d	yes	downloaded	https://storage.googleapis.com/arc-institute-virtual-cell-atlas/scbasecount/2026-01-12/h5ad/GeneFull_Ex50pAS/Homo_sapiens/SRX27878553.h5ad?generation=1770409808121775
data/raw/scbasecount_2026_01_12_human/h5ad/SRX11523668.h5ad	89210900	764ab68e55ae5a0099ebab36913c3cc8dfec6991b642109e448095d248af2d80	yes	downloaded	https://storage.googleapis.com/arc-institute-virtual-cell-atlas/scbasecount/2026-01-12/h5ad/GeneFull_Ex50pAS/Homo_sapiens/SRX11523668.h5ad?generation=1770409831034789
data/raw/scbasecount_2026_01_12_human/h5ad/SRX7112675.h5ad	10418242	7c72085953eb6764cf297f35e2e0a3108d88a097ac9f201319474131f7fd22db	yes	downloaded	https://storage.googleapis.com/arc-institute-virtual-cell-atlas/scbasecount/2026-01-12/h5ad/GeneFull_Ex50pAS/Homo_sapiens/SRX7112675.h5ad?generation=1770409804139552
data/raw/scbasecount_2026_01_12_human/h5ad/SRX9075310.h5ad	70982872	b0e3d4e9fab55f5f7dc77b6e93580061abab5cd3ba58544025fec2cc36edc643	yes	downloaded	https://storage.googleapis.com/arc-institute-virtual-cell-atlas/scbasecount/2026-01-12/h5ad/GeneFull_Ex50pAS/Homo_sapiens/SRX9075310.h5ad?generation=1770409803393232
data/raw/scbasecount_2026_01_12_human/h5ad/SRX14767854.h5ad	161974256	3a5634793cf0b19528ead51cd51ad99d92b9e15652a5a8f6829b065c092b9ee1	yes	downloaded	https://storage.googleapis.com/arc-institute-virtual-cell-atlas/scbasecount/2026-01-12/h5ad/GeneFull_Ex50pAS/Homo_sapiens/SRX14767854.h5ad?generation=1770409831846816
data/raw/scbasecount_2026_01_12_human/h5ad/SRX24312786.h5ad	116612861	af10c771cf526f54f0fd00c42716618a538c8b0c717979f886cbad593fb42114	yes	downloaded	https://storage.googleapis.com/arc-institute-virtual-cell-atlas/scbasecount/2026-01-12/h5ad/GeneFull_Ex50pAS/Homo_sapiens/SRX24312786.h5ad?generation=1770409806206669
data/raw/scbasecount_2026_01_12_human/h5ad/SRX13325092.h5ad	146762136	d53de9ca3d66a9a96e734d4ba5d3ab8cdad5f6479bf1edb978626ac8186f665d	yes	downloaded	https://storage.googleapis.com/arc-institute-virtual-cell-atlas/scbasecount/2026-01-12/h5ad/GeneFull_Ex50pAS/Homo_sapiens/SRX13325092.h5ad?generation=1770409830296289
data/raw/scbasecount_2026_01_12_human/h5ad/ERX11760593.h5ad	517957403	f375e12c8a615581ce0638e607c83a516c4f1135d04980af74166a95a1aa97d3	yes	downloaded	https://storage.googleapis.com/arc-institute-virtual-cell-atlas/scbasecount/2026-01-12/h5ad/GeneFull_Ex50pAS/Homo_sapiens/ERX11760593.h5ad?generation=1770409844560432
data/raw/scbasecount_2026_01_12_human/h5ad/SRX28965196.h5ad	463595161	d7663d5bede4e06f8facdee981be10d337678d7e58377b9508a42450a206a1f4	yes	downloaded	https://storage.googleapis.com/arc-institute-virtual-cell-atlas/scbasecount/2026-01-12/h5ad/GeneFull_Ex50pAS/Homo_sapiens/SRX28965196.h5ad?generation=1770409818362201
data/raw/scbasecount_2026_01_12_human/h5ad/SRX14840545.h5ad	33796076	d3c62055e68c9db17c91996c58a0fa95c3cf345b89967efa6dfc7e1cb8920aa4	yes	downloaded	https://storage.googleapis.com/arc-institute-virtual-cell-atlas/scbasecount/2026-01-12/h5ad/GeneFull_Ex50pAS/Homo_sapiens/SRX14840545.h5ad?generation=1770409826265333
data/raw/scbasecount_2026_01_12_human/h5ad/SRX21048010.h5ad	234651345	6a814d40124a8e8256b50f5ef661ce7c66ed3b243a0767750ea9beb33f2cf3e8	yes	downloaded	https://storage.googleapis.com/arc-institute-virtual-cell-atlas/scbasecount/2026-01-12/h5ad/GeneFull_Ex50pAS/Homo_sapiens/SRX21048010.h5ad?generation=1770409822861968
data/raw/scbasecount_2026_01_12_human/h5ad/SRX15631137.h5ad	2938074	0a1db8971b335c719f0ba3f9a0a1c90beed425ef220f25b17a14638090164981	yes	downloaded	https://storage.googleapis.com/arc-institute-virtual-cell-atlas/scbasecount/2026-01-12/h5ad/GeneFull_Ex50pAS/Homo_sapiens/SRX15631137.h5ad?generation=1770409815538257
data/raw/scbasecount_2026_01_12_human/h5ad/SRX10667310.h5ad	5169969	5bbf87115d71b6590828012267af9f4e2a92f3c80b2b21492bbd3a457cdb994e	yes	downloaded	https://storage.googleapis.com/arc-institute-virtual-cell-atlas/scbasecount/2026-01-12/h5ad/GeneFull_Ex50pAS/Homo_sapiens/SRX10667310.h5ad?generation=1770409826571247
data/raw/scbasecount_2026_01_12_human/h5ad/SRX25998053.h5ad	192040548	1eae0d0101be70dec6ab4e166aa8adc27d45f43f1b362b7143fd7246e2ef5f3f	yes	downloaded	https://storage.googleapis.com/arc-institute-virtual-cell-atlas/scbasecount/2026-01-12/h5ad/GeneFull_Ex50pAS/Homo_sapiens/SRX25998053.h5ad?generation=1770409811306250
data/raw/scbasecount_2026_01_12_human/h5ad/SRX11896350.h5ad	4974572	592c4346041889c2fcffc11126e97630d9281ec97b3eccc194f5bce5f07e9064	yes	downloaded	https://storage.googleapis.com/arc-institute-virtual-cell-atlas/scbasecount/2026-01-12/h5ad/GeneFull_Ex50pAS/Homo_sapiens/SRX11896350.h5ad?generation=1770409825587428
data/raw/scbasecount_2026_01_12_human/h5ad/SRX27995726.h5ad	4028767	390f20dfeae37c95138edd942ef439df1cfa55e54e578593bae4b5c3c2d6adf1	yes	downloaded	https://storage.googleapis.com/arc-institute-virtual-cell-atlas/scbasecount/2026-01-12/h5ad/GeneFull_Ex50pAS/Homo_sapiens/SRX27995726.h5ad?generation=1770409802836176
data/raw/scbasecount_2026_01_12_human/h5ad/SRX10681561.h5ad	242582803	ae2c852b0144f93d7fe67f8cf8f4df7c4b6eb3797abbb1f527fc856aa107a3c8	yes	downloaded	https://storage.googleapis.com/arc-institute-virtual-cell-atlas/scbasecount/2026-01-12/h5ad/GeneFull_Ex50pAS/Homo_sapiens/SRX10681561.h5ad?generation=1770409833572500
data/raw/scbasecount_2026_01_12_human/h5ad/SRX20598025.h5ad	153372651	3aeb5dabad991a82f27ba48e7c277b7b817ec85d394048c215037e68c7d24bb3	yes	downloaded	https://storage.googleapis.com/arc-institute-virtual-cell-atlas/scbasecount/2026-01-12/h5ad/GeneFull_Ex50pAS/Homo_sapiens/SRX20598025.h5ad?generation=1770409821742897
data/raw/scbasecount_2026_01_12_human/h5ad/SRX9276318.h5ad	95296235	7a0621da1c7a2753b706930f7f4e3b35bae758d792c1f5a2254eabeb42f9a0b1	yes	downloaded	https://storage.googleapis.com/arc-institute-virtual-cell-atlas/scbasecount/2026-01-12/h5ad/GeneFull_Ex50pAS/Homo_sapiens/SRX9276318.h5ad?generation=1770409804101975
data/raw/scbasecount_2026_01_12_human/h5ad/SRX7099012.h5ad	90098476	d4be21998e50ed0d1d9625bcc522227f53fd1bc7005172f7b8b1003cc71b6f5b	yes	downloaded	https://storage.googleapis.com/arc-institute-virtual-cell-atlas/scbasecount/2026-01-12/h5ad/GeneFull_Ex50pAS/Homo_sapiens/SRX7099012.h5ad?generation=1770409804017043
data/raw/scbasecount_2026_01_12_human/h5ad/SRX15830709.h5ad	236131602	64a8cc88f39cfc6b97ccf47a5d6782358d6fd90001f7832106d57893a7f24a39	yes	downloaded	https://storage.googleapis.com/arc-institute-virtual-cell-atlas/scbasecount/2026-01-12/h5ad/GeneFull_Ex50pAS/Homo_sapiens/SRX15830709.h5ad?generation=1770409821712525
data/raw/scbasecount_2026_01_12_human/h5ad/SRX15830707.h5ad	191174863	1afafa542b2c28cae085869663d58815762489ed4d5b7ba7943f81870689f808	yes	downloaded	https://storage.googleapis.com/arc-institute-virtual-cell-atlas/scbasecount/2026-01-12/h5ad/GeneFull_Ex50pAS/Homo_sapiens/SRX15830707.h5ad?generation=1770409820541235
data/raw/scbasecount_2026_01_12_human/h5ad/SRX15182491.h5ad	27623406	b7336eb7eace51e0582e58d87ffc7f8f10c501dd5b484efe20f346b7336395c0	yes	downloaded	https://storage.googleapis.com/arc-institute-virtual-cell-atlas/scbasecount/2026-01-12/h5ad/GeneFull_Ex50pAS/Homo_sapiens/SRX15182491.h5ad?generation=1770409827143016
data/raw/scbasecount_2026_01_12_human/h5ad/ERX8791996.h5ad	6231581	393194afb5b19f9c257399c4e4df08af1e62937db954912ddee9f992d69bd9a5	yes	downloaded	https://storage.googleapis.com/arc-institute-virtual-cell-atlas/scbasecount/2026-01-12/h5ad/GeneFull_Ex50pAS/Homo_sapiens/ERX8791996.h5ad?generation=1770409826290168
data/raw/scbasecount_2026_01_12_human/h5ad/SRX24149507.h5ad	12099197	70f1ff8cb6a1c93d884bcc533bd9b260d63b92e43431b6ffd48f1d7a03e9ca05	yes	downloaded	https://storage.googleapis.com/arc-institute-virtual-cell-atlas/scbasecount/2026-01-12/h5ad/GeneFull_Ex50pAS/Homo_sapiens/SRX24149507.h5ad?generation=1770409802825762
data/raw/scbasecount_2026_01_12_human/h5ad/SRX9710081.h5ad	304980968	6d2321c14ab4471fd7ae30412f472339c4f10aaea665762261c435b290a2c087	yes	downloaded	https://storage.googleapis.com/arc-institute-virtual-cell-atlas/scbasecount/2026-01-12/h5ad/GeneFull_Ex50pAS/Homo_sapiens/SRX9710081.h5ad?generation=1770409810463922
data/raw/scbasecount_2026_01_12_human/h5ad/SRX8999174.h5ad	39875811	28a2e6688d14b07fbf31f72bb4373917758db91b6a3036c0658110fd618d32f1	yes	downloaded	https://storage.googleapis.com/arc-institute-virtual-cell-atlas/scbasecount/2026-01-12/h5ad/GeneFull_Ex50pAS/Homo_sapiens/SRX8999174.h5ad?generation=1770409810684884
data/raw/scbasecount_2026_01_12_human/h5ad/SRX9651833.h5ad	111106031	84ec1cccbd0764a3c1f94670d6488c0b3038e5bac018f338090a9585cd9b65f4	yes	downloaded	https://storage.googleapis.com/arc-institute-virtual-cell-atlas/scbasecount/2026-01-12/h5ad/GeneFull_Ex50pAS/Homo_sapiens/SRX9651833.h5ad?generation=1770409808811266
data/raw/scbasecount_2026_01_12_human/h5ad/SRX9628600.h5ad	381969849	2f5a869e6c3a3d52a6a72178367e247ddf0d3509fec750fd104d890c05b50b26	yes	downloaded	https://storage.googleapis.com/arc-institute-virtual-cell-atlas/scbasecount/2026-01-12/h5ad/GeneFull_Ex50pAS/Homo_sapiens/SRX9628600.h5ad?generation=1770409814738878
data/raw/scbasecount_2026_01_12_human/h5ad/ERX8792131.h5ad	158133932	84cd6c27a8e7eb6ab3c88a2c79b7bd78d72f2eb5d9a131ea06247d380a924ac0	yes	downloaded	https://storage.googleapis.com/arc-institute-virtual-cell-atlas/scbasecount/2026-01-12/h5ad/GeneFull_Ex50pAS/Homo_sapiens/ERX8792131.h5ad?generation=1770409829218006
data/raw/scbasecount_2026_01_12_human/h5ad/SRX9212187.h5ad	98917037	5bdac251ab3c64ce2890b9914a92bb82b6f5513b047a081532c67ce52b714099	yes	downloaded	https://storage.googleapis.com/arc-institute-virtual-cell-atlas/scbasecount/2026-01-12/h5ad/GeneFull_Ex50pAS/Homo_sapiens/SRX9212187.h5ad?generation=1770409805423536
data/raw/scbasecount_2026_01_12_human/h5ad/SRX9632583.h5ad	273569810	01fdfc6892d12df5af98917f19afe687968865e074e0cf9723604902db48d653	yes	downloaded	https://storage.googleapis.com/arc-institute-virtual-cell-atlas/scbasecount/2026-01-12/h5ad/GeneFull_Ex50pAS/Homo_sapiens/SRX9632583.h5ad?generation=1770409807641952
data/raw/scbasecount_2026_01_12_human/h5ad/SRX27560377.h5ad	402297841	3acb9626a680e82b301bb17256b292c71e7b27b33b91881e36bcf4c5807083c4	yes	downloaded	https://storage.googleapis.com/arc-institute-virtual-cell-atlas/scbasecount/2026-01-12/h5ad/GeneFull_Ex50pAS/Homo_sapiens/SRX27560377.h5ad?generation=1770409819537846
data/raw/scbasecount_2026_01_12_human/h5ad/SRX17937427.h5ad	123489178	ea7c5d4386156c6b3c0633b03c36eef119ad2966e72c540dfc3a3bce5129a61f	yes	downloaded	https://storage.googleapis.com/arc-institute-virtual-cell-atlas/scbasecount/2026-01-12/h5ad/GeneFull_Ex50pAS/Homo_sapiens/SRX17937427.h5ad?generation=1770409826755711
data/raw/scbasecount_2026_01_12_human/h5ad/SRX23355842.h5ad	250670374	8e7e2a8a13a60044a51aad2883b9ec4bf4696185609003d9366851456e9ca310	yes	downloaded	https://storage.googleapis.com/arc-institute-virtual-cell-atlas/scbasecount/2026-01-12/h5ad/GeneFull_Ex50pAS/Homo_sapiens/SRX23355842.h5ad?generation=1770409819525084
data/raw/scbasecount_2026_01_12_human/h5ad/SRX21075783.h5ad	236819538	3da754a69cb8e8b7c076424c10dd2ebee710237e60be4f1a53d26cccb5aa7bd6	yes	downloaded	https://storage.googleapis.com/arc-institute-virtual-cell-atlas/scbasecount/2026-01-12/h5ad/GeneFull_Ex50pAS/Homo_sapiens/SRX21075783.h5ad?generation=1770409836781551
data/raw/scbasecount_2026_01_12_human/h5ad/ERX8792002.h5ad	80910646	5f430144e8f96a7260eb28b4b7bd67518c60adb781a29c526b409618b51f32fb	yes	downloaded	https://storage.googleapis.com/arc-institute-virtual-cell-atlas/scbasecount/2026-01-12/h5ad/GeneFull_Ex50pAS/Homo_sapiens/ERX8792002.h5ad?generation=1770409830393776
data/raw/scbasecount_2026_01_12_human/h5ad/SRX13814623.h5ad	3175201	2ed783d46f9b89d70c125d22a7902a67bbd1ac18f28a1364431a12147f5fa045	yes	downloaded	https://storage.googleapis.com/arc-institute-virtual-cell-atlas/scbasecount/2026-01-12/h5ad/GeneFull_Ex50pAS/Homo_sapiens/SRX13814623.h5ad?generation=1770409826051564
data/raw/scbasecount_2026_01_12_human/h5ad/SRX9058187.h5ad	31393965	f865d852ed642f039bf556deece085f1261e47c4e202cf6e245e657cfba5e10d	yes	downloaded	https://storage.googleapis.com/arc-institute-virtual-cell-atlas/scbasecount/2026-01-12/h5ad/GeneFull_Ex50pAS/Homo_sapiens/SRX9058187.h5ad?generation=1770409804282331
data/raw/scbasecount_2026_01_12_human/h5ad/ERX8792003.h5ad	4048052	901f292a4c23d3f7d50fa1645da138b6ef2bddc8e74148b0d77e58d935776ac9	yes	downloaded	https://storage.googleapis.com/arc-institute-virtual-cell-atlas/scbasecount/2026-01-12/h5ad/GeneFull_Ex50pAS/Homo_sapiens/ERX8792003.h5ad?generation=1770409826601190
data/raw/scbasecount_2026_01_12_human/h5ad/SRX11523461.h5ad	79042977	bfb03defa431a9eb16df390cefc9b099293c5ddc284fb3c2c8590be4a7624405	yes	downloaded	https://storage.googleapis.com/arc-institute-virtual-cell-atlas/scbasecount/2026-01-12/h5ad/GeneFull_Ex50pAS/Homo_sapiens/SRX11523461.h5ad?generation=1770409831416878
data/raw/scbasecount_2026_01_12_human/h5ad/SRX13684839.h5ad	304630892	60c33a49f3769c6793724c8faf9fda50eee1cc26ef8adc42a308a483f6de2e18	yes	downloaded	https://storage.googleapis.com/arc-institute-virtual-cell-atlas/scbasecount/2026-01-12/h5ad/GeneFull_Ex50pAS/Homo_sapiens/SRX13684839.h5ad?generation=1770409835065154
data/raw/scbasecount_2026_01_12_human/h5ad/ERX11148780.h5ad	122548249	b111d4eca10764d8bff2ae6c6e44da6e9332b81ad9b57c9b6fc55757bbfe3f2d	yes	downloaded	https://storage.googleapis.com/arc-institute-virtual-cell-atlas/scbasecount/2026-01-12/h5ad/GeneFull_Ex50pAS/Homo_sapiens/ERX11148780.h5ad?generation=1770409830313988
data/raw/scbasecount_2026_01_12_human/h5ad/SRX10359211.h5ad	98631712	3af34e46a3e4421e9e11754e5ce7b71587a950f86836ec95b03b6c6be4c76c03	yes	downloaded	https://storage.googleapis.com/arc-institute-virtual-cell-atlas/scbasecount/2026-01-12/h5ad/GeneFull_Ex50pAS/Homo_sapiens/SRX10359211.h5ad?generation=1770409828606368
data/raw/scbasecount_2026_01_12_human/h5ad/ERX11148766.h5ad	108456089	79c1c3c5dcc6ac6cecf9b7e93f7633875127e521b6c8440fda2e32c1060614bb	yes	downloaded	https://storage.googleapis.com/arc-institute-virtual-cell-atlas/scbasecount/2026-01-12/h5ad/GeneFull_Ex50pAS/Homo_sapiens/ERX11148766.h5ad?generation=1770409885705017
data/raw/scbasecount_2026_01_12_human/h5ad/SRX27878530.h5ad	304096304	a32ce7a40159b5d44ff5d045816b72f5c655269281a541e9abedadad468378af	yes	downloaded	https://storage.googleapis.com/arc-institute-virtual-cell-atlas/scbasecount/2026-01-12/h5ad/GeneFull_Ex50pAS/Homo_sapiens/SRX27878530.h5ad?generation=1770409813174415
data/raw/scbasecount_2026_01_12_human/h5ad/ERX11760601.h5ad	314629186	624d4f12ac91ee50aa0d76046b70f45eb3787e53b7d3931205e180e21e84607c	yes	downloaded	https://storage.googleapis.com/arc-institute-virtual-cell-atlas/scbasecount/2026-01-12/h5ad/GeneFull_Ex50pAS/Homo_sapiens/ERX11760601.h5ad?generation=1770409836769444
data/raw/scbasecount_2026_01_12_human/h5ad/ERX8791938.h5ad	86526984	a96c085dcc0e9c0a8dc1528dfc4c61dc15866d91368991bda707c2b2d91849d7	yes	downloaded	https://storage.googleapis.com/arc-institute-virtual-cell-atlas/scbasecount/2026-01-12/h5ad/GeneFull_Ex50pAS/Homo_sapiens/ERX8791938.h5ad?generation=1770409827777809
data/raw/scbasecount_2026_01_12_human/h5ad/SRX9665024.h5ad	122007553	058216ec6630b90c37d2becd77f366dfbd8e3e32e51987939b2262d7081a64ed	yes	downloaded	https://storage.googleapis.com/arc-institute-virtual-cell-atlas/scbasecount/2026-01-12/h5ad/GeneFull_Ex50pAS/Homo_sapiens/SRX9665024.h5ad?generation=1770409804135682
data/raw/scbasecount_2026_01_12_human/h5ad/SRX28971817.h5ad	183643959	83446d44b92671a18563fd53537d5f4330f0e39be8eb14545de06b6a9f908661	yes	downloaded	https://storage.googleapis.com/arc-institute-virtual-cell-atlas/scbasecount/2026-01-12/h5ad/GeneFull_Ex50pAS/Homo_sapiens/SRX28971817.h5ad?generation=1770409815193608
data/raw/scbasecount_2026_01_12_human/h5ad/SRX14284300.h5ad	92978804	00b844e868ed8114a72192831a6bde64fdb00b635cc3289293ac9f9d88a0287c	yes	downloaded	https://storage.googleapis.com/arc-institute-virtual-cell-atlas/scbasecount/2026-01-12/h5ad/GeneFull_Ex50pAS/Homo_sapiens/SRX14284300.h5ad?generation=1770409829892312
data/raw/scbasecount_2026_01_12_human/h5ad/SRX24836440.h5ad	54538779	60dc4b173b9b8d7757b8f076644f4869076e6d6cdcde551db6d30d31300ae4d1	yes	downloaded	https://storage.googleapis.com/arc-institute-virtual-cell-atlas/scbasecount/2026-01-12/h5ad/GeneFull_Ex50pAS/Homo_sapiens/SRX24836440.h5ad?generation=1770409803976020
data/raw/scbasecount_2026_01_12_human/h5ad/SRX19639301.h5ad	197714591	0e33ad3a7983b47f2d899057b9660f9f067ea4a26847a960af0bfcfb4825be24	yes	downloaded	https://storage.googleapis.com/arc-institute-virtual-cell-atlas/scbasecount/2026-01-12/h5ad/GeneFull_Ex50pAS/Homo_sapiens/SRX19639301.h5ad?generation=1770409820702845
data/raw/scbasecount_2026_01_12_human/h5ad/SRX25202874.h5ad	199837424	87e4bb17ec87c044625f07fcb8ed29fefd82ce1ff5ed1feacb2fe79e9c8de6e2	yes	downloaded	https://storage.googleapis.com/arc-institute-virtual-cell-atlas/scbasecount/2026-01-12/h5ad/GeneFull_Ex50pAS/Homo_sapiens/SRX25202874.h5ad?generation=1770409806726075
data/raw/scbasecount_2026_01_12_human/h5ad/SRX17239450.h5ad	91658403	2fb0a5e46f231517a281cda56b07e1a79569775b49799ecedf71b7989d6b7670	yes	downloaded	https://storage.googleapis.com/arc-institute-virtual-cell-atlas/scbasecount/2026-01-12/h5ad/GeneFull_Ex50pAS/Homo_sapiens/SRX17239450.h5ad?generation=1770409815532233
data/raw/scbasecount_2026_01_12_human/h5ad/SRX17033047.h5ad	79610636	855734ce9923868c44cd2244c8cf6359cfe4dbd3d6347a6ba44618c54b7ee695	yes	downloaded	https://storage.googleapis.com/arc-institute-virtual-cell-atlas/scbasecount/2026-01-12/h5ad/GeneFull_Ex50pAS/Homo_sapiens/SRX17033047.h5ad?generation=1770409824662394
data/raw/scbasecount_2026_01_12_human/h5ad/SRX8530543.h5ad	37522305	1e555e0a51394c75c6ab83d1c7cd195bbaa437e668c6d9f78263f9ea4a8e106d	yes	downloaded	https://storage.googleapis.com/arc-institute-virtual-cell-atlas/scbasecount/2026-01-12/h5ad/GeneFull_Ex50pAS/Homo_sapiens/SRX8530543.h5ad?generation=1770409803118571
data/raw/scbasecount_2026_01_12_human/h5ad/SRX17033059.h5ad	158411222	1cbc2e9330b421f9f6d02c96e7240e9dc0a9f6a6c314de16639831c68ee8f6bd	yes	downloaded	https://storage.googleapis.com/arc-institute-virtual-cell-atlas/scbasecount/2026-01-12/h5ad/GeneFull_Ex50pAS/Homo_sapiens/SRX17033059.h5ad?generation=1770409818343443
data/raw/scbasecount_2026_01_12_human/h5ad/SRX9058150.h5ad	29476988	e3e5ca439df25e362590a0b91523e2cfe94cd45c044a8fa71f8151f06a7cdc09	yes	downloaded	https://storage.googleapis.com/arc-institute-virtual-cell-atlas/scbasecount/2026-01-12/h5ad/GeneFull_Ex50pAS/Homo_sapiens/SRX9058150.h5ad?generation=1770409808233255
data/raw/scbasecount_2026_01_12_human/h5ad/ERX11900559.h5ad	81738842	d016c776a95d0ddb4f6c9885a186a3141544864d6e643586bfb3631cb737e55d	yes	downloaded	https://storage.googleapis.com/arc-institute-virtual-cell-atlas/scbasecount/2026-01-12/h5ad/GeneFull_Ex50pAS/Homo_sapiens/ERX11900559.h5ad?generation=1770409828880799
data/raw/scbasecount_2026_01_12_human/h5ad/SRX15317090.h5ad	180416236	b9d23904789bdefb63e870e932ed89b3672080da5828e0d3b564f72910e66144	yes	downloaded	https://storage.googleapis.com/arc-institute-virtual-cell-atlas/scbasecount/2026-01-12/h5ad/GeneFull_Ex50pAS/Homo_sapiens/SRX15317090.h5ad?generation=1770409832214761
data/raw/scbasecount_2026_01_12_human/h5ad/SRX14335998.h5ad	19680763	049833648f2484005b24c66a86d3bd27526a7ac2509ef3aac68597049d82a818	yes	downloaded	https://storage.googleapis.com/arc-institute-virtual-cell-atlas/scbasecount/2026-01-12/h5ad/GeneFull_Ex50pAS/Homo_sapiens/SRX14335998.h5ad?generation=1770409826130001
data/raw/scbasecount_2026_01_12_human/h5ad/SRX20672220.h5ad	106395709	25fd659c80f5d22caa2e5ccf210a381a8c4e536dda0eccc5eecf729e9a3a6b2b	yes	downloaded	https://storage.googleapis.com/arc-institute-virtual-cell-atlas/scbasecount/2026-01-12/h5ad/GeneFull_Ex50pAS/Homo_sapiens/SRX20672220.h5ad?generation=1770409817375200
data/raw/scbasecount_2026_01_12_human/h5ad/SRX19103444.h5ad	135422903	aa3a2a52ee779a29aff68215a6511f9a3e347195ec192297fd783a2397fd289e	yes	downloaded	https://storage.googleapis.com/arc-institute-virtual-cell-atlas/scbasecount/2026-01-12/h5ad/GeneFull_Ex50pAS/Homo_sapiens/SRX19103444.h5ad?generation=1770409823439594
data/raw/scbasecount_2026_01_12_human/h5ad/SRX12177177.h5ad	35123308	33b5cf85546e2a6ff821c925ef521fb53c5d9a40102476eae7be097a2a5b533b	yes	downloaded	https://storage.googleapis.com/arc-institute-virtual-cell-atlas/scbasecount/2026-01-12/h5ad/GeneFull_Ex50pAS/Homo_sapiens/SRX12177177.h5ad?generation=1770409828702172
data/raw/scbasecount_2026_01_12_human/h5ad/SRX24763710.h5ad	10789458	f72297026c41aa9013e3dbacae008358f4056639716b61966b618bd46e5a1148	yes	downloaded	https://storage.googleapis.com/arc-institute-virtual-cell-atlas/scbasecount/2026-01-12/h5ad/GeneFull_Ex50pAS/Homo_sapiens/SRX24763710.h5ad?generation=1770409801993787
data/raw/scbasecount_2026_01_12_human/h5ad/SRX19050193.h5ad	111111906	be60e728ea05ab0c760f04ad491fe5fe56735347f45648cb3df3ee2ebd1f13d9	yes	downloaded	https://storage.googleapis.com/arc-institute-virtual-cell-atlas/scbasecount/2026-01-12/h5ad/GeneFull_Ex50pAS/Homo_sapiens/SRX19050193.h5ad?generation=1770409819909834
data/raw/scbasecount_2026_01_12_human/h5ad/SRX9834885.h5ad	39810916	e7f25ce33bd342163188f03e7ab65fb76003bff027bf2d7d411a4aa946c3f0ba	yes	downloaded	https://storage.googleapis.com/arc-institute-virtual-cell-atlas/scbasecount/2026-01-12/h5ad/GeneFull_Ex50pAS/Homo_sapiens/SRX9834885.h5ad?generation=1770409804054211
data/raw/scbasecount_2026_01_12_human/h5ad/SRX13304514.h5ad	101265030	8b5aa9bc3ff0c174dd9b844440fe9459aa53ba028c5447b555b4fdab0f780e37	yes	downloaded	https://storage.googleapis.com/arc-institute-virtual-cell-atlas/scbasecount/2026-01-12/h5ad/GeneFull_Ex50pAS/Homo_sapiens/SRX13304514.h5ad?generation=1770409830906335
data/raw/scbasecount_2026_01_12_human/h5ad/SRX6917525.h5ad	26605287	7bd8af6d63521274d339fd4bc6d69470e5ab7034902cb688a4cb75278bc39465	yes	downloaded	https://storage.googleapis.com/arc-institute-virtual-cell-atlas/scbasecount/2026-01-12/h5ad/GeneFull_Ex50pAS/Homo_sapiens/SRX6917525.h5ad?generation=1770409802213401
data/raw/scbasecount_2026_01_12_human/h5ad/SRX26332599.h5ad	110952211	b61d2cdf3acc72d684e0eac3a31e23260678aa09f25dcbebe79aa1fdabeef2e6	yes	downloaded	https://storage.googleapis.com/arc-institute-virtual-cell-atlas/scbasecount/2026-01-12/h5ad/GeneFull_Ex50pAS/Homo_sapiens/SRX26332599.h5ad?generation=1770409811097751
data/raw/scbasecount_2026_01_12_human/h5ad/SRX19298799.h5ad	131277614	d87c256fb118e3c5a71b329bd421bb1667925f4c88e3a07bc01ce1a442d27973	yes	downloaded	https://storage.googleapis.com/arc-institute-virtual-cell-atlas/scbasecount/2026-01-12/h5ad/GeneFull_Ex50pAS/Homo_sapiens/SRX19298799.h5ad?generation=1770409819160876
data/raw/scbasecount_2026_01_12_human/h5ad/SRX19103449.h5ad	194807342	16b7042969cf6225d015648777234b5b1a7c3d06340eeb6223a10c43206cc75a	yes	downloaded	https://storage.googleapis.com/arc-institute-virtual-cell-atlas/scbasecount/2026-01-12/h5ad/GeneFull_Ex50pAS/Homo_sapiens/SRX19103449.h5ad?generation=1770409834679768
data/raw/scbasecount_2026_01_12_human/h5ad/SRX16314798.h5ad	300160264	21ac1b3c0dac7568050fcd18ca0a16aa83c533d5b88e8a21c5e8826646b8bb8b	yes	downloaded	https://storage.googleapis.com/arc-institute-virtual-cell-atlas/scbasecount/2026-01-12/h5ad/GeneFull_Ex50pAS/Homo_sapiens/SRX16314798.h5ad?generation=1770409820720355
data/raw/scbasecount_2026_01_12_human/h5ad/SRX26081321.h5ad	378027918	a29f1c31ab2c6d175175dd3ba8fbd4915b5012f841739c5b2a987abc0dde01a3	yes	downloaded	https://storage.googleapis.com/arc-institute-virtual-cell-atlas/scbasecount/2026-01-12/h5ad/GeneFull_Ex50pAS/Homo_sapiens/SRX26081321.h5ad?generation=1770409889363124
data/raw/scbasecount_2026_01_12_human/h5ad/SRX26776868.h5ad	49652825	ba9cbd2e1fbf158e210fb82ef3bd1602f843e6d6d1aa278695dbb8737e4d2098	yes	downloaded	https://storage.googleapis.com/arc-institute-virtual-cell-atlas/scbasecount/2026-01-12/h5ad/GeneFull_Ex50pAS/Homo_sapiens/SRX26776868.h5ad?generation=1770409803467423
data/raw/scbasecount_2026_01_12_human/h5ad/SRX13703944.h5ad	7503871	74ad91e49bab21b9adef7f4be3163cebe730e1cd7a98ee5528a8ac9cbb0ee3ff	yes	downloaded	https://storage.googleapis.com/arc-institute-virtual-cell-atlas/scbasecount/2026-01-12/h5ad/GeneFull_Ex50pAS/Homo_sapiens/SRX13703944.h5ad?generation=1770409825507691
data/raw/scbasecount_2026_01_12_human/h5ad/SRX19050860.h5ad	171161973	4856e790d1e43d224426a822211f12b0bccf7df72a44036531ef32888bc6460c	yes	downloaded	https://storage.googleapis.com/arc-institute-virtual-cell-atlas/scbasecount/2026-01-12/h5ad/GeneFull_Ex50pAS/Homo_sapiens/SRX19050860.h5ad?generation=1770409823515757
data/raw/scbasecount_2026_01_12_human/h5ad/SRX16106235.h5ad	259140159	8715c5ac9e52e278473eeeeb62622bb05dff4cf3871e32eb8fadeeb27087bfc4	yes	downloaded	https://storage.googleapis.com/arc-institute-virtual-cell-atlas/scbasecount/2026-01-12/h5ad/GeneFull_Ex50pAS/Homo_sapiens/SRX16106235.h5ad?generation=1770409875631194
data/raw/scbasecount_2026_01_12_human/h5ad/SRX18511847.h5ad	84867717	0061cc5bf2efa1c5039ea11605c6ce87a7b1b45a4bb1463be9a49c2b7f477e13	yes	downloaded	https://storage.googleapis.com/arc-institute-virtual-cell-atlas/scbasecount/2026-01-12/h5ad/GeneFull_Ex50pAS/Homo_sapiens/SRX18511847.h5ad?generation=1770409818610848
data/raw/scbasecount_2026_01_12_human/h5ad/SRX8668247.h5ad	405470563	0ab38f28463a35d99a1bc54d8879fe016c8423d65d5dd1f06003064faf567a9f	yes	downloaded	https://storage.googleapis.com/arc-institute-virtual-cell-atlas/scbasecount/2026-01-12/h5ad/GeneFull_Ex50pAS/Homo_sapiens/SRX8668247.h5ad?generation=1770409812315586
data/raw/scbasecount_2026_01_12_human/h5ad/SRX9632947.h5ad	85905280	e2946cc902d4783b6a00d19087176e0395d0f6f3007335911d9c7893a56f61cd	yes	downloaded	https://storage.googleapis.com/arc-institute-virtual-cell-atlas/scbasecount/2026-01-12/h5ad/GeneFull_Ex50pAS/Homo_sapiens/SRX9632947.h5ad?generation=1770409807600865
data/raw/scbasecount_2026_01_12_human/h5ad/SRX26012152.h5ad	51174975	976b3915121011cc54ed357924feb770a424c0b1b9ea39b2d51fe478571f729f	yes	downloaded	https://storage.googleapis.com/arc-institute-virtual-cell-atlas/scbasecount/2026-01-12/h5ad/GeneFull_Ex50pAS/Homo_sapiens/SRX26012152.h5ad?generation=1770409802647502
data/raw/scbasecount_2026_01_12_human/h5ad/SRX23810064.h5ad	161782052	cfd731393fa0a93794a896efe1a69618971f9eb038d814aea9bea3c82387077f	yes	downloaded	https://storage.googleapis.com/arc-institute-virtual-cell-atlas/scbasecount/2026-01-12/h5ad/GeneFull_Ex50pAS/Homo_sapiens/SRX23810064.h5ad?generation=1770409822872643
data/raw/scbasecount_2026_01_12_human/h5ad/SRX26012146.h5ad	104669068	effbec35a4b9ebd1d7c6c37efec97972248b8b8c1ff95ac7d18f574e0e949540	yes	downloaded	https://storage.googleapis.com/arc-institute-virtual-cell-atlas/scbasecount/2026-01-12/h5ad/GeneFull_Ex50pAS/Homo_sapiens/SRX26012146.h5ad?generation=1770409804216900
data/raw/scbasecount_2026_01_12_human/h5ad/SRX18735830.h5ad	218256265	3612de73c5cb277c590455368926b0504c8db4f4c08c05bee28358760afd9220	yes	downloaded	https://storage.googleapis.com/arc-institute-virtual-cell-atlas/scbasecount/2026-01-12/h5ad/GeneFull_Ex50pAS/Homo_sapiens/SRX18735830.h5ad?generation=1770409823547085
data/raw/scbasecount_2026_01_12_human/h5ad/SRX23425668.h5ad	57802200	cfdb70dc1c4a1a4efd54086a0d95ff19db1d489ef5973738f715c4dfe106027a	yes	downloaded	https://storage.googleapis.com/arc-institute-virtual-cell-atlas/scbasecount/2026-01-12/h5ad/GeneFull_Ex50pAS/Homo_sapiens/SRX23425668.h5ad?generation=1770409815335027
data/raw/scbasecount_2026_01_12_human/h5ad/SRX14122112.h5ad	25455674	43a6ae29775ba2c8dfc20291f688513350ed507d3ddfc5986f2643c1b416836a	yes	downloaded	https://storage.googleapis.com/arc-institute-virtual-cell-atlas/scbasecount/2026-01-12/h5ad/GeneFull_Ex50pAS/Homo_sapiens/SRX14122112.h5ad?generation=1770409826561443
data/raw/scbasecount_2026_01_12_human/h5ad/SRX11515817.h5ad	3783195	bfa3a164da799c4f6ae0c31d6005fc3e49f8de3e69e0cef7c67d421d82b1b5be	yes	downloaded	https://storage.googleapis.com/arc-institute-virtual-cell-atlas/scbasecount/2026-01-12/h5ad/GeneFull_Ex50pAS/Homo_sapiens/SRX11515817.h5ad?generation=1770409825634420
data/raw/scbasecount_2026_01_12_human/h5ad/SRX7423407.h5ad	98668781	cf23c5a1e972d5e1b7ee84f8e19c486d1f022b87d535c91e1c31083d3b014a74	yes	downloaded	https://storage.googleapis.com/arc-institute-virtual-cell-atlas/scbasecount/2026-01-12/h5ad/GeneFull_Ex50pAS/Homo_sapiens/SRX7423407.h5ad?generation=1770409808522458
data/raw/scbasecount_2026_01_12_human/h5ad/SRX23386640.h5ad	98250141	4bbb89f4bb3b0f5cb5e6399a4f2b70067d6b471d93280930d1a321df017fe07f	yes	downloaded	https://storage.googleapis.com/arc-institute-virtual-cell-atlas/scbasecount/2026-01-12/h5ad/GeneFull_Ex50pAS/Homo_sapiens/SRX23386640.h5ad?generation=1770409819868776
data/raw/scbasecount_2026_01_12_human/h5ad/SRX21394905.h5ad	115137364	09820634fd486bf8153970e4d94e51b62e0385893903254b2aa1ab2c14b79122	yes	downloaded	https://storage.googleapis.com/arc-institute-virtual-cell-atlas/scbasecount/2026-01-12/h5ad/GeneFull_Ex50pAS/Homo_sapiens/SRX21394905.h5ad?generation=1770409818865963
data/raw/scbasecount_2026_01_12_human/h5ad/SRX15405022.h5ad	82405206	a2d81b98a1d4c7fd204b6e63a6c9de55ba040d85aa0b24e5d35739948c03c657	yes	downloaded	https://storage.googleapis.com/arc-institute-virtual-cell-atlas/scbasecount/2026-01-12/h5ad/GeneFull_Ex50pAS/Homo_sapiens/SRX15405022.h5ad?generation=1770409829393427
data/raw/scbasecount_2026_01_12_human/h5ad/SRX27826360.h5ad	75577041	11c06047f015602a009de98abe019752acb70342e1902e86934f77f1cf9e8648	yes	downloaded	https://storage.googleapis.com/arc-institute-virtual-cell-atlas/scbasecount/2026-01-12/h5ad/GeneFull_Ex50pAS/Homo_sapiens/SRX27826360.h5ad?generation=1770409803146650
data/raw/scbasecount_2026_01_12_human/h5ad/SRX13438554.h5ad	45699071	0f845e006c21c4359829516cc09d25f55bc5ac3e1e13d177ed71043356de5ade	yes	downloaded	https://storage.googleapis.com/arc-institute-virtual-cell-atlas/scbasecount/2026-01-12/h5ad/GeneFull_Ex50pAS/Homo_sapiens/SRX13438554.h5ad?generation=1770409826758706
data/raw/scbasecount_2026_01_12_human/h5ad/SRX17417594.h5ad	172652300	9a4d140ab2aed2b5f7fd6a95166e329e8350715ecb85c0ebfba367c26580667f	yes	downloaded	https://storage.googleapis.com/arc-institute-virtual-cell-atlas/scbasecount/2026-01-12/h5ad/GeneFull_Ex50pAS/Homo_sapiens/SRX17417594.h5ad?generation=1770409822161413
data/raw/scbasecount_2026_01_12_human/h5ad/SRX11980209.h5ad	209607257	c566abdd8954ec4eaaea9b0a61f96c41c29963f91481570acdbd9a64a32d261e	yes	downloaded	https://storage.googleapis.com/arc-institute-virtual-cell-atlas/scbasecount/2026-01-12/h5ad/GeneFull_Ex50pAS/Homo_sapiens/SRX11980209.h5ad?generation=1770409928950675
data/raw/scbasecount_2026_01_12_human/h5ad/SRX13584456.h5ad	35509066	eebbdd5773aa715471242e1df06dab15b128806841fcd663fcb605fecf3d572f	yes	downloaded	https://storage.googleapis.com/arc-institute-virtual-cell-atlas/scbasecount/2026-01-12/h5ad/GeneFull_Ex50pAS/Homo_sapiens/SRX13584456.h5ad?generation=1770409826241826
data/raw/scbasecount_2026_01_12_human/h5ad/SRX10969243.h5ad	174854345	a2b73647e0a05fea646f81766637ecff4502ae9e572f8da7992805120602a6e5	yes	downloaded	https://storage.googleapis.com/arc-institute-virtual-cell-atlas/scbasecount/2026-01-12/h5ad/GeneFull_Ex50pAS/Homo_sapiens/SRX10969243.h5ad?generation=1770409831309898
data/raw/scbasecount_2026_01_12_human/h5ad/SRX11987906.h5ad	18597388	9cf96eeb4975406846ae42ff7ed0685444246796163e916786eec2bc9d88aa5c	yes	downloaded	https://storage.googleapis.com/arc-institute-virtual-cell-atlas/scbasecount/2026-01-12/h5ad/GeneFull_Ex50pAS/Homo_sapiens/SRX11987906.h5ad?generation=1770409828392459
data/raw/scbasecount_2026_01_12_human/h5ad/SRX5126514.h5ad	54689866	cff98c52d76b378206799bcce1c32bd8cd9bddb6a0bab53a85575952c5e9774d	yes	downloaded	https://storage.googleapis.com/arc-institute-virtual-cell-atlas/scbasecount/2026-01-12/h5ad/GeneFull_Ex50pAS/Homo_sapiens/SRX5126514.h5ad?generation=1770409803864992
data/raw/scbasecount_2026_01_12_human/h5ad/SRX9208642.h5ad	2565625	39c96de4772f55ad18ed55d075add2bf01654fb53fec9e9d6f8a1a79ada1ece3	yes	downloaded	https://storage.googleapis.com/arc-institute-virtual-cell-atlas/scbasecount/2026-01-12/h5ad/GeneFull_Ex50pAS/Homo_sapiens/SRX9208642.h5ad?generation=1770409802831656
data/raw/scbasecount_2026_01_12_human/h5ad/SRX9127135.h5ad	52680883	3c34ddd8ca0b359e7d9526c15d7aaecdd1dd34507b17e600eb6dfa75f7cd8522	yes	downloaded	https://storage.googleapis.com/arc-institute-virtual-cell-atlas/scbasecount/2026-01-12/h5ad/GeneFull_Ex50pAS/Homo_sapiens/SRX9127135.h5ad?generation=1770409804222208
data/raw/scbasecount_2026_01_12_human/h5ad/SRX9106611.h5ad	80498906	d435010d1d8b2340a1c7ba1f01a52c155b83f00374d3dee3b3c628c929444b4a	yes	downloaded	https://storage.googleapis.com/arc-institute-virtual-cell-atlas/scbasecount/2026-01-12/h5ad/GeneFull_Ex50pAS/Homo_sapiens/SRX9106611.h5ad?generation=1770409806193967
data/raw/scbasecount_2026_01_12_human/h5ad/SRX27465287.h5ad	6418098	96abfd360730c4cac62eda1a8fb16513964cbad50407d424bb24608768f6b644	yes	downloaded	https://storage.googleapis.com/arc-institute-virtual-cell-atlas/scbasecount/2026-01-12/h5ad/GeneFull_Ex50pAS/Homo_sapiens/SRX27465287.h5ad?generation=1770409803783056
data/raw/scbasecount_2026_01_12_human/h5ad/SRX28768353.h5ad	7166603	a56abcebce6227903ec0c4047296d69379a5ba7725870ca54bba2aaebeee1d4f	yes	downloaded	https://storage.googleapis.com/arc-institute-virtual-cell-atlas/scbasecount/2026-01-12/h5ad/GeneFull_Ex50pAS/Homo_sapiens/SRX28768353.h5ad?generation=1770409802250897
data/raw/scbasecount_2026_01_12_human/h5ad/SRX28768398.h5ad	6505266	50f633edadc3cbf86ac91a036f4de077f50251813ff3ee04bdc48553b43a34af	yes	downloaded	https://storage.googleapis.com/arc-institute-virtual-cell-atlas/scbasecount/2026-01-12/h5ad/GeneFull_Ex50pAS/Homo_sapiens/SRX28768398.h5ad?generation=1770409803360569
data/raw/scbasecount_2026_01_12_human/h5ad/SRX18735832.h5ad	182630766	a2e248b5e12f89e6976d006fb8ec8374eaf449c9fe853af5693d3cd1701c3cb3	yes	downloaded	https://storage.googleapis.com/arc-institute-virtual-cell-atlas/scbasecount/2026-01-12/h5ad/GeneFull_Ex50pAS/Homo_sapiens/SRX18735832.h5ad?generation=1770409819380007
data/raw/scbasecount_2026_01_12_human/h5ad/SRX28768589.h5ad	5163680	d25877e1aeb8ac09ecf275d0e9a3d2d5e0226ef30183ba2499b61303b48edb93	yes	downloaded	https://storage.googleapis.com/arc-institute-virtual-cell-atlas/scbasecount/2026-01-12/h5ad/GeneFull_Ex50pAS/Homo_sapiens/SRX28768589.h5ad?generation=1770409802818740
data/raw/scbasecount_2026_01_12_human/h5ad/SRX28768606.h5ad	5617540	7e5b0ee21b43c359cc15fa46ab20a99e378ebf180411d1601cce67e4231ebab3	yes	downloaded	https://storage.googleapis.com/arc-institute-virtual-cell-atlas/scbasecount/2026-01-12/h5ad/GeneFull_Ex50pAS/Homo_sapiens/SRX28768606.h5ad?generation=1770409802370544
data/raw/scbasecount_2026_01_12_human/h5ad/SRX27465437.h5ad	7480013	875b9b0681e1563d0b971cafd6ba15e56287cf6de93d30dfe3bd3a8f15550c7a	yes	downloaded	https://storage.googleapis.com/arc-institute-virtual-cell-atlas/scbasecount/2026-01-12/h5ad/GeneFull_Ex50pAS/Homo_sapiens/SRX27465437.h5ad?generation=1770409804126593
data/raw/scbasecount_2026_01_12_human/h5ad/SRX28550133.h5ad	45319416	66653d5ae3a4914255fbe254bc5179487f6da7bd138909751731ef2229713763	yes	downloaded	https://storage.googleapis.com/arc-institute-virtual-cell-atlas/scbasecount/2026-01-12/h5ad/GeneFull_Ex50pAS/Homo_sapiens/SRX28550133.h5ad?generation=1770409803893123
data/raw/scbasecount_2026_01_12_human/h5ad/SRX27465269.h5ad	5293626	a5b6fc9e747265ddd750eb3a2c1db043d5bcf6aafb29f76e231860a52fe4a665	yes	downloaded	https://storage.googleapis.com/arc-institute-virtual-cell-atlas/scbasecount/2026-01-12/h5ad/GeneFull_Ex50pAS/Homo_sapiens/SRX27465269.h5ad?generation=1770409803606256
data/raw/scbasecount_2026_01_12_human/h5ad/SRX26449117.h5ad	220208466	e166f09f454605579cf43580be27c6e92c75b6708c52ea88fd55bd350b9cf355	yes	downloaded	https://storage.googleapis.com/arc-institute-virtual-cell-atlas/scbasecount/2026-01-12/h5ad/GeneFull_Ex50pAS/Homo_sapiens/SRX26449117.h5ad?generation=1770409808094751
data/raw/scbasecount_2026_01_12_human/h5ad/SRX28768436.h5ad	4220789	c159afcab9335f7b456ec21d66ebc0ff56e3781f8f24f641dc0456e96bcab218	yes	downloaded	https://storage.googleapis.com/arc-institute-virtual-cell-atlas/scbasecount/2026-01-12/h5ad/GeneFull_Ex50pAS/Homo_sapiens/SRX28768436.h5ad?generation=1770409803311610
data/raw/scbasecount_2026_01_12_human/h5ad/SRX27465404.h5ad	4540756	58d59067ba8152b0961f391c11793e2223d9d523b06c424e018e5734649906bb	yes	downloaded	https://storage.googleapis.com/arc-institute-virtual-cell-atlas/scbasecount/2026-01-12/h5ad/GeneFull_Ex50pAS/Homo_sapiens/SRX27465404.h5ad?generation=1770409802823981
data/raw/scbasecount_2026_01_12_human/h5ad/SRX28768668.h5ad	6440723	17bf4838c9c33cfe231963f6593071a83cc6ef088b10c0604a884d9ebb16caa9	yes	downloaded	https://storage.googleapis.com/arc-institute-virtual-cell-atlas/scbasecount/2026-01-12/h5ad/GeneFull_Ex50pAS/Homo_sapiens/SRX28768668.h5ad?generation=1770409802386821
data/raw/scbasecount_2026_01_12_human/h5ad/SRX28768419.h5ad	5072157	7da3c6f04c221a925e1314a0d48eb6465bdc20515d6f439c4e5a521b5cea866c	yes	downloaded	https://storage.googleapis.com/arc-institute-virtual-cell-atlas/scbasecount/2026-01-12/h5ad/GeneFull_Ex50pAS/Homo_sapiens/SRX28768419.h5ad?generation=1770409802790674
data/raw/scbasecount_2026_01_12_human/h5ad/SRX28769060.h5ad	5495156	264fc4294d1c0fc6883e655a0e99722176a81a61231b10564a7d0bcba81d7b25	yes	downloaded	https://storage.googleapis.com/arc-institute-virtual-cell-atlas/scbasecount/2026-01-12/h5ad/GeneFull_Ex50pAS/Homo_sapiens/SRX28769060.h5ad?generation=1770409804220652
data/raw/scbasecount_2026_01_12_human/h5ad/SRX28908321.h5ad	2575719	7442621dfe4404bc551a5081d9a030eb491f2f4910a2da8d66153a27d1dd70a9	yes	downloaded	https://storage.googleapis.com/arc-institute-virtual-cell-atlas/scbasecount/2026-01-12/h5ad/GeneFull_Ex50pAS/Homo_sapiens/SRX28908321.h5ad?generation=1770409802797260
data/raw/scbasecount_2026_01_12_human/h5ad/SRX28908178.h5ad	11418905	a41de3fd1520df3ac0c775434027bfb9a3b1946e097c85d403dc7264eb3f3bed	yes	downloaded	https://storage.googleapis.com/arc-institute-virtual-cell-atlas/scbasecount/2026-01-12/h5ad/GeneFull_Ex50pAS/Homo_sapiens/SRX28908178.h5ad?generation=1770409802263652
data/raw/scbasecount_2026_01_12_human/h5ad/SRX28908378.h5ad	196804521	5cad443b51d3d21a93b20156ca882f72d795b2a91d379bfe322c852ee7e5b0b1	yes	downloaded	https://storage.googleapis.com/arc-institute-virtual-cell-atlas/scbasecount/2026-01-12/h5ad/GeneFull_Ex50pAS/Homo_sapiens/SRX28908378.h5ad?generation=1770409811994106
data/raw/scbasecount_2026_01_12_human/h5ad/SRX28769189.h5ad	37114628	8ad5edda53f32234bbad6cf740474d5911129b1fd90c9129f626266e87da3a7b	yes	downloaded	https://storage.googleapis.com/arc-institute-virtual-cell-atlas/scbasecount/2026-01-12/h5ad/GeneFull_Ex50pAS/Homo_sapiens/SRX28769189.h5ad?generation=1770409802999661
data/raw/scbasecount_2026_01_12_human/h5ad/ERX11900662.h5ad	116352113	7cb62a381127d00dea0cce2300a00b01e055fb71b31d7414624f73da633c1205	yes	downloaded	https://storage.googleapis.com/arc-institute-virtual-cell-atlas/scbasecount/2026-01-12/h5ad/GeneFull_Ex50pAS/Homo_sapiens/ERX11900662.h5ad?generation=1770409828330418
data/raw/scbasecount_2026_01_12_human/h5ad/SRX24318224.h5ad	55483278	ab86957601658e9b06d745c1479d869df0b6bc198f81be27d731aaebace71053	yes	downloaded	https://storage.googleapis.com/arc-institute-virtual-cell-atlas/scbasecount/2026-01-12/h5ad/GeneFull_Ex50pAS/Homo_sapiens/SRX24318224.h5ad?generation=1770409805484257
data/raw/scbasecount_2026_01_12_human/h5ad/SRX8820534.h5ad	21866283	c42b0a6fbaf02b9117746b5050c411274821abc5de05624dcc3bbe8e67b0b084	yes	downloaded	https://storage.googleapis.com/arc-institute-virtual-cell-atlas/scbasecount/2026-01-12/h5ad/GeneFull_Ex50pAS/Homo_sapiens/SRX8820534.h5ad?generation=1770409801993902
data/raw/scbasecount_2026_01_12_human/h5ad/SRX28908402.h5ad	257893236	ee67b4894c14eadcae4f2b23ae5a8e7d77bc00c4e3381feca9b2a3a17ca25b00	yes	downloaded	https://storage.googleapis.com/arc-institute-virtual-cell-atlas/scbasecount/2026-01-12/h5ad/GeneFull_Ex50pAS/Homo_sapiens/SRX28908402.h5ad?generation=1770409812176985
data/raw/scbasecount_2026_01_12_human/h5ad/SRX11099968.h5ad	7851831	f3abe5d224dfda2a053d16eacddb1002df14d054affcb90cd36a4c86991c1a00	yes	downloaded	https://storage.googleapis.com/arc-institute-virtual-cell-atlas/scbasecount/2026-01-12/h5ad/GeneFull_Ex50pAS/Homo_sapiens/SRX11099968.h5ad?generation=1770409825883191
data/raw/scbasecount_2026_01_12_human/h5ad/SRX28908344.h5ad	251940636	82357710f3fea089bf67f9114c24d240b2fa887efe3201465df3aa01368c40e7	yes	downloaded	https://storage.googleapis.com/arc-institute-virtual-cell-atlas/scbasecount/2026-01-12/h5ad/GeneFull_Ex50pAS/Homo_sapiens/SRX28908344.h5ad?generation=1770409807287163
data/raw/scbasecount_2026_01_12_human/h5ad/SRX9698813.h5ad	150067045	065b7b7edeb60374ac0aff2c027b48d544383745b41d679bad9257451e798862	yes	downloaded	https://storage.googleapis.com/arc-institute-virtual-cell-atlas/scbasecount/2026-01-12/h5ad/GeneFull_Ex50pAS/Homo_sapiens/SRX9698813.h5ad?generation=1770409806042032
data/raw/scbasecount_2026_01_12_human/h5ad/SRX28908442.h5ad	2594604	bff5fb702fecc0575babb0b25adf088da95dcee14c5afd4fb275d6c570bee79f	yes	downloaded	https://storage.googleapis.com/arc-institute-virtual-cell-atlas/scbasecount/2026-01-12/h5ad/GeneFull_Ex50pAS/Homo_sapiens/SRX28908442.h5ad?generation=1770409806028402
data/raw/scbasecount_2026_01_12_human/h5ad/SRX28769077.h5ad	6133873	7843e1c3553d4213124c1b164042a68550e4fe6f6ddf73604d4b2880813fcff7	yes	downloaded	https://storage.googleapis.com/arc-institute-virtual-cell-atlas/scbasecount/2026-01-12/h5ad/GeneFull_Ex50pAS/Homo_sapiens/SRX28769077.h5ad?generation=1770409804126854
data/raw/scbasecount_2026_01_12_human/h5ad/SRX28768998.h5ad	101094050	1565199d2be81c4142da5542fb5915760ee3d4507cafaf80e510fbf26ca06e34	yes	downloaded	https://storage.googleapis.com/arc-institute-virtual-cell-atlas/scbasecount/2026-01-12/h5ad/GeneFull_Ex50pAS/Homo_sapiens/SRX28768998.h5ad?generation=1770409812046557
data/raw/scbasecount_2026_01_12_human/h5ad/SRX28908466.h5ad	2629558	06c01c87a418c2bfc09002c421df87d2caf62268b1a10d8b06a9b70a9d500d17	yes	downloaded	https://storage.googleapis.com/arc-institute-virtual-cell-atlas/scbasecount/2026-01-12/h5ad/GeneFull_Ex50pAS/Homo_sapiens/SRX28908466.h5ad?generation=1770409802101770
data/raw/scbasecount_2026_01_12_human/h5ad/SRX28768438.h5ad	8071727	1dce8bfe291ae2759658740e0fb456a1902c059aef3ce8eaf9a3cc29835726c1	yes	downloaded	https://storage.googleapis.com/arc-institute-virtual-cell-atlas/scbasecount/2026-01-12/h5ad/GeneFull_Ex50pAS/Homo_sapiens/SRX28768438.h5ad?generation=1770409802598882
data/raw/scbasecount_2026_01_12_human/h5ad/SRX17794270.h5ad	3058526	ee4b8f3725634098203341bc92e3e404baf8ff279928c05d95fde2bcbff538bd	yes	downloaded	https://storage.googleapis.com/arc-institute-virtual-cell-atlas/scbasecount/2026-01-12/h5ad/GeneFull_Ex50pAS/Homo_sapiens/SRX17794270.h5ad?generation=1770409813835612
data/raw/scbasecount_2026_01_12_human/h5ad/SRX9520230.h5ad	45171017	f4495ddd56e74fa3aed2d1241c6d21f24a1cfd69ca38bfc58de2e0b4ab3d06d8	yes	downloaded	https://storage.googleapis.com/arc-institute-virtual-cell-atlas/scbasecount/2026-01-12/h5ad/GeneFull_Ex50pAS/Homo_sapiens/SRX9520230.h5ad?generation=1770409803041469
data/raw/scbasecount_2026_01_12_human/h5ad/ERX8792189.h5ad	2543594	0ab69016293a79088e57310332eab4201bc721a31551348f59f70288abfbc045	yes	downloaded	https://storage.googleapis.com/arc-institute-virtual-cell-atlas/scbasecount/2026-01-12/h5ad/GeneFull_Ex50pAS/Homo_sapiens/ERX8792189.h5ad?generation=1770409829093476
data/raw/scbasecount_2026_01_12_human/h5ad/SRX9365697.h5ad	183132857	5643b96cf66500274cebb6b184dd69a1d40121559e37e84518f81d3ac75b3457	yes	downloaded	https://storage.googleapis.com/arc-institute-virtual-cell-atlas/scbasecount/2026-01-12/h5ad/GeneFull_Ex50pAS/Homo_sapiens/SRX9365697.h5ad?generation=1770409807847468
data/raw/scbasecount_2026_01_12_human/h5ad/ERX8792191.h5ad	4278056	9eff2b62b488a46de5b28961635ec34a45496222228869608fe4694f980b8724	yes	downloaded	https://storage.googleapis.com/arc-institute-virtual-cell-atlas/scbasecount/2026-01-12/h5ad/GeneFull_Ex50pAS/Homo_sapiens/ERX8792191.h5ad?generation=1770409830513128
data/raw/scbasecount_2026_01_12_human/h5ad/SRX28768983.h5ad	134294322	671e17731fbcc0c330b60bb0acb7346fb72cc65bfaab5bf608c0cf4ce588a7da	yes	downloaded	https://storage.googleapis.com/arc-institute-virtual-cell-atlas/scbasecount/2026-01-12/h5ad/GeneFull_Ex50pAS/Homo_sapiens/SRX28768983.h5ad?generation=1770409804630501
data/raw/scbasecount_2026_01_12_human/h5ad/ERX4319129.h5ad	9843741	9b10c2322e91a891023339b1f3733166301ec862053201b704dcd5d3cb032a46	yes	downloaded	https://storage.googleapis.com/arc-institute-virtual-cell-atlas/scbasecount/2026-01-12/h5ad/GeneFull_Ex50pAS/Homo_sapiens/ERX4319129.h5ad?generation=1770409826154960
data/raw/scbasecount_2026_01_12_human/h5ad/SRX10868892.h5ad	24586439	5fafd8e29716f52624a294e7813ac10cf795ef71cd71ad66a8ec150b6549eaad	yes	downloaded	https://storage.googleapis.com/arc-institute-virtual-cell-atlas/scbasecount/2026-01-12/h5ad/GeneFull_Ex50pAS/Homo_sapiens/SRX10868892.h5ad?generation=1770409826386979
data/raw/scbasecount_2026_01_12_human/h5ad/SRX11349326.h5ad	21492862	ac0e218f99617e15e3277389243a01d00f07825a9338271cf98be73a4065c571	yes	downloaded	https://storage.googleapis.com/arc-institute-virtual-cell-atlas/scbasecount/2026-01-12/h5ad/GeneFull_Ex50pAS/Homo_sapiens/SRX11349326.h5ad?generation=1770409826288696
data/raw/scbasecount_2026_01_12_human/h5ad/SRX26645316.h5ad	82474234	e1fb6884bcf20fcb9e027eadbe4d814e7507aa31ae48074236602d595295cc2c	yes	downloaded	https://storage.googleapis.com/arc-institute-virtual-cell-atlas/scbasecount/2026-01-12/h5ad/GeneFull_Ex50pAS/Homo_sapiens/SRX26645316.h5ad?generation=1770409810368467
data/raw/scbasecount_2026_01_12_human/h5ad/SRX14335922.h5ad	15695463	d4a9ad41f502a169f15491cfc6a065179c11003280ff5c7c783ad03b7797b836	yes	downloaded	https://storage.googleapis.com/arc-institute-virtual-cell-atlas/scbasecount/2026-01-12/h5ad/GeneFull_Ex50pAS/Homo_sapiens/SRX14335922.h5ad?generation=1770409828169135
data/raw/scbasecount_2026_01_12_human/h5ad/SRX8884966.h5ad	39173902	7424fa68b64e1fd475a751d623b644ea5b3291732352361824cdc148e70bc230	yes	downloaded	https://storage.googleapis.com/arc-institute-virtual-cell-atlas/scbasecount/2026-01-12/h5ad/GeneFull_Ex50pAS/Homo_sapiens/SRX8884966.h5ad?generation=1770409808155514
data/raw/scbasecount_2026_01_12_human/h5ad/SRX11489345.h5ad	337373662	01757729c5aea63650b2ae6be0eadf129944cef873d0d2b0739a63caae8287d6	yes	downloaded	https://storage.googleapis.com/arc-institute-virtual-cell-atlas/scbasecount/2026-01-12/h5ad/GeneFull_Ex50pAS/Homo_sapiens/SRX11489345.h5ad?generation=1770409930831732
data/raw/scbasecount_2026_01_12_human/h5ad/SRX10031186.h5ad	73314462	02aa6abbcb3af3671b25e2e22cb939f8455b459b82a932f8d84a5c29acc7c15e	yes	downloaded	https://storage.googleapis.com/arc-institute-virtual-cell-atlas/scbasecount/2026-01-12/h5ad/GeneFull_Ex50pAS/Homo_sapiens/SRX10031186.h5ad?generation=1770409828921746
data/raw/scbasecount_2026_01_12_human/h5ad/ERX11148797.h5ad	15281153	7bfeadc507e06a3fffe28cfec1b3b1fdfc87ee0e749ce30c11450d972c4176d2	yes	downloaded	https://storage.googleapis.com/arc-institute-virtual-cell-atlas/scbasecount/2026-01-12/h5ad/GeneFull_Ex50pAS/Homo_sapiens/ERX11148797.h5ad?generation=1770409826001226
data/raw/scbasecount_2026_01_12_human/h5ad/ERX11148785.h5ad	18961280	9c17cc4c228e086696d8a3ced38fff62560af322c73bda8ca878bb30b648ee8a	yes	downloaded	https://storage.googleapis.com/arc-institute-virtual-cell-atlas/scbasecount/2026-01-12/h5ad/GeneFull_Ex50pAS/Homo_sapiens/ERX11148785.h5ad?generation=1770409827264951
data/raw/scbasecount_2026_01_12_human/h5ad/SRX13578284.h5ad	94998114	d0f8901c313e6c4a67bc69ead006e891a07fff3e94c6ad508cf98081d1eec5e5	yes	downloaded	https://storage.googleapis.com/arc-institute-virtual-cell-atlas/scbasecount/2026-01-12/h5ad/GeneFull_Ex50pAS/Homo_sapiens/SRX13578284.h5ad?generation=1770409827686489
data/raw/scbasecount_2026_01_12_human/h5ad/SRX18804806.h5ad	90964149	e0dfffe4f5d08012b9cea3c30bf897a69a9274a24b5afc1627e8955eea64caa5	yes	downloaded	https://storage.googleapis.com/arc-institute-virtual-cell-atlas/scbasecount/2026-01-12/h5ad/GeneFull_Ex50pAS/Homo_sapiens/SRX18804806.h5ad?generation=1770409818794621
data/raw/scbasecount_2026_01_12_human/h5ad/SRX28155071.h5ad	17402008	d7df9da7f6fe79b0e48db9474dcd1ccd31d437fc3aebca1b619271f6f6aa81c8	yes	downloaded	https://storage.googleapis.com/arc-institute-virtual-cell-atlas/scbasecount/2026-01-12/h5ad/GeneFull_Ex50pAS/Homo_sapiens/SRX28155071.h5ad?generation=1770409802156774
data/raw/scbasecount_2026_01_12_human/h5ad/SRX26248267.h5ad	202576610	fa0f6ef318a274ab76c636c8a24efbf3f6ae6e0e37bc1115b1a173b4808fe117	yes	downloaded	https://storage.googleapis.com/arc-institute-virtual-cell-atlas/scbasecount/2026-01-12/h5ad/GeneFull_Ex50pAS/Homo_sapiens/SRX26248267.h5ad?generation=1770409814556841
data/raw/scbasecount_2026_01_12_human/h5ad/SRX21168911.h5ad	60710440	f01296fb30ab46bea1564e58eb326432bc3dcf76700b07fb8cf1a9f27ea8b179	yes	downloaded	https://storage.googleapis.com/arc-institute-virtual-cell-atlas/scbasecount/2026-01-12/h5ad/GeneFull_Ex50pAS/Homo_sapiens/SRX21168911.h5ad?generation=1770409815875656
data/raw/scbasecount_2026_01_12_human/h5ad/SRX13251828.h5ad	13128030	cf148650e8ca364e1cd819effc7f793d468c580b10344d34f8628030b1b14607	yes	downloaded	https://storage.googleapis.com/arc-institute-virtual-cell-atlas/scbasecount/2026-01-12/h5ad/GeneFull_Ex50pAS/Homo_sapiens/SRX13251828.h5ad?generation=1770409830752332
data/raw/scbasecount_2026_01_12_human/h5ad/SRX26317333.h5ad	4746908	6301663546c33ec1fe189638ce10886fe84ea3b7155a614374e9f72af890e5f1	yes	downloaded	https://storage.googleapis.com/arc-institute-virtual-cell-atlas/scbasecount/2026-01-12/h5ad/GeneFull_Ex50pAS/Homo_sapiens/SRX26317333.h5ad?generation=1770409802192755
data/raw/scbasecount_2026_01_12_human/h5ad/SRX9980462.h5ad	135207179	1d070fe7ac21c1fb197690a562c0e2763c415efdc42379254a2315dced19b630	yes	downloaded	https://storage.googleapis.com/arc-institute-virtual-cell-atlas/scbasecount/2026-01-12/h5ad/GeneFull_Ex50pAS/Homo_sapiens/SRX9980462.h5ad?generation=1770409805130317
data/raw/scbasecount_2026_01_12_human/h5ad/ERX8792071.h5ad	3578447	8cdd4ef7fda274986d95703d08a2516a43c5ea0afd7d780f0c637bd71e07d5dc	yes	downloaded	https://storage.googleapis.com/arc-institute-virtual-cell-atlas/scbasecount/2026-01-12/h5ad/GeneFull_Ex50pAS/Homo_sapiens/ERX8792071.h5ad?generation=1770409829461141
data/raw/scbasecount_2026_01_12_human/h5ad/SRX8832905.h5ad	53499191	860d24cdeece3e2ebcaf15e6468315f8e250bfbf55ad2e1da36e5dc31bc948c5	yes	downloaded	https://storage.googleapis.com/arc-institute-virtual-cell-atlas/scbasecount/2026-01-12/h5ad/GeneFull_Ex50pAS/Homo_sapiens/SRX8832905.h5ad?generation=1770409802869091
data/raw/scbasecount_2026_01_12_human/h5ad/SRX11482790.h5ad	291900560	f4bd4be51a255f2203be62453d7d986984b6832f35f5fc1a520ad48e40a3325e	yes	downloaded	https://storage.googleapis.com/arc-institute-virtual-cell-atlas/scbasecount/2026-01-12/h5ad/GeneFull_Ex50pAS/Homo_sapiens/SRX11482790.h5ad?generation=1770409938821038
data/raw/scbasecount_2026_01_12_human/h5ad/ERX8791983.h5ad	17925743	778a61d021b7d79f558531fc727b7a14c1669cb66843b507635c1c3e4f8df2a0	yes	downloaded	https://storage.googleapis.com/arc-institute-virtual-cell-atlas/scbasecount/2026-01-12/h5ad/GeneFull_Ex50pAS/Homo_sapiens/ERX8791983.h5ad?generation=1770409826425690
data/raw/scbasecount_2026_01_12_human/h5ad/ERX12098968.h5ad	90181034	28e5e58bf74126a72a5b170ff83694e4eacadbdf08c3c7545a7ea3437ef0d6ad	yes	downloaded	https://storage.googleapis.com/arc-institute-virtual-cell-atlas/scbasecount/2026-01-12/h5ad/GeneFull_Ex50pAS/Homo_sapiens/ERX12098968.h5ad?generation=1770409830090683
data/raw/scbasecount_2026_01_12_human/h5ad/SRX17781788.h5ad	65185452	22b7b8ed7ccb3555d4aaf761869da29fee7f926360bc289dec6ee86043ce0269	yes	downloaded	https://storage.googleapis.com/arc-institute-virtual-cell-atlas/scbasecount/2026-01-12/h5ad/GeneFull_Ex50pAS/Homo_sapiens/SRX17781788.h5ad?generation=1770409815029715
data/raw/scbasecount_2026_01_12_human/h5ad/SRX8778055.h5ad	25663366	fd4674162d3f7770ceb5dedffbccb80903f087030b091fc7b1cc31109d341a13	yes	downloaded	https://storage.googleapis.com/arc-institute-virtual-cell-atlas/scbasecount/2026-01-12/h5ad/GeneFull_Ex50pAS/Homo_sapiens/SRX8778055.h5ad?generation=1770409804873752
data/raw/scbasecount_2026_01_12_human/h5ad/SRX8983870.h5ad	33089329	24b792234b7323d00c113f095732b7c54e2bf8cd0b74cd8189345de794f7f55f	yes	downloaded	https://storage.googleapis.com/arc-institute-virtual-cell-atlas/scbasecount/2026-01-12/h5ad/GeneFull_Ex50pAS/Homo_sapiens/SRX8983870.h5ad?generation=1770409803234618
data/raw/scbasecount_2026_01_12_human/h5ad/SRX26645319.h5ad	74156760	e6ca69c91447280d2c23749e8ad28ea0a36fe75fa77a7a5f6fa937fb2080ef3d	yes	downloaded	https://storage.googleapis.com/arc-institute-virtual-cell-atlas/scbasecount/2026-01-12/h5ad/GeneFull_Ex50pAS/Homo_sapiens/SRX26645319.h5ad?generation=1770409803909307
data/raw/scbasecount_2026_01_12_human/h5ad/SRX22513008.h5ad	125341255	90591996a41cfc0832857a4c49531b5e7e754f8f8125144507aa35caad0ec91d	yes	downloaded	https://storage.googleapis.com/arc-institute-virtual-cell-atlas/scbasecount/2026-01-12/h5ad/GeneFull_Ex50pAS/Homo_sapiens/SRX22513008.h5ad?generation=1770409820795852
data/raw/scbasecount_2026_01_12_human/h5ad/SRX21870138.h5ad	61488766	717e5fb13564a58ede1da67d8fb0a2dc3e4db45a42aa43d29875b2a0e271aa08	yes	downloaded	https://storage.googleapis.com/arc-institute-virtual-cell-atlas/scbasecount/2026-01-12/h5ad/GeneFull_Ex50pAS/Homo_sapiens/SRX21870138.h5ad?generation=1770409814819943
data/raw/scbasecount_2026_01_12_human/h5ad/SRX14743328.h5ad	61249175	e02ffbfe20a984fce6d3da638dcb965ba5fd1fa4a6e683bb5a80215bfd950d43	yes	downloaded	https://storage.googleapis.com/arc-institute-virtual-cell-atlas/scbasecount/2026-01-12/h5ad/GeneFull_Ex50pAS/Homo_sapiens/SRX14743328.h5ad?generation=1770409828004691
data/raw/scbasecount_2026_01_12_human/h5ad/SRX9212185.h5ad	108427139	678aaa4c50e6a0290808541cbbcdf7f82f2df6f069eaba78ae569adb8acdbcc4	yes	downloaded	https://storage.googleapis.com/arc-institute-virtual-cell-atlas/scbasecount/2026-01-12/h5ad/GeneFull_Ex50pAS/Homo_sapiens/SRX9212185.h5ad?generation=1770409806604280
data/raw/scbasecount_2026_01_12_human/h5ad/SRX13853288.h5ad	178005077	352c07822dc48bdb2b8f973ef53c3c13a1f3c335c3246563b882b0c41dc36c45	yes	downloaded	https://storage.googleapis.com/arc-institute-virtual-cell-atlas/scbasecount/2026-01-12/h5ad/GeneFull_Ex50pAS/Homo_sapiens/SRX13853288.h5ad?generation=1770409857619455
data/raw/scbasecount_2026_01_12_human/h5ad/SRX21003272.h5ad	8357454	f48adaa24d26ceab14c15b6fa68d36badafd44722fdbccfa0872ab0cc779d50b	yes	downloaded	https://storage.googleapis.com/arc-institute-virtual-cell-atlas/scbasecount/2026-01-12/h5ad/GeneFull_Ex50pAS/Homo_sapiens/SRX21003272.h5ad?generation=1770409816068340
data/raw/scbasecount_2026_01_12_human/h5ad/SRX11787930.h5ad	124130101	e413ee5ebed4516af460ac821d63783039623c6bb1ae7fadd4d365e40c769b37	yes	downloaded	https://storage.googleapis.com/arc-institute-virtual-cell-atlas/scbasecount/2026-01-12/h5ad/GeneFull_Ex50pAS/Homo_sapiens/SRX11787930.h5ad?generation=1770409851973897
data/raw/scbasecount_2026_01_12_human/h5ad/SRX11523559.h5ad	81219422	d5ca5c37ba6e6aab6cfac99334c82c035625dbf473c506eda3827ec5ceb3d15f	yes	downloaded	https://storage.googleapis.com/arc-institute-virtual-cell-atlas/scbasecount/2026-01-12/h5ad/GeneFull_Ex50pAS/Homo_sapiens/SRX11523559.h5ad?generation=1770409829781818
data/raw/scbasecount_2026_01_12_human/h5ad/SRX12460427.h5ad	31698264	2689e559743e8d0b3cc840aba954463ebb2587cfbaa83bd5764946d6020cff40	yes	downloaded	https://storage.googleapis.com/arc-institute-virtual-cell-atlas/scbasecount/2026-01-12/h5ad/GeneFull_Ex50pAS/Homo_sapiens/SRX12460427.h5ad?generation=1770409826981437
data/raw/scbasecount_2026_01_12_human/h5ad/SRX14144266.h5ad	134143916	a83df3a4b05faa7f5a109401a320f2c564a46f1e335e52ae4dc0895b388a5935	yes	downloaded	https://storage.googleapis.com/arc-institute-virtual-cell-atlas/scbasecount/2026-01-12/h5ad/GeneFull_Ex50pAS/Homo_sapiens/SRX14144266.h5ad?generation=1770409831385574
data/raw/scbasecount_2026_01_12_human/h5ad/SRX25495573.h5ad	271260279	be536f36db17ca5b7c75319fcb8872d239837cdd47c3c1eeb6702ca0f55ee5d7	yes	downloaded	https://storage.googleapis.com/arc-institute-virtual-cell-atlas/scbasecount/2026-01-12/h5ad/GeneFull_Ex50pAS/Homo_sapiens/SRX25495573.h5ad?generation=1770409809479329
data/raw/scbasecount_2026_01_12_human/h5ad/SRX9651815.h5ad	42903024	cd8ebc497e660ea523cca799da45909a92d23ca1b79291d4fda78e514a81d850	yes	downloaded	https://storage.googleapis.com/arc-institute-virtual-cell-atlas/scbasecount/2026-01-12/h5ad/GeneFull_Ex50pAS/Homo_sapiens/SRX9651815.h5ad?generation=1770409806916338
data/raw/scbasecount_2026_01_12_human/h5ad/SRX17893680.h5ad	146593003	c1b21a639e08d8bd2b3294e3a4e7089aaf4323f6de8860f22995ed00c57995c8	yes	downloaded	https://storage.googleapis.com/arc-institute-virtual-cell-atlas/scbasecount/2026-01-12/h5ad/GeneFull_Ex50pAS/Homo_sapiens/SRX17893680.h5ad?generation=1770409820298185
data/raw/scbasecount_2026_01_12_human/h5ad/SRX15405026.h5ad	34436942	e31363f87356d5250294e7267cf2865037cc3585d83dc601fffa55bfee15593a	yes	downloaded	https://storage.googleapis.com/arc-institute-virtual-cell-atlas/scbasecount/2026-01-12/h5ad/GeneFull_Ex50pAS/Homo_sapiens/SRX15405026.h5ad?generation=1770409831334534
data/raw/scbasecount_2026_01_12_human/h5ad/SRX9777393.h5ad	100241073	0b3ad18c2ed26de6aef7b85049c73d4e46384486abde70ca0eb0fdba13feb6e2	yes	downloaded	https://storage.googleapis.com/arc-institute-virtual-cell-atlas/scbasecount/2026-01-12/h5ad/GeneFull_Ex50pAS/Homo_sapiens/SRX9777393.h5ad?generation=1770409806260350
data/raw/scbasecount_2026_01_12_human/h5ad/SRX16848522.h5ad	49264288	cab02a11dfd6fd6b6039b43ecffe2345c70bdcd6f29e137fd62b6392ad1e6b39	yes	downloaded	https://storage.googleapis.com/arc-institute-virtual-cell-atlas/scbasecount/2026-01-12/h5ad/GeneFull_Ex50pAS/Homo_sapiens/SRX16848522.h5ad?generation=1770409818058710
data/raw/scbasecount_2026_01_12_human/h5ad/SRX18476827.h5ad	259837062	757d459d5dd1bef9b0ea6b726f03570a57652e33c544817f75f41d4c7c95c257	yes	downloaded	https://storage.googleapis.com/arc-institute-virtual-cell-atlas/scbasecount/2026-01-12/h5ad/GeneFull_Ex50pAS/Homo_sapiens/SRX18476827.h5ad?generation=1770409824388385
data/raw/scbasecount_2026_01_12_human/h5ad/SRX7347528.h5ad	65056877	0a430f30b79273d01bcae6022aa1b653fc3484b9128b1fa4728545b83d60788e	yes	downloaded	https://storage.googleapis.com/arc-institute-virtual-cell-atlas/scbasecount/2026-01-12/h5ad/GeneFull_Ex50pAS/Homo_sapiens/SRX7347528.h5ad?generation=1770409805680188
data/raw/scbasecount_2026_01_12_human/h5ad/SRX22129450.h5ad	377554687	376d4b870e25500b71d4976fd38445c9a8f4bb96a8440a58c21dbe27c2515f44	yes	downloaded	https://storage.googleapis.com/arc-institute-virtual-cell-atlas/scbasecount/2026-01-12/h5ad/GeneFull_Ex50pAS/Homo_sapiens/SRX22129450.h5ad?generation=1770409824771045
data/raw/scbasecount_2026_01_12_human/h5ad/SRX8302673.h5ad	29981915	2613e988d83dc19a584cbf8e51ba36b5d61c0a259343796752f52ddabbe71b3a	yes	downloaded	https://storage.googleapis.com/arc-institute-virtual-cell-atlas/scbasecount/2026-01-12/h5ad/GeneFull_Ex50pAS/Homo_sapiens/SRX8302673.h5ad?generation=1770409807134056
data/raw/scbasecount_2026_01_12_human/h5ad/SRX22129455.h5ad	359538788	ad5a60d5643b86ab5160d39c3c75818bb0cd6579ba860efd61aa94ac96d921f7	yes	downloaded	https://storage.googleapis.com/arc-institute-virtual-cell-atlas/scbasecount/2026-01-12/h5ad/GeneFull_Ex50pAS/Homo_sapiens/SRX22129455.h5ad?generation=1770409839732765
data/raw/scbasecount_2026_01_12_human/h5ad/SRX29130832.h5ad	152288605	fdf6bbf7b36f7a2141767584ab0d93b993a425e95939268dc61f4dda7a83caf5	yes	downloaded	https://storage.googleapis.com/arc-institute-virtual-cell-atlas/scbasecount/2026-01-12/h5ad/GeneFull_Ex50pAS/Homo_sapiens/SRX29130832.h5ad?generation=1770409804963557
data/raw/scbasecount_2026_01_12_human/h5ad/SRX14182513.h5ad	262511603	3afffd8cb02b0dda2521d2db0eb2eb9c5cef60cf9fa445ea99d08c0d8333ff35	yes	downloaded	https://storage.googleapis.com/arc-institute-virtual-cell-atlas/scbasecount/2026-01-12/h5ad/GeneFull_Ex50pAS/Homo_sapiens/SRX14182513.h5ad?generation=1770409837473709
data/raw/scbasecount_2026_01_12_human/h5ad/SRX9834859.h5ad	17733243	1edc7b3b028056d4a8779ed57e29bee98beab2981cc56cb0955414fbbc1caa39	yes	downloaded	https://storage.googleapis.com/arc-institute-virtual-cell-atlas/scbasecount/2026-01-12/h5ad/GeneFull_Ex50pAS/Homo_sapiens/SRX9834859.h5ad?generation=1770409802623805
data/raw/scbasecount_2026_01_12_human/h5ad/SRX15736801.h5ad	93909700	123fd8a345e83d92478d9c777c408973df07731754ff8d5aff523e04abe0182b	yes	downloaded	https://storage.googleapis.com/arc-institute-virtual-cell-atlas/scbasecount/2026-01-12/h5ad/GeneFull_Ex50pAS/Homo_sapiens/SRX15736801.h5ad?generation=1770409818974907
data/raw/scbasecount_2026_01_12_human/h5ad/SRX8820531.h5ad	9146240	d772600b97eab0e1b018ffd17711561ba0a83a6e52032cc01740acea74aee389	yes	downloaded	https://storage.googleapis.com/arc-institute-virtual-cell-atlas/scbasecount/2026-01-12/h5ad/GeneFull_Ex50pAS/Homo_sapiens/SRX8820531.h5ad?generation=1770409806257591
data/raw/scbasecount_2026_01_12_human/h5ad/SRX14122066.h5ad	271715045	23e3de271d604918a968ffa0288e5c8cdc38ed915ce2a70ec924e6e1a3caf8ee	yes	downloaded	https://storage.googleapis.com/arc-institute-virtual-cell-atlas/scbasecount/2026-01-12/h5ad/GeneFull_Ex50pAS/Homo_sapiens/SRX14122066.h5ad?generation=1770409839100603
data/raw/scbasecount_2026_01_12_human/h5ad/SRX28155072.h5ad	116532530	1847ef814203f6f45db2edbb80ebc852128b94f142495482b880d60ddb1c2ab9	yes	downloaded	https://storage.googleapis.com/arc-institute-virtual-cell-atlas/scbasecount/2026-01-12/h5ad/GeneFull_Ex50pAS/Homo_sapiens/SRX28155072.h5ad?generation=1770409805416641
data/raw/scbasecount_2026_01_12_human/h5ad/SRX24993510.h5ad	81907774	828783a4d7c748c8af06c89642a635bf2be1dc9916454cf8b3df8b75f545edff	yes	downloaded	https://storage.googleapis.com/arc-institute-virtual-cell-atlas/scbasecount/2026-01-12/h5ad/GeneFull_Ex50pAS/Homo_sapiens/SRX24993510.h5ad?generation=1770409804635866
data/raw/scbasecount_2026_01_12_human/h5ad/SRX11084469.h5ad	42200086	b5d4805b5c4c8c6a16138747bc12d0f8d0952394fd5138b63ef56869fc50764b	yes	downloaded	https://storage.googleapis.com/arc-institute-virtual-cell-atlas/scbasecount/2026-01-12/h5ad/GeneFull_Ex50pAS/Homo_sapiens/SRX11084469.h5ad?generation=1770409828231282
data/raw/scbasecount_2026_01_12_human/h5ad/ERX13775556.h5ad	262684090	1c06e81e2996d40ac45968cac23433d9ee61adfeb962da0101ba9fa9e9c1852b	yes	downloaded	https://storage.googleapis.com/arc-institute-virtual-cell-atlas/scbasecount/2026-01-12/h5ad/GeneFull_Ex50pAS/Homo_sapiens/ERX13775556.h5ad?generation=1770409843040585
data/raw/scbasecount_2026_01_12_human/h5ad/ERX9138880.h5ad	13026574	23db27c69ef65421b9a6fcb0e5a874237746a58d0c1f709398cf1db6fc613435	yes	downloaded	https://storage.googleapis.com/arc-institute-virtual-cell-atlas/scbasecount/2026-01-12/h5ad/GeneFull_Ex50pAS/Homo_sapiens/ERX9138880.h5ad?generation=1770409825854736
data/raw/scbasecount_2026_01_12_human/h5ad/SRX9768491.h5ad	10984533	e8078e96311f7bc872f0350e601ab09803f6135ccf49413186224b09fd266322	yes	downloaded	https://storage.googleapis.com/arc-institute-virtual-cell-atlas/scbasecount/2026-01-12/h5ad/GeneFull_Ex50pAS/Homo_sapiens/SRX9768491.h5ad?generation=1770409803840423
data/raw/scbasecount_2026_01_12_human/h5ad/SRX28769145.h5ad	14686823	bffe24cdf3fa437782ce8829bf356df16dc86640a65e6a1fdf4ab6cc5278a947	yes	downloaded	https://storage.googleapis.com/arc-institute-virtual-cell-atlas/scbasecount/2026-01-12/h5ad/GeneFull_Ex50pAS/Homo_sapiens/SRX28769145.h5ad?generation=1770409806738057
data/raw/scbasecount_2026_01_12_human/h5ad/SRX12188761.h5ad	441582001	35347e61dd440a2e31d3f0369753696ad3a4ef985b7bf6116233728ca58e57bc	yes	downloaded	https://storage.googleapis.com/arc-institute-virtual-cell-atlas/scbasecount/2026-01-12/h5ad/GeneFull_Ex50pAS/Homo_sapiens/SRX12188761.h5ad?generation=1770409842051457
data/raw/scbasecount_2026_01_12_human/h5ad/SRX28908414.h5ad	2620465	137a7b202495345d87d51c8771f8eb50bf5391a29dd86a3eb642d35012025ba8	yes	downloaded	https://storage.googleapis.com/arc-institute-virtual-cell-atlas/scbasecount/2026-01-12/h5ad/GeneFull_Ex50pAS/Homo_sapiens/SRX28908414.h5ad?generation=1770409803955811
data/raw/scbasecount_2026_01_12_human/h5ad/SRX13143815.h5ad	180801501	e57e14b233a653e4b0f02a57f7d15ef632db6e3112ca79a0c1344ca1775f85dd	yes	downloaded	https://storage.googleapis.com/arc-institute-virtual-cell-atlas/scbasecount/2026-01-12/h5ad/GeneFull_Ex50pAS/Homo_sapiens/SRX13143815.h5ad?generation=1770409874037989
data/raw/scbasecount_2026_01_12_human/h5ad/SRX28768988.h5ad	9866041	aebedfa04775677bc92d10581a1804a1964bb06a61b6c09392726ad2a79b5aa7	yes	downloaded	https://storage.googleapis.com/arc-institute-virtual-cell-atlas/scbasecount/2026-01-12/h5ad/GeneFull_Ex50pAS/Homo_sapiens/SRX28768988.h5ad?generation=1770409803072086
data/raw/scbasecount_2026_01_12_human/h5ad/SRX11987902.h5ad	14495214	4f74d181a7449680cf2a59a9abb7754bc31e2ebf4a5ac69aa94b6d4300540454	yes	downloaded	https://storage.googleapis.com/arc-institute-virtual-cell-atlas/scbasecount/2026-01-12/h5ad/GeneFull_Ex50pAS/Homo_sapiens/SRX11987902.h5ad?generation=1770409826862701
data/raw/scbasecount_2026_01_12_human/h5ad/SRX10675019.h5ad	82832666	20d1af6c8df83049e236e0478b4a0018e078db627f4d7a713124b9dff05abc8e	yes	downloaded	https://storage.googleapis.com/arc-institute-virtual-cell-atlas/scbasecount/2026-01-12/h5ad/GeneFull_Ex50pAS/Homo_sapiens/SRX10675019.h5ad?generation=1770409827934070
data/raw/scbasecount_2026_01_12_human/h5ad/ERX4319118.h5ad	49508266	f4ab23e280d608b44406b49414007e23ce6c4fe96ea000b1e567900c76d335c6	yes	downloaded	https://storage.googleapis.com/arc-institute-virtual-cell-atlas/scbasecount/2026-01-12/h5ad/GeneFull_Ex50pAS/Homo_sapiens/ERX4319118.h5ad?generation=1770409827509729
data/raw/scbasecount_2026_01_12_human/h5ad/SRX12635178.h5ad	214983648	ff4153ce5ad399dedcfabad88c6cfbd952e732679e95f33d64176b25a015a650	yes	downloaded	https://storage.googleapis.com/arc-institute-virtual-cell-atlas/scbasecount/2026-01-12/h5ad/GeneFull_Ex50pAS/Homo_sapiens/SRX12635178.h5ad?generation=1770409833565861
data/raw/scbasecount_2026_01_12_human/h5ad/ERX4319131.h5ad	17285052	281fbf6a745fa79c553af8f55c4bbf2634c8ff8a83a0bf07990b8aad2afa5adc	yes	downloaded	https://storage.googleapis.com/arc-institute-virtual-cell-atlas/scbasecount/2026-01-12/h5ad/GeneFull_Ex50pAS/Homo_sapiens/ERX4319131.h5ad?generation=1770409826104179
data/raw/scbasecount_2026_01_12_human/h5ad/ERX4319183.h5ad	91620669	470be94d414fe41851493cf0f9dcfaabf15bdfba2784f6c203be90352caa5d78	yes	downloaded	https://storage.googleapis.com/arc-institute-virtual-cell-atlas/scbasecount/2026-01-12/h5ad/GeneFull_Ex50pAS/Homo_sapiens/ERX4319183.h5ad?generation=1770409828343173
data/raw/scbasecount_2026_01_12_human/h5ad/SRX15805183.h5ad	5309731	a2df02de052ba3df150b6365449267782f44bd621401ad251506cc4612be7ad3	yes	downloaded	https://storage.googleapis.com/arc-institute-virtual-cell-atlas/scbasecount/2026-01-12/h5ad/GeneFull_Ex50pAS/Homo_sapiens/SRX15805183.h5ad?generation=1770409814755264
data/raw/scbasecount_2026_01_12_human/h5ad/SRX28908303.h5ad	2560466	abb8042563d6164fd54fb2c5516fc1fbc1abba87ad1d655d932ca7bd2fb5b5b8	yes	downloaded	https://storage.googleapis.com/arc-institute-virtual-cell-atlas/scbasecount/2026-01-12/h5ad/GeneFull_Ex50pAS/Homo_sapiens/SRX28908303.h5ad?generation=1770409803842006
data/raw/scbasecount_2026_01_12_human/h5ad/SRX28769009.h5ad	13435319	8304b24e121fa7bb4ce71846c824d8344c358f457d3e6fe97730fa4de43188a2	yes	downloaded	https://storage.googleapis.com/arc-institute-virtual-cell-atlas/scbasecount/2026-01-12/h5ad/GeneFull_Ex50pAS/Homo_sapiens/SRX28769009.h5ad?generation=1770409802826030
data/raw/scbasecount_2026_01_12_human/h5ad/SRX28908286.h5ad	93961373	a42250d1da7dea699af1383994d6141926e2123899a0db1743ba1d8a59afcf12	yes	downloaded	https://storage.googleapis.com/arc-institute-virtual-cell-atlas/scbasecount/2026-01-12/h5ad/GeneFull_Ex50pAS/Homo_sapiens/SRX28908286.h5ad?generation=1770409805615519
data/raw/scbasecount_2026_01_12_human/h5ad/SRX28908333.h5ad	2595860	3f15f810cd7799e45687b7ca96ab2a52201be598835040da14df867023a68385	yes	downloaded	https://storage.googleapis.com/arc-institute-virtual-cell-atlas/scbasecount/2026-01-12/h5ad/GeneFull_Ex50pAS/Homo_sapiens/SRX28908333.h5ad?generation=1770409802141706
data/raw/scbasecount_2026_01_12_human/h5ad/SRX28769026.h5ad	15821663	f393afe518b4269e581a13aa83c3b0b7a9a4aca746b7378dfeb263a286a257e0	yes	downloaded	https://storage.googleapis.com/arc-institute-virtual-cell-atlas/scbasecount/2026-01-12/h5ad/GeneFull_Ex50pAS/Homo_sapiens/SRX28769026.h5ad?generation=1770409802548937
data/raw/scbasecount_2026_01_12_human/h5ad/SRX18287370.h5ad	60594194	11a79196660610167c4d0d46e95c9458931fdae5779d91c179607939992cc768	yes	downloaded	https://storage.googleapis.com/arc-institute-virtual-cell-atlas/scbasecount/2026-01-12/h5ad/GeneFull_Ex50pAS/Homo_sapiens/SRX18287370.h5ad?generation=1770409816632389
data/raw/scbasecount_2026_01_12_human/h5ad/SRX13263470.h5ad	177571296	39aefc5f20302890401895f4b9e453f78f84c58e2b04473d1dfb413ff9fcb79b	yes	downloaded	https://storage.googleapis.com/arc-institute-virtual-cell-atlas/scbasecount/2026-01-12/h5ad/GeneFull_Ex50pAS/Homo_sapiens/SRX13263470.h5ad?generation=1770409830206348
data/raw/scbasecount_2026_01_12_human/h5ad/SRX9208643.h5ad	2635574	ac4d66a1d65c90c0fbd7d1d2a0f9669bc00034df290cf6026da9b6393ca1dfe2	yes	downloaded	https://storage.googleapis.com/arc-institute-virtual-cell-atlas/scbasecount/2026-01-12/h5ad/GeneFull_Ex50pAS/Homo_sapiens/SRX9208643.h5ad?generation=1770409806038399
data/raw/scbasecount_2026_01_12_human/h5ad/SRX19639299.h5ad	217734686	816e81d650a91dc858773a355622148f6c440be76bebcde01648e4e061c2f747	yes	downloaded	https://storage.googleapis.com/arc-institute-virtual-cell-atlas/scbasecount/2026-01-12/h5ad/GeneFull_Ex50pAS/Homo_sapiens/SRX19639299.h5ad?generation=1770409827948026
data/raw/scbasecount_2026_01_12_human/h5ad/ERX8792000.h5ad	3462827	d490a030c41bfc095e06e83bb2cc5b0d9a2aba0a81ec0a3f47f9272d73c971f5	yes	downloaded	https://storage.googleapis.com/arc-institute-virtual-cell-atlas/scbasecount/2026-01-12/h5ad/GeneFull_Ex50pAS/Homo_sapiens/ERX8792000.h5ad?generation=1770409826714661
data/raw/scbasecount_2026_01_12_human/h5ad/SRX21168900.h5ad	9907490	083e6c1b995d647111f6e5b432015b420afe94fe2e80e745f19d71386a1cb3e0	yes	downloaded	https://storage.googleapis.com/arc-institute-virtual-cell-atlas/scbasecount/2026-01-12/h5ad/GeneFull_Ex50pAS/Homo_sapiens/SRX21168900.h5ad?generation=1770409816354014
data/raw/scbasecount_2026_01_12_human/h5ad/SRX17605969.h5ad	68707547	aa0db62543f827a214b4513caca7abb2defaa0d4d27cf649b088c9a0a69b5e4e	yes	downloaded	https://storage.googleapis.com/arc-institute-virtual-cell-atlas/scbasecount/2026-01-12/h5ad/GeneFull_Ex50pAS/Homo_sapiens/SRX17605969.h5ad?generation=1770409820012829
data/raw/scbasecount_2026_01_12_human/h5ad/SRX20931994.h5ad	48050156	7922b220d9d4f78a7a9d793919a3342c7c67c797bc0938a36bc5e07ab6cd42de	yes	downloaded	https://storage.googleapis.com/arc-institute-virtual-cell-atlas/scbasecount/2026-01-12/h5ad/GeneFull_Ex50pAS/Homo_sapiens/SRX20931994.h5ad?generation=1770409814771867
data/raw/scbasecount_2026_01_12_human/h5ad/SRX11523476.h5ad	135207377	35b75c154206faae194a4bbf9763e15dfe3fd1258c4a11aeb8771064cb69a00d	yes	downloaded	https://storage.googleapis.com/arc-institute-virtual-cell-atlas/scbasecount/2026-01-12/h5ad/GeneFull_Ex50pAS/Homo_sapiens/SRX11523476.h5ad?generation=1770409829639776
data/raw/scbasecount_2026_01_12_human/h5ad/SRX11523682.h5ad	93015302	d11356f0e87202ed2c16937f27d3cd763784c939b4115edd8846893eb4e29c18	yes	downloaded	https://storage.googleapis.com/arc-institute-virtual-cell-atlas/scbasecount/2026-01-12/h5ad/GeneFull_Ex50pAS/Homo_sapiens/SRX11523682.h5ad?generation=1770409830813601
data/raw/scbasecount_2026_01_12_human/h5ad/SRX19033440.h5ad	70291798	6a1fd6623874d615c30d2e37d798c8eafbaa3896ac314b1e536eb80f84e81d8c	yes	downloaded	https://storage.googleapis.com/arc-institute-virtual-cell-atlas/scbasecount/2026-01-12/h5ad/GeneFull_Ex50pAS/Homo_sapiens/SRX19033440.h5ad?generation=1770409817514988
data/raw/scbasecount_2026_01_12_human/h5ad/ERX10987149.h5ad	309327513	e226fdf9f0a59f27924f67c94c70d11cc5c7aaf895868c2f0e18082ddc729381	yes	downloaded	https://storage.googleapis.com/arc-institute-virtual-cell-atlas/scbasecount/2026-01-12/h5ad/GeneFull_Ex50pAS/Homo_sapiens/ERX10987149.h5ad?generation=1770409841728834
data/raw/scbasecount_2026_01_12_human/h5ad/SRX17937434.h5ad	185812277	051cb32fc911703483140519f1bcaf33fe185208cd53f8cc7cd0418e775d2c5b	yes	downloaded	https://storage.googleapis.com/arc-institute-virtual-cell-atlas/scbasecount/2026-01-12/h5ad/GeneFull_Ex50pAS/Homo_sapiens/SRX17937434.h5ad?generation=1770409819095808
data/raw/scbasecount_2026_01_12_human/h5ad/SRX19964589.h5ad	275178337	e1645dd629f131513f0a0a7dbb54e0e1fa41846bac0cd6187358262636e8c725	yes	downloaded	https://storage.googleapis.com/arc-institute-virtual-cell-atlas/scbasecount/2026-01-12/h5ad/GeneFull_Ex50pAS/Homo_sapiens/SRX19964589.h5ad?generation=1770409822090991
data/raw/scbasecount_2026_01_12_human/h5ad/ERX8792142.h5ad	3137695	75211ec598d0381004f98c42bdaecb3ce508e9f53dece690e20f30a513aa4252	yes	downloaded	https://storage.googleapis.com/arc-institute-virtual-cell-atlas/scbasecount/2026-01-12/h5ad/GeneFull_Ex50pAS/Homo_sapiens/ERX8792142.h5ad?generation=1770409826096523
data/raw/scbasecount_2026_01_12_human/h5ad/SRX25183955.h5ad	75229372	28f497004296f763dd149e1171ef3dcaf5e2a671b4ff114b8bdaa5da6a660355	yes	downloaded	https://storage.googleapis.com/arc-institute-virtual-cell-atlas/scbasecount/2026-01-12/h5ad/GeneFull_Ex50pAS/Homo_sapiens/SRX25183955.h5ad?generation=1770409806197112
data/raw/scbasecount_2026_01_12_human/h5ad/SRX28908226.h5ad	9269031	3bfebf49a5b09d68ab24e058160800a66c7477df3fcd0f6ba6e3be98618bf401	yes	downloaded	https://storage.googleapis.com/arc-institute-virtual-cell-atlas/scbasecount/2026-01-12/h5ad/GeneFull_Ex50pAS/Homo_sapiens/SRX28908226.h5ad?generation=1770409804354788
data/raw/scbasecount_2026_01_12_human/h5ad/SRX17033063.h5ad	107826829	06b296fa1dbae49f4403e618091874f348df7bff0abaa10335b3d99ec106309d	yes	downloaded	https://storage.googleapis.com/arc-institute-virtual-cell-atlas/scbasecount/2026-01-12/h5ad/GeneFull_Ex50pAS/Homo_sapiens/SRX17033063.h5ad?generation=1770409816114448
data/raw/scbasecount_2026_01_12_human/h5ad/ERX8792133.h5ad	156096404	dc8224e4495fdb9a0d5f60c01a715fc9902e0bfda54feea1ec3637bf3a39153d	yes	downloaded	https://storage.googleapis.com/arc-institute-virtual-cell-atlas/scbasecount/2026-01-12/h5ad/GeneFull_Ex50pAS/Homo_sapiens/ERX8792133.h5ad?generation=1770409830110749
data/raw/scbasecount_2026_01_12_human/h5ad/SRX9568863.h5ad	41261910	cd499720581b6fcf38a3e89e4ae29b7964932121fd654ae984b1d52c053dbf3d	yes	downloaded	https://storage.googleapis.com/arc-institute-virtual-cell-atlas/scbasecount/2026-01-12/h5ad/GeneFull_Ex50pAS/Homo_sapiens/SRX9568863.h5ad?generation=1770409802522045
data/raw/scbasecount_2026_01_12_human/h5ad/ERX8792203.h5ad	5010074	3f45a0ec63a8d6e115893cc5c98071054f192fbc4adba3d379da00757dd029ce	yes	downloaded	https://storage.googleapis.com/arc-institute-virtual-cell-atlas/scbasecount/2026-01-12/h5ad/GeneFull_Ex50pAS/Homo_sapiens/ERX8792203.h5ad?generation=1770409827168221
data/raw/scbasecount_2026_01_12_human/h5ad/SRX18464760.h5ad	58992868	4ffe5f97a318713ea1d9ffb4cbd62b1fb54cffd4decd7ef873758c65ec3adfcd	yes	downloaded	https://storage.googleapis.com/arc-institute-virtual-cell-atlas/scbasecount/2026-01-12/h5ad/GeneFull_Ex50pAS/Homo_sapiens/SRX18464760.h5ad?generation=1770409814833296
data/raw/scbasecount_2026_01_12_human/h5ad/ERX9913852.h5ad	77995736	fb12e61ed25d27b64198fb90735ffb1c0e19645a58cb4d0248a753ab4bb74708	yes	downloaded	https://storage.googleapis.com/arc-institute-virtual-cell-atlas/scbasecount/2026-01-12/h5ad/GeneFull_Ex50pAS/Homo_sapiens/ERX9913852.h5ad?generation=1770409828860361
data/raw/scbasecount_2026_01_12_human/h5ad/SRX14499934.h5ad	2591934	79d20ba968cac51234d03dc04b1d95a60a6b0fd1ceec57eaa12dff341e1da31c	yes	downloaded	https://storage.googleapis.com/arc-institute-virtual-cell-atlas/scbasecount/2026-01-12/h5ad/GeneFull_Ex50pAS/Homo_sapiens/SRX14499934.h5ad?generation=1770409825664127
data/raw/scbasecount_2026_01_12_human/h5ad/SRX9711341.h5ad	10712172	7b28665f96138c31bee9269efc0f623b6c3c8027f3facaf677c574bd4201e0ef	yes	downloaded	https://storage.googleapis.com/arc-institute-virtual-cell-atlas/scbasecount/2026-01-12/h5ad/GeneFull_Ex50pAS/Homo_sapiens/SRX9711341.h5ad?generation=1770409802173434
data/raw/scbasecount_2026_01_12_human/h5ad/SRX9417111.h5ad	60272667	0fbf19b1a1d4f16daeb2b04cb07d8c23d97e5374773dfceb14ac361b4ae8a4fe	yes	downloaded	https://storage.googleapis.com/arc-institute-virtual-cell-atlas/scbasecount/2026-01-12/h5ad/GeneFull_Ex50pAS/Homo_sapiens/SRX9417111.h5ad?generation=1770409803074954
data/raw/scbasecount_2026_01_12_human/h5ad/SRX14495322.h5ad	9631767	4310e438d63f4d1957d0a9414459ac57318705cfd42f68a5fe7df9ccfe4d539c	yes	downloaded	https://storage.googleapis.com/arc-institute-virtual-cell-atlas/scbasecount/2026-01-12/h5ad/GeneFull_Ex50pAS/Homo_sapiens/SRX14495322.h5ad?generation=1770409825876010
data/raw/scbasecount_2026_01_12_human/h5ad/ERX8792031.h5ad	23129141	8f7cf113b035ecea2bf314a80a8d2541547438780a4d786d9a65621ea1670d1b	yes	downloaded	https://storage.googleapis.com/arc-institute-virtual-cell-atlas/scbasecount/2026-01-12/h5ad/GeneFull_Ex50pAS/Homo_sapiens/ERX8792031.h5ad?generation=1770409827324049
data/raw/scbasecount_2026_01_12_human/h5ad/SRX22749118.h5ad	74731743	450051eb28b12c33fab976fb604efc4df834253b78dbb630909afd6fb356204f	yes	downloaded	https://storage.googleapis.com/arc-institute-virtual-cell-atlas/scbasecount/2026-01-12/h5ad/GeneFull_Ex50pAS/Homo_sapiens/SRX22749118.h5ad?generation=1770409816220529
data/raw/scbasecount_2026_01_12_human/h5ad/SRX8668244.h5ad	455488882	e4d1a71dd2026b27653115b6b79193ba17cf86d8ae18abb8516b25adb4d2dff9	yes	downloaded	https://storage.googleapis.com/arc-institute-virtual-cell-atlas/scbasecount/2026-01-12/h5ad/GeneFull_Ex50pAS/Homo_sapiens/SRX8668244.h5ad?generation=1770409815830326
data/raw/scbasecount_2026_01_12_human/h5ad/SRX10579571.h5ad	139678004	b720a985e9b4a2e0fedf70702ab918e58fb560d71bffbd89cafa7a265487d4bd	yes	downloaded	https://storage.googleapis.com/arc-institute-virtual-cell-atlas/scbasecount/2026-01-12/h5ad/GeneFull_Ex50pAS/Homo_sapiens/SRX10579571.h5ad?generation=1770409829057039
data/raw/scbasecount_2026_01_12_human/h5ad/SRX11349319.h5ad	11961493	50a99ad83f9cb1c20b0207346c00a17d00b112faf50baf21de0d43b581cd1e2d	yes	downloaded	https://storage.googleapis.com/arc-institute-virtual-cell-atlas/scbasecount/2026-01-12/h5ad/GeneFull_Ex50pAS/Homo_sapiens/SRX11349319.h5ad?generation=1770409833348369
data/raw/scbasecount_2026_01_12_human/h5ad/SRX10579569.h5ad	209651369	9e4b1ad89a6d4b2cc9e878c689d1066b549f525df56290c0d9e23f343b61adf7	yes	downloaded	https://storage.googleapis.com/arc-institute-virtual-cell-atlas/scbasecount/2026-01-12/h5ad/GeneFull_Ex50pAS/Homo_sapiens/SRX10579569.h5ad?generation=1770409831563580
data/raw/scbasecount_2026_01_12_human/h5ad/SRX8820542.h5ad	9907495	84ac663396836fef9a7ea7c6b7b233e62a24536bf60291599c5ead960c17650c	yes	downloaded	https://storage.googleapis.com/arc-institute-virtual-cell-atlas/scbasecount/2026-01-12/h5ad/GeneFull_Ex50pAS/Homo_sapiens/SRX8820542.h5ad?generation=1770409802375420
data/raw/scbasecount_2026_01_12_human/h5ad/SRX20272866.h5ad	389049943	fbbf32c2e1ff540fc235eddfb97d40941ed8532fb4d5aac89357b9ca74496cc7	yes	downloaded	https://storage.googleapis.com/arc-institute-virtual-cell-atlas/scbasecount/2026-01-12/h5ad/GeneFull_Ex50pAS/Homo_sapiens/SRX20272866.h5ad?generation=1770409829802424
data/raw/scbasecount_2026_01_12_human/h5ad/SRX11523519.h5ad	74037664	ddccc23237697786e22b8d3310efe112292ad35b3f4fafa5fff1bf9d431bebd3	yes	downloaded	https://storage.googleapis.com/arc-institute-virtual-cell-atlas/scbasecount/2026-01-12/h5ad/GeneFull_Ex50pAS/Homo_sapiens/SRX11523519.h5ad?generation=1770409876360882
data/raw/scbasecount_2026_01_12_human/h5ad/SRX19639298.h5ad	254642757	eb79669c0a7d2b71177822104a0425d4945bc43fa496d199daa8fee43bfc5dfb	yes	downloaded	https://storage.googleapis.com/arc-institute-virtual-cell-atlas/scbasecount/2026-01-12/h5ad/GeneFull_Ex50pAS/Homo_sapiens/SRX19639298.h5ad?generation=1770409821050656
data/raw/scbasecount_2026_01_12_human/h5ad/SRX12101433.h5ad	364575114	dc53e0c1249d5866dddaab013bd7012cabbda2e179410708d1d70a0c0952660e	yes	downloaded	https://storage.googleapis.com/arc-institute-virtual-cell-atlas/scbasecount/2026-01-12/h5ad/GeneFull_Ex50pAS/Homo_sapiens/SRX12101433.h5ad?generation=1770409838716881
data/raw/scbasecount_2026_01_12_human/h5ad/SRX11523601.h5ad	331494526	3e3456f26c5948ab096ee0a0b1227dc05a4c5719d4e475b6a06183f06b4a17a3	yes	downloaded	https://storage.googleapis.com/arc-institute-virtual-cell-atlas/scbasecount/2026-01-12/h5ad/GeneFull_Ex50pAS/Homo_sapiens/SRX11523601.h5ad?generation=1770409836134731
data/raw/scbasecount_2026_01_12_human/h5ad/ERX10019091.h5ad	425586991	961b9d876bf40febc2a7a511a611e432011d5e0fb4683cac7442de03909fcf05	yes	downloaded	https://storage.googleapis.com/arc-institute-virtual-cell-atlas/scbasecount/2026-01-12/h5ad/GeneFull_Ex50pAS/Homo_sapiens/ERX10019091.h5ad?generation=1770409841186410
data/raw/scbasecount_2026_01_12_human/h5ad/SRX8349949.h5ad	80480739	1095847a28352498b543f4993c5e271e4a4006044d3b4366cc8d4f36de1534f3	yes	downloaded	https://storage.googleapis.com/arc-institute-virtual-cell-atlas/scbasecount/2026-01-12/h5ad/GeneFull_Ex50pAS/Homo_sapiens/SRX8349949.h5ad?generation=1770409804834672
data/raw/scbasecount_2026_01_12_human/h5ad/SRX16314797.h5ad	177669896	e6ab1e7cad1bba3550b4349a02298a8284a97c08ee71f2dc05c73640135b91a0	yes	downloaded	https://storage.googleapis.com/arc-institute-virtual-cell-atlas/scbasecount/2026-01-12/h5ad/GeneFull_Ex50pAS/Homo_sapiens/SRX16314797.h5ad?generation=1770409820436667
data/raw/scbasecount_2026_01_12_human/h5ad/SRX27487151.h5ad	177506726	533eaa0893e3231d73f4c03080d6879c8a32d14abc427941747febb96a290dbc	yes	downloaded	https://storage.googleapis.com/arc-institute-virtual-cell-atlas/scbasecount/2026-01-12/h5ad/GeneFull_Ex50pAS/Homo_sapiens/SRX27487151.h5ad?generation=1770409806512681
data/raw/scbasecount_2026_01_12_human/h5ad/SRX19176910.h5ad	13612305	a6751efadbf495c252621e2f25215c97e2f8ea5b68e5dff6c4647ec4a3af1ac2	yes	downloaded	https://storage.googleapis.com/arc-institute-virtual-cell-atlas/scbasecount/2026-01-12/h5ad/GeneFull_Ex50pAS/Homo_sapiens/SRX19176910.h5ad?generation=1770409816582452
data/raw/scbasecount_2026_01_12_human/h5ad/SRX18076443.h5ad	236226665	7fad93d043bcf982d6bf5e7184aadc044b71ac62f38b2b0d8e2629904b0e97d7	yes	downloaded	https://storage.googleapis.com/arc-institute-virtual-cell-atlas/scbasecount/2026-01-12/h5ad/GeneFull_Ex50pAS/Homo_sapiens/SRX18076443.h5ad?generation=1770409933598001
data/raw/scbasecount_2026_01_12_human/h5ad/SRX11523558.h5ad	79683852	84b1cf79c868cd5891aa3a7c560391dd9b1cb5e22401e3d01fa5b959b6f858f9	yes	downloaded	https://storage.googleapis.com/arc-institute-virtual-cell-atlas/scbasecount/2026-01-12/h5ad/GeneFull_Ex50pAS/Homo_sapiens/SRX11523558.h5ad?generation=1770409831116170
data/raw/scbasecount_2026_01_12_human/h5ad/SRX12509393.h5ad	220397090	b35c437fc41f1ff860cf87f1ab736d8550db39265b9ebfde184ec0f73e16f12d	yes	downloaded	https://storage.googleapis.com/arc-institute-virtual-cell-atlas/scbasecount/2026-01-12/h5ad/GeneFull_Ex50pAS/Homo_sapiens/SRX12509393.h5ad?generation=1770409831239715
data/raw/scbasecount_2026_01_12_human/h5ad/SRX8726758.h5ad	207532084	2e59fc2ccb182a80d104aa22da19b17cb565495b3b5e507306c7e7ae0c61e16c	yes	downloaded	https://storage.googleapis.com/arc-institute-virtual-cell-atlas/scbasecount/2026-01-12/h5ad/GeneFull_Ex50pAS/Homo_sapiens/SRX8726758.h5ad?generation=1770409809078935
data/raw/scbasecount_2026_01_12_human/h5ad/SRX8020230.h5ad	14344910	3145cb8e76202b2297cee25c388ca69bfc47b904685cd720230d5c5cb0b46478	yes	downloaded	https://storage.googleapis.com/arc-institute-virtual-cell-atlas/scbasecount/2026-01-12/h5ad/GeneFull_Ex50pAS/Homo_sapiens/SRX8020230.h5ad?generation=1770409803730972
data/raw/scbasecount_2026_01_12_human/h5ad/SRX8949640.h5ad	194140954	edd8c1aa84919ee27af5e573a94e4bbdb049da10062202910cca7e5117c512a1	yes	downloaded	https://storage.googleapis.com/arc-institute-virtual-cell-atlas/scbasecount/2026-01-12/h5ad/GeneFull_Ex50pAS/Homo_sapiens/SRX8949640.h5ad?generation=1770409819519314
data/raw/scbasecount_2026_01_12_human/h5ad/SRX17772373.h5ad	218464905	6ea84483190e84b9f161f85132b2173769315b33845394678e054ecf89646865	yes	downloaded	https://storage.googleapis.com/arc-institute-virtual-cell-atlas/scbasecount/2026-01-12/h5ad/GeneFull_Ex50pAS/Homo_sapiens/SRX17772373.h5ad?generation=1770409820883220
data/raw/scbasecount_2026_01_12_human/h5ad/SRX19964586.h5ad	272763188	530c4f2e85d181463c2ba3d720d2426369f91c0f2e6c430fe8678626242233c4	yes	downloaded	https://storage.googleapis.com/arc-institute-virtual-cell-atlas/scbasecount/2026-01-12/h5ad/GeneFull_Ex50pAS/Homo_sapiens/SRX19964586.h5ad?generation=1770409820005241
data/raw/scbasecount_2026_01_12_human/h5ad/SRX25852479.h5ad	91622806	a325c0ecc9a4060205a18160b161563ea843265bf3fc9d132b7d46bff090e9a6	yes	downloaded	https://storage.googleapis.com/arc-institute-virtual-cell-atlas/scbasecount/2026-01-12/h5ad/GeneFull_Ex50pAS/Homo_sapiens/SRX25852479.h5ad?generation=1770409805635033
data/raw/scbasecount_2026_01_12_human/h5ad/SRX18201493.h5ad	273421269	c7aabd510b5e789efa86f9445cc9afbd9be685f62f6cc3d917a73d49698a5005	yes	downloaded	https://storage.googleapis.com/arc-institute-virtual-cell-atlas/scbasecount/2026-01-12/h5ad/GeneFull_Ex50pAS/Homo_sapiens/SRX18201493.h5ad?generation=1770409823998166
data/raw/scbasecount_2026_01_12_human/h5ad/SRX27878558.h5ad	50569495	c50ee493f86ec6b51273b2161f60471ff755c308bb36bf2d6f87ffb6a7139d31	yes	downloaded	https://storage.googleapis.com/arc-institute-virtual-cell-atlas/scbasecount/2026-01-12/h5ad/GeneFull_Ex50pAS/Homo_sapiens/SRX27878558.h5ad?generation=1770409803700299
data/raw/scbasecount_2026_01_12_human/h5ad/SRX26161104.h5ad	179798031	95518c22b78d390e0b47f96555430fe6052d1200df982f662890f17735f1d696	yes	downloaded	https://storage.googleapis.com/arc-institute-virtual-cell-atlas/scbasecount/2026-01-12/h5ad/GeneFull_Ex50pAS/Homo_sapiens/SRX26161104.h5ad?generation=1770409855137579
data/raw/scbasecount_2026_01_12_human/h5ad/SRX7112680.h5ad	6620768	8cd46d88d72e59c07c8560a6dfde06b6a3b086ebc51bf04859fb530cd346add6	yes	downloaded	https://storage.googleapis.com/arc-institute-virtual-cell-atlas/scbasecount/2026-01-12/h5ad/GeneFull_Ex50pAS/Homo_sapiens/SRX7112680.h5ad?generation=1770409803842315
data/raw/scbasecount_2026_01_12_human/h5ad/SRX10152687.h5ad	2529415	da9866ee07ee94b74aa23f2c0bb1e49eb656d9b352f91a716517dfd32edba667	yes	downloaded	https://storage.googleapis.com/arc-institute-virtual-cell-atlas/scbasecount/2026-01-12/h5ad/GeneFull_Ex50pAS/Homo_sapiens/SRX10152687.h5ad?generation=1770409832809270
data/raw/scbasecount_2026_01_12_human/h5ad/SRX11523574.h5ad	110324272	56e54355c83fb290c757365f21fcee8cafe31b4f3b46e66cba8b4446197894c1	yes	downloaded	https://storage.googleapis.com/arc-institute-virtual-cell-atlas/scbasecount/2026-01-12/h5ad/GeneFull_Ex50pAS/Homo_sapiens/SRX11523574.h5ad?generation=1770409827723817
data/raw/scbasecount_2026_01_12_human/h5ad/SRX10681564.h5ad	104145257	72a63faf2bf14f4f9e9be8b57b58aa3e54fbf964ba131ccd903870c486deec90	yes	downloaded	https://storage.googleapis.com/arc-institute-virtual-cell-atlas/scbasecount/2026-01-12/h5ad/GeneFull_Ex50pAS/Homo_sapiens/SRX10681564.h5ad?generation=1770409830789688
data/raw/scbasecount_2026_01_12_human/h5ad/SRX27878517.h5ad	130927181	94a888c8c00be7b18e1bfa2d02b639d1aa1f9ae9f9cfc763b0d10a01626a30c6	yes	downloaded	https://storage.googleapis.com/arc-institute-virtual-cell-atlas/scbasecount/2026-01-12/h5ad/GeneFull_Ex50pAS/Homo_sapiens/SRX27878517.h5ad?generation=1770409804682393
data/raw/scbasecount_2026_01_12_human/h5ad/SRX9834902.h5ad	94533258	38080ec184ab44eb789cc8ab32419549bc4c3fa1a7142aedd22aafb9813f67a8	yes	downloaded	https://storage.googleapis.com/arc-institute-virtual-cell-atlas/scbasecount/2026-01-12/h5ad/GeneFull_Ex50pAS/Homo_sapiens/SRX9834902.h5ad?generation=1770409806489046
data/raw/scbasecount_2026_01_12_human/h5ad/SRX10667318.h5ad	4217996	d24d86024830b52146ba73b74eef2e935fd8e85cf96e587761448835042db6a7	yes	downloaded	https://storage.googleapis.com/arc-institute-virtual-cell-atlas/scbasecount/2026-01-12/h5ad/GeneFull_Ex50pAS/Homo_sapiens/SRX10667318.h5ad?generation=1770409826282066
data/raw/scbasecount_2026_01_12_human/h5ad/SRX20598017.h5ad	157767711	dcea5115987604d76baa879d199c582c2a98b92eda272c487aba59f9f1df8188	yes	downloaded	https://storage.googleapis.com/arc-institute-virtual-cell-atlas/scbasecount/2026-01-12/h5ad/GeneFull_Ex50pAS/Homo_sapiens/SRX20598017.h5ad?generation=1770409818049551
data/raw/scbasecount_2026_01_12_human/h5ad/SRX21048007.h5ad	247834435	02abb82b2fb96df98ad84bf28d78981f93bcca10a72c473b50e6eaddecec9125	yes	downloaded	https://storage.googleapis.com/arc-institute-virtual-cell-atlas/scbasecount/2026-01-12/h5ad/GeneFull_Ex50pAS/Homo_sapiens/SRX21048007.h5ad?generation=1770409820497303
data/raw/scbasecount_2026_01_12_human/h5ad/SRX9710084.h5ad	189203262	681478d02fee9ba75674b7e876bd182981a127ea3a24350ac788b85811c9d9e0	yes	downloaded	https://storage.googleapis.com/arc-institute-virtual-cell-atlas/scbasecount/2026-01-12/h5ad/GeneFull_Ex50pAS/Homo_sapiens/SRX9710084.h5ad?generation=1770409806194055
data/raw/scbasecount_2026_01_12_human/h5ad/SRX15631182.h5ad	216992970	90185447515c20afca49f0713c6e7e39ad6edf6a70125a1f18961b7c18f6960d	yes	downloaded	https://storage.googleapis.com/arc-institute-virtual-cell-atlas/scbasecount/2026-01-12/h5ad/GeneFull_Ex50pAS/Homo_sapiens/SRX15631182.h5ad?generation=1770409822702813
data/raw/scbasecount_2026_01_12_human/h5ad/ERX9419089.h5ad	270015123	e111655f6828c388f5ae83e529e365a8a810d7ad50bd9de1390c679963065018	yes	downloaded	https://storage.googleapis.com/arc-institute-virtual-cell-atlas/scbasecount/2026-01-12/h5ad/GeneFull_Ex50pAS/Homo_sapiens/ERX9419089.h5ad?generation=1770409836257486
data/raw/scbasecount_2026_01_12_human/h5ad/SRX9927815.h5ad	239234848	ce578cb38e991766df2537d51bc4ef2eb19cf29d08ec58aa249405632e9d7a9c	yes	downloaded	https://storage.googleapis.com/arc-institute-virtual-cell-atlas/scbasecount/2026-01-12/h5ad/GeneFull_Ex50pAS/Homo_sapiens/SRX9927815.h5ad?generation=1770409824025703
data/raw/scbasecount_2026_01_12_human/h5ad/SRX15830711.h5ad	195451089	7a37a2358c88860aedf00588911aa624fe41e071d3b1d4e98d9fcbd31339882c	yes	downloaded	https://storage.googleapis.com/arc-institute-virtual-cell-atlas/scbasecount/2026-01-12/h5ad/GeneFull_Ex50pAS/Homo_sapiens/SRX15830711.h5ad?generation=1770409821767684
data/raw/scbasecount_2026_01_12_human/h5ad/SRX9849883.h5ad	275497674	41eea8fbe5db933368eb45cf5b079a2800f22baf7c57bf2d56e68619c39dab06	yes	downloaded	https://storage.googleapis.com/arc-institute-virtual-cell-atlas/scbasecount/2026-01-12/h5ad/GeneFull_Ex50pAS/Homo_sapiens/SRX9849883.h5ad?generation=1770409809183199
data/raw/scbasecount_2026_01_12_human/h5ad/ERX8792065.h5ad	14912369	7d530488e62bbb9427d3f560ffc7741dca0edebded1141013cd4414240a3006a	yes	downloaded	https://storage.googleapis.com/arc-institute-virtual-cell-atlas/scbasecount/2026-01-12/h5ad/GeneFull_Ex50pAS/Homo_sapiens/ERX8792065.h5ad?generation=1770409828172152
data/raw/scbasecount_2026_01_12_human/h5ad/ERX8792194.h5ad	8669184	61c01bc576e017bed9c9296cf1b3b491281ed526ef3ab0a0903cde246cc61044	yes	downloaded	https://storage.googleapis.com/arc-institute-virtual-cell-atlas/scbasecount/2026-01-12/h5ad/GeneFull_Ex50pAS/Homo_sapiens/ERX8792194.h5ad?generation=1770409825805610
data/raw/scbasecount_2026_01_12_human/h5ad/SRX23721833.h5ad	248101993	8ead1e6d42e50b327423a6b10e6bdd902416972112a24ab8dea099d6f67e4ac6	yes	downloaded	https://storage.googleapis.com/arc-institute-virtual-cell-atlas/scbasecount/2026-01-12/h5ad/GeneFull_Ex50pAS/Homo_sapiens/SRX23721833.h5ad?generation=1770409807385107
data/raw/scbasecount_2026_01_12_human/h5ad/SRX8999176.h5ad	81633606	fdfd5b74f849596774d6a50824fe078447238852d73ee51185184813216c86ba	yes	downloaded	https://storage.googleapis.com/arc-institute-virtual-cell-atlas/scbasecount/2026-01-12/h5ad/GeneFull_Ex50pAS/Homo_sapiens/SRX8999176.h5ad?generation=1770409807241367
data/raw/scbasecount_2026_01_12_human/h5ad/SRX9651824.h5ad	45202141	693cf5b5fae4876c41185606c462d1ef3185acb2dcc92dbca2306f94ffbcb24a	yes	downloaded	https://storage.googleapis.com/arc-institute-virtual-cell-atlas/scbasecount/2026-01-12/h5ad/GeneFull_Ex50pAS/Homo_sapiens/SRX9651824.h5ad?generation=1770409802503069
data/raw/scbasecount_2026_01_12_human/h5ad/SRX27560282.h5ad	216005282	727b9833a83e5dd3338a4ece4307cf9a1fddf758462d95cceb09cb0295093e72	yes	downloaded	https://storage.googleapis.com/arc-institute-virtual-cell-atlas/scbasecount/2026-01-12/h5ad/GeneFull_Ex50pAS/Homo_sapiens/SRX27560282.h5ad?generation=1770409808722195
data/raw/scbasecount_2026_01_12_human/h5ad/ERX8792046.h5ad	39962121	ea5699a54546decdd9f944f1b99bdc88d94e6a06020bbdd59ad721487633e315	yes	downloaded	https://storage.googleapis.com/arc-institute-virtual-cell-atlas/scbasecount/2026-01-12/h5ad/GeneFull_Ex50pAS/Homo_sapiens/ERX8792046.h5ad?generation=1770409830925934
data/raw/scbasecount_2026_01_12_human/h5ad/SRX9212186.h5ad	110497144	d7beaa48dc3ac653e6ce4f95f029fd1a97587d49b02f2533674123c75a6592cb	yes	downloaded	https://storage.googleapis.com/arc-institute-virtual-cell-atlas/scbasecount/2026-01-12/h5ad/GeneFull_Ex50pAS/Homo_sapiens/SRX9212186.h5ad?generation=1770409806025899
data/raw/scbasecount_2026_01_12_human/h5ad/SRX27808013.h5ad	325034140	c4ffc3449f8c680d131d132dd8be6e101d1e119ed0c3e098896e9ee4958db0e7	yes	downloaded	https://storage.googleapis.com/arc-institute-virtual-cell-atlas/scbasecount/2026-01-12/h5ad/GeneFull_Ex50pAS/Homo_sapiens/SRX27808013.h5ad?generation=1770409814867114
data/raw/scbasecount_2026_01_12_human/h5ad/SRX21075798.h5ad	97091833	770a1bd60584653c481fc2e0d5084d8c48dcd52941430e468327702ef8076e58	yes	downloaded	https://storage.googleapis.com/arc-institute-virtual-cell-atlas/scbasecount/2026-01-12/h5ad/GeneFull_Ex50pAS/Homo_sapiens/SRX21075798.h5ad?generation=1770409816044526
data/raw/scbasecount_2026_01_12_human/h5ad/ERX8792109.h5ad	21704774	3b1432e6a5a825a450442550b3a3c2dbf71898b705ba0b5c8dd1fc6816e79744	yes	downloaded	https://storage.googleapis.com/arc-institute-virtual-cell-atlas/scbasecount/2026-01-12/h5ad/GeneFull_Ex50pAS/Homo_sapiens/ERX8792109.h5ad?generation=1770409828119766
data/raw/scbasecount_2026_01_12_human/h5ad/SRX9058161.h5ad	32525409	ba58159b4a3bfaf66e804d7ef01dc3151af8525d5627996ba019360438128438	yes	downloaded	https://storage.googleapis.com/arc-institute-virtual-cell-atlas/scbasecount/2026-01-12/h5ad/GeneFull_Ex50pAS/Homo_sapiens/SRX9058161.h5ad?generation=1770409802550532
data/raw/scbasecount_2026_01_12_human/h5ad/SRX11523694.h5ad	110084744	2550988fac9860258ad1c211277037d05075d57323fec2b41926b77157834f19	yes	downloaded	https://storage.googleapis.com/arc-institute-virtual-cell-atlas/scbasecount/2026-01-12/h5ad/GeneFull_Ex50pAS/Homo_sapiens/SRX11523694.h5ad?generation=1770409828332112
data/raw/scbasecount_2026_01_12_human/h5ad/SRX10359210.h5ad	17756203	f292e4a3de48f59a5f9ea830cf03d53e007fb0604203e53234b854ece8798b8a	yes	downloaded	https://storage.googleapis.com/arc-institute-virtual-cell-atlas/scbasecount/2026-01-12/h5ad/GeneFull_Ex50pAS/Homo_sapiens/SRX10359210.h5ad?generation=1770409830737835
data/raw/scbasecount_2026_01_12_human/h5ad/ERX11148783.h5ad	23657100	2e6c19ae4a8c4170222e048cc10640a4f8ed29c114c6e8831e801f04060c7f85	yes	downloaded	https://storage.googleapis.com/arc-institute-virtual-cell-atlas/scbasecount/2026-01-12/h5ad/GeneFull_Ex50pAS/Homo_sapiens/ERX11148783.h5ad?generation=1770409826544329
data/raw/scbasecount_2026_01_12_human/h5ad/ERX11148747.h5ad	40098051	61c6ae5bef8e6727019ce3b6ebe6dcaef58108936caa902a09b17178dde199eb	yes	downloaded	https://storage.googleapis.com/arc-institute-virtual-cell-atlas/scbasecount/2026-01-12/h5ad/GeneFull_Ex50pAS/Homo_sapiens/ERX11148747.h5ad?generation=1770409829273039
data/raw/scbasecount_2026_01_12_human/h5ad/SRX29017852.h5ad	150541587	e5dd70ab3ac25313ae6b9380191e946c00b51cb4c6739292c64f6b3b5ebe7deb	yes	downloaded	https://storage.googleapis.com/arc-institute-virtual-cell-atlas/scbasecount/2026-01-12/h5ad/GeneFull_Ex50pAS/Homo_sapiens/SRX29017852.h5ad?generation=1770409821033015
data/raw/scbasecount_2026_01_12_human/h5ad/SRX22811478.h5ad	46468282	c1c79b37277658f3f0686d91fec090ba10d34432945905f93873c586b982873a	yes	downloaded	https://storage.googleapis.com/arc-institute-virtual-cell-atlas/scbasecount/2026-01-12/h5ad/GeneFull_Ex50pAS/Homo_sapiens/SRX22811478.h5ad?generation=1770409814906674
data/raw/scbasecount_2026_01_12_human/h5ad/SRX24836493.h5ad	57137227	f8712b3262edd39289ce2fb31e1dc1b926460e118f1c11a99f81ccef16331268	yes	downloaded	https://storage.googleapis.com/arc-institute-virtual-cell-atlas/scbasecount/2026-01-12/h5ad/GeneFull_Ex50pAS/Homo_sapiens/SRX24836493.h5ad?generation=1770409803485686
data/raw/scbasecount_2026_01_12_human/h5ad/SRX15239509.h5ad	93923326	10043cb7753c51c383d6bbd624738bbb371eb92700dcad31820d8b1428b5f773	yes	downloaded	https://storage.googleapis.com/arc-institute-virtual-cell-atlas/scbasecount/2026-01-12/h5ad/GeneFull_Ex50pAS/Homo_sapiens/SRX15239509.h5ad?generation=1770409829749630
data/raw/scbasecount_2026_01_12_human/h5ad/SRX9058158.h5ad	39748459	db2e78e9a0adc78fda9356f541b92a07de1916f35af9bb8af721cae3ac630bc0	yes	downloaded	https://storage.googleapis.com/arc-institute-virtual-cell-atlas/scbasecount/2026-01-12/h5ad/GeneFull_Ex50pAS/Homo_sapiens/SRX9058158.h5ad?generation=1770409802827879
data/raw/scbasecount_2026_01_12_human/h5ad/ERX11900571.h5ad	106437095	115a31360f21fabd7723a90a4f24479c9900a0ba4bb7606018183bb32ef65e6b	yes	downloaded	https://storage.googleapis.com/arc-institute-virtual-cell-atlas/scbasecount/2026-01-12/h5ad/GeneFull_Ex50pAS/Homo_sapiens/ERX11900571.h5ad?generation=1770409828181822
data/raw/scbasecount_2026_01_12_human/h5ad/ERX11760596.h5ad	277471746	6e54c4fd7267c0d870bc9af5f3cd7f8a78f1e130a50eccf9a22975b057360358	yes	downloaded	https://storage.googleapis.com/arc-institute-virtual-cell-atlas/scbasecount/2026-01-12/h5ad/GeneFull_Ex50pAS/Homo_sapiens/ERX11760596.h5ad?generation=1770409860965930
data/raw/scbasecount_2026_01_12_human/h5ad/SRX27812349.h5ad	200623182	37a715ab2caecdfab5f797868975d651cb69474116b4e38ec4501bf3cf9f9df3	yes	downloaded	https://storage.googleapis.com/arc-institute-virtual-cell-atlas/scbasecount/2026-01-12/h5ad/GeneFull_Ex50pAS/Homo_sapiens/SRX27812349.h5ad?generation=1770409807508803
data/raw/scbasecount_2026_01_12_human/h5ad/SRX20673994.h5ad	52095217	b73f07ddd212595a6c97e33defb9af0b30859bf5d50e4b506b532b7c952d8ef7	yes	downloaded	https://storage.googleapis.com/arc-institute-virtual-cell-atlas/scbasecount/2026-01-12/h5ad/GeneFull_Ex50pAS/Homo_sapiens/SRX20673994.h5ad?generation=1770409814857227
data/raw/scbasecount_2026_01_12_human/h5ad/SRX19050175.h5ad	20796197	9483129724078f7fd5b9647f538fd78e143b40a614a14e74e74fab45a1c17c02	yes	downloaded	https://storage.googleapis.com/arc-institute-virtual-cell-atlas/scbasecount/2026-01-12/h5ad/GeneFull_Ex50pAS/Homo_sapiens/SRX19050175.h5ad?generation=1770409817439769
data/raw/scbasecount_2026_01_12_human/h5ad/SRX14335977.h5ad	35813102	4e77af04b8e7383c6c4ecb35249050d9fefaa8497a539377b863a7f2a6d53991	yes	downloaded	https://storage.googleapis.com/arc-institute-virtual-cell-atlas/scbasecount/2026-01-12/h5ad/GeneFull_Ex50pAS/Homo_sapiens/SRX14335977.h5ad?generation=1770409828958489
data/raw/scbasecount_2026_01_12_human/h5ad/SRX6917524.h5ad	27605091	aa703a9fc23bf125b3b3bff53413357322b97961c946287530ac19d44b3823cc	yes	downloaded	https://storage.googleapis.com/arc-institute-virtual-cell-atlas/scbasecount/2026-01-12/h5ad/GeneFull_Ex50pAS/Homo_sapiens/SRX6917524.h5ad?generation=1770409808107037
data/raw/scbasecount_2026_01_12_human/h5ad/SRX19103442.h5ad	216843196	df8b301585cf078ed9dc1d73940f9cc68f8be29cd41f67ead995fad7ad3e6871	yes	downloaded	https://storage.googleapis.com/arc-institute-virtual-cell-atlas/scbasecount/2026-01-12/h5ad/GeneFull_Ex50pAS/Homo_sapiens/SRX19103442.h5ad?generation=1770409823803724
data/raw/scbasecount_2026_01_12_human/h5ad/SRX16314799.h5ad	285660023	2ff9733ca2c00cec8b7e3dcc21dadfdcd6d5df45fee786e0d1a33eb7d8e6dbdc	yes	downloaded	https://storage.googleapis.com/arc-institute-virtual-cell-atlas/scbasecount/2026-01-12/h5ad/GeneFull_Ex50pAS/Homo_sapiens/SRX16314799.h5ad?generation=1770409823731510
data/raw/scbasecount_2026_01_12_human/h5ad/SRX16106218.h5ad	32762591	5e603ecb513d3f6635a353f016392e82df8be2a5cce6175f5428af53380045e4	yes	downloaded	https://storage.googleapis.com/arc-institute-virtual-cell-atlas/scbasecount/2026-01-12/h5ad/GeneFull_Ex50pAS/Homo_sapiens/SRX16106218.h5ad?generation=1770409819032979
data/raw/scbasecount_2026_01_12_human/h5ad/SRX14961335.h5ad	3208755	8532f3a2b37c97c1402baac351a30a9246ee0e2cf524816d083a109d5299c216	yes	downloaded	https://storage.googleapis.com/arc-institute-virtual-cell-atlas/scbasecount/2026-01-12/h5ad/GeneFull_Ex50pAS/Homo_sapiens/SRX14961335.h5ad?generation=1770409825681425
data/raw/scbasecount_2026_01_12_human/h5ad/SRX26081317.h5ad	381328472	e1ff2efd326b478a4d3b57145044a05b2c4a24a58a290879e284918e886f7ca6	yes	downloaded	https://storage.googleapis.com/arc-institute-virtual-cell-atlas/scbasecount/2026-01-12/h5ad/GeneFull_Ex50pAS/Homo_sapiens/SRX26081317.h5ad?generation=1770409816389903
data/raw/scbasecount_2026_01_12_human/h5ad/SRX19103453.h5ad	196326698	a18bdd827eb9fad38de67ae415a489a799b01d0525d915c7aa322e8cd37e6a25	yes	downloaded	https://storage.googleapis.com/arc-institute-virtual-cell-atlas/scbasecount/2026-01-12/h5ad/GeneFull_Ex50pAS/Homo_sapiens/SRX19103453.h5ad?generation=1770409820582765
data/raw/scbasecount_2026_01_12_human/h5ad/SRX18735835.h5ad	201720854	aabcbc3d446522025e00714101ed8b2a55acba0998e1e3b23d9eb30135f4f2f0	yes	downloaded	https://storage.googleapis.com/arc-institute-virtual-cell-atlas/scbasecount/2026-01-12/h5ad/GeneFull_Ex50pAS/Homo_sapiens/SRX18735835.h5ad?generation=1770409821772338
data/raw/scbasecount_2026_01_12_human/h5ad/SRX16106233.h5ad	243811143	9250d87f5e4af2874107dcd098317795bc2e876c607cb50c08bda7d3fedae1db	yes	downloaded	https://storage.googleapis.com/arc-institute-virtual-cell-atlas/scbasecount/2026-01-12/h5ad/GeneFull_Ex50pAS/Homo_sapiens/SRX16106233.h5ad?generation=1770409821014997
data/raw/scbasecount_2026_01_12_human/h5ad/SRX23579035.h5ad	101571849	5ed2c0105b8138b725c3284d21abe2aff94958763024b807669932be20d9af31	yes	downloaded	https://storage.googleapis.com/arc-institute-virtual-cell-atlas/scbasecount/2026-01-12/h5ad/GeneFull_Ex50pAS/Homo_sapiens/SRX23579035.h5ad?generation=1770409804104276
data/raw/scbasecount_2026_01_12_human/h5ad/SRX20726548.h5ad	103298451	b5b5d08781acaf95eb192c94f7bdabf20e453f5e2a791f6e46ca7a6005709d3e	yes	downloaded	https://storage.googleapis.com/arc-institute-virtual-cell-atlas/scbasecount/2026-01-12/h5ad/GeneFull_Ex50pAS/Homo_sapiens/SRX20726548.h5ad?generation=1770409819792719
data/raw/scbasecount_2026_01_12_human/h5ad/ERX8791999.h5ad	39660492	3f88fe59e84e2f57c699e87902a4a12ab41a083b98fb5b9a508da38275adae00	yes	downloaded	https://storage.googleapis.com/arc-institute-virtual-cell-atlas/scbasecount/2026-01-12/h5ad/GeneFull_Ex50pAS/Homo_sapiens/ERX8791999.h5ad?generation=1770409828549762
data/raw/scbasecount_2026_01_12_human/h5ad/SRX15736837.h5ad	165476820	5aee22ca03a472a4d9cb229bb13181f36760f080ea618ee593169a59c01b7543	yes	downloaded	https://storage.googleapis.com/arc-institute-virtual-cell-atlas/scbasecount/2026-01-12/h5ad/GeneFull_Ex50pAS/Homo_sapiens/SRX15736837.h5ad?generation=1770409819986132
data/raw/scbasecount_2026_01_12_human/h5ad/SRX14182562.h5ad	186848709	d55fe35ebe0de31020c41a3d9dfcd0680f644a0c63531af90506d8f458ce8e38	yes	downloaded	https://storage.googleapis.com/arc-institute-virtual-cell-atlas/scbasecount/2026-01-12/h5ad/GeneFull_Ex50pAS/Homo_sapiens/SRX14182562.h5ad?generation=1770409831639408
data/raw/scbasecount_2026_01_12_human/h5ad/SRX11980211.h5ad	266732548	baa4f3bd8c8c2df4ae8eea3ebd5aabbf7b3feaed13ead7f601174c6d92d990f7	yes	downloaded	https://storage.googleapis.com/arc-institute-virtual-cell-atlas/scbasecount/2026-01-12/h5ad/GeneFull_Ex50pAS/Homo_sapiens/SRX11980211.h5ad?generation=1770409832841304
data/raw/scbasecount_2026_01_12_human/h5ad/ERX12093801.h5ad	29809692	81f0631136c67cb42e4d83c4d5c1bc3f5303cc903fbf3f8e60f49778c1992d0c	yes	downloaded	https://storage.googleapis.com/arc-institute-virtual-cell-atlas/scbasecount/2026-01-12/h5ad/GeneFull_Ex50pAS/Homo_sapiens/ERX12093801.h5ad?generation=1770409826194131
data/raw/scbasecount_2026_01_12_human/h5ad/SRX12030186.h5ad	79179465	13952f2f4bdb2e056e08ea0ac8966d8026eff2a508d2860aef7f5511b98d1290	yes	downloaded	https://storage.googleapis.com/arc-institute-virtual-cell-atlas/scbasecount/2026-01-12/h5ad/GeneFull_Ex50pAS/Homo_sapiens/SRX12030186.h5ad?generation=1770409829508580
data/raw/scbasecount_2026_01_12_human/h5ad/SRX11987897.h5ad	37062618	1c726b90a1f8528636c2c5ffb3b681f64edf65069bcbe65b8711cf9dfcd39131	yes	downloaded	https://storage.googleapis.com/arc-institute-virtual-cell-atlas/scbasecount/2026-01-12/h5ad/GeneFull_Ex50pAS/Homo_sapiens/SRX11987897.h5ad?generation=1770409826428764
data/raw/scbasecount_2026_01_12_human/h5ad/SRX4089486.h5ad	174701402	0ccad0c628af02bc04e591b1638e1c8e818101df1723fd2ecc1653d11160f23d	yes	downloaded	https://storage.googleapis.com/arc-institute-virtual-cell-atlas/scbasecount/2026-01-12/h5ad/GeneFull_Ex50pAS/Homo_sapiens/SRX4089486.h5ad?generation=1770409805882172
data/raw/scbasecount_2026_01_12_human/h5ad/SRX11987904.h5ad	21355228	a16624907fc0739f6c694d27cad022e5303c08e928657588745dbcaf0a5462de	yes	downloaded	https://storage.googleapis.com/arc-institute-virtual-cell-atlas/scbasecount/2026-01-12/h5ad/GeneFull_Ex50pAS/Homo_sapiens/SRX11987904.h5ad?generation=1770409828007240
data/raw/scbasecount_2026_01_12_human/h5ad/SRX26449120.h5ad	173566579	8a80d3cea0e9d476892e70f3e8c74f015df7444b0bc45355016993bc6abe06cc	yes	downloaded	https://storage.googleapis.com/arc-institute-virtual-cell-atlas/scbasecount/2026-01-12/h5ad/GeneFull_Ex50pAS/Homo_sapiens/SRX26449120.h5ad?generation=1770409805630729
data/raw/scbasecount_2026_01_12_human/h5ad/NRX0000373.h5ad	39814158	7badff78b5f1380209f518b9c22d51534c44800ef62e80f4cf30869daea20d63	yes	downloaded	https://storage.googleapis.com/arc-institute-virtual-cell-atlas/scbasecount/2026-01-12/h5ad/GeneFull_Ex50pAS/Homo_sapiens/NRX0000373.h5ad?generation=1770409828812466
data/raw/scbasecount_2026_01_12_human/h5ad/SRX27465284.h5ad	6882018	2ef00668816ebfc73bd290b990fb35834f144490858cabc51377d1fffe45764c	yes	downloaded	https://storage.googleapis.com/arc-institute-virtual-cell-atlas/scbasecount/2026-01-12/h5ad/GeneFull_Ex50pAS/Homo_sapiens/SRX27465284.h5ad?generation=1770409802399598
data/raw/scbasecount_2026_01_12_human/h5ad/SRX28769201.h5ad	3629241	67755820e615ac80844b5724bbb2aaab5e510dd1d09332626623ec6398103a2b	yes	downloaded	https://storage.googleapis.com/arc-institute-virtual-cell-atlas/scbasecount/2026-01-12/h5ad/GeneFull_Ex50pAS/Homo_sapiens/SRX28769201.h5ad?generation=1770409802229626
data/raw/scbasecount_2026_01_12_human/h5ad/SRX28768463.h5ad	6250024	e2550f5974bd6d24766ca1f8f2a023613067839cde62a52da041f10ca4509567	yes	downloaded	https://storage.googleapis.com/arc-institute-virtual-cell-atlas/scbasecount/2026-01-12/h5ad/GeneFull_Ex50pAS/Homo_sapiens/SRX28768463.h5ad?generation=1770409804562487
data/raw/scbasecount_2026_01_12_human/h5ad/SRX28768670.h5ad	5605216	60584fea6ab894d00fa53528ab61752bd5b0d7e24f5436735f84a549f9034fa1	yes	downloaded	https://storage.googleapis.com/arc-institute-virtual-cell-atlas/scbasecount/2026-01-12/h5ad/GeneFull_Ex50pAS/Homo_sapiens/SRX28768670.h5ad?generation=1770409801976945
data/raw/scbasecount_2026_01_12_human/h5ad/SRX27465363.h5ad	2549370	17fffd2389d1172c60699d46a2339f0ab374f3b879f733a95e59a5028f642bd5	yes	downloaded	https://storage.googleapis.com/arc-institute-virtual-cell-atlas/scbasecount/2026-01-12/h5ad/GeneFull_Ex50pAS/Homo_sapiens/SRX27465363.h5ad?generation=1770409802388624
data/raw/scbasecount_2026_01_12_human/h5ad/SRX11759591.h5ad	54024055	dd8bca0d69d900547e333c97a801f6e540a800d9520d9a88b5f00264bb7c4f6d	yes	downloaded	https://storage.googleapis.com/arc-institute-virtual-cell-atlas/scbasecount/2026-01-12/h5ad/GeneFull_Ex50pAS/Homo_sapiens/SRX11759591.h5ad?generation=1770409826719694
data/raw/scbasecount_2026_01_12_human/h5ad/SRX28908208.h5ad	7938494	0edbad952fedc2687a87500c725063f472ad22c3cfcf1d3eb12aa512fc2da21f	yes	downloaded	https://storage.googleapis.com/arc-institute-virtual-cell-atlas/scbasecount/2026-01-12/h5ad/GeneFull_Ex50pAS/Homo_sapiens/SRX28908208.h5ad?generation=1770409803665859
data/raw/scbasecount_2026_01_12_human/h5ad/SRX28908230.h5ad	5412916	8d1adc74a366fd432fe265332dbfefdaade36a643f7b66a924c948ffe482fc73	yes	downloaded	https://storage.googleapis.com/arc-institute-virtual-cell-atlas/scbasecount/2026-01-12/h5ad/GeneFull_Ex50pAS/Homo_sapiens/SRX28908230.h5ad?generation=1770409803526567
data/raw/scbasecount_2026_01_12_human/h5ad/SRX28768432.h5ad	4793083	9dff35d7cbd1473a6837b2c74322ac1b436c97f7325b3cd3e3709612f0436b23	yes	downloaded	https://storage.googleapis.com/arc-institute-virtual-cell-atlas/scbasecount/2026-01-12/h5ad/GeneFull_Ex50pAS/Homo_sapiens/SRX28768432.h5ad?generation=1770409804419898
data/raw/scbasecount_2026_01_12_human/h5ad/SRX28769196.h5ad	10916295	56a8c4acce383937a0736b1790c7057c56f78723e492939123a6df141ccba10f	yes	downloaded	https://storage.googleapis.com/arc-institute-virtual-cell-atlas/scbasecount/2026-01-12/h5ad/GeneFull_Ex50pAS/Homo_sapiens/SRX28769196.h5ad?generation=1770409802652144
data/raw/scbasecount_2026_01_12_human/h5ad/SRX28908241.h5ad	2578909	9f0be415277d983dca38b99d8c573a4430c044863d160c0a2e2eb80b26437ee3	yes	downloaded	https://storage.googleapis.com/arc-institute-virtual-cell-atlas/scbasecount/2026-01-12/h5ad/GeneFull_Ex50pAS/Homo_sapiens/SRX28908241.h5ad?generation=1770409803313199
data/raw/scbasecount_2026_01_12_human/h5ad/SRX28908420.h5ad	9131859	81fa5fcee4b792a63e14407a568e4d31293a43ca514a5d8d563ac48bd103b0bf	yes	downloaded	https://storage.googleapis.com/arc-institute-virtual-cell-atlas/scbasecount/2026-01-12/h5ad/GeneFull_Ex50pAS/Homo_sapiens/SRX28908420.h5ad?generation=1770409802776746
data/raw/scbasecount_2026_01_12_human/h5ad/SRX11523660.h5ad	229757037	cd42f46256398908aa03cc11547dd2ebc171043783f2916a15bfba4d52af4353	yes	downloaded	https://storage.googleapis.com/arc-institute-virtual-cell-atlas/scbasecount/2026-01-12/h5ad/GeneFull_Ex50pAS/Homo_sapiens/SRX11523660.h5ad?generation=1770409831333057
data/raw/scbasecount_2026_01_12_human/h5ad/SRX15378111.h5ad	392199621	383e8a3a3012a609ba21e835f403d48c141c6436868c98a16021aaaa5d04013b	yes	downloaded	https://storage.googleapis.com/arc-institute-virtual-cell-atlas/scbasecount/2026-01-12/h5ad/GeneFull_Ex50pAS/Homo_sapiens/SRX15378111.h5ad?generation=1770409837667927
data/raw/scbasecount_2026_01_12_human/h5ad/SRX25617943.h5ad	47631637	6a3cb7d44ca30669d69af2afe8083e83924be77c8ffa6b35556a2e83beadc2d8	yes	downloaded	https://storage.googleapis.com/arc-institute-virtual-cell-atlas/scbasecount/2026-01-12/h5ad/GeneFull_Ex50pAS/Homo_sapiens/SRX25617943.h5ad?generation=1770409808340906
data/raw/scbasecount_2026_01_12_human/h5ad/SRX8820533.h5ad	12826102	9ed1a23ce61444af29578b0b97e451acf4a35f6a82fde1f27fea694946943368	yes	downloaded	https://storage.googleapis.com/arc-institute-virtual-cell-atlas/scbasecount/2026-01-12/h5ad/GeneFull_Ex50pAS/Homo_sapiens/SRX8820533.h5ad?generation=1770409803859319
data/raw/scbasecount_2026_01_12_human/h5ad/SRX15929980.h5ad	5030258	ef954ac54ae61e3c7810260ac0948c6d055a7eff98c05374b08e719cd82d7bcd	yes	downloaded	https://storage.googleapis.com/arc-institute-virtual-cell-atlas/scbasecount/2026-01-12/h5ad/GeneFull_Ex50pAS/Homo_sapiens/SRX15929980.h5ad?generation=1770409814092045
data/raw/scbasecount_2026_01_12_human/h5ad/SRX9856808.h5ad	65650613	d87a7cc3ea9dd66b3ed61219d7b77027006da3aa870c5557eb24ea866f61b516	yes	downloaded	https://storage.googleapis.com/arc-institute-virtual-cell-atlas/scbasecount/2026-01-12/h5ad/GeneFull_Ex50pAS/Homo_sapiens/SRX9856808.h5ad?generation=1770409803893269
data/raw/scbasecount_2026_01_12_human/h5ad/SRX28769056.h5ad	4262523	5f52be17c6f4ebab57d75e8bda86cf9402c96af98a8158bd018ba162d630bc87	yes	downloaded	https://storage.googleapis.com/arc-institute-virtual-cell-atlas/scbasecount/2026-01-12/h5ad/GeneFull_Ex50pAS/Homo_sapiens/SRX28769056.h5ad?generation=1770409803319519
data/raw/scbasecount_2026_01_12_human/h5ad/SRX12436182.h5ad	120408959	9fb3839a5434150d49ce77f525c74ac4cd8162f739928d315c14b846084773a3	yes	downloaded	https://storage.googleapis.com/arc-institute-virtual-cell-atlas/scbasecount/2026-01-12/h5ad/GeneFull_Ex50pAS/Homo_sapiens/SRX12436182.h5ad?generation=1770409830284720
data/raw/scbasecount_2026_01_12_human/h5ad/SRX28908377.h5ad	181011838	8b9acdf4def7c3a1e83041bb454d865fc75e655777bed4dd7ebee7e2d6f308a9	yes	downloaded	https://storage.googleapis.com/arc-institute-virtual-cell-atlas/scbasecount/2026-01-12/h5ad/GeneFull_Ex50pAS/Homo_sapiens/SRX28908377.h5ad?generation=1770409808215159
data/raw/scbasecount_2026_01_12_human/h5ad/SRX28908352.h5ad	2573328	fdae8955fc12c923579a3ca2d207e6ed20dccdc55e30fd91f4442d25920d5cb6	yes	downloaded	https://storage.googleapis.com/arc-institute-virtual-cell-atlas/scbasecount/2026-01-12/h5ad/GeneFull_Ex50pAS/Homo_sapiens/SRX28908352.h5ad?generation=1770409802633843
data/raw/scbasecount_2026_01_12_human/h5ad/SRX11910847.h5ad	196638272	576569dd3f94d9e83665388ca16b734bcc3a71e9ff8fb1bf6701837995d56267	yes	downloaded	https://storage.googleapis.com/arc-institute-virtual-cell-atlas/scbasecount/2026-01-12/h5ad/GeneFull_Ex50pAS/Homo_sapiens/SRX11910847.h5ad?generation=1770409918509454
data/raw/scbasecount_2026_01_12_human/h5ad/ERX8792225.h5ad	2545609	42e3328365d5edd721ecbacaffd0e9ab57bc28ee9958fe0d22db6b9ebe72300b	yes	downloaded	https://storage.googleapis.com/arc-institute-virtual-cell-atlas/scbasecount/2026-01-12/h5ad/GeneFull_Ex50pAS/Homo_sapiens/ERX8792225.h5ad?generation=1770409826021069
data/raw/scbasecount_2026_01_12_human/h5ad/SRX9365713.h5ad	248054246	5ea6906cb7a9f87e331bfc75ea5714566184096409a37b8cbaebda4c4cf72382	yes	downloaded	https://storage.googleapis.com/arc-institute-virtual-cell-atlas/scbasecount/2026-01-12/h5ad/GeneFull_Ex50pAS/Homo_sapiens/SRX9365713.h5ad?generation=1770409809140750
data/raw/scbasecount_2026_01_12_human/h5ad/SRX28769109.h5ad	148502952	4c322f33689f99745c71f19caef11deb7b5fb4366b153ee1b6fecda046334ea8	yes	downloaded	https://storage.googleapis.com/arc-institute-virtual-cell-atlas/scbasecount/2026-01-12/h5ad/GeneFull_Ex50pAS/Homo_sapiens/SRX28769109.h5ad?generation=1770409805663753
data/raw/scbasecount_2026_01_12_human/h5ad/SRX26645327.h5ad	135821929	260c6f1e6fd98cf1dd7f324ce51d85c8ac56f461db1fc95a96abaf24e1abfc8c	yes	downloaded	https://storage.googleapis.com/arc-institute-virtual-cell-atlas/scbasecount/2026-01-12/h5ad/GeneFull_Ex50pAS/Homo_sapiens/SRX26645327.h5ad?generation=1770409808175335
data/raw/scbasecount_2026_01_12_human/h5ad/ERX4319181.h5ad	71156693	c717f7937f7ba64dec9bd8e4f2c2d62dff5545b63745f7968e24dab53da9b54b	yes	downloaded	https://storage.googleapis.com/arc-institute-virtual-cell-atlas/scbasecount/2026-01-12/h5ad/GeneFull_Ex50pAS/Homo_sapiens/ERX4319181.h5ad?generation=1770409828576507
data/raw/scbasecount_2026_01_12_human/h5ad/SRX7117648.h5ad	22361248	86f4bf4d548b4fd71a3aab060b27b9c475ba21c6b341159603c7dbe1a7c64e08	yes	downloaded	https://storage.googleapis.com/arc-institute-virtual-cell-atlas/scbasecount/2026-01-12/h5ad/GeneFull_Ex50pAS/Homo_sapiens/SRX7117648.h5ad?generation=1770409810754688
data/raw/scbasecount_2026_01_12_human/h5ad/SRX8884978.h5ad	21594883	f6196efe247f12e6e4eb882be3fa63f5d86fd34219e04054336b1060dafebf22	yes	downloaded	https://storage.googleapis.com/arc-institute-virtual-cell-atlas/scbasecount/2026-01-12/h5ad/GeneFull_Ex50pAS/Homo_sapiens/SRX8884978.h5ad?generation=1770409805025404
data/raw/scbasecount_2026_01_12_human/h5ad/SRX28908284.h5ad	229755596	e134fbac7bc7ec0c84552d9712f37679bed017b305651edae02e3478ccee7d7a	yes	downloaded	https://storage.googleapis.com/arc-institute-virtual-cell-atlas/scbasecount/2026-01-12/h5ad/GeneFull_Ex50pAS/Homo_sapiens/SRX28908284.h5ad?generation=1770409807328317
data/raw/scbasecount_2026_01_12_human/h5ad/SRX15182501.h5ad	17092492	4fb26112e01dd6e002d496dfbf8bd770df0ebee23fad6a228c03661ee4b792bb	yes	downloaded	https://storage.googleapis.com/arc-institute-virtual-cell-atlas/scbasecount/2026-01-12/h5ad/GeneFull_Ex50pAS/Homo_sapiens/SRX15182501.h5ad?generation=1770409828979029
data/raw/scbasecount_2026_01_12_human/h5ad/SRX11077088.h5ad	155575135	12ffc7b096d8c5ae66e691c48ac62c6b666899c780ffd6a4ddca8e09f70c84a9	yes	downloaded	https://storage.googleapis.com/arc-institute-virtual-cell-atlas/scbasecount/2026-01-12/h5ad/GeneFull_Ex50pAS/Homo_sapiens/SRX11077088.h5ad?generation=1770409829335290
data/raw/scbasecount_2026_01_12_human/h5ad/SRX11523640.h5ad	132725480	38f06751dcbe9e5085fc3d5d1e22a338bf6272c62ede7da193ccda035ee95f86	yes	downloaded	https://storage.googleapis.com/arc-institute-virtual-cell-atlas/scbasecount/2026-01-12/h5ad/GeneFull_Ex50pAS/Homo_sapiens/SRX11523640.h5ad?generation=1770409830988406
data/raw/scbasecount_2026_01_12_human/h5ad/SRX11243104.h5ad	30069141	75bdd53100072fb1025df6cf9c11c1bc2b074a6a5a7c9434b7846c359f68995f	yes	downloaded	https://storage.googleapis.com/arc-institute-virtual-cell-atlas/scbasecount/2026-01-12/h5ad/GeneFull_Ex50pAS/Homo_sapiens/SRX11243104.h5ad?generation=1770409826258358
data/raw/scbasecount_2026_01_12_human/h5ad/ERX11148756.h5ad	171023314	2c06393e52fcd4570581c002c852f4be3a31fe105ac6d1e5daa027fa12b3966d	yes	downloaded	https://storage.googleapis.com/arc-institute-virtual-cell-atlas/scbasecount/2026-01-12/h5ad/GeneFull_Ex50pAS/Homo_sapiens/ERX11148756.h5ad?generation=1770409831427372
data/raw/scbasecount_2026_01_12_human/h5ad/SRX10831282.h5ad	162579633	07d5cc4003776033f453bd10bba0a92bdc79f6e11fedc90fc2127d39d1297be4	yes	downloaded	https://storage.googleapis.com/arc-institute-virtual-cell-atlas/scbasecount/2026-01-12/h5ad/GeneFull_Ex50pAS/Homo_sapiens/SRX10831282.h5ad?generation=1770409828620650
data/raw/scbasecount_2026_01_12_human/h5ad/SRX8918914.h5ad	131280226	2aa6ecff51e955671f28b0a7b20886bbd2b4593af949eddaa054fb630a433790	yes	downloaded	https://storage.googleapis.com/arc-institute-virtual-cell-atlas/scbasecount/2026-01-12/h5ad/GeneFull_Ex50pAS/Homo_sapiens/SRX8918914.h5ad?generation=1770409808128212
data/raw/scbasecount_2026_01_12_human/h5ad/SRX9054505.h5ad	48864375	12d50f30554834a783194eb936ebde30c00261e7c4bed01c3a0ba1ac1e0b86f1	yes	downloaded	https://storage.googleapis.com/arc-institute-virtual-cell-atlas/scbasecount/2026-01-12/h5ad/GeneFull_Ex50pAS/Homo_sapiens/SRX9054505.h5ad?generation=1770409802939838
data/raw/scbasecount_2026_01_12_human/h5ad/SRX13251826.h5ad	80954897	2adad8ceda1a14745c413e2515278d3b0502956611db1a27e628a58342d98a78	yes	downloaded	https://storage.googleapis.com/arc-institute-virtual-cell-atlas/scbasecount/2026-01-12/h5ad/GeneFull_Ex50pAS/Homo_sapiens/SRX13251826.h5ad?generation=1770409830174589
data/raw/scbasecount_2026_01_12_human/h5ad/SRX8832911.h5ad	39686728	f12ca3084ea243b96fe370f05c628080ad7f76a61bd08159a8022e6cc3c8adfa	yes	downloaded	https://storage.googleapis.com/arc-institute-virtual-cell-atlas/scbasecount/2026-01-12/h5ad/GeneFull_Ex50pAS/Homo_sapiens/SRX8832911.h5ad?generation=1770409803915303
data/raw/scbasecount_2026_01_12_human/h5ad/ERX8792023.h5ad	5635613	ef8f8595e14dc77340b164fd4292e96cf9424c731285bec776204e69718414ba	yes	downloaded	https://storage.googleapis.com/arc-institute-virtual-cell-atlas/scbasecount/2026-01-12/h5ad/GeneFull_Ex50pAS/Homo_sapiens/ERX8792023.h5ad?generation=1770409832550229
data/raw/scbasecount_2026_01_12_human/h5ad/SRX27878534.h5ad	167242545	2505a74df94e62321e75edff2d0e9a2d83479ccf6899380f714d0233af463ce1	yes	downloaded	https://storage.googleapis.com/arc-institute-virtual-cell-atlas/scbasecount/2026-01-12/h5ad/GeneFull_Ex50pAS/Homo_sapiens/SRX27878534.h5ad?generation=1770409805022264
data/raw/scbasecount_2026_01_12_human/h5ad/SRX26645317.h5ad	76487359	d1e63bd638f50e4fd8b3858f5d7c86f875f3aa871e0306749eff43eea4558401	yes	downloaded	https://storage.googleapis.com/arc-institute-virtual-cell-atlas/scbasecount/2026-01-12/h5ad/GeneFull_Ex50pAS/Homo_sapiens/SRX26645317.h5ad?generation=1770409812214388
data/raw/scbasecount_2026_01_12_human/h5ad/ERX6623380.h5ad	158969701	9e73fa9bc27a34d1a12b04c26df28eb9d948701820e398fb675874a5b6575e8d	yes	downloaded	https://storage.googleapis.com/arc-institute-virtual-cell-atlas/scbasecount/2026-01-12/h5ad/GeneFull_Ex50pAS/Homo_sapiens/ERX6623380.h5ad?generation=1770409832411699
data/raw/scbasecount_2026_01_12_human/h5ad/SRX14595800.h5ad	45238236	4ae85e05a764089a23996efe8c0de9d32ac0ce6aa8b88e81ffa5e2f1d27a4055	yes	downloaded	https://storage.googleapis.com/arc-institute-virtual-cell-atlas/scbasecount/2026-01-12/h5ad/GeneFull_Ex50pAS/Homo_sapiens/SRX14595800.h5ad?generation=1770409827111673
data/raw/scbasecount_2026_01_12_human/h5ad/SRX8778057.h5ad	4907401	1470f5620dc75f86d2c98fb9d567150ac6cf81f17b32d3558c7927d359425bda	yes	downloaded	https://storage.googleapis.com/arc-institute-virtual-cell-atlas/scbasecount/2026-01-12/h5ad/GeneFull_Ex50pAS/Homo_sapiens/SRX8778057.h5ad?generation=1770409802351510
data/raw/scbasecount_2026_01_12_human/h5ad/SRX11173064.h5ad	210604038	c2d8617b611615b0e47dcefe68f42f268dd841f54ddd5aee4aa547a9bf77343d	yes	downloaded	https://storage.googleapis.com/arc-institute-virtual-cell-atlas/scbasecount/2026-01-12/h5ad/GeneFull_Ex50pAS/Homo_sapiens/SRX11173064.h5ad?generation=1770409839088596
data/raw/scbasecount_2026_01_12_human/h5ad/SRX20698934.h5ad	234975135	ecd50655b37b363de3ee5f7a907251a4641c459078a12ba13eee009f18f25829	yes	downloaded	https://storage.googleapis.com/arc-institute-virtual-cell-atlas/scbasecount/2026-01-12/h5ad/GeneFull_Ex50pAS/Homo_sapiens/SRX20698934.h5ad?generation=1770409820757677
data/raw/scbasecount_2026_01_12_human/h5ad/SRX8983879.h5ad	74991122	ba14715cfc879a2f7400918feaf96a72e775ad9e8ab4eac4fec69e448c8068f3	yes	downloaded	https://storage.googleapis.com/arc-institute-virtual-cell-atlas/scbasecount/2026-01-12/h5ad/GeneFull_Ex50pAS/Homo_sapiens/SRX8983879.h5ad?generation=1770409804498336
data/raw/scbasecount_2026_01_12_human/h5ad/SRX10868872.h5ad	11555643	0d05074855bdc7335042aa35054e5f21fe5bdd3da8d8ce835607f7bef7af9e49	yes	downloaded	https://storage.googleapis.com/arc-institute-virtual-cell-atlas/scbasecount/2026-01-12/h5ad/GeneFull_Ex50pAS/Homo_sapiens/SRX10868872.h5ad?generation=1770409825997350
data/raw/scbasecount_2026_01_12_human/h5ad/SRX13549260.h5ad	48642605	dcde960503498ce3a3ac49e84dabb114ad0eef0fe8df2ef7f5327c7798ae1c24	yes	downloaded	https://storage.googleapis.com/arc-institute-virtual-cell-atlas/scbasecount/2026-01-12/h5ad/GeneFull_Ex50pAS/Homo_sapiens/SRX13549260.h5ad?generation=1770409827031592
data/raw/scbasecount_2026_01_12_human/h5ad/SRX11523535.h5ad	2838920	1791c3f84bd0fa5a1d122819c67cabaf735e11d2d833708e7f136d7bc3cd709f	yes	downloaded	https://storage.googleapis.com/arc-institute-virtual-cell-atlas/scbasecount/2026-01-12/h5ad/GeneFull_Ex50pAS/Homo_sapiens/SRX11523535.h5ad?generation=1770409825743868
data/raw/scbasecount_2026_01_12_human/h5ad/SRX14743331.h5ad	117487120	6dcafc4bacf16df5488b349b728b34bad1028ea283983d220358b1a059cf478a	yes	downloaded	https://storage.googleapis.com/arc-institute-virtual-cell-atlas/scbasecount/2026-01-12/h5ad/GeneFull_Ex50pAS/Homo_sapiens/SRX14743331.h5ad?generation=1770409839566081
data/raw/scbasecount_2026_01_12_human/h5ad/SRX25495577.h5ad	295170961	2ffcf5de88174e65a7318eb33695f49b25bdf5d258baccc24d29eeb696439d7c	yes	downloaded	https://storage.googleapis.com/arc-institute-virtual-cell-atlas/scbasecount/2026-01-12/h5ad/GeneFull_Ex50pAS/Homo_sapiens/SRX25495577.h5ad?generation=1770409808498485
data/raw/scbasecount_2026_01_12_human/h5ad/SRX17893686.h5ad	2932250	5f5e81f3029209e597449fabccf59edce05e306856db6851047ad5eb9206c597	yes	downloaded	https://storage.googleapis.com/arc-institute-virtual-cell-atlas/scbasecount/2026-01-12/h5ad/GeneFull_Ex50pAS/Homo_sapiens/SRX17893686.h5ad?generation=1770409815105648
data/raw/scbasecount_2026_01_12_human/h5ad/SRX13853296.h5ad	185195942	db8680429b218030c22d825682c6ac797979c306c21735a746fefcbefa282d3c	yes	downloaded	https://storage.googleapis.com/arc-institute-virtual-cell-atlas/scbasecount/2026-01-12/h5ad/GeneFull_Ex50pAS/Homo_sapiens/SRX13853296.h5ad?generation=1770409831579176
data/raw/scbasecount_2026_01_12_human/h5ad/SRX12800516.h5ad	29124153	1e6c54f89631ff72d7f166d00ed925728a837881c351ec463f15e50011d1b021	yes	downloaded	https://storage.googleapis.com/arc-institute-virtual-cell-atlas/scbasecount/2026-01-12/h5ad/GeneFull_Ex50pAS/Homo_sapiens/SRX12800516.h5ad?generation=1770409828247478
data/raw/scbasecount_2026_01_12_human/h5ad/SRX9651818.h5ad	41900725	0aa2d43e65d9daba3610930c30b16b7e293d5928135d9e53a29659327fb6a746	yes	downloaded	https://storage.googleapis.com/arc-institute-virtual-cell-atlas/scbasecount/2026-01-12/h5ad/GeneFull_Ex50pAS/Homo_sapiens/SRX9651818.h5ad?generation=1770409804525130
data/raw/scbasecount_2026_01_12_human/h5ad/SRX9770752.h5ad	62751311	28f06f8f7a1b4f0b35deaa2c711be96202d6fe14bf6d8826c314f418ed008d9a	yes	downloaded	https://storage.googleapis.com/arc-institute-virtual-cell-atlas/scbasecount/2026-01-12/h5ad/GeneFull_Ex50pAS/Homo_sapiens/SRX9770752.h5ad?generation=1770409804376332
data/raw/scbasecount_2026_01_12_human/h5ad/SRX11787934.h5ad	205500305	02129fa72fa9a02cc7b0ce0adebcc2ff90c8582c6258abe549ba890165dd1523	yes	downloaded	https://storage.googleapis.com/arc-institute-virtual-cell-atlas/scbasecount/2026-01-12/h5ad/GeneFull_Ex50pAS/Homo_sapiens/SRX11787934.h5ad?generation=1770409831531040
data/raw/scbasecount_2026_01_12_human/h5ad/SRX14144261.h5ad	376010778	51bf97a422775793ea9d1cfaa506de3f8b4892fecfef0ede1c2c31b1666db11a	yes	downloaded	https://storage.googleapis.com/arc-institute-virtual-cell-atlas/scbasecount/2026-01-12/h5ad/GeneFull_Ex50pAS/Homo_sapiens/SRX14144261.h5ad?generation=1770409838381999
data/raw/scbasecount_2026_01_12_human/h5ad/SRX9276296.h5ad	16260132	028bce05021c0b8a446707d5078674dbaa8aca5b911678bd7d42a89f180cae12	yes	downloaded	https://storage.googleapis.com/arc-institute-virtual-cell-atlas/scbasecount/2026-01-12/h5ad/GeneFull_Ex50pAS/Homo_sapiens/SRX9276296.h5ad?generation=1770409802634882
data/raw/scbasecount_2026_01_12_human/h5ad/SRX9768486.h5ad	2982119	56b0595f3a5fa22413a2b821ad6241df8079dc4b41006dbdbb357d39603e9d66	yes	downloaded	https://storage.googleapis.com/arc-institute-virtual-cell-atlas/scbasecount/2026-01-12/h5ad/GeneFull_Ex50pAS/Homo_sapiens/SRX9768486.h5ad?generation=1770409802436766
data/raw/scbasecount_2026_01_12_human/h5ad/SRX28908240.h5ad	2570982	bde717190fdaa69e470baea8de27e1f1d270b9916adb4e28438faba78d9e3392	yes	downloaded	https://storage.googleapis.com/arc-institute-virtual-cell-atlas/scbasecount/2026-01-12/h5ad/GeneFull_Ex50pAS/Homo_sapiens/SRX28908240.h5ad?generation=1770409802796502
data/raw/scbasecount_2026_01_12_human/h5ad/SRX22129451.h5ad	386761915	5fd95c1f56dfeb2336cd7ca72737e699bfb03c403b67a2a9e0e9a279a2d1df97	yes	downloaded	https://storage.googleapis.com/arc-institute-virtual-cell-atlas/scbasecount/2026-01-12/h5ad/GeneFull_Ex50pAS/Homo_sapiens/SRX22129451.h5ad?generation=1770409832961762
data/raw/scbasecount_2026_01_12_human/h5ad/SRX21773053.h5ad	281304966	b289dafcf318dd1e6a6198b612107881e66b1911168b12190e1bf6db67145b44	yes	downloaded	https://storage.googleapis.com/arc-institute-virtual-cell-atlas/scbasecount/2026-01-12/h5ad/GeneFull_Ex50pAS/Homo_sapiens/SRX21773053.h5ad?generation=1770409820965446
data/raw/scbasecount_2026_01_12_human/h5ad/SRX22129458.h5ad	292862025	95f47c2bcf9fa3b32266ed03f3fde1197e85722e4556275f732341eea39f23ec	yes	downloaded	https://storage.googleapis.com/arc-institute-virtual-cell-atlas/scbasecount/2026-01-12/h5ad/GeneFull_Ex50pAS/Homo_sapiens/SRX22129458.h5ad?generation=1770409824845433
